analysis=fusion_analysis corner=tt mode=setup stage=post_syn
workload=random_seed_2_sv_tt
methodology=staged_public_opensta
path_power_semantics=average_instance_power_in_same_analysis_context
activity_file=/tmp/flexsoc-reference-cordic/runs/cordic/reference/signoff/ihp-sg13g2/power/activity/captures/cordic_ihp-sg13g2_random_seed_2_sv_tt.vcd
activity_scope=cordic_tb/u_cordic
liberty=/home/eneadim/github/flexsoc/.flexsoc/pdks/ihp-sg13g2/ihp-sg13g2/libs.ref/sg13g2_stdcell/lib/sg13g2_stdcell_typ_1p50V_25C.lib
netlist=/tmp/flexsoc-reference-cordic/runs/cordic/reference/syn/ihp-sg13g2/cordic_synth.v
sdc=/tmp/flexsoc-reference-cordic/runs/cordic/reference/signoff/ihp-sg13g2/cordic.sdc
spef=

=== Units ===
 time 1ns
 capacitance 1pF
 resistance 1kohm
 voltage 1v
 current 1uA
 power 1pW
 distance 1um

=== Constraint validation ===

=== Timing summary ===
wns max wns max 0.00
tns max tns max 0.00

=== Power summary ===
Group                  Internal  Switching    Leakage      Total
                          Power      Power      Power      Power (Watts)
----------------------------------------------------------------
Sequential             2.77e-03   1.27e-05   4.64e-07   2.79e-03  93.2%
Combinational          9.31e-05   1.11e-04   8.05e-07   2.05e-04   6.8%
Clock                  0.00e+00   0.00e+00   0.00e+00   0.00e+00   0.0%
Macro                  0.00e+00   0.00e+00   0.00e+00   0.00e+00   0.0%
Pad                    0.00e+00   0.00e+00   0.00e+00   0.00e+00   0.0%
----------------------------------------------------------------
Total                  2.87e-03   1.24e-04   1.27e-06   2.99e-03 100.0%
                          95.8%       4.1%       0.0%

=== Worst timing paths (violated or met) ===
Startpoint: tl_i[108] (input port clocked by core)
Endpoint: _4659_ (rising edge-triggered flip-flop clocked by core)
Path Group: core
Path Type: max

Fanout         Cap        Slew       Delay        Time   Description
---------------------------------------------------------------------------------------------
                      0.000000    0.000000    0.000000   clock core (rise edge)
                                  0.000000    0.000000   clock network delay (ideal)
                                  2.000000    2.000000 ^ input external delay
     1    0.003664    0.000000    0.000000    2.000000 ^ tl_i[108] (in)
                                                         tl_i[108] (net)
                      0.000000    0.000000    2.000000 ^ _2337_/B (sg13g2_nand2_1)
     1    0.002550    0.023052    0.025573    2.025573 v _2337_/Y (sg13g2_nand2_1)
                                                         _1544_ (net)
                      0.023052    0.000000    2.025573 v _2338_/A (sg13g2_buf_1)
     9    0.034013    0.079902    0.095762    2.121335 v _2338_/X (sg13g2_buf_1)
                                                         _1545_ (net)
                      0.079902    0.000000    2.121335 v _2375_/A (sg13g2_inv_1)
     5    0.019161    0.072513    0.076323    2.197658 ^ _2375_/Y (sg13g2_inv_1)
                                                         _1574_ (net)
                      0.072513    0.000000    2.197658 ^ _2377_/A (sg13g2_nand2_1)
     1    0.003134    0.031132    0.037911    2.235569 v _2377_/Y (sg13g2_nand2_1)
                                                         _1576_ (net)
                      0.031132    0.000000    2.235569 v _2378_/B (sg13g2_nor2_1)
     6    0.021969    0.141576    0.116408    2.351977 ^ _2378_/Y (sg13g2_nor2_1)
                                                         _1577_ (net)
                      0.141576    0.000000    2.351977 ^ _2388_/A (sg13g2_inv_1)
     3    0.010374    0.049124    0.057574    2.409551 v _2388_/Y (sg13g2_inv_1)
                                                         _1587_ (net)
                      0.049124    0.000000    2.409551 v _2653_/A (sg13g2_nor3_1)
     4    0.013537    0.148295    0.136203    2.545754 ^ _2653_/Y (sg13g2_nor3_1)
                                                         _1821_ (net)
                      0.148295    0.000000    2.545754 ^ _2709_/A (sg13g2_nand2_1)
     1    0.002550    0.042389    0.046406    2.592160 v _2709_/Y (sg13g2_nand2_1)
                                                         _1846_ (net)
                      0.042389    0.000000    2.592160 v _2710_/A (sg13g2_buf_1)
    15    0.045841    0.105578    0.120591    2.712751 v _2710_/X (sg13g2_buf_1)
                                                         _1847_ (net)
                      0.105578    0.000000    2.712751 v _2712_/A (sg13g2_buf_1)
    19    0.089969    0.201278    0.209215    2.921966 v _2712_/X (sg13g2_buf_1)
                                                         _1849_ (net)
                      0.201278    0.000000    2.921966 v _2755_/S (sg13g2_mux2_1)
     1    0.001767    0.023192    0.119378    3.041344 ^ _2755_/X (sg13g2_mux2_1)
                                                         _0203_ (net)
                      0.023192    0.000000    3.041344 ^ _4659_/D (sg13g2_dfrbpq_1)
                                              3.041344   data arrival time

                      0.000000   10.000000   10.000000   clock core (rise edge)
                                  0.000000   10.000000   clock network delay (ideal)
                                  0.000000   10.000000   clock reconvergence pessimism
                                             10.000000 ^ _4659_/CLK (sg13g2_dfrbpq_1)
                                 -0.070739    9.929261   library setup time
                                              9.929261   data required time
---------------------------------------------------------------------------------------------
                                              9.929261   data required time
                                             -3.041344   data arrival time
---------------------------------------------------------------------------------------------
                                              6.887917   slack (MET)


Startpoint: tl_i[108] (input port clocked by core)
Endpoint: _4660_ (rising edge-triggered flip-flop clocked by core)
Path Group: core
Path Type: max

Fanout         Cap        Slew       Delay        Time   Description
---------------------------------------------------------------------------------------------
                      0.000000    0.000000    0.000000   clock core (rise edge)
                                  0.000000    0.000000   clock network delay (ideal)
                                  2.000000    2.000000 ^ input external delay
     1    0.003664    0.000000    0.000000    2.000000 ^ tl_i[108] (in)
                                                         tl_i[108] (net)
                      0.000000    0.000000    2.000000 ^ _2337_/B (sg13g2_nand2_1)
     1    0.002550    0.023052    0.025573    2.025573 v _2337_/Y (sg13g2_nand2_1)
                                                         _1544_ (net)
                      0.023052    0.000000    2.025573 v _2338_/A (sg13g2_buf_1)
     9    0.034013    0.079902    0.095762    2.121335 v _2338_/X (sg13g2_buf_1)
                                                         _1545_ (net)
                      0.079902    0.000000    2.121335 v _2375_/A (sg13g2_inv_1)
     5    0.019161    0.072513    0.076323    2.197658 ^ _2375_/Y (sg13g2_inv_1)
                                                         _1574_ (net)
                      0.072513    0.000000    2.197658 ^ _2377_/A (sg13g2_nand2_1)
     1    0.003134    0.031132    0.037911    2.235569 v _2377_/Y (sg13g2_nand2_1)
                                                         _1576_ (net)
                      0.031132    0.000000    2.235569 v _2378_/B (sg13g2_nor2_1)
     6    0.021969    0.141576    0.116408    2.351977 ^ _2378_/Y (sg13g2_nor2_1)
                                                         _1577_ (net)
                      0.141576    0.000000    2.351977 ^ _2388_/A (sg13g2_inv_1)
     3    0.010374    0.049124    0.057574    2.409551 v _2388_/Y (sg13g2_inv_1)
                                                         _1587_ (net)
                      0.049124    0.000000    2.409551 v _2653_/A (sg13g2_nor3_1)
     4    0.013537    0.148295    0.136203    2.545754 ^ _2653_/Y (sg13g2_nor3_1)
                                                         _1821_ (net)
                      0.148295    0.000000    2.545754 ^ _2709_/A (sg13g2_nand2_1)
     1    0.002550    0.042389    0.046406    2.592160 v _2709_/Y (sg13g2_nand2_1)
                                                         _1846_ (net)
                      0.042389    0.000000    2.592160 v _2710_/A (sg13g2_buf_1)
    15    0.045841    0.105578    0.120591    2.712751 v _2710_/X (sg13g2_buf_1)
                                                         _1847_ (net)
                      0.105578    0.000000    2.712751 v _2712_/A (sg13g2_buf_1)
    19    0.089969    0.201278    0.209215    2.921966 v _2712_/X (sg13g2_buf_1)
                                                         _1849_ (net)
                      0.201278    0.000000    2.921966 v _2754_/S (sg13g2_mux2_1)
     1    0.001767    0.023192    0.119378    3.041344 ^ _2754_/X (sg13g2_mux2_1)
                                                         _0202_ (net)
                      0.023192    0.000000    3.041344 ^ _4660_/D (sg13g2_dfrbpq_1)
                                              3.041344   data arrival time

                      0.000000   10.000000   10.000000   clock core (rise edge)
                                  0.000000   10.000000   clock network delay (ideal)
                                  0.000000   10.000000   clock reconvergence pessimism
                                             10.000000 ^ _4660_/CLK (sg13g2_dfrbpq_1)
                                 -0.070739    9.929261   library setup time
                                              9.929261   data required time
---------------------------------------------------------------------------------------------
                                              9.929261   data required time
                                             -3.041344   data arrival time
---------------------------------------------------------------------------------------------
                                              6.887917   slack (MET)


Startpoint: tl_i[108] (input port clocked by core)
Endpoint: _4661_ (rising edge-triggered flip-flop clocked by core)
Path Group: core
Path Type: max

Fanout         Cap        Slew       Delay        Time   Description
---------------------------------------------------------------------------------------------
                      0.000000    0.000000    0.000000   clock core (rise edge)
                                  0.000000    0.000000   clock network delay (ideal)
                                  2.000000    2.000000 ^ input external delay
     1    0.003664    0.000000    0.000000    2.000000 ^ tl_i[108] (in)
                                                         tl_i[108] (net)
                      0.000000    0.000000    2.000000 ^ _2337_/B (sg13g2_nand2_1)
     1    0.002550    0.023052    0.025573    2.025573 v _2337_/Y (sg13g2_nand2_1)
                                                         _1544_ (net)
                      0.023052    0.000000    2.025573 v _2338_/A (sg13g2_buf_1)
     9    0.034013    0.079902    0.095762    2.121335 v _2338_/X (sg13g2_buf_1)
                                                         _1545_ (net)
                      0.079902    0.000000    2.121335 v _2375_/A (sg13g2_inv_1)
     5    0.019161    0.072513    0.076323    2.197658 ^ _2375_/Y (sg13g2_inv_1)
                                                         _1574_ (net)
                      0.072513    0.000000    2.197658 ^ _2377_/A (sg13g2_nand2_1)
     1    0.003134    0.031132    0.037911    2.235569 v _2377_/Y (sg13g2_nand2_1)
                                                         _1576_ (net)
                      0.031132    0.000000    2.235569 v _2378_/B (sg13g2_nor2_1)
     6    0.021969    0.141576    0.116408    2.351977 ^ _2378_/Y (sg13g2_nor2_1)
                                                         _1577_ (net)
                      0.141576    0.000000    2.351977 ^ _2388_/A (sg13g2_inv_1)
     3    0.010374    0.049124    0.057574    2.409551 v _2388_/Y (sg13g2_inv_1)
                                                         _1587_ (net)
                      0.049124    0.000000    2.409551 v _2653_/A (sg13g2_nor3_1)
     4    0.013537    0.148295    0.136203    2.545754 ^ _2653_/Y (sg13g2_nor3_1)
                                                         _1821_ (net)
                      0.148295    0.000000    2.545754 ^ _2709_/A (sg13g2_nand2_1)
     1    0.002550    0.042389    0.046406    2.592160 v _2709_/Y (sg13g2_nand2_1)
                                                         _1846_ (net)
                      0.042389    0.000000    2.592160 v _2710_/A (sg13g2_buf_1)
    15    0.045841    0.105578    0.120591    2.712751 v _2710_/X (sg13g2_buf_1)
                                                         _1847_ (net)
                      0.105578    0.000000    2.712751 v _2712_/A (sg13g2_buf_1)
    19    0.089969    0.201278    0.209215    2.921966 v _2712_/X (sg13g2_buf_1)
                                                         _1849_ (net)
                      0.201278    0.000000    2.921966 v _2753_/S (sg13g2_mux2_1)
     1    0.001767    0.023192    0.119378    3.041344 ^ _2753_/X (sg13g2_mux2_1)
                                                         _0201_ (net)
                      0.023192    0.000000    3.041344 ^ _4661_/D (sg13g2_dfrbpq_1)
                                              3.041344   data arrival time

                      0.000000   10.000000   10.000000   clock core (rise edge)
                                  0.000000   10.000000   clock network delay (ideal)
                                  0.000000   10.000000   clock reconvergence pessimism
                                             10.000000 ^ _4661_/CLK (sg13g2_dfrbpq_1)
                                 -0.070739    9.929261   library setup time
                                              9.929261   data required time
---------------------------------------------------------------------------------------------
                                              9.929261   data required time
                                             -3.041344   data arrival time
---------------------------------------------------------------------------------------------
                                              6.887917   slack (MET)


Startpoint: tl_i[108] (input port clocked by core)
Endpoint: _4670_ (rising edge-triggered flip-flop clocked by core)
Path Group: core
Path Type: max

Fanout         Cap        Slew       Delay        Time   Description
---------------------------------------------------------------------------------------------
                      0.000000    0.000000    0.000000   clock core (rise edge)
                                  0.000000    0.000000   clock network delay (ideal)
                                  2.000000    2.000000 ^ input external delay
     1    0.003664    0.000000    0.000000    2.000000 ^ tl_i[108] (in)
                                                         tl_i[108] (net)
                      0.000000    0.000000    2.000000 ^ _2337_/B (sg13g2_nand2_1)
     1    0.002550    0.023052    0.025573    2.025573 v _2337_/Y (sg13g2_nand2_1)
                                                         _1544_ (net)
                      0.023052    0.000000    2.025573 v _2338_/A (sg13g2_buf_1)
     9    0.034013    0.079902    0.095762    2.121335 v _2338_/X (sg13g2_buf_1)
                                                         _1545_ (net)
                      0.079902    0.000000    2.121335 v _2375_/A (sg13g2_inv_1)
     5    0.019161    0.072513    0.076323    2.197658 ^ _2375_/Y (sg13g2_inv_1)
                                                         _1574_ (net)
                      0.072513    0.000000    2.197658 ^ _2377_/A (sg13g2_nand2_1)
     1    0.003134    0.031132    0.037911    2.235569 v _2377_/Y (sg13g2_nand2_1)
                                                         _1576_ (net)
                      0.031132    0.000000    2.235569 v _2378_/B (sg13g2_nor2_1)
     6    0.021969    0.141576    0.116408    2.351977 ^ _2378_/Y (sg13g2_nor2_1)
                                                         _1577_ (net)
                      0.141576    0.000000    2.351977 ^ _2388_/A (sg13g2_inv_1)
     3    0.010374    0.049124    0.057574    2.409551 v _2388_/Y (sg13g2_inv_1)
                                                         _1587_ (net)
                      0.049124    0.000000    2.409551 v _2653_/A (sg13g2_nor3_1)
     4    0.013537    0.148295    0.136203    2.545754 ^ _2653_/Y (sg13g2_nor3_1)
                                                         _1821_ (net)
                      0.148295    0.000000    2.545754 ^ _2709_/A (sg13g2_nand2_1)
     1    0.002550    0.042389    0.046406    2.592160 v _2709_/Y (sg13g2_nand2_1)
                                                         _1846_ (net)
                      0.042389    0.000000    2.592160 v _2710_/A (sg13g2_buf_1)
    15    0.045841    0.105578    0.120591    2.712751 v _2710_/X (sg13g2_buf_1)
                                                         _1847_ (net)
                      0.105578    0.000000    2.712751 v _2712_/A (sg13g2_buf_1)
    19    0.089969    0.201278    0.209215    2.921966 v _2712_/X (sg13g2_buf_1)
                                                         _1849_ (net)
                      0.201278    0.000000    2.921966 v _2736_/S (sg13g2_mux2_1)
     1    0.001767    0.023192    0.119378    3.041344 ^ _2736_/X (sg13g2_mux2_1)
                                                         _0192_ (net)
                      0.023192    0.000000    3.041344 ^ _4670_/D (sg13g2_dfrbpq_1)
                                              3.041344   data arrival time

                      0.000000   10.000000   10.000000   clock core (rise edge)
                                  0.000000   10.000000   clock network delay (ideal)
                                  0.000000   10.000000   clock reconvergence pessimism
                                             10.000000 ^ _4670_/CLK (sg13g2_dfrbpq_1)
                                 -0.070739    9.929261   library setup time
                                              9.929261   data required time
---------------------------------------------------------------------------------------------
                                              9.929261   data required time
                                             -3.041344   data arrival time
---------------------------------------------------------------------------------------------
                                              6.887917   slack (MET)


Startpoint: tl_i[108] (input port clocked by core)
Endpoint: _4672_ (rising edge-triggered flip-flop clocked by core)
Path Group: core
Path Type: max

Fanout         Cap        Slew       Delay        Time   Description
---------------------------------------------------------------------------------------------
                      0.000000    0.000000    0.000000   clock core (rise edge)
                                  0.000000    0.000000   clock network delay (ideal)
                                  2.000000    2.000000 ^ input external delay
     1    0.003664    0.000000    0.000000    2.000000 ^ tl_i[108] (in)
                                                         tl_i[108] (net)
                      0.000000    0.000000    2.000000 ^ _2337_/B (sg13g2_nand2_1)
     1    0.002550    0.023052    0.025573    2.025573 v _2337_/Y (sg13g2_nand2_1)
                                                         _1544_ (net)
                      0.023052    0.000000    2.025573 v _2338_/A (sg13g2_buf_1)
     9    0.034013    0.079902    0.095762    2.121335 v _2338_/X (sg13g2_buf_1)
                                                         _1545_ (net)
                      0.079902    0.000000    2.121335 v _2375_/A (sg13g2_inv_1)
     5    0.019161    0.072513    0.076323    2.197658 ^ _2375_/Y (sg13g2_inv_1)
                                                         _1574_ (net)
                      0.072513    0.000000    2.197658 ^ _2377_/A (sg13g2_nand2_1)
     1    0.003134    0.031132    0.037911    2.235569 v _2377_/Y (sg13g2_nand2_1)
                                                         _1576_ (net)
                      0.031132    0.000000    2.235569 v _2378_/B (sg13g2_nor2_1)
     6    0.021969    0.141576    0.116408    2.351977 ^ _2378_/Y (sg13g2_nor2_1)
                                                         _1577_ (net)
                      0.141576    0.000000    2.351977 ^ _2388_/A (sg13g2_inv_1)
     3    0.010374    0.049124    0.057574    2.409551 v _2388_/Y (sg13g2_inv_1)
                                                         _1587_ (net)
                      0.049124    0.000000    2.409551 v _2653_/A (sg13g2_nor3_1)
     4    0.013537    0.148295    0.136203    2.545754 ^ _2653_/Y (sg13g2_nor3_1)
                                                         _1821_ (net)
                      0.148295    0.000000    2.545754 ^ _2709_/A (sg13g2_nand2_1)
     1    0.002550    0.042389    0.046406    2.592160 v _2709_/Y (sg13g2_nand2_1)
                                                         _1846_ (net)
                      0.042389    0.000000    2.592160 v _2710_/A (sg13g2_buf_1)
    15    0.045841    0.105578    0.120591    2.712751 v _2710_/X (sg13g2_buf_1)
                                                         _1847_ (net)
                      0.105578    0.000000    2.712751 v _2712_/A (sg13g2_buf_1)
    19    0.089969    0.201278    0.209215    2.921966 v _2712_/X (sg13g2_buf_1)
                                                         _1849_ (net)
                      0.201278    0.000000    2.921966 v _2733_/S (sg13g2_mux2_1)
     1    0.001767    0.023192    0.119378    3.041344 ^ _2733_/X (sg13g2_mux2_1)
                                                         _0190_ (net)
                      0.023192    0.000000    3.041344 ^ _4672_/D (sg13g2_dfrbpq_1)
                                              3.041344   data arrival time

                      0.000000   10.000000   10.000000   clock core (rise edge)
                                  0.000000   10.000000   clock network delay (ideal)
                                  0.000000   10.000000   clock reconvergence pessimism
                                             10.000000 ^ _4672_/CLK (sg13g2_dfrbpq_1)
                                 -0.070739    9.929261   library setup time
                                              9.929261   data required time
---------------------------------------------------------------------------------------------
                                              9.929261   data required time
                                             -3.041344   data arrival time
---------------------------------------------------------------------------------------------
                                              6.887917   slack (MET)


Startpoint: tl_i[108] (input port clocked by core)
Endpoint: _4675_ (rising edge-triggered flip-flop clocked by core)
Path Group: core
Path Type: max

Fanout         Cap        Slew       Delay        Time   Description
---------------------------------------------------------------------------------------------
                      0.000000    0.000000    0.000000   clock core (rise edge)
                                  0.000000    0.000000   clock network delay (ideal)
                                  2.000000    2.000000 ^ input external delay
     1    0.003664    0.000000    0.000000    2.000000 ^ tl_i[108] (in)
                                                         tl_i[108] (net)
                      0.000000    0.000000    2.000000 ^ _2337_/B (sg13g2_nand2_1)
     1    0.002550    0.023052    0.025573    2.025573 v _2337_/Y (sg13g2_nand2_1)
                                                         _1544_ (net)
                      0.023052    0.000000    2.025573 v _2338_/A (sg13g2_buf_1)
     9    0.034013    0.079902    0.095762    2.121335 v _2338_/X (sg13g2_buf_1)
                                                         _1545_ (net)
                      0.079902    0.000000    2.121335 v _2375_/A (sg13g2_inv_1)
     5    0.019161    0.072513    0.076323    2.197658 ^ _2375_/Y (sg13g2_inv_1)
                                                         _1574_ (net)
                      0.072513    0.000000    2.197658 ^ _2377_/A (sg13g2_nand2_1)
     1    0.003134    0.031132    0.037911    2.235569 v _2377_/Y (sg13g2_nand2_1)
                                                         _1576_ (net)
                      0.031132    0.000000    2.235569 v _2378_/B (sg13g2_nor2_1)
     6    0.021969    0.141576    0.116408    2.351977 ^ _2378_/Y (sg13g2_nor2_1)
                                                         _1577_ (net)
                      0.141576    0.000000    2.351977 ^ _2388_/A (sg13g2_inv_1)
     3    0.010374    0.049124    0.057574    2.409551 v _2388_/Y (sg13g2_inv_1)
                                                         _1587_ (net)
                      0.049124    0.000000    2.409551 v _2653_/A (sg13g2_nor3_1)
     4    0.013537    0.148295    0.136203    2.545754 ^ _2653_/Y (sg13g2_nor3_1)
                                                         _1821_ (net)
                      0.148295    0.000000    2.545754 ^ _2709_/A (sg13g2_nand2_1)
     1    0.002550    0.042389    0.046406    2.592160 v _2709_/Y (sg13g2_nand2_1)
                                                         _1846_ (net)
                      0.042389    0.000000    2.592160 v _2710_/A (sg13g2_buf_1)
    15    0.045841    0.105578    0.120591    2.712751 v _2710_/X (sg13g2_buf_1)
                                                         _1847_ (net)
                      0.105578    0.000000    2.712751 v _2712_/A (sg13g2_buf_1)
    19    0.089969    0.201278    0.209215    2.921966 v _2712_/X (sg13g2_buf_1)
                                                         _1849_ (net)
                      0.201278    0.000000    2.921966 v _2728_/S (sg13g2_mux2_1)
     1    0.001767    0.023192    0.119378    3.041344 ^ _2728_/X (sg13g2_mux2_1)
                                                         _0187_ (net)
                      0.023192    0.000000    3.041344 ^ _4675_/D (sg13g2_dfrbpq_1)
                                              3.041344   data arrival time

                      0.000000   10.000000   10.000000   clock core (rise edge)
                                  0.000000   10.000000   clock network delay (ideal)
                                  0.000000   10.000000   clock reconvergence pessimism
                                             10.000000 ^ _4675_/CLK (sg13g2_dfrbpq_1)
                                 -0.070739    9.929261   library setup time
                                              9.929261   data required time
---------------------------------------------------------------------------------------------
                                              9.929261   data required time
                                             -3.041344   data arrival time
---------------------------------------------------------------------------------------------
                                              6.887917   slack (MET)


Startpoint: tl_i[108] (input port clocked by core)
Endpoint: _4676_ (rising edge-triggered flip-flop clocked by core)
Path Group: core
Path Type: max

Fanout         Cap        Slew       Delay        Time   Description
---------------------------------------------------------------------------------------------
                      0.000000    0.000000    0.000000   clock core (rise edge)
                                  0.000000    0.000000   clock network delay (ideal)
                                  2.000000    2.000000 ^ input external delay
     1    0.003664    0.000000    0.000000    2.000000 ^ tl_i[108] (in)
                                                         tl_i[108] (net)
                      0.000000    0.000000    2.000000 ^ _2337_/B (sg13g2_nand2_1)
     1    0.002550    0.023052    0.025573    2.025573 v _2337_/Y (sg13g2_nand2_1)
                                                         _1544_ (net)
                      0.023052    0.000000    2.025573 v _2338_/A (sg13g2_buf_1)
     9    0.034013    0.079902    0.095762    2.121335 v _2338_/X (sg13g2_buf_1)
                                                         _1545_ (net)
                      0.079902    0.000000    2.121335 v _2375_/A (sg13g2_inv_1)
     5    0.019161    0.072513    0.076323    2.197658 ^ _2375_/Y (sg13g2_inv_1)
                                                         _1574_ (net)
                      0.072513    0.000000    2.197658 ^ _2377_/A (sg13g2_nand2_1)
     1    0.003134    0.031132    0.037911    2.235569 v _2377_/Y (sg13g2_nand2_1)
                                                         _1576_ (net)
                      0.031132    0.000000    2.235569 v _2378_/B (sg13g2_nor2_1)
     6    0.021969    0.141576    0.116408    2.351977 ^ _2378_/Y (sg13g2_nor2_1)
                                                         _1577_ (net)
                      0.141576    0.000000    2.351977 ^ _2388_/A (sg13g2_inv_1)
     3    0.010374    0.049124    0.057574    2.409551 v _2388_/Y (sg13g2_inv_1)
                                                         _1587_ (net)
                      0.049124    0.000000    2.409551 v _2653_/A (sg13g2_nor3_1)
     4    0.013537    0.148295    0.136203    2.545754 ^ _2653_/Y (sg13g2_nor3_1)
                                                         _1821_ (net)
                      0.148295    0.000000    2.545754 ^ _2709_/A (sg13g2_nand2_1)
     1    0.002550    0.042389    0.046406    2.592160 v _2709_/Y (sg13g2_nand2_1)
                                                         _1846_ (net)
                      0.042389    0.000000    2.592160 v _2710_/A (sg13g2_buf_1)
    15    0.045841    0.105578    0.120591    2.712751 v _2710_/X (sg13g2_buf_1)
                                                         _1847_ (net)
                      0.105578    0.000000    2.712751 v _2712_/A (sg13g2_buf_1)
    19    0.089969    0.201278    0.209215    2.921966 v _2712_/X (sg13g2_buf_1)
                                                         _1849_ (net)
                      0.201278    0.000000    2.921966 v _2727_/S (sg13g2_mux2_1)
     1    0.001767    0.023192    0.119378    3.041344 ^ _2727_/X (sg13g2_mux2_1)
                                                         _0186_ (net)
                      0.023192    0.000000    3.041344 ^ _4676_/D (sg13g2_dfrbpq_1)
                                              3.041344   data arrival time

                      0.000000   10.000000   10.000000   clock core (rise edge)
                                  0.000000   10.000000   clock network delay (ideal)
                                  0.000000   10.000000   clock reconvergence pessimism
                                             10.000000 ^ _4676_/CLK (sg13g2_dfrbpq_1)
                                 -0.070739    9.929261   library setup time
                                              9.929261   data required time
---------------------------------------------------------------------------------------------
                                              9.929261   data required time
                                             -3.041344   data arrival time
---------------------------------------------------------------------------------------------
                                              6.887917   slack (MET)


Startpoint: tl_i[108] (input port clocked by core)
Endpoint: _4680_ (rising edge-triggered flip-flop clocked by core)
Path Group: core
Path Type: max

Fanout         Cap        Slew       Delay        Time   Description
---------------------------------------------------------------------------------------------
                      0.000000    0.000000    0.000000   clock core (rise edge)
                                  0.000000    0.000000   clock network delay (ideal)
                                  2.000000    2.000000 ^ input external delay
     1    0.003664    0.000000    0.000000    2.000000 ^ tl_i[108] (in)
                                                         tl_i[108] (net)
                      0.000000    0.000000    2.000000 ^ _2337_/B (sg13g2_nand2_1)
     1    0.002550    0.023052    0.025573    2.025573 v _2337_/Y (sg13g2_nand2_1)
                                                         _1544_ (net)
                      0.023052    0.000000    2.025573 v _2338_/A (sg13g2_buf_1)
     9    0.034013    0.079902    0.095762    2.121335 v _2338_/X (sg13g2_buf_1)
                                                         _1545_ (net)
                      0.079902    0.000000    2.121335 v _2375_/A (sg13g2_inv_1)
     5    0.019161    0.072513    0.076323    2.197658 ^ _2375_/Y (sg13g2_inv_1)
                                                         _1574_ (net)
                      0.072513    0.000000    2.197658 ^ _2377_/A (sg13g2_nand2_1)
     1    0.003134    0.031132    0.037911    2.235569 v _2377_/Y (sg13g2_nand2_1)
                                                         _1576_ (net)
                      0.031132    0.000000    2.235569 v _2378_/B (sg13g2_nor2_1)
     6    0.021969    0.141576    0.116408    2.351977 ^ _2378_/Y (sg13g2_nor2_1)
                                                         _1577_ (net)
                      0.141576    0.000000    2.351977 ^ _2388_/A (sg13g2_inv_1)
     3    0.010374    0.049124    0.057574    2.409551 v _2388_/Y (sg13g2_inv_1)
                                                         _1587_ (net)
                      0.049124    0.000000    2.409551 v _2653_/A (sg13g2_nor3_1)
     4    0.013537    0.148295    0.136203    2.545754 ^ _2653_/Y (sg13g2_nor3_1)
                                                         _1821_ (net)
                      0.148295    0.000000    2.545754 ^ _2709_/A (sg13g2_nand2_1)
     1    0.002550    0.042389    0.046406    2.592160 v _2709_/Y (sg13g2_nand2_1)
                                                         _1846_ (net)
                      0.042389    0.000000    2.592160 v _2710_/A (sg13g2_buf_1)
    15    0.045841    0.105578    0.120591    2.712751 v _2710_/X (sg13g2_buf_1)
                                                         _1847_ (net)
                      0.105578    0.000000    2.712751 v _2712_/A (sg13g2_buf_1)
    19    0.089969    0.201278    0.209215    2.921966 v _2712_/X (sg13g2_buf_1)
                                                         _1849_ (net)
                      0.201278    0.000000    2.921966 v _2720_/S (sg13g2_mux2_1)
     1    0.001767    0.023192    0.119378    3.041344 ^ _2720_/X (sg13g2_mux2_1)
                                                         _0182_ (net)
                      0.023192    0.000000    3.041344 ^ _4680_/D (sg13g2_dfrbpq_1)
                                              3.041344   data arrival time

                      0.000000   10.000000   10.000000   clock core (rise edge)
                                  0.000000   10.000000   clock network delay (ideal)
                                  0.000000   10.000000   clock reconvergence pessimism
                                             10.000000 ^ _4680_/CLK (sg13g2_dfrbpq_1)
                                 -0.070739    9.929261   library setup time
                                              9.929261   data required time
---------------------------------------------------------------------------------------------
                                              9.929261   data required time
                                             -3.041344   data arrival time
---------------------------------------------------------------------------------------------
                                              6.887917   slack (MET)


Startpoint: tl_i[108] (input port clocked by core)
Endpoint: _4682_ (rising edge-triggered flip-flop clocked by core)
Path Group: core
Path Type: max

Fanout         Cap        Slew       Delay        Time   Description
---------------------------------------------------------------------------------------------
                      0.000000    0.000000    0.000000   clock core (rise edge)
                                  0.000000    0.000000   clock network delay (ideal)
                                  2.000000    2.000000 ^ input external delay
     1    0.003664    0.000000    0.000000    2.000000 ^ tl_i[108] (in)
                                                         tl_i[108] (net)
                      0.000000    0.000000    2.000000 ^ _2337_/B (sg13g2_nand2_1)
     1    0.002550    0.023052    0.025573    2.025573 v _2337_/Y (sg13g2_nand2_1)
                                                         _1544_ (net)
                      0.023052    0.000000    2.025573 v _2338_/A (sg13g2_buf_1)
     9    0.034013    0.079902    0.095762    2.121335 v _2338_/X (sg13g2_buf_1)
                                                         _1545_ (net)
                      0.079902    0.000000    2.121335 v _2375_/A (sg13g2_inv_1)
     5    0.019161    0.072513    0.076323    2.197658 ^ _2375_/Y (sg13g2_inv_1)
                                                         _1574_ (net)
                      0.072513    0.000000    2.197658 ^ _2377_/A (sg13g2_nand2_1)
     1    0.003134    0.031132    0.037911    2.235569 v _2377_/Y (sg13g2_nand2_1)
                                                         _1576_ (net)
                      0.031132    0.000000    2.235569 v _2378_/B (sg13g2_nor2_1)
     6    0.021969    0.141576    0.116408    2.351977 ^ _2378_/Y (sg13g2_nor2_1)
                                                         _1577_ (net)
                      0.141576    0.000000    2.351977 ^ _2388_/A (sg13g2_inv_1)
     3    0.010374    0.049124    0.057574    2.409551 v _2388_/Y (sg13g2_inv_1)
                                                         _1587_ (net)
                      0.049124    0.000000    2.409551 v _2653_/A (sg13g2_nor3_1)
     4    0.013537    0.148295    0.136203    2.545754 ^ _2653_/Y (sg13g2_nor3_1)
                                                         _1821_ (net)
                      0.148295    0.000000    2.545754 ^ _2709_/A (sg13g2_nand2_1)
     1    0.002550    0.042389    0.046406    2.592160 v _2709_/Y (sg13g2_nand2_1)
                                                         _1846_ (net)
                      0.042389    0.000000    2.592160 v _2710_/A (sg13g2_buf_1)
    15    0.045841    0.105578    0.120591    2.712751 v _2710_/X (sg13g2_buf_1)
                                                         _1847_ (net)
                      0.105578    0.000000    2.712751 v _2712_/A (sg13g2_buf_1)
    19    0.089969    0.201278    0.209215    2.921966 v _2712_/X (sg13g2_buf_1)
                                                         _1849_ (net)
                      0.201278    0.000000    2.921966 v _2717_/S (sg13g2_mux2_1)
     1    0.001767    0.023192    0.119378    3.041344 ^ _2717_/X (sg13g2_mux2_1)
                                                         _0180_ (net)
                      0.023192    0.000000    3.041344 ^ _4682_/D (sg13g2_dfrbpq_1)
                                              3.041344   data arrival time

                      0.000000   10.000000   10.000000   clock core (rise edge)
                                  0.000000   10.000000   clock network delay (ideal)
                                  0.000000   10.000000   clock reconvergence pessimism
                                             10.000000 ^ _4682_/CLK (sg13g2_dfrbpq_1)
                                 -0.070739    9.929261   library setup time
                                              9.929261   data required time
---------------------------------------------------------------------------------------------
                                              9.929261   data required time
                                             -3.041344   data arrival time
---------------------------------------------------------------------------------------------
                                              6.887917   slack (MET)


Startpoint: tl_i[108] (input port clocked by core)
Endpoint: _4685_ (rising edge-triggered flip-flop clocked by core)
Path Group: core
Path Type: max

Fanout         Cap        Slew       Delay        Time   Description
---------------------------------------------------------------------------------------------
                      0.000000    0.000000    0.000000   clock core (rise edge)
                                  0.000000    0.000000   clock network delay (ideal)
                                  2.000000    2.000000 ^ input external delay
     1    0.003664    0.000000    0.000000    2.000000 ^ tl_i[108] (in)
                                                         tl_i[108] (net)
                      0.000000    0.000000    2.000000 ^ _2337_/B (sg13g2_nand2_1)
     1    0.002550    0.023052    0.025573    2.025573 v _2337_/Y (sg13g2_nand2_1)
                                                         _1544_ (net)
                      0.023052    0.000000    2.025573 v _2338_/A (sg13g2_buf_1)
     9    0.034013    0.079902    0.095762    2.121335 v _2338_/X (sg13g2_buf_1)
                                                         _1545_ (net)
                      0.079902    0.000000    2.121335 v _2375_/A (sg13g2_inv_1)
     5    0.019161    0.072513    0.076323    2.197658 ^ _2375_/Y (sg13g2_inv_1)
                                                         _1574_ (net)
                      0.072513    0.000000    2.197658 ^ _2377_/A (sg13g2_nand2_1)
     1    0.003134    0.031132    0.037911    2.235569 v _2377_/Y (sg13g2_nand2_1)
                                                         _1576_ (net)
                      0.031132    0.000000    2.235569 v _2378_/B (sg13g2_nor2_1)
     6    0.021969    0.141576    0.116408    2.351977 ^ _2378_/Y (sg13g2_nor2_1)
                                                         _1577_ (net)
                      0.141576    0.000000    2.351977 ^ _2388_/A (sg13g2_inv_1)
     3    0.010374    0.049124    0.057574    2.409551 v _2388_/Y (sg13g2_inv_1)
                                                         _1587_ (net)
                      0.049124    0.000000    2.409551 v _2653_/A (sg13g2_nor3_1)
     4    0.013537    0.148295    0.136203    2.545754 ^ _2653_/Y (sg13g2_nor3_1)
                                                         _1821_ (net)
                      0.148295    0.000000    2.545754 ^ _2709_/A (sg13g2_nand2_1)
     1    0.002550    0.042389    0.046406    2.592160 v _2709_/Y (sg13g2_nand2_1)
                                                         _1846_ (net)
                      0.042389    0.000000    2.592160 v _2710_/A (sg13g2_buf_1)
    15    0.045841    0.105578    0.120591    2.712751 v _2710_/X (sg13g2_buf_1)
                                                         _1847_ (net)
                      0.105578    0.000000    2.712751 v _2712_/A (sg13g2_buf_1)
    19    0.089969    0.201278    0.209215    2.921966 v _2712_/X (sg13g2_buf_1)
                                                         _1849_ (net)
                      0.201278    0.000000    2.921966 v _2913_/S (sg13g2_mux2_1)
     1    0.001767    0.023192    0.119378    3.041344 ^ _2913_/X (sg13g2_mux2_1)
                                                         _0284_ (net)
                      0.023192    0.000000    3.041344 ^ _4685_/D (sg13g2_dfrbpq_1)
                                              3.041344   data arrival time

                      0.000000   10.000000   10.000000   clock core (rise edge)
                                  0.000000   10.000000   clock network delay (ideal)
                                  0.000000   10.000000   clock reconvergence pessimism
                                             10.000000 ^ _4685_/CLK (sg13g2_dfrbpq_1)
                                 -0.070739    9.929261   library setup time
                                              9.929261   data required time
---------------------------------------------------------------------------------------------
                                              9.929261   data required time
                                             -3.041344   data arrival time
---------------------------------------------------------------------------------------------
                                              6.887917   slack (MET)


Startpoint: rst_ni (input port clocked by core)
Endpoint: _4591_ (recovery check against rising-edge clock core)
Path Group: asynchronous
Path Type: max

Fanout         Cap        Slew       Delay        Time   Description
---------------------------------------------------------------------------------------------
                      0.000000    0.000000    0.000000   clock core (rise edge)
                                  0.000000    0.000000   clock network delay (ideal)
                                  2.000000    2.000000 ^ input external delay
   306    1.891532    0.000000    0.000000    2.000000 ^ rst_ni (in)
                                                         rst_ni (net)
                      0.000000    0.000000    2.000000 ^ _4591_/RESET_B (sg13g2_dfrbpq_1)
                                              2.000000   data arrival time

                      0.000000   10.000000   10.000000   clock core (rise edge)
                                  0.000000   10.000000   clock network delay (ideal)
                                  0.000000   10.000000   clock reconvergence pessimism
                                             10.000000 ^ _4591_/CLK (sg13g2_dfrbpq_1)
                                 -0.071085    9.928916   library recovery time
                                              9.928916   data required time
---------------------------------------------------------------------------------------------
                                              9.928916   data required time
                                             -2.000000   data arrival time
---------------------------------------------------------------------------------------------
                                              7.928916   slack (MET)


Startpoint: rst_ni (input port clocked by core)
Endpoint: _4592_ (recovery check against rising-edge clock core)
Path Group: asynchronous
Path Type: max

Fanout         Cap        Slew       Delay        Time   Description
---------------------------------------------------------------------------------------------
                      0.000000    0.000000    0.000000   clock core (rise edge)
                                  0.000000    0.000000   clock network delay (ideal)
                                  2.000000    2.000000 ^ input external delay
   306    1.891532    0.000000    0.000000    2.000000 ^ rst_ni (in)
                                                         rst_ni (net)
                      0.000000    0.000000    2.000000 ^ _4592_/RESET_B (sg13g2_dfrbpq_1)
                                              2.000000   data arrival time

                      0.000000   10.000000   10.000000   clock core (rise edge)
                                  0.000000   10.000000   clock network delay (ideal)
                                  0.000000   10.000000   clock reconvergence pessimism
                                             10.000000 ^ _4592_/CLK (sg13g2_dfrbpq_1)
                                 -0.071085    9.928916   library recovery time
                                              9.928916   data required time
---------------------------------------------------------------------------------------------
                                              9.928916   data required time
                                             -2.000000   data arrival time
---------------------------------------------------------------------------------------------
                                              7.928916   slack (MET)


Startpoint: rst_ni (input port clocked by core)
Endpoint: _4593_ (recovery check against rising-edge clock core)
Path Group: asynchronous
Path Type: max

Fanout         Cap        Slew       Delay        Time   Description
---------------------------------------------------------------------------------------------
                      0.000000    0.000000    0.000000   clock core (rise edge)
                                  0.000000    0.000000   clock network delay (ideal)
                                  2.000000    2.000000 ^ input external delay
   306    1.891532    0.000000    0.000000    2.000000 ^ rst_ni (in)
                                                         rst_ni (net)
                      0.000000    0.000000    2.000000 ^ _4593_/RESET_B (sg13g2_dfrbpq_1)
                                              2.000000   data arrival time

                      0.000000   10.000000   10.000000   clock core (rise edge)
                                  0.000000   10.000000   clock network delay (ideal)
                                  0.000000   10.000000   clock reconvergence pessimism
                                             10.000000 ^ _4593_/CLK (sg13g2_dfrbpq_1)
                                 -0.071085    9.928916   library recovery time
                                              9.928916   data required time
---------------------------------------------------------------------------------------------
                                              9.928916   data required time
                                             -2.000000   data arrival time
---------------------------------------------------------------------------------------------
                                              7.928916   slack (MET)


Startpoint: rst_ni (input port clocked by core)
Endpoint: _4594_ (recovery check against rising-edge clock core)
Path Group: asynchronous
Path Type: max

Fanout         Cap        Slew       Delay        Time   Description
---------------------------------------------------------------------------------------------
                      0.000000    0.000000    0.000000   clock core (rise edge)
                                  0.000000    0.000000   clock network delay (ideal)
                                  2.000000    2.000000 ^ input external delay
   306    1.891532    0.000000    0.000000    2.000000 ^ rst_ni (in)
                                                         rst_ni (net)
                      0.000000    0.000000    2.000000 ^ _4594_/RESET_B (sg13g2_dfrbpq_1)
                                              2.000000   data arrival time

                      0.000000   10.000000   10.000000   clock core (rise edge)
                                  0.000000   10.000000   clock network delay (ideal)
                                  0.000000   10.000000   clock reconvergence pessimism
                                             10.000000 ^ _4594_/CLK (sg13g2_dfrbpq_1)
                                 -0.071085    9.928916   library recovery time
                                              9.928916   data required time
---------------------------------------------------------------------------------------------
                                              9.928916   data required time
                                             -2.000000   data arrival time
---------------------------------------------------------------------------------------------
                                              7.928916   slack (MET)


Startpoint: rst_ni (input port clocked by core)
Endpoint: _4595_ (recovery check against rising-edge clock core)
Path Group: asynchronous
Path Type: max

Fanout         Cap        Slew       Delay        Time   Description
---------------------------------------------------------------------------------------------
                      0.000000    0.000000    0.000000   clock core (rise edge)
                                  0.000000    0.000000   clock network delay (ideal)
                                  2.000000    2.000000 ^ input external delay
   306    1.891532    0.000000    0.000000    2.000000 ^ rst_ni (in)
                                                         rst_ni (net)
                      0.000000    0.000000    2.000000 ^ _4595_/RESET_B (sg13g2_dfrbpq_1)
                                              2.000000   data arrival time

                      0.000000   10.000000   10.000000   clock core (rise edge)
                                  0.000000   10.000000   clock network delay (ideal)
                                  0.000000   10.000000   clock reconvergence pessimism
                                             10.000000 ^ _4595_/CLK (sg13g2_dfrbpq_1)
                                 -0.071085    9.928916   library recovery time
                                              9.928916   data required time
---------------------------------------------------------------------------------------------
                                              9.928916   data required time
                                             -2.000000   data arrival time
---------------------------------------------------------------------------------------------
                                              7.928916   slack (MET)


Startpoint: rst_ni (input port clocked by core)
Endpoint: _4596_ (recovery check against rising-edge clock core)
Path Group: asynchronous
Path Type: max

Fanout         Cap        Slew       Delay        Time   Description
---------------------------------------------------------------------------------------------
                      0.000000    0.000000    0.000000   clock core (rise edge)
                                  0.000000    0.000000   clock network delay (ideal)
                                  2.000000    2.000000 ^ input external delay
   306    1.891532    0.000000    0.000000    2.000000 ^ rst_ni (in)
                                                         rst_ni (net)
                      0.000000    0.000000    2.000000 ^ _4596_/RESET_B (sg13g2_dfrbpq_1)
                                              2.000000   data arrival time

                      0.000000   10.000000   10.000000   clock core (rise edge)
                                  0.000000   10.000000   clock network delay (ideal)
                                  0.000000   10.000000   clock reconvergence pessimism
                                             10.000000 ^ _4596_/CLK (sg13g2_dfrbpq_1)
                                 -0.071085    9.928916   library recovery time
                                              9.928916   data required time
---------------------------------------------------------------------------------------------
                                              9.928916   data required time
                                             -2.000000   data arrival time
---------------------------------------------------------------------------------------------
                                              7.928916   slack (MET)


Startpoint: rst_ni (input port clocked by core)
Endpoint: _4597_ (recovery check against rising-edge clock core)
Path Group: asynchronous
Path Type: max

Fanout         Cap        Slew       Delay        Time   Description
---------------------------------------------------------------------------------------------
                      0.000000    0.000000    0.000000   clock core (rise edge)
                                  0.000000    0.000000   clock network delay (ideal)
                                  2.000000    2.000000 ^ input external delay
   306    1.891532    0.000000    0.000000    2.000000 ^ rst_ni (in)
                                                         rst_ni (net)
                      0.000000    0.000000    2.000000 ^ _4597_/RESET_B (sg13g2_dfrbpq_1)
                                              2.000000   data arrival time

                      0.000000   10.000000   10.000000   clock core (rise edge)
                                  0.000000   10.000000   clock network delay (ideal)
                                  0.000000   10.000000   clock reconvergence pessimism
                                             10.000000 ^ _4597_/CLK (sg13g2_dfrbpq_1)
                                 -0.071085    9.928916   library recovery time
                                              9.928916   data required time
---------------------------------------------------------------------------------------------
                                              9.928916   data required time
                                             -2.000000   data arrival time
---------------------------------------------------------------------------------------------
                                              7.928916   slack (MET)


Startpoint: rst_ni (input port clocked by core)
Endpoint: _4598_ (recovery check against rising-edge clock core)
Path Group: asynchronous
Path Type: max

Fanout         Cap        Slew       Delay        Time   Description
---------------------------------------------------------------------------------------------
                      0.000000    0.000000    0.000000   clock core (rise edge)
                                  0.000000    0.000000   clock network delay (ideal)
                                  2.000000    2.000000 ^ input external delay
   306    1.891532    0.000000    0.000000    2.000000 ^ rst_ni (in)
                                                         rst_ni (net)
                      0.000000    0.000000    2.000000 ^ _4598_/RESET_B (sg13g2_dfrbpq_1)
                                              2.000000   data arrival time

                      0.000000   10.000000   10.000000   clock core (rise edge)
                                  0.000000   10.000000   clock network delay (ideal)
                                  0.000000   10.000000   clock reconvergence pessimism
                                             10.000000 ^ _4598_/CLK (sg13g2_dfrbpq_1)
                                 -0.071085    9.928916   library recovery time
                                              9.928916   data required time
---------------------------------------------------------------------------------------------
                                              9.928916   data required time
                                             -2.000000   data arrival time
---------------------------------------------------------------------------------------------
                                              7.928916   slack (MET)


Startpoint: rst_ni (input port clocked by core)
Endpoint: _4599_ (recovery check against rising-edge clock core)
Path Group: asynchronous
Path Type: max

Fanout         Cap        Slew       Delay        Time   Description
---------------------------------------------------------------------------------------------
                      0.000000    0.000000    0.000000   clock core (rise edge)
                                  0.000000    0.000000   clock network delay (ideal)
                                  2.000000    2.000000 ^ input external delay
   306    1.891532    0.000000    0.000000    2.000000 ^ rst_ni (in)
                                                         rst_ni (net)
                      0.000000    0.000000    2.000000 ^ _4599_/RESET_B (sg13g2_dfrbpq_1)
                                              2.000000   data arrival time

                      0.000000   10.000000   10.000000   clock core (rise edge)
                                  0.000000   10.000000   clock network delay (ideal)
                                  0.000000   10.000000   clock reconvergence pessimism
                                             10.000000 ^ _4599_/CLK (sg13g2_dfrbpq_1)
                                 -0.071085    9.928916   library recovery time
                                              9.928916   data required time
---------------------------------------------------------------------------------------------
                                              9.928916   data required time
                                             -2.000000   data arrival time
---------------------------------------------------------------------------------------------
                                              7.928916   slack (MET)


Startpoint: rst_ni (input port clocked by core)
Endpoint: _4600_ (recovery check against rising-edge clock core)
Path Group: asynchronous
Path Type: max

Fanout         Cap        Slew       Delay        Time   Description
---------------------------------------------------------------------------------------------
                      0.000000    0.000000    0.000000   clock core (rise edge)
                                  0.000000    0.000000   clock network delay (ideal)
                                  2.000000    2.000000 ^ input external delay
   306    1.891532    0.000000    0.000000    2.000000 ^ rst_ni (in)
                                                         rst_ni (net)
                      0.000000    0.000000    2.000000 ^ _4600_/RESET_B (sg13g2_dfrbpq_1)
                                              2.000000   data arrival time

                      0.000000   10.000000   10.000000   clock core (rise edge)
                                  0.000000   10.000000   clock network delay (ideal)
                                  0.000000   10.000000   clock reconvergence pessimism
                                             10.000000 ^ _4600_/CLK (sg13g2_dfrbpq_1)
                                 -0.071085    9.928916   library recovery time
                                              9.928916   data required time
---------------------------------------------------------------------------------------------
                                              9.928916   data required time
                                             -2.000000   data arrival time
---------------------------------------------------------------------------------------------
                                              7.928916   slack (MET)

=== FlexSoC normalized power fields ===
dynamic_power_definition=internal_power+switching_power
power_unit=OpenSTA report unit; see Units section
internal_power=0.00287
switching_power=0.000124
dynamic_power=0.002994
leakage_power=1.27e-06
total_power=0.00299

=== Gate-level timing/power fusion ===
power_semantics=average_instance_power_from_the_same_VCD_SAIF_context
path_power_sum=unique_instance_average_power_sum_not_incremental_path_energy
fanout_capacitance_source=OpenSTA_report_checks_output_pin_fields

Worst path 1: status=met slack=6.88792 type=max group=core
startpoint=tl_i[108] (input port clocked by core)
endpoint=_4659_ (rising edge-triggered flip-flop clocked by core)
path_power_complete=true
path_average_power_sum internal=9.4179e-06 switching=2.00795e-06 dynamic=1.14259e-05 leakage=4.55168e-09 total=1.14304e-05
stage instance cell pins fanout capacitance slew delay arrival internal switching dynamic leakage total
1 _2337_ sg13g2_nand2_1 B,Y 1 0.00255 0.023052 0.025573 2.02557 7.32486e-08 4.93402e-08 1.22589e-07 1.25954e-10 1.22715e-07
2 _2338_ sg13g2_buf_1 A,X 9 0.034013 0.079902 0.095762 2.12134 1.55475e-07 6.9004e-07 8.45516e-07 2.7337e-10 8.45789e-07
3 _2375_ sg13g2_inv_1 A,Y 5 0.019161 0.072513 0.076323 2.19766 4.96262e-08 3.55021e-07 4.04647e-07 2.31951e-10 4.04879e-07
4 _2377_ sg13g2_nand2_1 A,Y 1 0.003134 0.031132 0.037911 2.23557 5.64709e-08 7.55751e-08 1.32046e-07 2.49475e-10 1.32296e-07
5 _2378_ sg13g2_nor2_1 B,Y 6 0.021969 0.141576 0.116408 2.35198 3.71003e-08 2.23669e-07 2.60769e-07 3.01763e-10 2.61071e-07
6 _2388_ sg13g2_inv_1 A,Y 3 0.010374 0.049124 0.057574 2.40955 2.86661e-08 1.18455e-07 1.47121e-07 9.927e-11 1.4722e-07
7 _2653_ sg13g2_nor3_1 A,Y 4 0.013537 0.148295 0.136203 2.54575 6.27184e-08 1.48123e-07 2.10842e-07 3.18017e-10 2.1116e-07
8 _2709_ sg13g2_nand2_1 A,Y 1 0.00255 0.042389 0.046406 2.59216 8.12395e-09 5.55708e-09 1.3681e-08 1.29482e-10 1.38105e-08
9 _2710_ sg13g2_buf_1 A,X 15 0.045841 0.105578 0.120591 2.71275 1.75365e-08 1.21768e-07 1.39305e-07 2.71024e-10 1.39576e-07
10 _2712_ sg13g2_buf_1 A,X 19 0.089969 0.201278 0.209215 2.92197 1.86858e-08 2.07839e-07 2.26525e-07 2.71025e-10 2.26796e-07
11 _2755_ sg13g2_mux2_1 S,X 1 0.001767 0.023192 0.119378 3.04134 3.29898e-08 1.22911e-09 3.42189e-08 7.6271e-10 3.49817e-08
12 _4659_ sg13g2_dfrbpq_1 D - - 0.023192 0 3.04134 8.87725e-06 1.1336e-08 8.88859e-06 1.51764e-09 8.89011e-06

Worst path 2: status=met slack=6.88792 type=max group=core
startpoint=tl_i[108] (input port clocked by core)
endpoint=_4660_ (rising edge-triggered flip-flop clocked by core)
path_power_complete=true
path_average_power_sum internal=9.65909e-06 switching=2.01307e-06 dynamic=1.16722e-05 leakage=4.57214e-09 total=1.16767e-05
stage instance cell pins fanout capacitance slew delay arrival internal switching dynamic leakage total
1 _2337_ sg13g2_nand2_1 B,Y 1 0.00255 0.023052 0.025573 2.02557 7.32486e-08 4.93402e-08 1.22589e-07 1.25954e-10 1.22715e-07
2 _2338_ sg13g2_buf_1 A,X 9 0.034013 0.079902 0.095762 2.12134 1.55475e-07 6.9004e-07 8.45516e-07 2.7337e-10 8.45789e-07
3 _2375_ sg13g2_inv_1 A,Y 5 0.019161 0.072513 0.076323 2.19766 4.96262e-08 3.55021e-07 4.04647e-07 2.31951e-10 4.04879e-07
4 _2377_ sg13g2_nand2_1 A,Y 1 0.003134 0.031132 0.037911 2.23557 5.64709e-08 7.55751e-08 1.32046e-07 2.49475e-10 1.32296e-07
5 _2378_ sg13g2_nor2_1 B,Y 6 0.021969 0.141576 0.116408 2.35198 3.71003e-08 2.23669e-07 2.60769e-07 3.01763e-10 2.61071e-07
6 _2388_ sg13g2_inv_1 A,Y 3 0.010374 0.049124 0.057574 2.40955 2.86661e-08 1.18455e-07 1.47121e-07 9.927e-11 1.4722e-07
7 _2653_ sg13g2_nor3_1 A,Y 4 0.013537 0.148295 0.136203 2.54575 6.27184e-08 1.48123e-07 2.10842e-07 3.18017e-10 2.1116e-07
8 _2709_ sg13g2_nand2_1 A,Y 1 0.00255 0.042389 0.046406 2.59216 8.12395e-09 5.55708e-09 1.3681e-08 1.29482e-10 1.38105e-08
9 _2710_ sg13g2_buf_1 A,X 15 0.045841 0.105578 0.120591 2.71275 1.75365e-08 1.21768e-07 1.39305e-07 2.71024e-10 1.39576e-07
10 _2712_ sg13g2_buf_1 A,X 19 0.089969 0.201278 0.209215 2.92197 1.86858e-08 2.07839e-07 2.26525e-07 2.71025e-10 2.26796e-07
11 _2754_ sg13g2_mux2_1 S,X 1 0.001767 0.023192 0.119378 3.04134 3.47857e-08 1.67606e-09 3.64618e-08 7.64588e-10 3.72264e-08
12 _4660_ sg13g2_dfrbpq_1 D - - 0.023192 0 3.04134 9.11665e-06 1.59999e-08 9.13265e-06 1.53622e-09 9.13419e-06

Worst path 3: status=met slack=6.88792 type=max group=core
startpoint=tl_i[108] (input port clocked by core)
endpoint=_4661_ (rising edge-triggered flip-flop clocked by core)
path_power_complete=true
path_average_power_sum internal=1.00255e-05 switching=2.00297e-06 dynamic=1.20285e-05 leakage=4.59708e-09 total=1.20331e-05
stage instance cell pins fanout capacitance slew delay arrival internal switching dynamic leakage total
1 _2337_ sg13g2_nand2_1 B,Y 1 0.00255 0.023052 0.025573 2.02557 7.32486e-08 4.93402e-08 1.22589e-07 1.25954e-10 1.22715e-07
2 _2338_ sg13g2_buf_1 A,X 9 0.034013 0.079902 0.095762 2.12134 1.55475e-07 6.9004e-07 8.45516e-07 2.7337e-10 8.45789e-07
3 _2375_ sg13g2_inv_1 A,Y 5 0.019161 0.072513 0.076323 2.19766 4.96262e-08 3.55021e-07 4.04647e-07 2.31951e-10 4.04879e-07
4 _2377_ sg13g2_nand2_1 A,Y 1 0.003134 0.031132 0.037911 2.23557 5.64709e-08 7.55751e-08 1.32046e-07 2.49475e-10 1.32296e-07
5 _2378_ sg13g2_nor2_1 B,Y 6 0.021969 0.141576 0.116408 2.35198 3.71003e-08 2.23669e-07 2.60769e-07 3.01763e-10 2.61071e-07
6 _2388_ sg13g2_inv_1 A,Y 3 0.010374 0.049124 0.057574 2.40955 2.86661e-08 1.18455e-07 1.47121e-07 9.927e-11 1.4722e-07
7 _2653_ sg13g2_nor3_1 A,Y 4 0.013537 0.148295 0.136203 2.54575 6.27184e-08 1.48123e-07 2.10842e-07 3.18017e-10 2.1116e-07
8 _2709_ sg13g2_nand2_1 A,Y 1 0.00255 0.042389 0.046406 2.59216 8.12395e-09 5.55708e-09 1.3681e-08 1.29482e-10 1.38105e-08
9 _2710_ sg13g2_buf_1 A,X 15 0.045841 0.105578 0.120591 2.71275 1.75365e-08 1.21768e-07 1.39305e-07 2.71024e-10 1.39576e-07
10 _2712_ sg13g2_buf_1 A,X 19 0.089969 0.201278 0.209215 2.92197 1.86858e-08 2.07839e-07 2.26525e-07 2.71025e-10 2.26796e-07
11 _2753_ sg13g2_mux2_1 S,X 1 0.001767 0.023192 0.119378 3.04134 2.46613e-08 7.82161e-10 2.54435e-08 7.68262e-10 2.62118e-08
12 _4661_ sg13g2_dfrbpq_1 D - - 0.023192 0 3.04134 9.4932e-06 6.80162e-09 9.5e-06 1.55748e-09 9.50156e-06

Worst path 4: status=met slack=6.88792 type=max group=core
startpoint=tl_i[108] (input port clocked by core)
endpoint=_4670_ (rising edge-triggered flip-flop clocked by core)
path_power_complete=true
path_average_power_sum internal=9.6439e-06 switching=2.00118e-06 dynamic=1.16451e-05 leakage=4.57196e-09 total=1.16496e-05
stage instance cell pins fanout capacitance slew delay arrival internal switching dynamic leakage total
1 _2337_ sg13g2_nand2_1 B,Y 1 0.00255 0.023052 0.025573 2.02557 7.32486e-08 4.93402e-08 1.22589e-07 1.25954e-10 1.22715e-07
2 _2338_ sg13g2_buf_1 A,X 9 0.034013 0.079902 0.095762 2.12134 1.55475e-07 6.9004e-07 8.45516e-07 2.7337e-10 8.45789e-07
3 _2375_ sg13g2_inv_1 A,Y 5 0.019161 0.072513 0.076323 2.19766 4.96262e-08 3.55021e-07 4.04647e-07 2.31951e-10 4.04879e-07
4 _2377_ sg13g2_nand2_1 A,Y 1 0.003134 0.031132 0.037911 2.23557 5.64709e-08 7.55751e-08 1.32046e-07 2.49475e-10 1.32296e-07
5 _2378_ sg13g2_nor2_1 B,Y 6 0.021969 0.141576 0.116408 2.35198 3.71003e-08 2.23669e-07 2.60769e-07 3.01763e-10 2.61071e-07
6 _2388_ sg13g2_inv_1 A,Y 3 0.010374 0.049124 0.057574 2.40955 2.86661e-08 1.18455e-07 1.47121e-07 9.927e-11 1.4722e-07
7 _2653_ sg13g2_nor3_1 A,Y 4 0.013537 0.148295 0.136203 2.54575 6.27184e-08 1.48123e-07 2.10842e-07 3.18017e-10 2.1116e-07
8 _2709_ sg13g2_nand2_1 A,Y 1 0.00255 0.042389 0.046406 2.59216 8.12395e-09 5.55708e-09 1.3681e-08 1.29482e-10 1.38105e-08
9 _2710_ sg13g2_buf_1 A,X 15 0.045841 0.105578 0.120591 2.71275 1.75365e-08 1.21768e-07 1.39305e-07 2.71024e-10 1.39576e-07
10 _2712_ sg13g2_buf_1 A,X 19 0.089969 0.201278 0.209215 2.92197 1.86858e-08 2.07839e-07 2.26525e-07 2.71025e-10 2.26796e-07
11 _2736_ sg13g2_mux2_1 S,X 1 0.001767 0.023192 0.119378 3.04134 3.13614e-08 1.22911e-09 3.25905e-08 7.64406e-10 3.33549e-08
12 _4670_ sg13g2_dfrbpq_1 D - - 0.023192 0 3.04134 9.10489e-06 4.55691e-09 9.10944e-06 1.53622e-09 9.11098e-06

Worst path 5: status=met slack=6.88792 type=max group=core
startpoint=tl_i[108] (input port clocked by core)
endpoint=_4672_ (rising edge-triggered flip-flop clocked by core)
path_power_complete=true
path_average_power_sum internal=9.6439e-06 switching=2.00106e-06 dynamic=1.1645e-05 leakage=4.57196e-09 total=1.16495e-05
stage instance cell pins fanout capacitance slew delay arrival internal switching dynamic leakage total
1 _2337_ sg13g2_nand2_1 B,Y 1 0.00255 0.023052 0.025573 2.02557 7.32486e-08 4.93402e-08 1.22589e-07 1.25954e-10 1.22715e-07
2 _2338_ sg13g2_buf_1 A,X 9 0.034013 0.079902 0.095762 2.12134 1.55475e-07 6.9004e-07 8.45516e-07 2.7337e-10 8.45789e-07
3 _2375_ sg13g2_inv_1 A,Y 5 0.019161 0.072513 0.076323 2.19766 4.96262e-08 3.55021e-07 4.04647e-07 2.31951e-10 4.04879e-07
4 _2377_ sg13g2_nand2_1 A,Y 1 0.003134 0.031132 0.037911 2.23557 5.64709e-08 7.55751e-08 1.32046e-07 2.49475e-10 1.32296e-07
5 _2378_ sg13g2_nor2_1 B,Y 6 0.021969 0.141576 0.116408 2.35198 3.71003e-08 2.23669e-07 2.60769e-07 3.01763e-10 2.61071e-07
6 _2388_ sg13g2_inv_1 A,Y 3 0.010374 0.049124 0.057574 2.40955 2.86661e-08 1.18455e-07 1.47121e-07 9.927e-11 1.4722e-07
7 _2653_ sg13g2_nor3_1 A,Y 4 0.013537 0.148295 0.136203 2.54575 6.27184e-08 1.48123e-07 2.10842e-07 3.18017e-10 2.1116e-07
8 _2709_ sg13g2_nand2_1 A,Y 1 0.00255 0.042389 0.046406 2.59216 8.12395e-09 5.55708e-09 1.3681e-08 1.29482e-10 1.38105e-08
9 _2710_ sg13g2_buf_1 A,X 15 0.045841 0.105578 0.120591 2.71275 1.75365e-08 1.21768e-07 1.39305e-07 2.71024e-10 1.39576e-07
10 _2712_ sg13g2_buf_1 A,X 19 0.089969 0.201278 0.209215 2.92197 1.86858e-08 2.07839e-07 2.26525e-07 2.71025e-10 2.26796e-07
11 _2733_ sg13g2_mux2_1 S,X 1 0.001767 0.023192 0.119378 3.04134 3.13615e-08 1.22911e-09 3.25907e-08 7.64406e-10 3.33551e-08
12 _4672_ sg13g2_dfrbpq_1 D - - 0.023192 0 3.04134 9.10488e-06 4.44446e-09 9.10933e-06 1.53622e-09 9.11086e-06

Worst path 6: status=met slack=6.88792 type=max group=core
startpoint=tl_i[108] (input port clocked by core)
endpoint=_4675_ (rising edge-triggered flip-flop clocked by core)
path_power_complete=true
path_average_power_sum internal=9.6439e-06 switching=2.00106e-06 dynamic=1.1645e-05 leakage=4.57196e-09 total=1.16495e-05
stage instance cell pins fanout capacitance slew delay arrival internal switching dynamic leakage total
1 _2337_ sg13g2_nand2_1 B,Y 1 0.00255 0.023052 0.025573 2.02557 7.32486e-08 4.93402e-08 1.22589e-07 1.25954e-10 1.22715e-07
2 _2338_ sg13g2_buf_1 A,X 9 0.034013 0.079902 0.095762 2.12134 1.55475e-07 6.9004e-07 8.45516e-07 2.7337e-10 8.45789e-07
3 _2375_ sg13g2_inv_1 A,Y 5 0.019161 0.072513 0.076323 2.19766 4.96262e-08 3.55021e-07 4.04647e-07 2.31951e-10 4.04879e-07
4 _2377_ sg13g2_nand2_1 A,Y 1 0.003134 0.031132 0.037911 2.23557 5.64709e-08 7.55751e-08 1.32046e-07 2.49475e-10 1.32296e-07
5 _2378_ sg13g2_nor2_1 B,Y 6 0.021969 0.141576 0.116408 2.35198 3.71003e-08 2.23669e-07 2.60769e-07 3.01763e-10 2.61071e-07
6 _2388_ sg13g2_inv_1 A,Y 3 0.010374 0.049124 0.057574 2.40955 2.86661e-08 1.18455e-07 1.47121e-07 9.927e-11 1.4722e-07
7 _2653_ sg13g2_nor3_1 A,Y 4 0.013537 0.148295 0.136203 2.54575 6.27184e-08 1.48123e-07 2.10842e-07 3.18017e-10 2.1116e-07
8 _2709_ sg13g2_nand2_1 A,Y 1 0.00255 0.042389 0.046406 2.59216 8.12395e-09 5.55708e-09 1.3681e-08 1.29482e-10 1.38105e-08
9 _2710_ sg13g2_buf_1 A,X 15 0.045841 0.105578 0.120591 2.71275 1.75365e-08 1.21768e-07 1.39305e-07 2.71024e-10 1.39576e-07
10 _2712_ sg13g2_buf_1 A,X 19 0.089969 0.201278 0.209215 2.92197 1.86858e-08 2.07839e-07 2.26525e-07 2.71025e-10 2.26796e-07
11 _2728_ sg13g2_mux2_1 S,X 1 0.001767 0.023192 0.119378 3.04134 3.13615e-08 1.22911e-09 3.25907e-08 7.64406e-10 3.33551e-08
12 _4675_ sg13g2_dfrbpq_1 D - - 0.023192 0 3.04134 9.10488e-06 4.44446e-09 9.10933e-06 1.53622e-09 9.11086e-06

Worst path 7: status=met slack=6.88792 type=max group=core
startpoint=tl_i[108] (input port clocked by core)
endpoint=_4676_ (rising edge-triggered flip-flop clocked by core)
path_power_complete=true
path_average_power_sum internal=9.6439e-06 switching=2.00106e-06 dynamic=1.1645e-05 leakage=4.57196e-09 total=1.16495e-05
stage instance cell pins fanout capacitance slew delay arrival internal switching dynamic leakage total
1 _2337_ sg13g2_nand2_1 B,Y 1 0.00255 0.023052 0.025573 2.02557 7.32486e-08 4.93402e-08 1.22589e-07 1.25954e-10 1.22715e-07
2 _2338_ sg13g2_buf_1 A,X 9 0.034013 0.079902 0.095762 2.12134 1.55475e-07 6.9004e-07 8.45516e-07 2.7337e-10 8.45789e-07
3 _2375_ sg13g2_inv_1 A,Y 5 0.019161 0.072513 0.076323 2.19766 4.96262e-08 3.55021e-07 4.04647e-07 2.31951e-10 4.04879e-07
4 _2377_ sg13g2_nand2_1 A,Y 1 0.003134 0.031132 0.037911 2.23557 5.64709e-08 7.55751e-08 1.32046e-07 2.49475e-10 1.32296e-07
5 _2378_ sg13g2_nor2_1 B,Y 6 0.021969 0.141576 0.116408 2.35198 3.71003e-08 2.23669e-07 2.60769e-07 3.01763e-10 2.61071e-07
6 _2388_ sg13g2_inv_1 A,Y 3 0.010374 0.049124 0.057574 2.40955 2.86661e-08 1.18455e-07 1.47121e-07 9.927e-11 1.4722e-07
7 _2653_ sg13g2_nor3_1 A,Y 4 0.013537 0.148295 0.136203 2.54575 6.27184e-08 1.48123e-07 2.10842e-07 3.18017e-10 2.1116e-07
8 _2709_ sg13g2_nand2_1 A,Y 1 0.00255 0.042389 0.046406 2.59216 8.12395e-09 5.55708e-09 1.3681e-08 1.29482e-10 1.38105e-08
9 _2710_ sg13g2_buf_1 A,X 15 0.045841 0.105578 0.120591 2.71275 1.75365e-08 1.21768e-07 1.39305e-07 2.71024e-10 1.39576e-07
10 _2712_ sg13g2_buf_1 A,X 19 0.089969 0.201278 0.209215 2.92197 1.86858e-08 2.07839e-07 2.26525e-07 2.71025e-10 2.26796e-07
11 _2727_ sg13g2_mux2_1 S,X 1 0.001767 0.023192 0.119378 3.04134 3.13615e-08 1.22911e-09 3.25907e-08 7.64406e-10 3.33551e-08
12 _4676_ sg13g2_dfrbpq_1 D - - 0.023192 0 3.04134 9.10488e-06 4.44446e-09 9.10933e-06 1.53622e-09 9.11086e-06

Worst path 8: status=met slack=6.88792 type=max group=core
startpoint=tl_i[108] (input port clocked by core)
endpoint=_4680_ (rising edge-triggered flip-flop clocked by core)
path_power_complete=true
path_average_power_sum internal=9.6439e-06 switching=2.00106e-06 dynamic=1.1645e-05 leakage=4.57196e-09 total=1.16495e-05
stage instance cell pins fanout capacitance slew delay arrival internal switching dynamic leakage total
1 _2337_ sg13g2_nand2_1 B,Y 1 0.00255 0.023052 0.025573 2.02557 7.32486e-08 4.93402e-08 1.22589e-07 1.25954e-10 1.22715e-07
2 _2338_ sg13g2_buf_1 A,X 9 0.034013 0.079902 0.095762 2.12134 1.55475e-07 6.9004e-07 8.45516e-07 2.7337e-10 8.45789e-07
3 _2375_ sg13g2_inv_1 A,Y 5 0.019161 0.072513 0.076323 2.19766 4.96262e-08 3.55021e-07 4.04647e-07 2.31951e-10 4.04879e-07
4 _2377_ sg13g2_nand2_1 A,Y 1 0.003134 0.031132 0.037911 2.23557 5.64709e-08 7.55751e-08 1.32046e-07 2.49475e-10 1.32296e-07
5 _2378_ sg13g2_nor2_1 B,Y 6 0.021969 0.141576 0.116408 2.35198 3.71003e-08 2.23669e-07 2.60769e-07 3.01763e-10 2.61071e-07
6 _2388_ sg13g2_inv_1 A,Y 3 0.010374 0.049124 0.057574 2.40955 2.86661e-08 1.18455e-07 1.47121e-07 9.927e-11 1.4722e-07
7 _2653_ sg13g2_nor3_1 A,Y 4 0.013537 0.148295 0.136203 2.54575 6.27184e-08 1.48123e-07 2.10842e-07 3.18017e-10 2.1116e-07
8 _2709_ sg13g2_nand2_1 A,Y 1 0.00255 0.042389 0.046406 2.59216 8.12395e-09 5.55708e-09 1.3681e-08 1.29482e-10 1.38105e-08
9 _2710_ sg13g2_buf_1 A,X 15 0.045841 0.105578 0.120591 2.71275 1.75365e-08 1.21768e-07 1.39305e-07 2.71024e-10 1.39576e-07
10 _2712_ sg13g2_buf_1 A,X 19 0.089969 0.201278 0.209215 2.92197 1.86858e-08 2.07839e-07 2.26525e-07 2.71025e-10 2.26796e-07
11 _2720_ sg13g2_mux2_1 S,X 1 0.001767 0.023192 0.119378 3.04134 3.13615e-08 1.22911e-09 3.25907e-08 7.64406e-10 3.33551e-08
12 _4680_ sg13g2_dfrbpq_1 D - - 0.023192 0 3.04134 9.10488e-06 4.44446e-09 9.10933e-06 1.53622e-09 9.11086e-06

Worst path 9: status=met slack=6.88792 type=max group=core
startpoint=tl_i[108] (input port clocked by core)
endpoint=_4682_ (rising edge-triggered flip-flop clocked by core)
path_power_complete=true
path_average_power_sum internal=9.6439e-06 switching=2.00106e-06 dynamic=1.1645e-05 leakage=4.57196e-09 total=1.16495e-05
stage instance cell pins fanout capacitance slew delay arrival internal switching dynamic leakage total
1 _2337_ sg13g2_nand2_1 B,Y 1 0.00255 0.023052 0.025573 2.02557 7.32486e-08 4.93402e-08 1.22589e-07 1.25954e-10 1.22715e-07
2 _2338_ sg13g2_buf_1 A,X 9 0.034013 0.079902 0.095762 2.12134 1.55475e-07 6.9004e-07 8.45516e-07 2.7337e-10 8.45789e-07
3 _2375_ sg13g2_inv_1 A,Y 5 0.019161 0.072513 0.076323 2.19766 4.96262e-08 3.55021e-07 4.04647e-07 2.31951e-10 4.04879e-07
4 _2377_ sg13g2_nand2_1 A,Y 1 0.003134 0.031132 0.037911 2.23557 5.64709e-08 7.55751e-08 1.32046e-07 2.49475e-10 1.32296e-07
5 _2378_ sg13g2_nor2_1 B,Y 6 0.021969 0.141576 0.116408 2.35198 3.71003e-08 2.23669e-07 2.60769e-07 3.01763e-10 2.61071e-07
6 _2388_ sg13g2_inv_1 A,Y 3 0.010374 0.049124 0.057574 2.40955 2.86661e-08 1.18455e-07 1.47121e-07 9.927e-11 1.4722e-07
7 _2653_ sg13g2_nor3_1 A,Y 4 0.013537 0.148295 0.136203 2.54575 6.27184e-08 1.48123e-07 2.10842e-07 3.18017e-10 2.1116e-07
8 _2709_ sg13g2_nand2_1 A,Y 1 0.00255 0.042389 0.046406 2.59216 8.12395e-09 5.55708e-09 1.3681e-08 1.29482e-10 1.38105e-08
9 _2710_ sg13g2_buf_1 A,X 15 0.045841 0.105578 0.120591 2.71275 1.75365e-08 1.21768e-07 1.39305e-07 2.71024e-10 1.39576e-07
10 _2712_ sg13g2_buf_1 A,X 19 0.089969 0.201278 0.209215 2.92197 1.86858e-08 2.07839e-07 2.26525e-07 2.71025e-10 2.26796e-07
11 _2717_ sg13g2_mux2_1 S,X 1 0.001767 0.023192 0.119378 3.04134 3.13615e-08 1.22911e-09 3.25907e-08 7.64406e-10 3.33551e-08
12 _4682_ sg13g2_dfrbpq_1 D - - 0.023192 0 3.04134 9.10488e-06 4.44446e-09 9.10933e-06 1.53622e-09 9.11086e-06

Worst path 10: status=met slack=6.88792 type=max group=core
startpoint=tl_i[108] (input port clocked by core)
endpoint=_4685_ (rising edge-triggered flip-flop clocked by core)
path_power_complete=true
path_average_power_sum internal=9.6439e-06 switching=2.00106e-06 dynamic=1.1645e-05 leakage=4.57196e-09 total=1.16495e-05
stage instance cell pins fanout capacitance slew delay arrival internal switching dynamic leakage total
1 _2337_ sg13g2_nand2_1 B,Y 1 0.00255 0.023052 0.025573 2.02557 7.32486e-08 4.93402e-08 1.22589e-07 1.25954e-10 1.22715e-07
2 _2338_ sg13g2_buf_1 A,X 9 0.034013 0.079902 0.095762 2.12134 1.55475e-07 6.9004e-07 8.45516e-07 2.7337e-10 8.45789e-07
3 _2375_ sg13g2_inv_1 A,Y 5 0.019161 0.072513 0.076323 2.19766 4.96262e-08 3.55021e-07 4.04647e-07 2.31951e-10 4.04879e-07
4 _2377_ sg13g2_nand2_1 A,Y 1 0.003134 0.031132 0.037911 2.23557 5.64709e-08 7.55751e-08 1.32046e-07 2.49475e-10 1.32296e-07
5 _2378_ sg13g2_nor2_1 B,Y 6 0.021969 0.141576 0.116408 2.35198 3.71003e-08 2.23669e-07 2.60769e-07 3.01763e-10 2.61071e-07
6 _2388_ sg13g2_inv_1 A,Y 3 0.010374 0.049124 0.057574 2.40955 2.86661e-08 1.18455e-07 1.47121e-07 9.927e-11 1.4722e-07
7 _2653_ sg13g2_nor3_1 A,Y 4 0.013537 0.148295 0.136203 2.54575 6.27184e-08 1.48123e-07 2.10842e-07 3.18017e-10 2.1116e-07
8 _2709_ sg13g2_nand2_1 A,Y 1 0.00255 0.042389 0.046406 2.59216 8.12395e-09 5.55708e-09 1.3681e-08 1.29482e-10 1.38105e-08
9 _2710_ sg13g2_buf_1 A,X 15 0.045841 0.105578 0.120591 2.71275 1.75365e-08 1.21768e-07 1.39305e-07 2.71024e-10 1.39576e-07
10 _2712_ sg13g2_buf_1 A,X 19 0.089969 0.201278 0.209215 2.92197 1.86858e-08 2.07839e-07 2.26525e-07 2.71025e-10 2.26796e-07
11 _2913_ sg13g2_mux2_1 S,X 1 0.001767 0.023192 0.119378 3.04134 3.13615e-08 1.22911e-09 3.25907e-08 7.64406e-10 3.33551e-08
12 _4685_ sg13g2_dfrbpq_1 D - - 0.023192 0 3.04134 9.10488e-06 4.44446e-09 9.10933e-06 1.53622e-09 9.11086e-06

Worst path 11: status=met slack=7.92892 type=max group=asynchronous
startpoint=rst_ni (input port clocked by core)
endpoint=_4591_ (recovery check against rising-edge clock core)
path_power_complete=true
path_average_power_sum internal=8.18653e-06 switching=0 dynamic=8.18653e-06 leakage=1.44166e-09 total=8.18797e-06
stage instance cell pins fanout capacitance slew delay arrival internal switching dynamic leakage total
1 _4591_ sg13g2_dfrbpq_1 RESET_B - - 0 0 2 8.18653e-06 0 8.18653e-06 1.44166e-09 8.18797e-06

Worst path 12: status=met slack=7.92892 type=max group=asynchronous
startpoint=rst_ni (input port clocked by core)
endpoint=_4592_ (recovery check against rising-edge clock core)
path_power_complete=true
path_average_power_sum internal=8.1466e-06 switching=0 dynamic=8.1466e-06 leakage=1.44158e-09 total=8.14804e-06
stage instance cell pins fanout capacitance slew delay arrival internal switching dynamic leakage total
1 _4592_ sg13g2_dfrbpq_1 RESET_B - - 0 0 2 8.1466e-06 0 8.1466e-06 1.44158e-09 8.14804e-06

Worst path 13: status=met slack=7.92892 type=max group=asynchronous
startpoint=rst_ni (input port clocked by core)
endpoint=_4593_ (recovery check against rising-edge clock core)
path_power_complete=true
path_average_power_sum internal=8.1466e-06 switching=0 dynamic=8.1466e-06 leakage=1.44158e-09 total=8.14804e-06
stage instance cell pins fanout capacitance slew delay arrival internal switching dynamic leakage total
1 _4593_ sg13g2_dfrbpq_1 RESET_B - - 0 0 2 8.1466e-06 0 8.1466e-06 1.44158e-09 8.14804e-06

Worst path 14: status=met slack=7.92892 type=max group=asynchronous
startpoint=rst_ni (input port clocked by core)
endpoint=_4594_ (recovery check against rising-edge clock core)
path_power_complete=true
path_average_power_sum internal=8.18653e-06 switching=0 dynamic=8.18653e-06 leakage=1.44166e-09 total=8.18797e-06
stage instance cell pins fanout capacitance slew delay arrival internal switching dynamic leakage total
1 _4594_ sg13g2_dfrbpq_1 RESET_B - - 0 0 2 8.18653e-06 0 8.18653e-06 1.44166e-09 8.18797e-06

Worst path 15: status=met slack=7.92892 type=max group=asynchronous
startpoint=rst_ni (input port clocked by core)
endpoint=_4595_ (recovery check against rising-edge clock core)
path_power_complete=true
path_average_power_sum internal=8.1466e-06 switching=0 dynamic=8.1466e-06 leakage=1.44158e-09 total=8.14804e-06
stage instance cell pins fanout capacitance slew delay arrival internal switching dynamic leakage total
1 _4595_ sg13g2_dfrbpq_1 RESET_B - - 0 0 2 8.1466e-06 0 8.1466e-06 1.44158e-09 8.14804e-06

Worst path 16: status=met slack=7.92892 type=max group=asynchronous
startpoint=rst_ni (input port clocked by core)
endpoint=_4596_ (recovery check against rising-edge clock core)
path_power_complete=true
path_average_power_sum internal=8.1466e-06 switching=0 dynamic=8.1466e-06 leakage=1.44158e-09 total=8.14804e-06
stage instance cell pins fanout capacitance slew delay arrival internal switching dynamic leakage total
1 _4596_ sg13g2_dfrbpq_1 RESET_B - - 0 0 2 8.1466e-06 0 8.1466e-06 1.44158e-09 8.14804e-06

Worst path 17: status=met slack=7.92892 type=max group=asynchronous
startpoint=rst_ni (input port clocked by core)
endpoint=_4597_ (recovery check against rising-edge clock core)
path_power_complete=true
path_average_power_sum internal=8.1466e-06 switching=0 dynamic=8.1466e-06 leakage=1.44158e-09 total=8.14804e-06
stage instance cell pins fanout capacitance slew delay arrival internal switching dynamic leakage total
1 _4597_ sg13g2_dfrbpq_1 RESET_B - - 0 0 2 8.1466e-06 0 8.1466e-06 1.44158e-09 8.14804e-06

Worst path 18: status=met slack=7.92892 type=max group=asynchronous
startpoint=rst_ni (input port clocked by core)
endpoint=_4598_ (recovery check against rising-edge clock core)
path_power_complete=true
path_average_power_sum internal=8.1466e-06 switching=0 dynamic=8.1466e-06 leakage=1.44158e-09 total=8.14804e-06
stage instance cell pins fanout capacitance slew delay arrival internal switching dynamic leakage total
1 _4598_ sg13g2_dfrbpq_1 RESET_B - - 0 0 2 8.1466e-06 0 8.1466e-06 1.44158e-09 8.14804e-06

Worst path 19: status=met slack=7.92892 type=max group=asynchronous
startpoint=rst_ni (input port clocked by core)
endpoint=_4599_ (recovery check against rising-edge clock core)
path_power_complete=true
path_average_power_sum internal=8.1466e-06 switching=0 dynamic=8.1466e-06 leakage=1.44158e-09 total=8.14804e-06
stage instance cell pins fanout capacitance slew delay arrival internal switching dynamic leakage total
1 _4599_ sg13g2_dfrbpq_1 RESET_B - - 0 0 2 8.1466e-06 0 8.1466e-06 1.44158e-09 8.14804e-06

Worst path 20: status=met slack=7.92892 type=max group=asynchronous
startpoint=rst_ni (input port clocked by core)
endpoint=_4600_ (recovery check against rising-edge clock core)
path_power_complete=true
path_average_power_sum internal=8.1466e-06 switching=0 dynamic=8.1466e-06 leakage=1.44158e-09 total=8.14804e-06
stage instance cell pins fanout capacitance slew delay arrival internal switching dynamic leakage total
1 _4600_ sg13g2_dfrbpq_1 RESET_B - - 0 0 2 8.1466e-06 0 8.1466e-06 1.44158e-09 8.14804e-06

=== Highest-power instances and worst path through each ===

Hotspot 1: instance=_4789_ selected_worst_paths=none internal=9.05907e-06 switching=4.24915e-06 dynamic=1.33082e-05 leakage=1.46104e-09 total=1.33097e-05
Worst path through hotspot: status=met slack=7.38606 type=max group=core
startpoint=_4789_ (rising edge-triggered flip-flop clocked by core)
endpoint=_4860_ (rising edge-triggered flip-flop clocked by core)
path_power_complete=true
path_average_power_sum internal=2.01875e-05 switching=7.30185e-06 dynamic=2.74894e-05 leakage=1.73633e-08 total=2.75068e-05
stage instance cell pins fanout capacitance slew delay arrival internal switching dynamic leakage total
1 _4789_ sg13g2_dfrbpq_1 CLK,Q 67 0.262474 0.776432 0.617918 0.617918 9.05907e-06 4.24915e-06 1.33082e-05 1.46104e-09 1.33097e-05
2 _3193_ sg13g2_nor2_1 A,Y 1 0.003203 0.100692 0.076224 0.694143 1.15909e-07 4.35691e-08 1.59478e-07 2.27054e-10 1.59706e-07
3 _3194_ sg13g2_a21oi_1 B1,Y 2 0.011266 0.143216 0.10056 0.794702 7.13652e-09 1.92363e-08 2.63728e-08 3.75036e-10 2.67479e-08
4 _3198_ sg13g2_a21oi_2 A1,Y 2 0.005949 0.047492 0.058794 0.853497 3.91559e-08 3.64723e-08 7.56282e-08 6.94492e-10 7.63227e-08
5 _3203_ sg13g2_o21ai_1 A2,Y 3 0.00957 0.127564 0.093964 0.947461 1.73063e-08 3.44791e-08 5.17854e-08 4.93055e-10 5.22785e-08
6 _3375_ sg13g2_nor2b_1 B_N,Y 1 0.004631 0.055002 0.090485 1.03795 3.69831e-08 1.61056e-08 5.30887e-08 3.21386e-10 5.34101e-08
7 _3376_ sg13g2_o21ai_1 A2,Y 1 0.003365 0.035563 0.041126 1.07907 0 2.31729e-10 2.31729e-10 2.70375e-10 5.02104e-10
8 _3377_ sg13g2_nand2_1 B,Y 2 0.009887 0.043853 0.043296 1.12237 4.88377e-08 1.5693e-07 2.05768e-07 4.03309e-10 2.06171e-07
9 _3379_ sg13g2_xnor2_1 B,Y 3 0.014874 0.113508 0.100079 1.22245 1.84985e-07 3.09456e-07 4.94441e-07 5.19258e-10 4.9496e-07
10 _3401_ sg13g2_nand3_1 A,Y 1 0.003654 0.052698 0.061936 1.28438 5.4042e-08 4.36494e-08 9.76914e-08 3.92692e-10 9.80841e-08
11 _3402_ sg13g2_o21ai_1 B1,Y 2 0.007036 0.079464 0.043751 1.32813 6.79229e-08 1.29339e-07 1.97262e-07 4.83756e-10 1.97746e-07
12 _3417_ sg13g2_a21oi_1 A1,Y 2 0.006709 0.052056 0.062068 1.3902 8.39117e-08 1.40426e-07 2.24338e-07 3.47463e-10 2.24685e-07
13 _3428_ sg13g2_a21o_1 A1,X 1 0.003391 0.02077 0.075302 1.4655 1.95437e-07 6.95295e-08 2.64967e-07 4.65427e-10 2.65432e-07
14 _3429_ sg13g2_inv_1 A,Y 4 0.014675 0.049546 0.044362 1.50986 4.67995e-08 2.8119e-07 3.27989e-07 1.61279e-10 3.2815e-07
15 _3468_ sg13g2_nand3_1 A,Y 1 0.003637 0.04262 0.047954 1.55782 9.38303e-09 6.67015e-09 1.60532e-08 2.04161e-10 1.62573e-08
16 _3473_ sg13g2_nand2_1 A,Y 3 0.010426 0.047906 0.042965 1.60078 6.23775e-08 1.58595e-07 2.20973e-07 2.28791e-10 2.21201e-07
17 _3474_ sg13g2_inv_1 A,Y 2 0.00904 0.030282 0.035324 1.63611 3.76135e-08 2.00485e-07 2.38098e-07 1.90382e-10 2.38289e-07
18 _3475_ sg13g2_nor4_2 D,Y 2 0.008438 0.100432 0.076141 1.71225 3.02479e-08 1.9744e-08 4.99918e-08 7.64087e-10 5.07559e-08
19 _3476_ sg13g2_nor2_1 B,Y 2 0.00641 0.035755 0.041952 1.7542 3.8171e-08 8.24346e-08 1.20606e-07 2.19743e-10 1.20825e-07
20 _3477_ sg13g2_nor3_1 C,Y 1 0.00436 0.072614 0.06325 1.81745 1.15313e-08 1.02003e-08 2.17316e-08 3.40514e-10 2.20721e-08
21 _3478_ sg13g2_nor3_1 C,Y 3 0.010292 0.044078 0.047526 1.86498 1.91759e-08 3.88053e-08 5.79812e-08 2.94267e-10 5.82754e-08
22 _3479_ sg13g2_nor3_1 C,Y 1 0.00436 0.075227 0.065467 1.93044 2.08959e-08 1.62654e-08 3.71613e-08 3.39906e-10 3.75012e-08
23 _3480_ sg13g2_nor3_1 C,Y 2 0.007287 0.037368 0.041177 1.97162 2.08174e-08 2.90312e-08 4.98486e-08 3.0884e-10 5.01574e-08
24 _3485_ sg13g2_a21oi_1 A1,Y 2 0.008709 0.073936 0.069004 2.04062 1.62551e-08 3.24951e-08 4.87502e-08 3.56756e-10 4.9107e-08
25 _3486_ sg13g2_nor2_1 B,Y 1 0.003398 0.025529 0.02944 2.07006 1.28289e-08 1.72769e-08 3.01058e-08 2.54524e-10 3.03603e-08
26 _3487_ sg13g2_o21ai_1 A2,Y 1 0.003247 0.052605 0.055263 2.12533 2.52013e-08 2.17209e-08 4.69222e-08 3.91271e-10 4.73135e-08
27 _3535_ sg13g2_nand3_1 A,Y 1 0.006021 0.055341 0.058916 2.18424 2.70321e-08 3.44302e-08 6.14623e-08 4.60992e-10 6.19233e-08
28 _3536_ sg13g2_xnor2_1 B,Y 3 0.016031 0.123006 0.10914 2.29338 5.88949e-08 1.06443e-07 1.65338e-07 6.02308e-10 1.65941e-07
29 _3537_ sg13g2_inv_2 A,Y 2 0.013322 0.035768 0.041225 2.33461 3.51293e-08 9.75009e-08 1.3263e-07 2.97349e-10 1.32928e-07
30 _3554_ sg13g2_nor2_2 B,Y 1 0.01007 0.04628 0.045975 2.38058 4.6693e-08 7.1956e-08 1.18649e-07 5.30314e-10 1.19179e-07
31 _3555_ sg13g2_buf_8 A,X 15 0.122356 0.053982 0.083237 2.46382 3.3809e-07 7.50541e-07 1.08863e-06 2.21517e-09 1.09085e-06
32 _3571_ sg13g2_a21oi_2 B1,Y 1 0.003398 0.032559 0.021799 2.48562 1.46786e-07 7.17432e-08 2.18529e-07 7.31268e-10 2.19261e-07
33 _3573_ sg13g2_o21ai_1 A2,Y 1 0.001767 0.060125 0.050049 2.53567 6.62563e-09 3.01691e-09 9.64254e-09 4.70264e-10 1.01128e-08
34 _4860_ sg13g2_dfrbpq_1 D - - 0.060125 0 2.53567 9.2663e-06 2.73046e-09 9.26903e-06 1.5468e-09 9.27058e-06
OpenSTA targeted timing report:
Startpoint: _4789_ (rising edge-triggered flip-flop clocked by core)
Endpoint: _4860_ (rising edge-triggered flip-flop clocked by core)
Path Group: core
Path Type: max

Fanout         Cap        Slew       Delay        Time   Description
---------------------------------------------------------------------------------------------
                      0.000000    0.000000    0.000000   clock core (rise edge)
                                  0.000000    0.000000   clock network delay (ideal)
                      0.000000    0.000000    0.000000 ^ _4789_/CLK (sg13g2_dfrbpq_1)
    67    0.262474    0.776432    0.617918    0.617918 ^ _4789_/Q (sg13g2_dfrbpq_1)
                                                         u_cordic_core.iter_q[0] (net)
                      0.776432    0.000000    0.617918 ^ _3193_/A (sg13g2_nor2_1)
     1    0.003203    0.100692    0.076224    0.694143 v _3193_/Y (sg13g2_nor2_1)
                                                         _2187_ (net)
                      0.100692    0.000000    0.694143 v _3194_/B1 (sg13g2_a21oi_1)
     2    0.011266    0.143216    0.100560    0.794702 ^ _3194_/Y (sg13g2_a21oi_1)
                                                         _2188_ (net)
                      0.143216    0.000000    0.794702 ^ _3198_/A1 (sg13g2_a21oi_2)
     2    0.005949    0.047492    0.058794    0.853497 v _3198_/Y (sg13g2_a21oi_2)
                                                         _2192_ (net)
                      0.047492    0.000000    0.853497 v _3203_/A2 (sg13g2_o21ai_1)
     3    0.009570    0.127564    0.093964    0.947461 ^ _3203_/Y (sg13g2_o21ai_1)
                                                         _2197_ (net)
                      0.127564    0.000000    0.947461 ^ _3375_/B_N (sg13g2_nor2b_1)
     1    0.004631    0.055002    0.090485    1.037946 ^ _3375_/Y (sg13g2_nor2b_1)
                                                         _0380_ (net)
                      0.055002    0.000000    1.037946 ^ _3376_/A2 (sg13g2_o21ai_1)
     1    0.003365    0.035563    0.041126    1.079072 v _3376_/Y (sg13g2_o21ai_1)
                                                         _0381_ (net)
                      0.035563    0.000000    1.079072 v _3377_/B (sg13g2_nand2_1)
     2    0.009887    0.043853    0.043296    1.122368 ^ _3377_/Y (sg13g2_nand2_1)
                                                         _0382_ (net)
                      0.043853    0.000000    1.122368 ^ _3379_/B (sg13g2_xnor2_1)
     3    0.014874    0.113508    0.100079    1.222446 ^ _3379_/Y (sg13g2_xnor2_1)
                                                         _0384_ (net)
                      0.113508    0.000000    1.222446 ^ _3401_/A (sg13g2_nand3_1)
     1    0.003654    0.052698    0.061936    1.284382 v _3401_/Y (sg13g2_nand3_1)
                                                         _0406_ (net)
                      0.052698    0.000000    1.284382 v _3402_/B1 (sg13g2_o21ai_1)
     2    0.007036    0.079464    0.043751    1.328133 ^ _3402_/Y (sg13g2_o21ai_1)
                                                         _0407_ (net)
                      0.079464    0.000000    1.328133 ^ _3417_/A1 (sg13g2_a21oi_1)
     2    0.006709    0.052056    0.062068    1.390200 v _3417_/Y (sg13g2_a21oi_1)
                                                         _0422_ (net)
                      0.052056    0.000000    1.390200 v _3428_/A1 (sg13g2_a21o_1)
     1    0.003391    0.020770    0.075302    1.465502 v _3428_/X (sg13g2_a21o_1)
                                                         _0433_ (net)
                      0.020770    0.000000    1.465502 v _3429_/A (sg13g2_inv_1)
     4    0.014675    0.049546    0.044362    1.509864 ^ _3429_/Y (sg13g2_inv_1)
                                                         _0434_ (net)
                      0.049546    0.000000    1.509864 ^ _3468_/A (sg13g2_nand3_1)
     1    0.003637    0.042620    0.047954    1.557818 v _3468_/Y (sg13g2_nand3_1)
                                                         _0473_ (net)
                      0.042620    0.000000    1.557818 v _3473_/A (sg13g2_nand2_1)
     3    0.010426    0.047906    0.042965    1.600783 ^ _3473_/Y (sg13g2_nand2_1)
                                                         _0478_ (net)
                      0.047906    0.000000    1.600783 ^ _3474_/A (sg13g2_inv_1)
     2    0.009040    0.030282    0.035324    1.636107 v _3474_/Y (sg13g2_inv_1)
                                                         _0479_ (net)
                      0.030282    0.000000    1.636107 v _3475_/D (sg13g2_nor4_2)
     2    0.008438    0.100432    0.076141    1.712248 ^ _3475_/Y (sg13g2_nor4_2)
                                                         _0480_ (net)
                      0.100432    0.000000    1.712248 ^ _3476_/B (sg13g2_nor2_1)
     2    0.006410    0.035755    0.041952    1.754200 v _3476_/Y (sg13g2_nor2_1)
                                                         _0481_ (net)
                      0.035755    0.000000    1.754200 v _3477_/C (sg13g2_nor3_1)
     1    0.004360    0.072614    0.063250    1.817450 ^ _3477_/Y (sg13g2_nor3_1)
                                                         _0482_ (net)
                      0.072614    0.000000    1.817450 ^ _3478_/C (sg13g2_nor3_1)
     3    0.010292    0.044078    0.047526    1.864976 v _3478_/Y (sg13g2_nor3_1)
                                                         _0483_ (net)
                      0.044078    0.000000    1.864976 v _3479_/C (sg13g2_nor3_1)
     1    0.004360    0.075227    0.065467    1.930443 ^ _3479_/Y (sg13g2_nor3_1)
                                                         _0484_ (net)
                      0.075227    0.000000    1.930443 ^ _3480_/C (sg13g2_nor3_1)
     2    0.007287    0.037368    0.041177    1.971620 v _3480_/Y (sg13g2_nor3_1)
                                                         _0485_ (net)
                      0.037368    0.000000    1.971620 v _3485_/A1 (sg13g2_a21oi_1)
     2    0.008709    0.073936    0.069004    2.040624 ^ _3485_/Y (sg13g2_a21oi_1)
                                                         _0490_ (net)
                      0.073936    0.000000    2.040624 ^ _3486_/B (sg13g2_nor2_1)
     1    0.003398    0.025529    0.029440    2.070064 v _3486_/Y (sg13g2_nor2_1)
                                                         _0491_ (net)
                      0.025529    0.000000    2.070064 v _3487_/A2 (sg13g2_o21ai_1)
     1    0.003247    0.052605    0.055263    2.125327 ^ _3487_/Y (sg13g2_o21ai_1)
                                                         _0492_ (net)
                      0.052605    0.000000    2.125327 ^ _3535_/A (sg13g2_nand3_1)
     1    0.006021    0.055341    0.058916    2.184242 v _3535_/Y (sg13g2_nand3_1)
                                                         _0540_ (net)
                      0.055341    0.000000    2.184242 v _3536_/B (sg13g2_xnor2_1)
     3    0.016031    0.123006    0.109140    2.293383 ^ _3536_/Y (sg13g2_xnor2_1)
                                                         _0541_ (net)
                      0.123006    0.000000    2.293383 ^ _3537_/A (sg13g2_inv_2)
     2    0.013322    0.035768    0.041225    2.334608 v _3537_/Y (sg13g2_inv_2)
                                                         _0542_ (net)
                      0.035768    0.000000    2.334608 v _3554_/B (sg13g2_nor2_2)
     1    0.010070    0.046280    0.045975    2.380583 ^ _3554_/Y (sg13g2_nor2_2)
                                                         _0559_ (net)
                      0.046280    0.000000    2.380583 ^ _3555_/A (sg13g2_buf_8)
    15    0.122356    0.053982    0.083237    2.463820 ^ _3555_/X (sg13g2_buf_8)
                                                         _0560_ (net)
                      0.053982    0.000000    2.463820 ^ _3571_/B1 (sg13g2_a21oi_2)
     1    0.003398    0.032559    0.021799    2.485618 v _3571_/Y (sg13g2_a21oi_2)
                                                         _0574_ (net)
                      0.032559    0.000000    2.485618 v _3573_/A2 (sg13g2_o21ai_1)
     1    0.001767    0.060125    0.050049    2.535667 ^ _3573_/Y (sg13g2_o21ai_1)
                                                         _0018_ (net)
                      0.060125    0.000000    2.535667 ^ _4860_/D (sg13g2_dfrbpq_1)
                                              2.535667   data arrival time

                      0.000000   10.000000   10.000000   clock core (rise edge)
                                  0.000000   10.000000   clock network delay (ideal)
                                  0.000000   10.000000   clock reconvergence pessimism
                                             10.000000 ^ _4860_/CLK (sg13g2_dfrbpq_1)
                                 -0.078272    9.921728   library setup time
                                              9.921728   data required time
---------------------------------------------------------------------------------------------
                                              9.921728   data required time
                                             -2.535667   data arrival time
---------------------------------------------------------------------------------------------
                                              7.386061   slack (MET)

Hotspot 2: instance=_4829_ selected_worst_paths=none internal=1.03184e-05 switching=1.75943e-07 dynamic=1.04944e-05 leakage=1.55997e-09 total=1.04959e-05
Worst path through hotspot: status=met slack=7.92892 type=max group=asynchronous
startpoint=rst_ni (input port clocked by core)
endpoint=_4829_ (recovery check against rising-edge clock core)
path_power_complete=true
path_average_power_sum internal=1.03184e-05 switching=1.75943e-07 dynamic=1.04944e-05 leakage=1.55997e-09 total=1.04959e-05
stage instance cell pins fanout capacitance slew delay arrival internal switching dynamic leakage total
1 _4829_ sg13g2_dfrbpq_1 RESET_B - - 0 0 2 1.03184e-05 1.75943e-07 1.04944e-05 1.55997e-09 1.04959e-05
OpenSTA targeted timing report:
Startpoint: rst_ni (input port clocked by core)
Endpoint: _4829_ (recovery check against rising-edge clock core)
Path Group: asynchronous
Path Type: max

Fanout         Cap        Slew       Delay        Time   Description
---------------------------------------------------------------------------------------------
                      0.000000    0.000000    0.000000   clock core (rise edge)
                                  0.000000    0.000000   clock network delay (ideal)
                                  2.000000    2.000000 ^ input external delay
   306    1.891532    0.000000    0.000000    2.000000 ^ rst_ni (in)
                                                         rst_ni (net)
                      0.000000    0.000000    2.000000 ^ _4829_/RESET_B (sg13g2_dfrbpq_1)
                                              2.000000   data arrival time

                      0.000000   10.000000   10.000000   clock core (rise edge)
                                  0.000000   10.000000   clock network delay (ideal)
                                  0.000000   10.000000   clock reconvergence pessimism
                                             10.000000 ^ _4829_/CLK (sg13g2_dfrbpq_1)
                                 -0.071085    9.928916   library recovery time
                                              9.928916   data required time
---------------------------------------------------------------------------------------------
                                              9.928916   data required time
                                             -2.000000   data arrival time
---------------------------------------------------------------------------------------------
                                              7.928916   slack (MET)

Hotspot 3: instance=_4832_ selected_worst_paths=none internal=1.00867e-05 switching=1.70134e-07 dynamic=1.02568e-05 leakage=1.55516e-09 total=1.02584e-05
Worst path through hotspot: status=met slack=7.92892 type=max group=asynchronous
startpoint=rst_ni (input port clocked by core)
endpoint=_4832_ (recovery check against rising-edge clock core)
path_power_complete=true
path_average_power_sum internal=1.00867e-05 switching=1.70134e-07 dynamic=1.02568e-05 leakage=1.55516e-09 total=1.02584e-05
stage instance cell pins fanout capacitance slew delay arrival internal switching dynamic leakage total
1 _4832_ sg13g2_dfrbpq_1 RESET_B - - 0 0 2 1.00867e-05 1.70134e-07 1.02568e-05 1.55516e-09 1.02584e-05
OpenSTA targeted timing report:
Startpoint: rst_ni (input port clocked by core)
Endpoint: _4832_ (recovery check against rising-edge clock core)
Path Group: asynchronous
Path Type: max

Fanout         Cap        Slew       Delay        Time   Description
---------------------------------------------------------------------------------------------
                      0.000000    0.000000    0.000000   clock core (rise edge)
                                  0.000000    0.000000   clock network delay (ideal)
                                  2.000000    2.000000 ^ input external delay
   306    1.891532    0.000000    0.000000    2.000000 ^ rst_ni (in)
                                                         rst_ni (net)
                      0.000000    0.000000    2.000000 ^ _4832_/RESET_B (sg13g2_dfrbpq_1)
                                              2.000000   data arrival time

                      0.000000   10.000000   10.000000   clock core (rise edge)
                                  0.000000   10.000000   clock network delay (ideal)
                                  0.000000   10.000000   clock reconvergence pessimism
                                             10.000000 ^ _4832_/CLK (sg13g2_dfrbpq_1)
                                 -0.071085    9.928916   library recovery time
                                              9.928916   data required time
---------------------------------------------------------------------------------------------
                                              9.928916   data required time
                                             -2.000000   data arrival time
---------------------------------------------------------------------------------------------
                                              7.928916   slack (MET)

Hotspot 4: instance=_4817_ selected_worst_paths=none internal=1.00125e-05 switching=7.2569e-08 dynamic=1.0085e-05 leakage=1.55991e-09 total=1.00866e-05
Worst path through hotspot: status=met slack=7.92892 type=max group=asynchronous
startpoint=rst_ni (input port clocked by core)
endpoint=_4817_ (recovery check against rising-edge clock core)
path_power_complete=true
path_average_power_sum internal=1.00125e-05 switching=7.2569e-08 dynamic=1.0085e-05 leakage=1.55991e-09 total=1.00866e-05
stage instance cell pins fanout capacitance slew delay arrival internal switching dynamic leakage total
1 _4817_ sg13g2_dfrbpq_1 RESET_B - - 0 0 2 1.00125e-05 7.2569e-08 1.0085e-05 1.55991e-09 1.00866e-05
OpenSTA targeted timing report:
Startpoint: rst_ni (input port clocked by core)
Endpoint: _4817_ (recovery check against rising-edge clock core)
Path Group: asynchronous
Path Type: max

Fanout         Cap        Slew       Delay        Time   Description
---------------------------------------------------------------------------------------------
                      0.000000    0.000000    0.000000   clock core (rise edge)
                                  0.000000    0.000000   clock network delay (ideal)
                                  2.000000    2.000000 ^ input external delay
   306    1.891532    0.000000    0.000000    2.000000 ^ rst_ni (in)
                                                         rst_ni (net)
                      0.000000    0.000000    2.000000 ^ _4817_/RESET_B (sg13g2_dfrbpq_1)
                                              2.000000   data arrival time

                      0.000000   10.000000   10.000000   clock core (rise edge)
                                  0.000000   10.000000   clock network delay (ideal)
                                  0.000000   10.000000   clock reconvergence pessimism
                                             10.000000 ^ _4817_/CLK (sg13g2_dfrbpq_1)
                                 -0.071085    9.928916   library recovery time
                                              9.928916   data required time
---------------------------------------------------------------------------------------------
                                              9.928916   data required time
                                             -2.000000   data arrival time
---------------------------------------------------------------------------------------------
                                              7.928916   slack (MET)

Hotspot 5: instance=_4807_ selected_worst_paths=none internal=9.73289e-06 switching=2.04809e-07 dynamic=9.9377e-06 leakage=1.54014e-09 total=9.93924e-06
Worst path through hotspot: status=met slack=7.92892 type=max group=asynchronous
startpoint=rst_ni (input port clocked by core)
endpoint=_4807_ (recovery check against rising-edge clock core)
path_power_complete=true
path_average_power_sum internal=9.73289e-06 switching=2.04809e-07 dynamic=9.9377e-06 leakage=1.54014e-09 total=9.93924e-06
stage instance cell pins fanout capacitance slew delay arrival internal switching dynamic leakage total
1 _4807_ sg13g2_dfrbpq_1 RESET_B - - 0 0 2 9.73289e-06 2.04809e-07 9.9377e-06 1.54014e-09 9.93924e-06
OpenSTA targeted timing report:
Startpoint: rst_ni (input port clocked by core)
Endpoint: _4807_ (recovery check against rising-edge clock core)
Path Group: asynchronous
Path Type: max

Fanout         Cap        Slew       Delay        Time   Description
---------------------------------------------------------------------------------------------
                      0.000000    0.000000    0.000000   clock core (rise edge)
                                  0.000000    0.000000   clock network delay (ideal)
                                  2.000000    2.000000 ^ input external delay
   306    1.891532    0.000000    0.000000    2.000000 ^ rst_ni (in)
                                                         rst_ni (net)
                      0.000000    0.000000    2.000000 ^ _4807_/RESET_B (sg13g2_dfrbpq_1)
                                              2.000000   data arrival time

                      0.000000   10.000000   10.000000   clock core (rise edge)
                                  0.000000   10.000000   clock network delay (ideal)
                                  0.000000   10.000000   clock reconvergence pessimism
                                             10.000000 ^ _4807_/CLK (sg13g2_dfrbpq_1)
                                 -0.071085    9.928916   library recovery time
                                              9.928916   data required time
---------------------------------------------------------------------------------------------
                                              9.928916   data required time
                                             -2.000000   data arrival time
---------------------------------------------------------------------------------------------
                                              7.928916   slack (MET)

Hotspot 6: instance=_4790_ selected_worst_paths=none internal=8.83861e-06 switching=1.07434e-06 dynamic=9.91296e-06 leakage=1.46103e-09 total=9.91442e-06
Worst path through hotspot: status=met slack=7.69617 type=max group=core
startpoint=_4790_ (rising edge-triggered flip-flop clocked by core)
endpoint=_4860_ (rising edge-triggered flip-flop clocked by core)
path_power_complete=true
path_average_power_sum internal=2.11993e-05 switching=4.98901e-06 dynamic=2.61883e-05 leakage=2.12127e-08 total=2.62095e-05
stage instance cell pins fanout capacitance slew delay arrival internal switching dynamic leakage total
1 _4790_ sg13g2_dfrbpq_1 CLK,Q 27 0.132726 0.395559 0.362468 0.362468 8.83861e-06 1.07434e-06 9.91296e-06 1.46103e-09 9.91442e-06
2 _3195_ sg13g2_inv_8 A,Y 1 0.018981 0.049163 0.038473 0.400941 4.40445e-07 1.63773e-07 6.04218e-07 8.3607e-10 6.05054e-07
3 _3196_ sg13g2_buf_16 A,X 20 0.082926 0.023604 0.06588 0.466821 8.82699e-07 7.17079e-07 1.59978e-06 3.05889e-09 1.60284e-06
4 _3197_ sg13g2_nor2_2 A,Y 2 0.012186 0.050932 0.052383 0.519204 3.20897e-08 4.39257e-08 7.60154e-08 5.56484e-10 7.65719e-08
5 _3198_ sg13g2_a21oi_2 B1,Y 2 0.005949 0.047492 0.024186 0.54339 3.91559e-08 3.64723e-08 7.56282e-08 6.94492e-10 7.63227e-08
6 _3203_ sg13g2_o21ai_1 A2,Y 3 0.00957 0.127564 0.093964 0.637354 1.73063e-08 3.44791e-08 5.17854e-08 4.93055e-10 5.22785e-08
7 _3375_ sg13g2_nor2b_1 B_N,Y 1 0.004631 0.055002 0.090485 0.727839 3.69831e-08 1.61056e-08 5.30887e-08 3.21386e-10 5.34101e-08
8 _3376_ sg13g2_o21ai_1 A2,Y 1 0.003365 0.035563 0.041126 0.768965 0 2.31729e-10 2.31729e-10 2.70375e-10 5.02104e-10
9 _3377_ sg13g2_nand2_1 B,Y 2 0.009887 0.043853 0.043296 0.812261 4.88377e-08 1.5693e-07 2.05768e-07 4.03309e-10 2.06171e-07
10 _3379_ sg13g2_xnor2_1 B,Y 3 0.014874 0.113508 0.100079 0.91234 1.84985e-07 3.09456e-07 4.94441e-07 5.19258e-10 4.9496e-07
11 _3401_ sg13g2_nand3_1 A,Y 1 0.003654 0.052698 0.061936 0.974275 5.4042e-08 4.36494e-08 9.76914e-08 3.92692e-10 9.80841e-08
12 _3402_ sg13g2_o21ai_1 B1,Y 2 0.007036 0.079464 0.043751 1.01803 6.79229e-08 1.29339e-07 1.97262e-07 4.83756e-10 1.97746e-07
13 _3417_ sg13g2_a21oi_1 A1,Y 2 0.006709 0.052056 0.062068 1.08009 8.39117e-08 1.40426e-07 2.24338e-07 3.47463e-10 2.24685e-07
14 _3428_ sg13g2_a21o_1 A1,X 1 0.003391 0.02077 0.075302 1.1554 1.95437e-07 6.95295e-08 2.64967e-07 4.65427e-10 2.65432e-07
15 _3429_ sg13g2_inv_1 A,Y 4 0.014675 0.049546 0.044362 1.19976 4.67995e-08 2.8119e-07 3.27989e-07 1.61279e-10 3.2815e-07
16 _3468_ sg13g2_nand3_1 A,Y 1 0.003637 0.04262 0.047954 1.24771 9.38303e-09 6.67015e-09 1.60532e-08 2.04161e-10 1.62573e-08
17 _3473_ sg13g2_nand2_1 A,Y 3 0.010426 0.047906 0.042965 1.29068 6.23775e-08 1.58595e-07 2.20973e-07 2.28791e-10 2.21201e-07
18 _3474_ sg13g2_inv_1 A,Y 2 0.00904 0.030282 0.035324 1.326 3.76135e-08 2.00485e-07 2.38098e-07 1.90382e-10 2.38289e-07
19 _3475_ sg13g2_nor4_2 D,Y 2 0.008438 0.100432 0.076141 1.40214 3.02479e-08 1.9744e-08 4.99918e-08 7.64087e-10 5.07559e-08
20 _3476_ sg13g2_nor2_1 B,Y 2 0.00641 0.035755 0.041952 1.44409 3.8171e-08 8.24346e-08 1.20606e-07 2.19743e-10 1.20825e-07
21 _3477_ sg13g2_nor3_1 C,Y 1 0.00436 0.072614 0.06325 1.50734 1.15313e-08 1.02003e-08 2.17316e-08 3.40514e-10 2.20721e-08
22 _3478_ sg13g2_nor3_1 C,Y 3 0.010292 0.044078 0.047526 1.55487 1.91759e-08 3.88053e-08 5.79812e-08 2.94267e-10 5.82754e-08
23 _3479_ sg13g2_nor3_1 C,Y 1 0.00436 0.075227 0.065467 1.62034 2.08959e-08 1.62654e-08 3.71613e-08 3.39906e-10 3.75012e-08
24 _3480_ sg13g2_nor3_1 C,Y 2 0.007287 0.037368 0.041177 1.66151 2.08174e-08 2.90312e-08 4.98486e-08 3.0884e-10 5.01574e-08
25 _3485_ sg13g2_a21oi_1 A1,Y 2 0.008709 0.073936 0.069004 1.73052 1.62551e-08 3.24951e-08 4.87502e-08 3.56756e-10 4.9107e-08
26 _3486_ sg13g2_nor2_1 B,Y 1 0.003398 0.025529 0.02944 1.75996 1.28289e-08 1.72769e-08 3.01058e-08 2.54524e-10 3.03603e-08
27 _3487_ sg13g2_o21ai_1 A2,Y 1 0.003247 0.052605 0.055263 1.81522 2.52013e-08 2.17209e-08 4.69222e-08 3.91271e-10 4.73135e-08
28 _3535_ sg13g2_nand3_1 A,Y 1 0.006021 0.055341 0.058916 1.87414 2.70321e-08 3.44302e-08 6.14623e-08 4.60992e-10 6.19233e-08
29 _3536_ sg13g2_xnor2_1 B,Y 3 0.016031 0.123006 0.10914 1.98328 5.88949e-08 1.06443e-07 1.65338e-07 6.02308e-10 1.65941e-07
30 _3537_ sg13g2_inv_2 A,Y 2 0.013322 0.035768 0.041225 2.0245 3.51293e-08 9.75009e-08 1.3263e-07 2.97349e-10 1.32928e-07
31 _3554_ sg13g2_nor2_2 B,Y 1 0.01007 0.04628 0.045975 2.07048 4.6693e-08 7.1956e-08 1.18649e-07 5.30314e-10 1.19179e-07
32 _3555_ sg13g2_buf_8 A,X 15 0.122356 0.053982 0.083237 2.15371 3.3809e-07 7.50541e-07 1.08863e-06 2.21517e-09 1.09085e-06
33 _3571_ sg13g2_a21oi_2 B1,Y 1 0.003398 0.032559 0.021799 2.17551 1.46786e-07 7.17432e-08 2.18529e-07 7.31268e-10 2.19261e-07
34 _3573_ sg13g2_o21ai_1 A2,Y 1 0.001767 0.060125 0.050049 2.22556 6.62563e-09 3.01691e-09 9.64254e-09 4.70264e-10 1.01128e-08
35 _4860_ sg13g2_dfrbpq_1 D - - 0.060125 0 2.22556 9.2663e-06 2.73046e-09 9.26903e-06 1.5468e-09 9.27058e-06
OpenSTA targeted timing report:
Startpoint: _4790_ (rising edge-triggered flip-flop clocked by core)
Endpoint: _4860_ (rising edge-triggered flip-flop clocked by core)
Path Group: core
Path Type: max

Fanout         Cap        Slew       Delay        Time   Description
---------------------------------------------------------------------------------------------
                      0.000000    0.000000    0.000000   clock core (rise edge)
                                  0.000000    0.000000   clock network delay (ideal)
                      0.000000    0.000000    0.000000 ^ _4790_/CLK (sg13g2_dfrbpq_1)
    27    0.132726    0.395559    0.362468    0.362468 ^ _4790_/Q (sg13g2_dfrbpq_1)
                                                         u_cordic_core.iter_q[1] (net)
                      0.395559    0.000000    0.362468 ^ _3195_/A (sg13g2_inv_8)
     1    0.018981    0.049163    0.038473    0.400941 v _3195_/Y (sg13g2_inv_8)
                                                         _2189_ (net)
                      0.049163    0.000000    0.400941 v _3196_/A (sg13g2_buf_16)
    20    0.082926    0.023604    0.065880    0.466821 v _3196_/X (sg13g2_buf_16)
                                                         _2190_ (net)
                      0.023604    0.000000    0.466821 v _3197_/A (sg13g2_nor2_2)
     2    0.012186    0.050932    0.052383    0.519204 ^ _3197_/Y (sg13g2_nor2_2)
                                                         _2191_ (net)
                      0.050932    0.000000    0.519204 ^ _3198_/B1 (sg13g2_a21oi_2)
     2    0.005949    0.047492    0.024186    0.543390 v _3198_/Y (sg13g2_a21oi_2)
                                                         _2192_ (net)
                      0.047492    0.000000    0.543390 v _3203_/A2 (sg13g2_o21ai_1)
     3    0.009570    0.127564    0.093964    0.637354 ^ _3203_/Y (sg13g2_o21ai_1)
                                                         _2197_ (net)
                      0.127564    0.000000    0.637354 ^ _3375_/B_N (sg13g2_nor2b_1)
     1    0.004631    0.055002    0.090485    0.727839 ^ _3375_/Y (sg13g2_nor2b_1)
                                                         _0380_ (net)
                      0.055002    0.000000    0.727839 ^ _3376_/A2 (sg13g2_o21ai_1)
     1    0.003365    0.035563    0.041126    0.768965 v _3376_/Y (sg13g2_o21ai_1)
                                                         _0381_ (net)
                      0.035563    0.000000    0.768965 v _3377_/B (sg13g2_nand2_1)
     2    0.009887    0.043853    0.043296    0.812261 ^ _3377_/Y (sg13g2_nand2_1)
                                                         _0382_ (net)
                      0.043853    0.000000    0.812261 ^ _3379_/B (sg13g2_xnor2_1)
     3    0.014874    0.113508    0.100079    0.912340 ^ _3379_/Y (sg13g2_xnor2_1)
                                                         _0384_ (net)
                      0.113508    0.000000    0.912340 ^ _3401_/A (sg13g2_nand3_1)
     1    0.003654    0.052698    0.061936    0.974275 v _3401_/Y (sg13g2_nand3_1)
                                                         _0406_ (net)
                      0.052698    0.000000    0.974275 v _3402_/B1 (sg13g2_o21ai_1)
     2    0.007036    0.079464    0.043751    1.018026 ^ _3402_/Y (sg13g2_o21ai_1)
                                                         _0407_ (net)
                      0.079464    0.000000    1.018026 ^ _3417_/A1 (sg13g2_a21oi_1)
     2    0.006709    0.052056    0.062068    1.080094 v _3417_/Y (sg13g2_a21oi_1)
                                                         _0422_ (net)
                      0.052056    0.000000    1.080094 v _3428_/A1 (sg13g2_a21o_1)
     1    0.003391    0.020770    0.075302    1.155396 v _3428_/X (sg13g2_a21o_1)
                                                         _0433_ (net)
                      0.020770    0.000000    1.155396 v _3429_/A (sg13g2_inv_1)
     4    0.014675    0.049546    0.044362    1.199758 ^ _3429_/Y (sg13g2_inv_1)
                                                         _0434_ (net)
                      0.049546    0.000000    1.199758 ^ _3468_/A (sg13g2_nand3_1)
     1    0.003637    0.042620    0.047954    1.247711 v _3468_/Y (sg13g2_nand3_1)
                                                         _0473_ (net)
                      0.042620    0.000000    1.247711 v _3473_/A (sg13g2_nand2_1)
     3    0.010426    0.047906    0.042965    1.290676 ^ _3473_/Y (sg13g2_nand2_1)
                                                         _0478_ (net)
                      0.047906    0.000000    1.290676 ^ _3474_/A (sg13g2_inv_1)
     2    0.009040    0.030282    0.035324    1.326000 v _3474_/Y (sg13g2_inv_1)
                                                         _0479_ (net)
                      0.030282    0.000000    1.326000 v _3475_/D (sg13g2_nor4_2)
     2    0.008438    0.100432    0.076141    1.402141 ^ _3475_/Y (sg13g2_nor4_2)
                                                         _0480_ (net)
                      0.100432    0.000000    1.402141 ^ _3476_/B (sg13g2_nor2_1)
     2    0.006410    0.035755    0.041952    1.444093 v _3476_/Y (sg13g2_nor2_1)
                                                         _0481_ (net)
                      0.035755    0.000000    1.444093 v _3477_/C (sg13g2_nor3_1)
     1    0.004360    0.072614    0.063250    1.507343 ^ _3477_/Y (sg13g2_nor3_1)
                                                         _0482_ (net)
                      0.072614    0.000000    1.507343 ^ _3478_/C (sg13g2_nor3_1)
     3    0.010292    0.044078    0.047526    1.554870 v _3478_/Y (sg13g2_nor3_1)
                                                         _0483_ (net)
                      0.044078    0.000000    1.554870 v _3479_/C (sg13g2_nor3_1)
     1    0.004360    0.075227    0.065467    1.620336 ^ _3479_/Y (sg13g2_nor3_1)
                                                         _0484_ (net)
                      0.075227    0.000000    1.620336 ^ _3480_/C (sg13g2_nor3_1)
     2    0.007287    0.037368    0.041177    1.661513 v _3480_/Y (sg13g2_nor3_1)
                                                         _0485_ (net)
                      0.037368    0.000000    1.661513 v _3485_/A1 (sg13g2_a21oi_1)
     2    0.008709    0.073936    0.069004    1.730517 ^ _3485_/Y (sg13g2_a21oi_1)
                                                         _0490_ (net)
                      0.073936    0.000000    1.730517 ^ _3486_/B (sg13g2_nor2_1)
     1    0.003398    0.025529    0.029440    1.759957 v _3486_/Y (sg13g2_nor2_1)
                                                         _0491_ (net)
                      0.025529    0.000000    1.759957 v _3487_/A2 (sg13g2_o21ai_1)
     1    0.003247    0.052605    0.055263    1.815220 ^ _3487_/Y (sg13g2_o21ai_1)
                                                         _0492_ (net)
                      0.052605    0.000000    1.815220 ^ _3535_/A (sg13g2_nand3_1)
     1    0.006021    0.055341    0.058916    1.874136 v _3535_/Y (sg13g2_nand3_1)
                                                         _0540_ (net)
                      0.055341    0.000000    1.874136 v _3536_/B (sg13g2_xnor2_1)
     3    0.016031    0.123006    0.109140    1.983276 ^ _3536_/Y (sg13g2_xnor2_1)
                                                         _0541_ (net)
                      0.123006    0.000000    1.983276 ^ _3537_/A (sg13g2_inv_2)
     2    0.013322    0.035768    0.041225    2.024501 v _3537_/Y (sg13g2_inv_2)
                                                         _0542_ (net)
                      0.035768    0.000000    2.024501 v _3554_/B (sg13g2_nor2_2)
     1    0.010070    0.046280    0.045975    2.070476 ^ _3554_/Y (sg13g2_nor2_2)
                                                         _0559_ (net)
                      0.046280    0.000000    2.070476 ^ _3555_/A (sg13g2_buf_8)
    15    0.122356    0.053982    0.083237    2.153713 ^ _3555_/X (sg13g2_buf_8)
                                                         _0560_ (net)
                      0.053982    0.000000    2.153713 ^ _3571_/B1 (sg13g2_a21oi_2)
     1    0.003398    0.032559    0.021799    2.175512 v _3571_/Y (sg13g2_a21oi_2)
                                                         _0574_ (net)
                      0.032559    0.000000    2.175512 v _3573_/A2 (sg13g2_o21ai_1)
     1    0.001767    0.060125    0.050049    2.225561 ^ _3573_/Y (sg13g2_o21ai_1)
                                                         _0018_ (net)
                      0.060125    0.000000    2.225561 ^ _4860_/D (sg13g2_dfrbpq_1)
                                              2.225561   data arrival time

                      0.000000   10.000000   10.000000   clock core (rise edge)
                                  0.000000   10.000000   clock network delay (ideal)
                                  0.000000   10.000000   clock reconvergence pessimism
                                             10.000000 ^ _4860_/CLK (sg13g2_dfrbpq_1)
                                 -0.078272    9.921728   library setup time
                                              9.921728   data required time
---------------------------------------------------------------------------------------------
                                              9.921728   data required time
                                             -2.225561   data arrival time
---------------------------------------------------------------------------------------------
                                              7.696167   slack (MET)

Hotspot 7: instance=_4813_ selected_worst_paths=none internal=9.78936e-06 switching=1.19056e-07 dynamic=9.90841e-06 leakage=1.54676e-09 total=9.90996e-06
Worst path through hotspot: status=met slack=7.92892 type=max group=asynchronous
startpoint=rst_ni (input port clocked by core)
endpoint=_4813_ (recovery check against rising-edge clock core)
path_power_complete=true
path_average_power_sum internal=9.78936e-06 switching=1.19056e-07 dynamic=9.90841e-06 leakage=1.54676e-09 total=9.90996e-06
stage instance cell pins fanout capacitance slew delay arrival internal switching dynamic leakage total
1 _4813_ sg13g2_dfrbpq_1 RESET_B - - 0 0 2 9.78936e-06 1.19056e-07 9.90841e-06 1.54676e-09 9.90996e-06
OpenSTA targeted timing report:
Startpoint: rst_ni (input port clocked by core)
Endpoint: _4813_ (recovery check against rising-edge clock core)
Path Group: asynchronous
Path Type: max

Fanout         Cap        Slew       Delay        Time   Description
---------------------------------------------------------------------------------------------
                      0.000000    0.000000    0.000000   clock core (rise edge)
                                  0.000000    0.000000   clock network delay (ideal)
                                  2.000000    2.000000 ^ input external delay
   306    1.891532    0.000000    0.000000    2.000000 ^ rst_ni (in)
                                                         rst_ni (net)
                      0.000000    0.000000    2.000000 ^ _4813_/RESET_B (sg13g2_dfrbpq_1)
                                              2.000000   data arrival time

                      0.000000   10.000000   10.000000   clock core (rise edge)
                                  0.000000   10.000000   clock network delay (ideal)
                                  0.000000   10.000000   clock reconvergence pessimism
                                             10.000000 ^ _4813_/CLK (sg13g2_dfrbpq_1)
                                 -0.071085    9.928916   library recovery time
                                              9.928916   data required time
---------------------------------------------------------------------------------------------
                                              9.928916   data required time
                                             -2.000000   data arrival time
---------------------------------------------------------------------------------------------
                                              7.928916   slack (MET)

Hotspot 8: instance=_4812_ selected_worst_paths=none internal=9.79451e-06 switching=9.51934e-08 dynamic=9.8897e-06 leakage=1.55158e-09 total=9.89125e-06
Worst path through hotspot: status=met slack=7.92892 type=max group=asynchronous
startpoint=rst_ni (input port clocked by core)
endpoint=_4812_ (recovery check against rising-edge clock core)
path_power_complete=true
path_average_power_sum internal=9.79451e-06 switching=9.51934e-08 dynamic=9.8897e-06 leakage=1.55158e-09 total=9.89125e-06
stage instance cell pins fanout capacitance slew delay arrival internal switching dynamic leakage total
1 _4812_ sg13g2_dfrbpq_1 RESET_B - - 0 0 2 9.79451e-06 9.51934e-08 9.8897e-06 1.55158e-09 9.89125e-06
OpenSTA targeted timing report:
Startpoint: rst_ni (input port clocked by core)
Endpoint: _4812_ (recovery check against rising-edge clock core)
Path Group: asynchronous
Path Type: max

Fanout         Cap        Slew       Delay        Time   Description
---------------------------------------------------------------------------------------------
                      0.000000    0.000000    0.000000   clock core (rise edge)
                                  0.000000    0.000000   clock network delay (ideal)
                                  2.000000    2.000000 ^ input external delay
   306    1.891532    0.000000    0.000000    2.000000 ^ rst_ni (in)
                                                         rst_ni (net)
                      0.000000    0.000000    2.000000 ^ _4812_/RESET_B (sg13g2_dfrbpq_1)
                                              2.000000   data arrival time

                      0.000000   10.000000   10.000000   clock core (rise edge)
                                  0.000000   10.000000   clock network delay (ideal)
                                  0.000000   10.000000   clock reconvergence pessimism
                                             10.000000 ^ _4812_/CLK (sg13g2_dfrbpq_1)
                                 -0.071085    9.928916   library recovery time
                                              9.928916   data required time
---------------------------------------------------------------------------------------------
                                              9.928916   data required time
                                             -2.000000   data arrival time
---------------------------------------------------------------------------------------------
                                              7.928916   slack (MET)

Hotspot 9: instance=_4722_ selected_worst_paths=none internal=9.83716e-06 switching=2.22805e-08 dynamic=9.85944e-06 leakage=1.5592e-09 total=9.861e-06
Worst path through hotspot: status=met slack=7.22066 type=max group=core
startpoint=tl_i[108] (input port clocked by core)
endpoint=_4722_ (rising edge-triggered flip-flop clocked by core)
path_power_complete=true
path_average_power_sum internal=1.04865e-05 switching=1.96866e-06 dynamic=1.24551e-05 leakage=4.37448e-09 total=1.24595e-05
stage instance cell pins fanout capacitance slew delay arrival internal switching dynamic leakage total
1 _2337_ sg13g2_nand2_1 B,Y 1 0.00255 0.023052 0.025573 2.02557 7.32486e-08 4.93402e-08 1.22589e-07 1.25954e-10 1.22715e-07
2 _2338_ sg13g2_buf_1 A,X 9 0.034013 0.079902 0.095762 2.12134 1.55475e-07 6.9004e-07 8.45516e-07 2.7337e-10 8.45789e-07
3 _2375_ sg13g2_inv_1 A,Y 5 0.019161 0.072513 0.076323 2.19766 4.96262e-08 3.55021e-07 4.04647e-07 2.31951e-10 4.04879e-07
4 _2377_ sg13g2_nand2_1 A,Y 1 0.003134 0.031132 0.037911 2.23557 5.64709e-08 7.55751e-08 1.32046e-07 2.49475e-10 1.32296e-07
5 _2378_ sg13g2_nor2_1 B,Y 6 0.021969 0.141576 0.116408 2.35198 3.71003e-08 2.23669e-07 2.60769e-07 3.01763e-10 2.61071e-07
6 _2388_ sg13g2_inv_1 A,Y 3 0.010374 0.049124 0.057574 2.40955 2.86661e-08 1.18455e-07 1.47121e-07 9.927e-11 1.4722e-07
7 _2389_ sg13g2_nor2_1 B,Y 1 0.004631 0.046603 0.047552 2.4571 2.98181e-08 4.71455e-08 7.69636e-08 2.96329e-10 7.726e-08
8 _2392_ sg13g2_o21ai_1 A2,Y 2 0.005907 0.042783 0.047817 2.50492 3.01669e-10 4.09123e-10 7.10792e-10 2.20374e-10 9.31166e-10
9 _2393_ sg13g2_nor2b_1 B_N,Y 1 0.00255 0.03141 0.051654 2.55657 3.32912e-08 2.71118e-08 6.0403e-08 3.6873e-10 6.07718e-08
10 _2394_ sg13g2_buf_1 A,X 9 0.030417 0.072244 0.092467 2.64904 8.55263e-08 3.31345e-07 4.16872e-07 2.72175e-10 4.17144e-07
11 _2621_ sg13g2_a22oi_1 B2,Y 1 0.001767 0.058074 0.052443 2.70148 9.9801e-08 2.82696e-08 1.28071e-07 3.75882e-10 1.28446e-07
12 _4722_ sg13g2_dfrbpq_1 D - - 0.058074 0 2.70148 9.83716e-06 2.22805e-08 9.85944e-06 1.5592e-09 9.861e-06
OpenSTA targeted timing report:
Startpoint: tl_i[108] (input port clocked by core)
Endpoint: _4722_ (rising edge-triggered flip-flop clocked by core)
Path Group: core
Path Type: max

Fanout         Cap        Slew       Delay        Time   Description
---------------------------------------------------------------------------------------------
                      0.000000    0.000000    0.000000   clock core (rise edge)
                                  0.000000    0.000000   clock network delay (ideal)
                                  2.000000    2.000000 ^ input external delay
     1    0.003664    0.000000    0.000000    2.000000 ^ tl_i[108] (in)
                                                         tl_i[108] (net)
                      0.000000    0.000000    2.000000 ^ _2337_/B (sg13g2_nand2_1)
     1    0.002550    0.023052    0.025573    2.025573 v _2337_/Y (sg13g2_nand2_1)
                                                         _1544_ (net)
                      0.023052    0.000000    2.025573 v _2338_/A (sg13g2_buf_1)
     9    0.034013    0.079902    0.095762    2.121335 v _2338_/X (sg13g2_buf_1)
                                                         _1545_ (net)
                      0.079902    0.000000    2.121335 v _2375_/A (sg13g2_inv_1)
     5    0.019161    0.072513    0.076323    2.197658 ^ _2375_/Y (sg13g2_inv_1)
                                                         _1574_ (net)
                      0.072513    0.000000    2.197658 ^ _2377_/A (sg13g2_nand2_1)
     1    0.003134    0.031132    0.037911    2.235569 v _2377_/Y (sg13g2_nand2_1)
                                                         _1576_ (net)
                      0.031132    0.000000    2.235569 v _2378_/B (sg13g2_nor2_1)
     6    0.021969    0.141576    0.116408    2.351977 ^ _2378_/Y (sg13g2_nor2_1)
                                                         _1577_ (net)
                      0.141576    0.000000    2.351977 ^ _2388_/A (sg13g2_inv_1)
     3    0.010374    0.049124    0.057574    2.409551 v _2388_/Y (sg13g2_inv_1)
                                                         _1587_ (net)
                      0.049124    0.000000    2.409551 v _2389_/B (sg13g2_nor2_1)
     1    0.004631    0.046603    0.047552    2.457103 ^ _2389_/Y (sg13g2_nor2_1)
                                                         _1588_ (net)
                      0.046603    0.000000    2.457103 ^ _2392_/A2 (sg13g2_o21ai_1)
     2    0.005907    0.042783    0.047817    2.504920 v _2392_/Y (sg13g2_o21ai_1)
                                                         _1591_ (net)
                      0.042783    0.000000    2.504920 v _2393_/B_N (sg13g2_nor2b_1)
     1    0.002550    0.031410    0.051654    2.556574 v _2393_/Y (sg13g2_nor2b_1)
                                                         _1592_ (net)
                      0.031410    0.000000    2.556574 v _2394_/A (sg13g2_buf_1)
     9    0.030417    0.072244    0.092467    2.649041 v _2394_/X (sg13g2_buf_1)
                                                         _1593_ (net)
                      0.072244    0.000000    2.649041 v _2621_/B2 (sg13g2_a22oi_1)
     1    0.001767    0.058074    0.052443    2.701484 ^ _2621_/Y (sg13g2_a22oi_1)
                                                         _0143_ (net)
                      0.058074    0.000000    2.701484 ^ _4722_/D (sg13g2_dfrbpq_1)
                                              2.701484   data arrival time

                      0.000000   10.000000   10.000000   clock core (rise edge)
                                  0.000000   10.000000   clock network delay (ideal)
                                  0.000000   10.000000   clock reconvergence pessimism
                                             10.000000 ^ _4722_/CLK (sg13g2_dfrbpq_1)
                                 -0.077854    9.922147   library setup time
                                              9.922147   data required time
---------------------------------------------------------------------------------------------
                                              9.922147   data required time
                                             -2.701484   data arrival time
---------------------------------------------------------------------------------------------
                                              7.220663   slack (MET)

Hotspot 10: instance=_4806_ selected_worst_paths=none internal=9.7119e-06 switching=1.43728e-07 dynamic=9.85563e-06 leakage=1.54012e-09 total=9.85717e-06
Worst path through hotspot: status=met slack=7.92892 type=max group=asynchronous
startpoint=rst_ni (input port clocked by core)
endpoint=_4806_ (recovery check against rising-edge clock core)
path_power_complete=true
path_average_power_sum internal=9.7119e-06 switching=1.43728e-07 dynamic=9.85563e-06 leakage=1.54012e-09 total=9.85717e-06
stage instance cell pins fanout capacitance slew delay arrival internal switching dynamic leakage total
1 _4806_ sg13g2_dfrbpq_1 RESET_B - - 0 0 2 9.7119e-06 1.43728e-07 9.85563e-06 1.54012e-09 9.85717e-06
OpenSTA targeted timing report:
Startpoint: rst_ni (input port clocked by core)
Endpoint: _4806_ (recovery check against rising-edge clock core)
Path Group: asynchronous
Path Type: max

Fanout         Cap        Slew       Delay        Time   Description
---------------------------------------------------------------------------------------------
                      0.000000    0.000000    0.000000   clock core (rise edge)
                                  0.000000    0.000000   clock network delay (ideal)
                                  2.000000    2.000000 ^ input external delay
   306    1.891532    0.000000    0.000000    2.000000 ^ rst_ni (in)
                                                         rst_ni (net)
                      0.000000    0.000000    2.000000 ^ _4806_/RESET_B (sg13g2_dfrbpq_1)
                                              2.000000   data arrival time

                      0.000000   10.000000   10.000000   clock core (rise edge)
                                  0.000000   10.000000   clock network delay (ideal)
                                  0.000000   10.000000   clock reconvergence pessimism
                                             10.000000 ^ _4806_/CLK (sg13g2_dfrbpq_1)
                                 -0.071085    9.928916   library recovery time
                                              9.928916   data required time
---------------------------------------------------------------------------------------------
                                              9.928916   data required time
                                             -2.000000   data arrival time
---------------------------------------------------------------------------------------------
                                              7.928916   slack (MET)

Hotspot 11: instance=_4726_ selected_worst_paths=none internal=9.82428e-06 switching=2.22805e-08 dynamic=9.84656e-06 leakage=1.55929e-09 total=9.84812e-06
Worst path through hotspot: status=met slack=7.22066 type=max group=core
startpoint=tl_i[108] (input port clocked by core)
endpoint=_4726_ (rising edge-triggered flip-flop clocked by core)
path_power_complete=true
path_average_power_sum internal=1.04631e-05 switching=1.96553e-06 dynamic=1.24287e-05 leakage=4.37336e-09 total=1.2433e-05
stage instance cell pins fanout capacitance slew delay arrival internal switching dynamic leakage total
1 _2337_ sg13g2_nand2_1 B,Y 1 0.00255 0.023052 0.025573 2.02557 7.32486e-08 4.93402e-08 1.22589e-07 1.25954e-10 1.22715e-07
2 _2338_ sg13g2_buf_1 A,X 9 0.034013 0.079902 0.095762 2.12134 1.55475e-07 6.9004e-07 8.45516e-07 2.7337e-10 8.45789e-07
3 _2375_ sg13g2_inv_1 A,Y 5 0.019161 0.072513 0.076323 2.19766 4.96262e-08 3.55021e-07 4.04647e-07 2.31951e-10 4.04879e-07
4 _2377_ sg13g2_nand2_1 A,Y 1 0.003134 0.031132 0.037911 2.23557 5.64709e-08 7.55751e-08 1.32046e-07 2.49475e-10 1.32296e-07
5 _2378_ sg13g2_nor2_1 B,Y 6 0.021969 0.141576 0.116408 2.35198 3.71003e-08 2.23669e-07 2.60769e-07 3.01763e-10 2.61071e-07
6 _2388_ sg13g2_inv_1 A,Y 3 0.010374 0.049124 0.057574 2.40955 2.86661e-08 1.18455e-07 1.47121e-07 9.927e-11 1.4722e-07
7 _2389_ sg13g2_nor2_1 B,Y 1 0.004631 0.046603 0.047552 2.4571 2.98181e-08 4.71455e-08 7.69636e-08 2.96329e-10 7.726e-08
8 _2392_ sg13g2_o21ai_1 A2,Y 2 0.005907 0.042783 0.047817 2.50492 3.01669e-10 4.09123e-10 7.10792e-10 2.20374e-10 9.31166e-10
9 _2393_ sg13g2_nor2b_1 B_N,Y 1 0.00255 0.03141 0.051654 2.55657 3.32912e-08 2.71118e-08 6.0403e-08 3.6873e-10 6.07718e-08
10 _2394_ sg13g2_buf_1 A,X 9 0.030417 0.072244 0.092467 2.64904 8.55263e-08 3.31345e-07 4.16872e-07 2.72175e-10 4.17144e-07
11 _2591_ sg13g2_a22oi_1 B2,Y 1 0.001767 0.058074 0.052443 2.70148 8.93158e-08 2.51409e-08 1.14457e-07 3.74681e-10 1.14831e-07
12 _4726_ sg13g2_dfrbpq_1 D - - 0.058074 0 2.70148 9.82428e-06 2.22805e-08 9.84656e-06 1.55929e-09 9.84812e-06
OpenSTA targeted timing report:
Startpoint: tl_i[108] (input port clocked by core)
Endpoint: _4726_ (rising edge-triggered flip-flop clocked by core)
Path Group: core
Path Type: max

Fanout         Cap        Slew       Delay        Time   Description
---------------------------------------------------------------------------------------------
                      0.000000    0.000000    0.000000   clock core (rise edge)
                                  0.000000    0.000000   clock network delay (ideal)
                                  2.000000    2.000000 ^ input external delay
     1    0.003664    0.000000    0.000000    2.000000 ^ tl_i[108] (in)
                                                         tl_i[108] (net)
                      0.000000    0.000000    2.000000 ^ _2337_/B (sg13g2_nand2_1)
     1    0.002550    0.023052    0.025573    2.025573 v _2337_/Y (sg13g2_nand2_1)
                                                         _1544_ (net)
                      0.023052    0.000000    2.025573 v _2338_/A (sg13g2_buf_1)
     9    0.034013    0.079902    0.095762    2.121335 v _2338_/X (sg13g2_buf_1)
                                                         _1545_ (net)
                      0.079902    0.000000    2.121335 v _2375_/A (sg13g2_inv_1)
     5    0.019161    0.072513    0.076323    2.197658 ^ _2375_/Y (sg13g2_inv_1)
                                                         _1574_ (net)
                      0.072513    0.000000    2.197658 ^ _2377_/A (sg13g2_nand2_1)
     1    0.003134    0.031132    0.037911    2.235569 v _2377_/Y (sg13g2_nand2_1)
                                                         _1576_ (net)
                      0.031132    0.000000    2.235569 v _2378_/B (sg13g2_nor2_1)
     6    0.021969    0.141576    0.116408    2.351977 ^ _2378_/Y (sg13g2_nor2_1)
                                                         _1577_ (net)
                      0.141576    0.000000    2.351977 ^ _2388_/A (sg13g2_inv_1)
     3    0.010374    0.049124    0.057574    2.409551 v _2388_/Y (sg13g2_inv_1)
                                                         _1587_ (net)
                      0.049124    0.000000    2.409551 v _2389_/B (sg13g2_nor2_1)
     1    0.004631    0.046603    0.047552    2.457103 ^ _2389_/Y (sg13g2_nor2_1)
                                                         _1588_ (net)
                      0.046603    0.000000    2.457103 ^ _2392_/A2 (sg13g2_o21ai_1)
     2    0.005907    0.042783    0.047817    2.504920 v _2392_/Y (sg13g2_o21ai_1)
                                                         _1591_ (net)
                      0.042783    0.000000    2.504920 v _2393_/B_N (sg13g2_nor2b_1)
     1    0.002550    0.031410    0.051654    2.556574 v _2393_/Y (sg13g2_nor2b_1)
                                                         _1592_ (net)
                      0.031410    0.000000    2.556574 v _2394_/A (sg13g2_buf_1)
     9    0.030417    0.072244    0.092467    2.649041 v _2394_/X (sg13g2_buf_1)
                                                         _1593_ (net)
                      0.072244    0.000000    2.649041 v _2591_/B2 (sg13g2_a22oi_1)
     1    0.001767    0.058074    0.052443    2.701484 ^ _2591_/Y (sg13g2_a22oi_1)
                                                         _0139_ (net)
                      0.058074    0.000000    2.701484 ^ _4726_/D (sg13g2_dfrbpq_1)
                                              2.701484   data arrival time

                      0.000000   10.000000   10.000000   clock core (rise edge)
                                  0.000000   10.000000   clock network delay (ideal)
                                  0.000000   10.000000   clock reconvergence pessimism
                                             10.000000 ^ _4726_/CLK (sg13g2_dfrbpq_1)
                                 -0.077854    9.922147   library setup time
                                              9.922147   data required time
---------------------------------------------------------------------------------------------
                                              9.922147   data required time
                                             -2.701484   data arrival time
---------------------------------------------------------------------------------------------
                                              7.220663   slack (MET)

Hotspot 12: instance=_4723_ selected_worst_paths=none internal=9.82558e-06 switching=2.06891e-08 dynamic=9.84627e-06 leakage=1.55898e-09 total=9.84783e-06
Worst path through hotspot: status=met slack=7.33739 type=max group=core
startpoint=tl_i[64] (input port clocked by core)
endpoint=_4723_ (rising edge-triggered flip-flop clocked by core)
path_power_complete=true
path_average_power_sum internal=1.00868e-05 switching=4.98607e-07 dynamic=1.05854e-05 leakage=3.73709e-09 total=1.05891e-05
stage instance cell pins fanout capacitance slew delay arrival internal switching dynamic leakage total
1 _2359_ sg13g2_nor2_1 A,Y 3 0.010158 0.070821 0.063053 2.06305 3.70449e-08 9.17956e-08 1.2884e-07 1.90457e-10 1.29031e-07
2 _2360_ sg13g2_nand3_1 A,Y 1 0.00255 0.040543 0.048179 2.11123 1.18024e-08 5.55708e-09 1.73595e-08 1.42084e-10 1.75016e-08
3 _2361_ sg13g2_buf_1 A,X 15 0.049383 0.113219 0.125723 2.23696 1.74835e-08 1.35951e-07 1.53434e-07 2.71449e-10 1.53706e-07
4 _2423_ sg13g2_inv_1 A,Y 1 0.002663 0.030992 0.033483 2.27044 7.74863e-09 5.55708e-09 1.33057e-08 2.39173e-10 1.35449e-08
5 _2424_ sg13g2_buf_1 A,X 19 0.068718 0.209322 0.17587 2.44631 1.74477e-08 1.43404e-07 1.60852e-07 3.09428e-10 1.61161e-07
6 _2613_ sg13g2_a221oi_1 A2,Y 1 0.003357 0.07444 0.085419 2.53173 7.73004e-08 6.5596e-08 1.42896e-07 5.69931e-10 1.43466e-07
7 _2614_ sg13g2_a22oi_1 B2,Y 1 0.001767 0.058074 0.053026 2.58475 9.2351e-08 3.00573e-08 1.22408e-07 4.55591e-10 1.22864e-07
8 _4723_ sg13g2_dfrbpq_1 D - - 0.058074 0 2.58475 9.82558e-06 2.06891e-08 9.84627e-06 1.55898e-09 9.84783e-06
OpenSTA targeted timing report:
Startpoint: tl_i[64] (input port clocked by core)
Endpoint: _4723_ (rising edge-triggered flip-flop clocked by core)
Path Group: core
Path Type: max

Fanout         Cap        Slew       Delay        Time   Description
---------------------------------------------------------------------------------------------
                      0.000000    0.000000    0.000000   clock core (rise edge)
                                  0.000000    0.000000   clock network delay (ideal)
                                  2.000000    2.000000 v input external delay
     2    0.006953    0.000000    0.000000    2.000000 v tl_i[64] (in)
                                                         tl_i[64] (net)
                      0.000000    0.000000    2.000000 v _2359_/A (sg13g2_nor2_1)
     3    0.010158    0.070821    0.063053    2.063053 ^ _2359_/Y (sg13g2_nor2_1)
                                                         _1558_ (net)
                      0.070821    0.000000    2.063053 ^ _2360_/A (sg13g2_nand3_1)
     1    0.002550    0.040543    0.048179    2.111231 v _2360_/Y (sg13g2_nand3_1)
                                                         _1559_ (net)
                      0.040543    0.000000    2.111231 v _2361_/A (sg13g2_buf_1)
    15    0.049383    0.113219    0.125723    2.236955 v _2361_/X (sg13g2_buf_1)
                                                         _1560_ (net)
                      0.113219    0.000000    2.236955 v _2423_/A (sg13g2_inv_1)
     1    0.002663    0.030992    0.033483    2.270438 ^ _2423_/Y (sg13g2_inv_1)
                                                         _1620_ (net)
                      0.030992    0.000000    2.270438 ^ _2424_/A (sg13g2_buf_1)
    19    0.068718    0.209322    0.175870    2.446308 ^ _2424_/X (sg13g2_buf_1)
                                                         _1621_ (net)
                      0.209322    0.000000    2.446308 ^ _2613_/A2 (sg13g2_a221oi_1)
     1    0.003357    0.074440    0.085419    2.531726 v _2613_/Y (sg13g2_a221oi_1)
                                                         _1786_ (net)
                      0.074440    0.000000    2.531726 v _2614_/B2 (sg13g2_a22oi_1)
     1    0.001767    0.058074    0.053026    2.584752 ^ _2614_/Y (sg13g2_a22oi_1)
                                                         _0142_ (net)
                      0.058074    0.000000    2.584752 ^ _4723_/D (sg13g2_dfrbpq_1)
                                              2.584752   data arrival time

                      0.000000   10.000000   10.000000   clock core (rise edge)
                                  0.000000   10.000000   clock network delay (ideal)
                                  0.000000   10.000000   clock reconvergence pessimism
                                             10.000000 ^ _4723_/CLK (sg13g2_dfrbpq_1)
                                 -0.077854    9.922147   library setup time
                                              9.922147   data required time
---------------------------------------------------------------------------------------------
                                              9.922147   data required time
                                             -2.584752   data arrival time
---------------------------------------------------------------------------------------------
                                              7.337395   slack (MET)

Hotspot 13: instance=_4725_ selected_worst_paths=none internal=9.82312e-06 switching=2.22805e-08 dynamic=9.8454e-06 leakage=1.55894e-09 total=9.84696e-06
Worst path through hotspot: status=met slack=7.22066 type=max group=core
startpoint=tl_i[108] (input port clocked by core)
endpoint=_4725_ (rising edge-triggered flip-flop clocked by core)
path_power_complete=true
path_average_power_sum internal=1.04727e-05 switching=1.96866e-06 dynamic=1.24413e-05 leakage=4.37652e-09 total=1.24457e-05
stage instance cell pins fanout capacitance slew delay arrival internal switching dynamic leakage total
1 _2337_ sg13g2_nand2_1 B,Y 1 0.00255 0.023052 0.025573 2.02557 7.32486e-08 4.93402e-08 1.22589e-07 1.25954e-10 1.22715e-07
2 _2338_ sg13g2_buf_1 A,X 9 0.034013 0.079902 0.095762 2.12134 1.55475e-07 6.9004e-07 8.45516e-07 2.7337e-10 8.45789e-07
3 _2375_ sg13g2_inv_1 A,Y 5 0.019161 0.072513 0.076323 2.19766 4.96262e-08 3.55021e-07 4.04647e-07 2.31951e-10 4.04879e-07
4 _2377_ sg13g2_nand2_1 A,Y 1 0.003134 0.031132 0.037911 2.23557 5.64709e-08 7.55751e-08 1.32046e-07 2.49475e-10 1.32296e-07
5 _2378_ sg13g2_nor2_1 B,Y 6 0.021969 0.141576 0.116408 2.35198 3.71003e-08 2.23669e-07 2.60769e-07 3.01763e-10 2.61071e-07
6 _2388_ sg13g2_inv_1 A,Y 3 0.010374 0.049124 0.057574 2.40955 2.86661e-08 1.18455e-07 1.47121e-07 9.927e-11 1.4722e-07
7 _2389_ sg13g2_nor2_1 B,Y 1 0.004631 0.046603 0.047552 2.4571 2.98181e-08 4.71455e-08 7.69636e-08 2.96329e-10 7.726e-08
8 _2392_ sg13g2_o21ai_1 A2,Y 2 0.005907 0.042783 0.047817 2.50492 3.01669e-10 4.09123e-10 7.10792e-10 2.20374e-10 9.31166e-10
9 _2393_ sg13g2_nor2b_1 B_N,Y 1 0.00255 0.03141 0.051654 2.55657 3.32912e-08 2.71118e-08 6.0403e-08 3.6873e-10 6.07718e-08
10 _2394_ sg13g2_buf_1 A,X 9 0.030417 0.072244 0.092467 2.64904 8.55263e-08 3.31345e-07 4.16872e-07 2.72175e-10 4.17144e-07
11 _2599_ sg13g2_a22oi_1 B2,Y 1 0.001767 0.058074 0.052443 2.70148 1.00008e-07 2.82696e-08 1.28278e-07 3.78185e-10 1.28656e-07
12 _4725_ sg13g2_dfrbpq_1 D - - 0.058074 0 2.70148 9.82312e-06 2.22805e-08 9.8454e-06 1.55894e-09 9.84696e-06
OpenSTA targeted timing report:
Startpoint: tl_i[108] (input port clocked by core)
Endpoint: _4725_ (rising edge-triggered flip-flop clocked by core)
Path Group: core
Path Type: max

Fanout         Cap        Slew       Delay        Time   Description
---------------------------------------------------------------------------------------------
                      0.000000    0.000000    0.000000   clock core (rise edge)
                                  0.000000    0.000000   clock network delay (ideal)
                                  2.000000    2.000000 ^ input external delay
     1    0.003664    0.000000    0.000000    2.000000 ^ tl_i[108] (in)
                                                         tl_i[108] (net)
                      0.000000    0.000000    2.000000 ^ _2337_/B (sg13g2_nand2_1)
     1    0.002550    0.023052    0.025573    2.025573 v _2337_/Y (sg13g2_nand2_1)
                                                         _1544_ (net)
                      0.023052    0.000000    2.025573 v _2338_/A (sg13g2_buf_1)
     9    0.034013    0.079902    0.095762    2.121335 v _2338_/X (sg13g2_buf_1)
                                                         _1545_ (net)
                      0.079902    0.000000    2.121335 v _2375_/A (sg13g2_inv_1)
     5    0.019161    0.072513    0.076323    2.197658 ^ _2375_/Y (sg13g2_inv_1)
                                                         _1574_ (net)
                      0.072513    0.000000    2.197658 ^ _2377_/A (sg13g2_nand2_1)
     1    0.003134    0.031132    0.037911    2.235569 v _2377_/Y (sg13g2_nand2_1)
                                                         _1576_ (net)
                      0.031132    0.000000    2.235569 v _2378_/B (sg13g2_nor2_1)
     6    0.021969    0.141576    0.116408    2.351977 ^ _2378_/Y (sg13g2_nor2_1)
                                                         _1577_ (net)
                      0.141576    0.000000    2.351977 ^ _2388_/A (sg13g2_inv_1)
     3    0.010374    0.049124    0.057574    2.409551 v _2388_/Y (sg13g2_inv_1)
                                                         _1587_ (net)
                      0.049124    0.000000    2.409551 v _2389_/B (sg13g2_nor2_1)
     1    0.004631    0.046603    0.047552    2.457103 ^ _2389_/Y (sg13g2_nor2_1)
                                                         _1588_ (net)
                      0.046603    0.000000    2.457103 ^ _2392_/A2 (sg13g2_o21ai_1)
     2    0.005907    0.042783    0.047817    2.504920 v _2392_/Y (sg13g2_o21ai_1)
                                                         _1591_ (net)
                      0.042783    0.000000    2.504920 v _2393_/B_N (sg13g2_nor2b_1)
     1    0.002550    0.031410    0.051654    2.556574 v _2393_/Y (sg13g2_nor2b_1)
                                                         _1592_ (net)
                      0.031410    0.000000    2.556574 v _2394_/A (sg13g2_buf_1)
     9    0.030417    0.072244    0.092467    2.649041 v _2394_/X (sg13g2_buf_1)
                                                         _1593_ (net)
                      0.072244    0.000000    2.649041 v _2599_/B2 (sg13g2_a22oi_1)
     1    0.001767    0.058074    0.052443    2.701484 ^ _2599_/Y (sg13g2_a22oi_1)
                                                         _0140_ (net)
                      0.058074    0.000000    2.701484 ^ _4725_/D (sg13g2_dfrbpq_1)
                                              2.701484   data arrival time

                      0.000000   10.000000   10.000000   clock core (rise edge)
                                  0.000000   10.000000   clock network delay (ideal)
                                  0.000000   10.000000   clock reconvergence pessimism
                                             10.000000 ^ _4725_/CLK (sg13g2_dfrbpq_1)
                                 -0.077854    9.922147   library setup time
                                              9.922147   data required time
---------------------------------------------------------------------------------------------
                                              9.922147   data required time
                                             -2.701484   data arrival time
---------------------------------------------------------------------------------------------
                                              7.220663   slack (MET)

Hotspot 14: instance=_4724_ selected_worst_paths=none internal=9.82063e-06 switching=2.22805e-08 dynamic=9.84291e-06 leakage=1.55894e-09 total=9.84447e-06
Worst path through hotspot: status=met slack=7.22066 type=max group=core
startpoint=tl_i[108] (input port clocked by core)
endpoint=_4724_ (rising edge-triggered flip-flop clocked by core)
path_power_complete=true
path_average_power_sum internal=1.04687e-05 switching=1.96822e-06 dynamic=1.24369e-05 leakage=4.37693e-09 total=1.24413e-05
stage instance cell pins fanout capacitance slew delay arrival internal switching dynamic leakage total
1 _2337_ sg13g2_nand2_1 B,Y 1 0.00255 0.023052 0.025573 2.02557 7.32486e-08 4.93402e-08 1.22589e-07 1.25954e-10 1.22715e-07
2 _2338_ sg13g2_buf_1 A,X 9 0.034013 0.079902 0.095762 2.12134 1.55475e-07 6.9004e-07 8.45516e-07 2.7337e-10 8.45789e-07
3 _2375_ sg13g2_inv_1 A,Y 5 0.019161 0.072513 0.076323 2.19766 4.96262e-08 3.55021e-07 4.04647e-07 2.31951e-10 4.04879e-07
4 _2377_ sg13g2_nand2_1 A,Y 1 0.003134 0.031132 0.037911 2.23557 5.64709e-08 7.55751e-08 1.32046e-07 2.49475e-10 1.32296e-07
5 _2378_ sg13g2_nor2_1 B,Y 6 0.021969 0.141576 0.116408 2.35198 3.71003e-08 2.23669e-07 2.60769e-07 3.01763e-10 2.61071e-07
6 _2388_ sg13g2_inv_1 A,Y 3 0.010374 0.049124 0.057574 2.40955 2.86661e-08 1.18455e-07 1.47121e-07 9.927e-11 1.4722e-07
7 _2389_ sg13g2_nor2_1 B,Y 1 0.004631 0.046603 0.047552 2.4571 2.98181e-08 4.71455e-08 7.69636e-08 2.96329e-10 7.726e-08
8 _2392_ sg13g2_o21ai_1 A2,Y 2 0.005907 0.042783 0.047817 2.50492 3.01669e-10 4.09123e-10 7.10792e-10 2.20374e-10 9.31166e-10
9 _2393_ sg13g2_nor2b_1 B_N,Y 1 0.00255 0.03141 0.051654 2.55657 3.32912e-08 2.71118e-08 6.0403e-08 3.6873e-10 6.07718e-08
10 _2394_ sg13g2_buf_1 A,X 9 0.030417 0.072244 0.092467 2.64904 8.55263e-08 3.31345e-07 4.16872e-07 2.72175e-10 4.17144e-07
11 _2606_ sg13g2_a22oi_1 B2,Y 1 0.001767 0.058074 0.052443 2.70148 9.8535e-08 2.78226e-08 1.26358e-07 3.78593e-10 1.26736e-07
12 _4724_ sg13g2_dfrbpq_1 D - - 0.058074 0 2.70148 9.82063e-06 2.22805e-08 9.84291e-06 1.55894e-09 9.84447e-06
OpenSTA targeted timing report:
Startpoint: tl_i[108] (input port clocked by core)
Endpoint: _4724_ (rising edge-triggered flip-flop clocked by core)
Path Group: core
Path Type: max

Fanout         Cap        Slew       Delay        Time   Description
---------------------------------------------------------------------------------------------
                      0.000000    0.000000    0.000000   clock core (rise edge)
                                  0.000000    0.000000   clock network delay (ideal)
                                  2.000000    2.000000 ^ input external delay
     1    0.003664    0.000000    0.000000    2.000000 ^ tl_i[108] (in)
                                                         tl_i[108] (net)
                      0.000000    0.000000    2.000000 ^ _2337_/B (sg13g2_nand2_1)
     1    0.002550    0.023052    0.025573    2.025573 v _2337_/Y (sg13g2_nand2_1)
                                                         _1544_ (net)
                      0.023052    0.000000    2.025573 v _2338_/A (sg13g2_buf_1)
     9    0.034013    0.079902    0.095762    2.121335 v _2338_/X (sg13g2_buf_1)
                                                         _1545_ (net)
                      0.079902    0.000000    2.121335 v _2375_/A (sg13g2_inv_1)
     5    0.019161    0.072513    0.076323    2.197658 ^ _2375_/Y (sg13g2_inv_1)
                                                         _1574_ (net)
                      0.072513    0.000000    2.197658 ^ _2377_/A (sg13g2_nand2_1)
     1    0.003134    0.031132    0.037911    2.235569 v _2377_/Y (sg13g2_nand2_1)
                                                         _1576_ (net)
                      0.031132    0.000000    2.235569 v _2378_/B (sg13g2_nor2_1)
     6    0.021969    0.141576    0.116408    2.351977 ^ _2378_/Y (sg13g2_nor2_1)
                                                         _1577_ (net)
                      0.141576    0.000000    2.351977 ^ _2388_/A (sg13g2_inv_1)
     3    0.010374    0.049124    0.057574    2.409551 v _2388_/Y (sg13g2_inv_1)
                                                         _1587_ (net)
                      0.049124    0.000000    2.409551 v _2389_/B (sg13g2_nor2_1)
     1    0.004631    0.046603    0.047552    2.457103 ^ _2389_/Y (sg13g2_nor2_1)
                                                         _1588_ (net)
                      0.046603    0.000000    2.457103 ^ _2392_/A2 (sg13g2_o21ai_1)
     2    0.005907    0.042783    0.047817    2.504920 v _2392_/Y (sg13g2_o21ai_1)
                                                         _1591_ (net)
                      0.042783    0.000000    2.504920 v _2393_/B_N (sg13g2_nor2b_1)
     1    0.002550    0.031410    0.051654    2.556574 v _2393_/Y (sg13g2_nor2b_1)
                                                         _1592_ (net)
                      0.031410    0.000000    2.556574 v _2394_/A (sg13g2_buf_1)
     9    0.030417    0.072244    0.092467    2.649041 v _2394_/X (sg13g2_buf_1)
                                                         _1593_ (net)
                      0.072244    0.000000    2.649041 v _2606_/B2 (sg13g2_a22oi_1)
     1    0.001767    0.058074    0.052443    2.701484 ^ _2606_/Y (sg13g2_a22oi_1)
                                                         _0141_ (net)
                      0.058074    0.000000    2.701484 ^ _4724_/D (sg13g2_dfrbpq_1)
                                              2.701484   data arrival time

                      0.000000   10.000000   10.000000   clock core (rise edge)
                                  0.000000   10.000000   clock network delay (ideal)
                                  0.000000   10.000000   clock reconvergence pessimism
                                             10.000000 ^ _4724_/CLK (sg13g2_dfrbpq_1)
                                 -0.077854    9.922147   library setup time
                                              9.922147   data required time
---------------------------------------------------------------------------------------------
                                              9.922147   data required time
                                             -2.701484   data arrival time
---------------------------------------------------------------------------------------------
                                              7.220663   slack (MET)

Hotspot 15: instance=_4729_ selected_worst_paths=none internal=9.81909e-06 switching=1.90976e-08 dynamic=9.83819e-06 leakage=1.55896e-09 total=9.83975e-06
Worst path through hotspot: status=met slack=7.27187 type=max group=core
startpoint=tl_i[64] (input port clocked by core)
endpoint=_4729_ (rising edge-triggered flip-flop clocked by core)
path_power_complete=true
path_average_power_sum internal=1.02067e-05 switching=5.61324e-07 dynamic=1.0768e-05 leakage=4.20178e-09 total=1.07722e-05
stage instance cell pins fanout capacitance slew delay arrival internal switching dynamic leakage total
1 _2350_ sg13g2_inv_1 A,Y 2 0.006499 0.016708 0.020254 2.02025 1.73277e-08 6.31667e-08 8.04943e-08 1.04542e-10 8.05989e-08
2 _2351_ sg13g2_nor2_1 B,Y 3 0.010397 0.074249 0.063539 2.08379 2.41812e-08 8.70069e-08 1.11188e-07 2.92336e-10 1.1148e-07
3 _2353_ sg13g2_nand2_1 A,Y 1 0.00255 0.029329 0.036201 2.11999 6.35933e-09 5.55708e-09 1.19164e-08 2.37275e-10 1.21537e-08
4 _2354_ sg13g2_buf_1 A,X 10 0.032919 0.077607 0.09588 2.21587 1.75147e-08 8.99369e-08 1.07452e-07 2.71448e-10 1.07723e-07
5 _2355_ sg13g2_inv_1 A,Y 3 0.010127 0.046629 0.049792 2.26567 6.00963e-09 2.11333e-08 2.71429e-08 2.39175e-10 2.73821e-08
6 _2356_ sg13g2_buf_1 A,X 22 0.08039 0.243839 0.203219 2.46889 1.74887e-08 1.67762e-07 1.85251e-07 3.09428e-10 1.8556e-07
7 _2566_ sg13g2_a22oi_1 A2,Y 1 0.002733 0.059249 0.075187 2.54407 1.62916e-08 7.71815e-09 2.40097e-08 2.89905e-10 2.42996e-08
8 _2567_ sg13g2_and3_1 C,X 1 0.003357 0.018198 0.068108 2.61218 1.90905e-07 6.94404e-08 2.60346e-07 4.44848e-10 2.60791e-07
9 _2568_ sg13g2_a22oi_1 B2,Y 1 0.001767 0.058074 0.038099 2.65028 9.14949e-08 3.05043e-08 1.21999e-07 4.53861e-10 1.22453e-07
10 _4729_ sg13g2_dfrbpq_1 D - - 0.058074 0 2.65028 9.81909e-06 1.90976e-08 9.83819e-06 1.55896e-09 9.83975e-06
OpenSTA targeted timing report:
Startpoint: tl_i[64] (input port clocked by core)
Endpoint: _4729_ (rising edge-triggered flip-flop clocked by core)
Path Group: core
Path Type: max

Fanout         Cap        Slew       Delay        Time   Description
---------------------------------------------------------------------------------------------
                      0.000000    0.000000    0.000000   clock core (rise edge)
                                  0.000000    0.000000   clock network delay (ideal)
                                  2.000000    2.000000 ^ input external delay
     2    0.007252    0.000000    0.000000    2.000000 ^ tl_i[64] (in)
                                                         tl_i[64] (net)
                      0.000000    0.000000    2.000000 ^ _2350_/A (sg13g2_inv_1)
     2    0.006499    0.016708    0.020254    2.020254 v _2350_/Y (sg13g2_inv_1)
                                                         _1549_ (net)
                      0.016708    0.000000    2.020254 v _2351_/B (sg13g2_nor2_1)
     3    0.010397    0.074249    0.063539    2.083793 ^ _2351_/Y (sg13g2_nor2_1)
                                                         _1550_ (net)
                      0.074249    0.000000    2.083793 ^ _2353_/A (sg13g2_nand2_1)
     1    0.002550    0.029329    0.036201    2.119995 v _2353_/Y (sg13g2_nand2_1)
                                                         _1552_ (net)
                      0.029329    0.000000    2.119995 v _2354_/A (sg13g2_buf_1)
    10    0.032919    0.077607    0.095880    2.215874 v _2354_/X (sg13g2_buf_1)
                                                         _1553_ (net)
                      0.077607    0.000000    2.215874 v _2355_/A (sg13g2_inv_1)
     3    0.010127    0.046629    0.049792    2.265666 ^ _2355_/Y (sg13g2_inv_1)
                                                         _1554_ (net)
                      0.046629    0.000000    2.265666 ^ _2356_/A (sg13g2_buf_1)
    22    0.080390    0.243839    0.203219    2.468885 ^ _2356_/X (sg13g2_buf_1)
                                                         _1555_ (net)
                      0.243839    0.000000    2.468885 ^ _2566_/A2 (sg13g2_a22oi_1)
     1    0.002733    0.059249    0.075187    2.544071 v _2566_/Y (sg13g2_a22oi_1)
                                                         _1745_ (net)
                      0.059249    0.000000    2.544071 v _2567_/C (sg13g2_and3_1)
     1    0.003357    0.018198    0.068108    2.612180 v _2567_/X (sg13g2_and3_1)
                                                         _1746_ (net)
                      0.018198    0.000000    2.612180 v _2568_/B2 (sg13g2_a22oi_1)
     1    0.001767    0.058074    0.038099    2.650279 ^ _2568_/Y (sg13g2_a22oi_1)
                                                         _0136_ (net)
                      0.058074    0.000000    2.650279 ^ _4729_/D (sg13g2_dfrbpq_1)
                                              2.650279   data arrival time

                      0.000000   10.000000   10.000000   clock core (rise edge)
                                  0.000000   10.000000   clock network delay (ideal)
                                  0.000000   10.000000   clock reconvergence pessimism
                                             10.000000 ^ _4729_/CLK (sg13g2_dfrbpq_1)
                                 -0.077854    9.922147   library setup time
                                              9.922147   data required time
---------------------------------------------------------------------------------------------
                                              9.922147   data required time
                                             -2.650279   data arrival time
---------------------------------------------------------------------------------------------
                                              7.271868   slack (MET)

Hotspot 16: instance=_4811_ selected_worst_paths=none internal=9.73848e-06 switching=9.28205e-08 dynamic=9.8313e-06 leakage=1.54786e-09 total=9.83285e-06
Worst path through hotspot: status=met slack=7.92892 type=max group=asynchronous
startpoint=rst_ni (input port clocked by core)
endpoint=_4811_ (recovery check against rising-edge clock core)
path_power_complete=true
path_average_power_sum internal=9.73848e-06 switching=9.28205e-08 dynamic=9.8313e-06 leakage=1.54786e-09 total=9.83285e-06
stage instance cell pins fanout capacitance slew delay arrival internal switching dynamic leakage total
1 _4811_ sg13g2_dfrbpq_1 RESET_B - - 0 0 2 9.73848e-06 9.28205e-08 9.8313e-06 1.54786e-09 9.83285e-06
OpenSTA targeted timing report:
Startpoint: rst_ni (input port clocked by core)
Endpoint: _4811_ (recovery check against rising-edge clock core)
Path Group: asynchronous
Path Type: max

Fanout         Cap        Slew       Delay        Time   Description
---------------------------------------------------------------------------------------------
                      0.000000    0.000000    0.000000   clock core (rise edge)
                                  0.000000    0.000000   clock network delay (ideal)
                                  2.000000    2.000000 ^ input external delay
   306    1.891532    0.000000    0.000000    2.000000 ^ rst_ni (in)
                                                         rst_ni (net)
                      0.000000    0.000000    2.000000 ^ _4811_/RESET_B (sg13g2_dfrbpq_1)
                                              2.000000   data arrival time

                      0.000000   10.000000   10.000000   clock core (rise edge)
                                  0.000000   10.000000   clock network delay (ideal)
                                  0.000000   10.000000   clock reconvergence pessimism
                                             10.000000 ^ _4811_/CLK (sg13g2_dfrbpq_1)
                                 -0.071085    9.928916   library recovery time
                                              9.928916   data required time
---------------------------------------------------------------------------------------------
                                              9.928916   data required time
                                             -2.000000   data arrival time
---------------------------------------------------------------------------------------------
                                              7.928916   slack (MET)

Hotspot 17: instance=_4730_ selected_worst_paths=none internal=9.80185e-06 switching=1.75061e-08 dynamic=9.81935e-06 leakage=1.55905e-09 total=9.82091e-06
Worst path through hotspot: status=met slack=7.26572 type=max group=core
startpoint=tl_i[64] (input port clocked by core)
endpoint=_4730_ (rising edge-triggered flip-flop clocked by core)
path_power_complete=true
path_average_power_sum internal=1.00983e-05 switching=5.71744e-07 dynamic=1.067e-05 leakage=4.62573e-09 total=1.06746e-05
stage instance cell pins fanout capacitance slew delay arrival internal switching dynamic leakage total
1 _2350_ sg13g2_inv_1 A,Y 2 0.006499 0.016708 0.020254 2.02025 1.73277e-08 6.31667e-08 8.04943e-08 1.04542e-10 8.05989e-08
2 _2351_ sg13g2_nor2_1 B,Y 3 0.010397 0.074249 0.063539 2.08379 2.41812e-08 8.70069e-08 1.11188e-07 2.92336e-10 1.1148e-07
3 _2353_ sg13g2_nand2_1 A,Y 1 0.00255 0.029329 0.036201 2.11999 6.35933e-09 5.55708e-09 1.19164e-08 2.37275e-10 1.21537e-08
4 _2354_ sg13g2_buf_1 A,X 10 0.032919 0.077607 0.09588 2.21587 1.75147e-08 8.99369e-08 1.07452e-07 2.71448e-10 1.07723e-07
5 _2355_ sg13g2_inv_1 A,Y 3 0.010127 0.046629 0.049792 2.26567 6.00963e-09 2.11333e-08 2.71429e-08 2.39175e-10 2.73821e-08
6 _2356_ sg13g2_buf_1 A,X 22 0.08039 0.243839 0.203219 2.46889 1.74887e-08 1.67762e-07 1.85251e-07 3.09428e-10 1.8556e-07
7 _2557_ sg13g2_a22oi_1 A2,Y 1 0.003654 0.062653 0.07901 2.54789 2.01927e-08 1.312e-08 3.33128e-08 3.21263e-10 3.3634e-08
8 _2558_ sg13g2_o21ai_1 B1,Y 1 0.00436 0.066334 0.038334 2.58623 1.04367e-08 1.46113e-08 2.5048e-08 5.45446e-10 2.55934e-08
9 _2559_ sg13g2_nor3_1 C,Y 1 0.003357 0.027785 0.03033 2.61656 9.18676e-08 6.36737e-08 1.55541e-07 2.91708e-10 1.55833e-07
10 _2560_ sg13g2_a22oi_1 B2,Y 1 0.001767 0.054281 0.040643 2.6572 8.50548e-08 2.82696e-08 1.13324e-07 4.54055e-10 1.13778e-07
11 _4730_ sg13g2_dfrbpq_1 D - - 0.054281 0 2.6572 9.80185e-06 1.75061e-08 9.81935e-06 1.55905e-09 9.82091e-06
OpenSTA targeted timing report:
Startpoint: tl_i[64] (input port clocked by core)
Endpoint: _4730_ (rising edge-triggered flip-flop clocked by core)
Path Group: core
Path Type: max

Fanout         Cap        Slew       Delay        Time   Description
---------------------------------------------------------------------------------------------
                      0.000000    0.000000    0.000000   clock core (rise edge)
                                  0.000000    0.000000   clock network delay (ideal)
                                  2.000000    2.000000 ^ input external delay
     2    0.007252    0.000000    0.000000    2.000000 ^ tl_i[64] (in)
                                                         tl_i[64] (net)
                      0.000000    0.000000    2.000000 ^ _2350_/A (sg13g2_inv_1)
     2    0.006499    0.016708    0.020254    2.020254 v _2350_/Y (sg13g2_inv_1)
                                                         _1549_ (net)
                      0.016708    0.000000    2.020254 v _2351_/B (sg13g2_nor2_1)
     3    0.010397    0.074249    0.063539    2.083793 ^ _2351_/Y (sg13g2_nor2_1)
                                                         _1550_ (net)
                      0.074249    0.000000    2.083793 ^ _2353_/A (sg13g2_nand2_1)
     1    0.002550    0.029329    0.036201    2.119995 v _2353_/Y (sg13g2_nand2_1)
                                                         _1552_ (net)
                      0.029329    0.000000    2.119995 v _2354_/A (sg13g2_buf_1)
    10    0.032919    0.077607    0.095880    2.215874 v _2354_/X (sg13g2_buf_1)
                                                         _1553_ (net)
                      0.077607    0.000000    2.215874 v _2355_/A (sg13g2_inv_1)
     3    0.010127    0.046629    0.049792    2.265666 ^ _2355_/Y (sg13g2_inv_1)
                                                         _1554_ (net)
                      0.046629    0.000000    2.265666 ^ _2356_/A (sg13g2_buf_1)
    22    0.080390    0.243839    0.203219    2.468885 ^ _2356_/X (sg13g2_buf_1)
                                                         _1555_ (net)
                      0.243839    0.000000    2.468885 ^ _2557_/A2 (sg13g2_a22oi_1)
     1    0.003654    0.062653    0.079010    2.547894 v _2557_/Y (sg13g2_a22oi_1)
                                                         _1737_ (net)
                      0.062653    0.000000    2.547894 v _2558_/B1 (sg13g2_o21ai_1)
     1    0.004360    0.066334    0.038334    2.586228 ^ _2558_/Y (sg13g2_o21ai_1)
                                                         _1738_ (net)
                      0.066334    0.000000    2.586228 ^ _2559_/C (sg13g2_nor3_1)
     1    0.003357    0.027785    0.030330    2.616558 v _2559_/Y (sg13g2_nor3_1)
                                                         _1739_ (net)
                      0.027785    0.000000    2.616558 v _2560_/B2 (sg13g2_a22oi_1)
     1    0.001767    0.054281    0.040643    2.657202 ^ _2560_/Y (sg13g2_a22oi_1)
                                                         _0135_ (net)
                      0.054281    0.000000    2.657202 ^ _4730_/D (sg13g2_dfrbpq_1)
                                              2.657202   data arrival time

                      0.000000   10.000000   10.000000   clock core (rise edge)
                                  0.000000   10.000000   clock network delay (ideal)
                                  0.000000   10.000000   clock reconvergence pessimism
                                             10.000000 ^ _4730_/CLK (sg13g2_dfrbpq_1)
                                 -0.077080    9.922920   library setup time
                                              9.922920   data required time
---------------------------------------------------------------------------------------------
                                              9.922920   data required time
                                             -2.657202   data arrival time
---------------------------------------------------------------------------------------------
                                              7.265719   slack (MET)

Hotspot 18: instance=_4733_ selected_worst_paths=none internal=9.79982e-06 switching=1.90976e-08 dynamic=9.81892e-06 leakage=1.55891e-09 total=9.82048e-06
Worst path through hotspot: status=met slack=7.17259 type=max group=core
startpoint=tl_i[108] (input port clocked by core)
endpoint=_4733_ (rising edge-triggered flip-flop clocked by core)
path_power_complete=true
path_average_power_sum internal=1.06166e-05 switching=2.0321e-06 dynamic=1.26487e-05 leakage=4.89846e-09 total=1.26536e-05
stage instance cell pins fanout capacitance slew delay arrival internal switching dynamic leakage total
1 _2337_ sg13g2_nand2_1 B,Y 1 0.00255 0.023052 0.025573 2.02557 7.32486e-08 4.93402e-08 1.22589e-07 1.25954e-10 1.22715e-07
2 _2338_ sg13g2_buf_1 A,X 9 0.034013 0.079902 0.095762 2.12134 1.55475e-07 6.9004e-07 8.45516e-07 2.7337e-10 8.45789e-07
3 _2375_ sg13g2_inv_1 A,Y 5 0.019161 0.072513 0.076323 2.19766 4.96262e-08 3.55021e-07 4.04647e-07 2.31951e-10 4.04879e-07
4 _2377_ sg13g2_nand2_1 A,Y 1 0.003134 0.031132 0.037911 2.23557 5.64709e-08 7.55751e-08 1.32046e-07 2.49475e-10 1.32296e-07
5 _2378_ sg13g2_nor2_1 B,Y 6 0.021969 0.141576 0.116408 2.35198 3.71003e-08 2.23669e-07 2.60769e-07 3.01763e-10 2.61071e-07
6 _2388_ sg13g2_inv_1 A,Y 3 0.010374 0.049124 0.057574 2.40955 2.86661e-08 1.18455e-07 1.47121e-07 9.927e-11 1.4722e-07
7 _2389_ sg13g2_nor2_1 B,Y 1 0.004631 0.046603 0.047552 2.4571 2.98181e-08 4.71455e-08 7.69636e-08 2.96329e-10 7.726e-08
8 _2392_ sg13g2_o21ai_1 A2,Y 2 0.005907 0.042783 0.047817 2.50492 3.01669e-10 4.09123e-10 7.10792e-10 2.20374e-10 9.31166e-10
9 _2393_ sg13g2_nor2b_1 B_N,Y 1 0.00255 0.03141 0.051654 2.55657 3.32912e-08 2.71118e-08 6.0403e-08 3.6873e-10 6.07718e-08
10 _2394_ sg13g2_buf_1 A,X 9 0.030417 0.072244 0.092467 2.64904 8.55263e-08 3.31345e-07 4.16872e-07 2.72175e-10 4.17144e-07
11 _2533_ sg13g2_and3_1 A,X 1 0.003357 0.018348 0.063148 2.71219 1.85509e-07 6.75182e-08 2.53027e-07 4.46898e-10 2.53474e-07
12 _2534_ sg13g2_a22oi_1 B2,Y 1 0.001767 0.054281 0.038139 2.75033 8.17795e-08 2.73757e-08 1.09155e-07 4.53253e-10 1.09608e-07
13 _4733_ sg13g2_dfrbpq_1 D - - 0.054281 0 2.75033 9.79982e-06 1.90976e-08 9.81892e-06 1.55891e-09 9.82048e-06
OpenSTA targeted timing report:
Startpoint: tl_i[108] (input port clocked by core)
Endpoint: _4733_ (rising edge-triggered flip-flop clocked by core)
Path Group: core
Path Type: max

Fanout         Cap        Slew       Delay        Time   Description
---------------------------------------------------------------------------------------------
                      0.000000    0.000000    0.000000   clock core (rise edge)
                                  0.000000    0.000000   clock network delay (ideal)
                                  2.000000    2.000000 ^ input external delay
     1    0.003664    0.000000    0.000000    2.000000 ^ tl_i[108] (in)
                                                         tl_i[108] (net)
                      0.000000    0.000000    2.000000 ^ _2337_/B (sg13g2_nand2_1)
     1    0.002550    0.023052    0.025573    2.025573 v _2337_/Y (sg13g2_nand2_1)
                                                         _1544_ (net)
                      0.023052    0.000000    2.025573 v _2338_/A (sg13g2_buf_1)
     9    0.034013    0.079902    0.095762    2.121335 v _2338_/X (sg13g2_buf_1)
                                                         _1545_ (net)
                      0.079902    0.000000    2.121335 v _2375_/A (sg13g2_inv_1)
     5    0.019161    0.072513    0.076323    2.197658 ^ _2375_/Y (sg13g2_inv_1)
                                                         _1574_ (net)
                      0.072513    0.000000    2.197658 ^ _2377_/A (sg13g2_nand2_1)
     1    0.003134    0.031132    0.037911    2.235569 v _2377_/Y (sg13g2_nand2_1)
                                                         _1576_ (net)
                      0.031132    0.000000    2.235569 v _2378_/B (sg13g2_nor2_1)
     6    0.021969    0.141576    0.116408    2.351977 ^ _2378_/Y (sg13g2_nor2_1)
                                                         _1577_ (net)
                      0.141576    0.000000    2.351977 ^ _2388_/A (sg13g2_inv_1)
     3    0.010374    0.049124    0.057574    2.409551 v _2388_/Y (sg13g2_inv_1)
                                                         _1587_ (net)
                      0.049124    0.000000    2.409551 v _2389_/B (sg13g2_nor2_1)
     1    0.004631    0.046603    0.047552    2.457103 ^ _2389_/Y (sg13g2_nor2_1)
                                                         _1588_ (net)
                      0.046603    0.000000    2.457103 ^ _2392_/A2 (sg13g2_o21ai_1)
     2    0.005907    0.042783    0.047817    2.504920 v _2392_/Y (sg13g2_o21ai_1)
                                                         _1591_ (net)
                      0.042783    0.000000    2.504920 v _2393_/B_N (sg13g2_nor2b_1)
     1    0.002550    0.031410    0.051654    2.556574 v _2393_/Y (sg13g2_nor2b_1)
                                                         _1592_ (net)
                      0.031410    0.000000    2.556574 v _2394_/A (sg13g2_buf_1)
     9    0.030417    0.072244    0.092467    2.649041 v _2394_/X (sg13g2_buf_1)
                                                         _1593_ (net)
                      0.072244    0.000000    2.649041 v _2533_/A (sg13g2_and3_1)
     1    0.003357    0.018348    0.063148    2.712189 v _2533_/X (sg13g2_and3_1)
                                                         _1716_ (net)
                      0.018348    0.000000    2.712189 v _2534_/B2 (sg13g2_a22oi_1)
     1    0.001767    0.054281    0.038139    2.750328 ^ _2534_/Y (sg13g2_a22oi_1)
                                                         _0132_ (net)
                      0.054281    0.000000    2.750328 ^ _4733_/D (sg13g2_dfrbpq_1)
                                              2.750328   data arrival time

                      0.000000   10.000000   10.000000   clock core (rise edge)
                                  0.000000   10.000000   clock network delay (ideal)
                                  0.000000   10.000000   clock reconvergence pessimism
                                             10.000000 ^ _4733_/CLK (sg13g2_dfrbpq_1)
                                 -0.077080    9.922920   library setup time
                                              9.922920   data required time
---------------------------------------------------------------------------------------------
                                              9.922920   data required time
                                             -2.750328   data arrival time
---------------------------------------------------------------------------------------------
                                              7.172593   slack (MET)

Hotspot 19: instance=_4732_ selected_worst_paths=none internal=9.7996e-06 switching=1.90976e-08 dynamic=9.8187e-06 leakage=1.55895e-09 total=9.82026e-06
Worst path through hotspot: status=met slack=7.22144 type=max group=core
startpoint=tl_i[108] (input port clocked by core)
endpoint=_4732_ (rising edge-triggered flip-flop clocked by core)
path_power_complete=true
path_average_power_sum internal=1.04451e-05 switching=1.96459e-06 dynamic=1.24097e-05 leakage=4.37672e-09 total=1.24141e-05
stage instance cell pins fanout capacitance slew delay arrival internal switching dynamic leakage total
1 _2337_ sg13g2_nand2_1 B,Y 1 0.00255 0.023052 0.025573 2.02557 7.32486e-08 4.93402e-08 1.22589e-07 1.25954e-10 1.22715e-07
2 _2338_ sg13g2_buf_1 A,X 9 0.034013 0.079902 0.095762 2.12134 1.55475e-07 6.9004e-07 8.45516e-07 2.7337e-10 8.45789e-07
3 _2375_ sg13g2_inv_1 A,Y 5 0.019161 0.072513 0.076323 2.19766 4.96262e-08 3.55021e-07 4.04647e-07 2.31951e-10 4.04879e-07
4 _2377_ sg13g2_nand2_1 A,Y 1 0.003134 0.031132 0.037911 2.23557 5.64709e-08 7.55751e-08 1.32046e-07 2.49475e-10 1.32296e-07
5 _2378_ sg13g2_nor2_1 B,Y 6 0.021969 0.141576 0.116408 2.35198 3.71003e-08 2.23669e-07 2.60769e-07 3.01763e-10 2.61071e-07
6 _2388_ sg13g2_inv_1 A,Y 3 0.010374 0.049124 0.057574 2.40955 2.86661e-08 1.18455e-07 1.47121e-07 9.927e-11 1.4722e-07
7 _2389_ sg13g2_nor2_1 B,Y 1 0.004631 0.046603 0.047552 2.4571 2.98181e-08 4.71455e-08 7.69636e-08 2.96329e-10 7.726e-08
8 _2392_ sg13g2_o21ai_1 A2,Y 2 0.005907 0.042783 0.047817 2.50492 3.01669e-10 4.09123e-10 7.10792e-10 2.20374e-10 9.31166e-10
9 _2393_ sg13g2_nor2b_1 B_N,Y 1 0.00255 0.03141 0.051654 2.55657 3.32912e-08 2.71118e-08 6.0403e-08 3.6873e-10 6.07718e-08
10 _2394_ sg13g2_buf_1 A,X 9 0.030417 0.072244 0.092467 2.64904 8.55263e-08 3.31345e-07 4.16872e-07 2.72175e-10 4.17144e-07
11 _2542_ sg13g2_a22oi_1 B2,Y 1 0.001767 0.054281 0.052443 2.70148 9.60188e-08 2.73757e-08 1.23394e-07 3.78382e-10 1.23773e-07
12 _4732_ sg13g2_dfrbpq_1 D - - 0.054281 0 2.70148 9.7996e-06 1.90976e-08 9.8187e-06 1.55895e-09 9.82026e-06
OpenSTA targeted timing report:
Startpoint: tl_i[108] (input port clocked by core)
Endpoint: _4732_ (rising edge-triggered flip-flop clocked by core)
Path Group: core
Path Type: max

Fanout         Cap        Slew       Delay        Time   Description
---------------------------------------------------------------------------------------------
                      0.000000    0.000000    0.000000   clock core (rise edge)
                                  0.000000    0.000000   clock network delay (ideal)
                                  2.000000    2.000000 ^ input external delay
     1    0.003664    0.000000    0.000000    2.000000 ^ tl_i[108] (in)
                                                         tl_i[108] (net)
                      0.000000    0.000000    2.000000 ^ _2337_/B (sg13g2_nand2_1)
     1    0.002550    0.023052    0.025573    2.025573 v _2337_/Y (sg13g2_nand2_1)
                                                         _1544_ (net)
                      0.023052    0.000000    2.025573 v _2338_/A (sg13g2_buf_1)
     9    0.034013    0.079902    0.095762    2.121335 v _2338_/X (sg13g2_buf_1)
                                                         _1545_ (net)
                      0.079902    0.000000    2.121335 v _2375_/A (sg13g2_inv_1)
     5    0.019161    0.072513    0.076323    2.197658 ^ _2375_/Y (sg13g2_inv_1)
                                                         _1574_ (net)
                      0.072513    0.000000    2.197658 ^ _2377_/A (sg13g2_nand2_1)
     1    0.003134    0.031132    0.037911    2.235569 v _2377_/Y (sg13g2_nand2_1)
                                                         _1576_ (net)
                      0.031132    0.000000    2.235569 v _2378_/B (sg13g2_nor2_1)
     6    0.021969    0.141576    0.116408    2.351977 ^ _2378_/Y (sg13g2_nor2_1)
                                                         _1577_ (net)
                      0.141576    0.000000    2.351977 ^ _2388_/A (sg13g2_inv_1)
     3    0.010374    0.049124    0.057574    2.409551 v _2388_/Y (sg13g2_inv_1)
                                                         _1587_ (net)
                      0.049124    0.000000    2.409551 v _2389_/B (sg13g2_nor2_1)
     1    0.004631    0.046603    0.047552    2.457103 ^ _2389_/Y (sg13g2_nor2_1)
                                                         _1588_ (net)
                      0.046603    0.000000    2.457103 ^ _2392_/A2 (sg13g2_o21ai_1)
     2    0.005907    0.042783    0.047817    2.504920 v _2392_/Y (sg13g2_o21ai_1)
                                                         _1591_ (net)
                      0.042783    0.000000    2.504920 v _2393_/B_N (sg13g2_nor2b_1)
     1    0.002550    0.031410    0.051654    2.556574 v _2393_/Y (sg13g2_nor2b_1)
                                                         _1592_ (net)
                      0.031410    0.000000    2.556574 v _2394_/A (sg13g2_buf_1)
     9    0.030417    0.072244    0.092467    2.649041 v _2394_/X (sg13g2_buf_1)
                                                         _1593_ (net)
                      0.072244    0.000000    2.649041 v _2542_/B2 (sg13g2_a22oi_1)
     1    0.001767    0.054281    0.052443    2.701484 ^ _2542_/Y (sg13g2_a22oi_1)
                                                         _0133_ (net)
                      0.054281    0.000000    2.701484 ^ _4732_/D (sg13g2_dfrbpq_1)
                                              2.701484   data arrival time

                      0.000000   10.000000   10.000000   clock core (rise edge)
                                  0.000000   10.000000   clock network delay (ideal)
                                  0.000000   10.000000   clock reconvergence pessimism
                                             10.000000 ^ _4732_/CLK (sg13g2_dfrbpq_1)
                                 -0.077080    9.922920   library setup time
                                              9.922920   data required time
---------------------------------------------------------------------------------------------
                                              9.922920   data required time
                                             -2.701484   data arrival time
---------------------------------------------------------------------------------------------
                                              7.221437   slack (MET)

Hotspot 20: instance=_4753_ selected_worst_paths=none internal=9.81721e-06 switching=7.84719e-10 dynamic=9.81799e-06 leakage=1.55715e-09 total=9.81955e-06
Worst path through hotspot: status=met slack=7.67925 type=max group=core
startpoint=tl_i[108] (input port clocked by core)
endpoint=_4753_ (rising edge-triggered flip-flop clocked by core)
path_power_complete=true
path_average_power_sum internal=1.02425e-05 switching=7.405e-07 dynamic=1.0983e-05 leakage=2.80758e-09 total=1.09858e-05
stage instance cell pins fanout capacitance slew delay arrival internal switching dynamic leakage total
1 _2337_ sg13g2_nand2_1 B,Y 1 0.002663 0.018365 0.01918 2.01918 7.32486e-08 4.93402e-08 1.22589e-07 1.25954e-10 1.22715e-07
2 _2338_ sg13g2_buf_1 A,X 9 0.037242 0.116508 0.11 2.12918 1.55475e-07 6.9004e-07 8.45516e-07 2.7337e-10 8.45789e-07
3 _2930_ sg13g2_mux2_1 S,X 1 0.001756 0.021727 0.119768 2.24895 1.96588e-07 3.35212e-10 1.96923e-07 8.51105e-10 1.97774e-07
4 _4753_ sg13g2_dfrbpq_1 D - - 0.021727 0 2.24895 9.81721e-06 7.84719e-10 9.81799e-06 1.55715e-09 9.81955e-06
OpenSTA targeted timing report:
Startpoint: tl_i[108] (input port clocked by core)
Endpoint: _4753_ (rising edge-triggered flip-flop clocked by core)
Path Group: core
Path Type: max

Fanout         Cap        Slew       Delay        Time   Description
---------------------------------------------------------------------------------------------
                      0.000000    0.000000    0.000000   clock core (rise edge)
                                  0.000000    0.000000   clock network delay (ideal)
                                  2.000000    2.000000 v input external delay
     1    0.003365    0.000000    0.000000    2.000000 v tl_i[108] (in)
                                                         tl_i[108] (net)
                      0.000000    0.000000    2.000000 v _2337_/B (sg13g2_nand2_1)
     1    0.002663    0.018365    0.019180    2.019180 ^ _2337_/Y (sg13g2_nand2_1)
                                                         _1544_ (net)
                      0.018365    0.000000    2.019180 ^ _2338_/A (sg13g2_buf_1)
     9    0.037242    0.116508    0.110000    2.129180 ^ _2338_/X (sg13g2_buf_1)
                                                         _1545_ (net)
                      0.116508    0.000000    2.129180 ^ _2930_/S (sg13g2_mux2_1)
     1    0.001756    0.021727    0.119768    2.248948 v _2930_/X (sg13g2_mux2_1)
                                                         _0291_ (net)
                      0.021727    0.000000    2.248948 v _4753_/D (sg13g2_dfrbpq_1)
                                              2.248948   data arrival time

                      0.000000   10.000000   10.000000   clock core (rise edge)
                                  0.000000   10.000000   clock network delay (ideal)
                                  0.000000   10.000000   clock reconvergence pessimism
                                             10.000000 ^ _4753_/CLK (sg13g2_dfrbpq_1)
                                 -0.071805    9.928195   library setup time
                                              9.928195   data required time
---------------------------------------------------------------------------------------------
                                              9.928195   data required time
                                             -2.248948   data arrival time
---------------------------------------------------------------------------------------------
                                              7.679247   slack (MET)
