analysis=fusion_analysis corner=ss mode=setup stage=post_syn
workload=corners_sv_ss
methodology=staged_public_opensta
path_power_semantics=average_instance_power_in_same_analysis_context
activity_file=/tmp/flexsoc-uart-interface-contract-20260914/reg_iface/runs/uart/contract/signoff/sky130/power/activity/captures/uart_sky130_corners_sv_ss.vcd
activity_scope=uart_tb/u_uart
liberty=/home/eneadim/github/flexsoc/.flexsoc/pdks/ciel/sky130/versions/f6eeac7dad085ffcc829ccfd721f7b4ce39edcf7/sky130A/libs.ref/sky130_fd_sc_hd/lib/sky130_fd_sc_hd__ss_n40C_1v76.lib
netlist=/tmp/flexsoc-uart-interface-contract-20260914/reg_iface/runs/uart/contract/syn/sky130/uart_synth.v
sdc=/tmp/flexsoc-uart-interface-contract-20260914/reg_iface/runs/uart/contract/constraints/uart.sdc
spef=

=== Units ===
 time 1ns
 capacitance 1pF
 resistance 1kohm
 voltage 1v
 current 1mA
 power 1nW
 distance 1um

=== Constraint validation ===

=== Timing summary ===
wns max 0.00
tns max 0.00

=== Activity annotation ===
annotated_percent=100.00%
Unannotated pins: none

=== Power summary ===
Group                  Internal  Switching    Leakage      Total
                          Power      Power      Power      Power (Watts)
----------------------------------------------------------------
Sequential             1.34e-03   3.04e-06   1.84e-09   1.34e-03  98.0%
Combinational          1.36e-05   1.43e-05   2.09e-09   2.79e-05   2.0%
Clock                  0.00e+00   0.00e+00   0.00e+00   0.00e+00   0.0%
Macro                  0.00e+00   0.00e+00   0.00e+00   0.00e+00   0.0%
Pad                    0.00e+00   0.00e+00   0.00e+00   0.00e+00   0.0%
----------------------------------------------------------------
Total                  1.35e-03   1.73e-05   3.93e-09   1.37e-03 100.0%
                          98.7%       1.3%       0.0%

=== Worst timing paths (violated or met) ===
Startpoint: reg_req_i[36] (input port clocked by core)
Endpoint: reg_rsp_o[1] (output port clocked by core)
Path Group: core
Path Type: max

Fanout         Cap        Slew       Delay        Time   Description
---------------------------------------------------------------------------------------------
                      0.000000    0.050000    0.050000   clock core (rise edge)
                                  0.050000    0.100000   clock network delay (ideal)
                                  2.000000    2.100000 v input external delay
     1    0.003974    0.000397    0.000397    2.100398 v reg_req_i[36] (in)
                                                         reg_req_i[36] (net)
                      0.000397    0.000000    2.100398 v _0982_/A (sky130_fd_sc_hd__nor2_2)
     2    0.010726    0.227175    0.222616    2.323014 ^ _0982_/Y (sky130_fd_sc_hd__nor2_2)
                                                         _0559_ (net)
                      0.227175    0.000000    2.323014 ^ _0984_/A (sky130_fd_sc_hd__nand2_4)
     4    0.013737    0.075331    0.129439    2.452453 v _0984_/Y (sky130_fd_sc_hd__nand2_4)
                                                         _0561_ (net)
                      0.075331    0.000000    2.452453 v _1124_/C (sky130_fd_sc_hd__nor3_1)
     4    0.009382    0.534488    0.460177    2.912629 ^ _1124_/Y (sky130_fd_sc_hd__nor3_1)
                                                         _0676_ (net)
                      0.534488    0.000000    2.912629 ^ _1125_/A (sky130_fd_sc_hd__clkinv_1)
     5    0.010582    0.174009    0.326143    3.238773 v _1125_/Y (sky130_fd_sc_hd__clkinv_1)
                                                         _0677_ (net)
                      0.174009    0.000000    3.238773 v _1244_/A (sky130_fd_sc_hd__nand2_1)
     1    0.002282    0.064968    0.138852    3.377625 ^ _1244_/Y (sky130_fd_sc_hd__nand2_1)
                                                         _0788_ (net)
                      0.064968    0.000000    3.377625 ^ _1246_/A (sky130_fd_sc_hd__nand2_1)
     1    0.001502    0.030594    0.055832    3.433456 v _1246_/Y (sky130_fd_sc_hd__nand2_1)
                                                         _0790_ (net)
                      0.030594    0.000000    3.433456 v _1247_/B1 (sky130_fd_sc_hd__o21ai_0)
     1    0.004504    0.278678    0.119095    3.552552 ^ _1247_/Y (sky130_fd_sc_hd__o21ai_0)
                                                         _0791_ (net)
                      0.278678    0.000000    3.552552 ^ _1248_/A2 (sky130_fd_sc_hd__o21ai_2)
     2    0.010031    0.078019    0.161116    3.713668 v _1248_/Y (sky130_fd_sc_hd__o21ai_2)
                                                         _0792_ (net)
                      0.078019    0.000000    3.713668 v _1625_/A1 (sky130_fd_sc_hd__a21oi_1)
     1    0.001672    0.127128    0.172755    3.886423 ^ _1625_/Y (sky130_fd_sc_hd__a21oi_1)
                                                         u_uart_reg_reg_rsp_o_1_ (net)
                      0.127128    0.000000    3.886423 ^ _2074_/A (sky130_fd_sc_hd__buf_2)
     1    0.010000    0.091383    0.205229    4.091652 ^ _2074_/X (sky130_fd_sc_hd__buf_2)
                                                         reg_rsp_o[1] (net)
                      0.091383    0.000000    4.091652 ^ reg_rsp_o[1] (out)
                                              4.091652   data arrival time

                      0.000000   10.050000   10.050000   clock core (rise edge)
                                  0.050000   10.100000   clock network delay (ideal)
                                 -0.025000   10.075001   clock uncertainty
                                  0.000000   10.075001   clock reconvergence pessimism
                                 -2.000000    8.075001   output external delay
                                              8.075001   data required time
---------------------------------------------------------------------------------------------
                                              8.075001   data required time
                                             -4.091652   data arrival time
---------------------------------------------------------------------------------------------
                                              3.983348   slack (MET)


Startpoint: reg_req_i[36] (input port clocked by core)
Endpoint: reg_rsp_o[20] (output port clocked by core)
Path Group: core
Path Type: max

Fanout         Cap        Slew       Delay        Time   Description
---------------------------------------------------------------------------------------------
                      0.000000    0.050000    0.050000   clock core (rise edge)
                                  0.050000    0.100000   clock network delay (ideal)
                                  2.000000    2.100000 v input external delay
     1    0.003974    0.000397    0.000397    2.100398 v reg_req_i[36] (in)
                                                         reg_req_i[36] (net)
                      0.000397    0.000000    2.100398 v _0982_/A (sky130_fd_sc_hd__nor2_2)
     2    0.010726    0.227175    0.222616    2.323014 ^ _0982_/Y (sky130_fd_sc_hd__nor2_2)
                                                         _0559_ (net)
                      0.227175    0.000000    2.323014 ^ _0984_/A (sky130_fd_sc_hd__nand2_4)
     4    0.013737    0.075331    0.129439    2.452453 v _0984_/Y (sky130_fd_sc_hd__nand2_4)
                                                         _0561_ (net)
                      0.075331    0.000000    2.452453 v _1124_/C (sky130_fd_sc_hd__nor3_1)
     4    0.009382    0.534488    0.460177    2.912629 ^ _1124_/Y (sky130_fd_sc_hd__nor3_1)
                                                         _0676_ (net)
                      0.534488    0.000000    2.912629 ^ _1125_/A (sky130_fd_sc_hd__clkinv_1)
     5    0.010582    0.174009    0.326143    3.238773 v _1125_/Y (sky130_fd_sc_hd__clkinv_1)
                                                         _0677_ (net)
                      0.174009    0.000000    3.238773 v _1129_/A (sky130_fd_sc_hd__nor2_1)
     1    0.002221    0.110900    0.202379    3.441152 ^ _1129_/Y (sky130_fd_sc_hd__nor2_1)
                                                         _0680_ (net)
                      0.110900    0.000000    3.441152 ^ _1130_/A (sky130_fd_sc_hd__inv_1)
     3    0.006502    0.047556    0.087272    3.528424 v _1130_/Y (sky130_fd_sc_hd__inv_1)
                                                         _0681_ (net)
                      0.047556    0.000000    3.528424 v _1135_/A3 (sky130_fd_sc_hd__o31ai_1)
     1    0.001672    0.253112    0.284965    3.813390 ^ _1135_/Y (sky130_fd_sc_hd__o31ai_1)
                                                         u_uart_reg_reg_rsp_o_20_ (net)
                      0.253112    0.000000    3.813390 ^ _2093_/A (sky130_fd_sc_hd__buf_2)
     1    0.010000    0.091748    0.260864    4.074254 ^ _2093_/X (sky130_fd_sc_hd__buf_2)
                                                         reg_rsp_o[20] (net)
                      0.091748    0.000000    4.074254 ^ reg_rsp_o[20] (out)
                                              4.074254   data arrival time

                      0.000000   10.050000   10.050000   clock core (rise edge)
                                  0.050000   10.100000   clock network delay (ideal)
                                 -0.025000   10.075001   clock uncertainty
                                  0.000000   10.075001   clock reconvergence pessimism
                                 -2.000000    8.075001   output external delay
                                              8.075001   data required time
---------------------------------------------------------------------------------------------
                                              8.075001   data required time
                                             -4.074254   data arrival time
---------------------------------------------------------------------------------------------
                                              4.000747   slack (MET)


Startpoint: reg_req_i[36] (input port clocked by core)
Endpoint: reg_rsp_o[19] (output port clocked by core)
Path Group: core
Path Type: max

Fanout         Cap        Slew       Delay        Time   Description
---------------------------------------------------------------------------------------------
                      0.000000    0.050000    0.050000   clock core (rise edge)
                                  0.050000    0.100000   clock network delay (ideal)
                                  2.000000    2.100000 v input external delay
     1    0.003974    0.000397    0.000397    2.100398 v reg_req_i[36] (in)
                                                         reg_req_i[36] (net)
                      0.000397    0.000000    2.100398 v _0982_/A (sky130_fd_sc_hd__nor2_2)
     2    0.010726    0.227175    0.222616    2.323014 ^ _0982_/Y (sky130_fd_sc_hd__nor2_2)
                                                         _0559_ (net)
                      0.227175    0.000000    2.323014 ^ _0984_/A (sky130_fd_sc_hd__nand2_4)
     4    0.013737    0.075331    0.129439    2.452453 v _0984_/Y (sky130_fd_sc_hd__nand2_4)
                                                         _0561_ (net)
                      0.075331    0.000000    2.452453 v _1124_/C (sky130_fd_sc_hd__nor3_1)
     4    0.009382    0.534488    0.460177    2.912629 ^ _1124_/Y (sky130_fd_sc_hd__nor3_1)
                                                         _0676_ (net)
                      0.534488    0.000000    2.912629 ^ _1125_/A (sky130_fd_sc_hd__clkinv_1)
     5    0.010582    0.174009    0.326143    3.238773 v _1125_/Y (sky130_fd_sc_hd__clkinv_1)
                                                         _0677_ (net)
                      0.174009    0.000000    3.238773 v _1129_/A (sky130_fd_sc_hd__nor2_1)
     1    0.002221    0.110900    0.202379    3.441152 ^ _1129_/Y (sky130_fd_sc_hd__nor2_1)
                                                         _0680_ (net)
                      0.110900    0.000000    3.441152 ^ _1130_/A (sky130_fd_sc_hd__inv_1)
     3    0.006502    0.047556    0.087272    3.528424 v _1130_/Y (sky130_fd_sc_hd__inv_1)
                                                         _0681_ (net)
                      0.047556    0.000000    3.528424 v _1137_/B (sky130_fd_sc_hd__nor2_1)
     1    0.002334    0.112305    0.123448    3.651872 ^ _1137_/Y (sky130_fd_sc_hd__nor2_1)
                                                         _0686_ (net)
                      0.112305    0.000000    3.651872 ^ _1139_/A1 (sky130_fd_sc_hd__a21oi_1)
     1    0.001502    0.042596    0.086390    3.738263 v _1139_/Y (sky130_fd_sc_hd__a21oi_1)
                                                         _0688_ (net)
                      0.042596    0.000000    3.738263 v _1140_/B1 (sky130_fd_sc_hd__o21ai_0)
     1    0.001672    0.154065    0.079460    3.817723 ^ _1140_/Y (sky130_fd_sc_hd__o21ai_0)
                                                         u_uart_reg_reg_rsp_o_19_ (net)
                      0.154065    0.000000    3.817723 ^ _2092_/A (sky130_fd_sc_hd__buf_2)
     1    0.010000    0.091461    0.217125    4.034847 ^ _2092_/X (sky130_fd_sc_hd__buf_2)
                                                         reg_rsp_o[19] (net)
                      0.091461    0.000000    4.034847 ^ reg_rsp_o[19] (out)
                                              4.034847   data arrival time

                      0.000000   10.050000   10.050000   clock core (rise edge)
                                  0.050000   10.100000   clock network delay (ideal)
                                 -0.025000   10.075001   clock uncertainty
                                  0.000000   10.075001   clock reconvergence pessimism
                                 -2.000000    8.075001   output external delay
                                              8.075001   data required time
---------------------------------------------------------------------------------------------
                                              8.075001   data required time
                                             -4.034847   data arrival time
---------------------------------------------------------------------------------------------
                                              4.040153   slack (MET)


Startpoint: reg_req_i[36] (input port clocked by core)
Endpoint: reg_rsp_o[21] (output port clocked by core)
Path Group: core
Path Type: max

Fanout         Cap        Slew       Delay        Time   Description
---------------------------------------------------------------------------------------------
                      0.000000    0.050000    0.050000   clock core (rise edge)
                                  0.050000    0.100000   clock network delay (ideal)
                                  2.000000    2.100000 v input external delay
     1    0.003974    0.000397    0.000397    2.100398 v reg_req_i[36] (in)
                                                         reg_req_i[36] (net)
                      0.000397    0.000000    2.100398 v _0982_/A (sky130_fd_sc_hd__nor2_2)
     2    0.010726    0.227175    0.222616    2.323014 ^ _0982_/Y (sky130_fd_sc_hd__nor2_2)
                                                         _0559_ (net)
                      0.227175    0.000000    2.323014 ^ _0984_/A (sky130_fd_sc_hd__nand2_4)
     4    0.013737    0.075331    0.129439    2.452453 v _0984_/Y (sky130_fd_sc_hd__nand2_4)
                                                         _0561_ (net)
                      0.075331    0.000000    2.452453 v _1124_/C (sky130_fd_sc_hd__nor3_1)
     4    0.009382    0.534488    0.460177    2.912629 ^ _1124_/Y (sky130_fd_sc_hd__nor3_1)
                                                         _0676_ (net)
                      0.534488    0.000000    2.912629 ^ _1125_/A (sky130_fd_sc_hd__clkinv_1)
     5    0.010582    0.174009    0.326143    3.238773 v _1125_/Y (sky130_fd_sc_hd__clkinv_1)
                                                         _0677_ (net)
                      0.174009    0.000000    3.238773 v _1129_/A (sky130_fd_sc_hd__nor2_1)
     1    0.002221    0.110900    0.202379    3.441152 ^ _1129_/Y (sky130_fd_sc_hd__nor2_1)
                                                         _0680_ (net)
                      0.110900    0.000000    3.441152 ^ _1130_/A (sky130_fd_sc_hd__inv_1)
     3    0.006502    0.047556    0.087272    3.528424 v _1130_/Y (sky130_fd_sc_hd__inv_1)
                                                         _0681_ (net)
                      0.047556    0.000000    3.528424 v _1132_/B1 (sky130_fd_sc_hd__o221ai_1)
     1    0.001672    0.208305    0.232887    3.761311 ^ _1132_/Y (sky130_fd_sc_hd__o221ai_1)
                                                         u_uart_reg_reg_rsp_o_21_ (net)
                      0.208305    0.000000    3.761311 ^ _2094_/A (sky130_fd_sc_hd__buf_2)
     1    0.010000    0.091618    0.241077    4.002388 ^ _2094_/X (sky130_fd_sc_hd__buf_2)
                                                         reg_rsp_o[21] (net)
                      0.091618    0.000000    4.002388 ^ reg_rsp_o[21] (out)
                                              4.002388   data arrival time

                      0.000000   10.050000   10.050000   clock core (rise edge)
                                  0.050000   10.100000   clock network delay (ideal)
                                 -0.025000   10.075001   clock uncertainty
                                  0.000000   10.075001   clock reconvergence pessimism
                                 -2.000000    8.075001   output external delay
                                              8.075001   data required time
---------------------------------------------------------------------------------------------
                                              8.075001   data required time
                                             -4.002388   data arrival time
---------------------------------------------------------------------------------------------
                                              4.072612   slack (MET)


Startpoint: reg_req_i[36] (input port clocked by core)
Endpoint: reg_rsp_o[22] (output port clocked by core)
Path Group: core
Path Type: max

Fanout         Cap        Slew       Delay        Time   Description
---------------------------------------------------------------------------------------------
                      0.000000    0.050000    0.050000   clock core (rise edge)
                                  0.050000    0.100000   clock network delay (ideal)
                                  2.000000    2.100000 v input external delay
     1    0.003974    0.000397    0.000397    2.100398 v reg_req_i[36] (in)
                                                         reg_req_i[36] (net)
                      0.000397    0.000000    2.100398 v _0982_/A (sky130_fd_sc_hd__nor2_2)
     2    0.010726    0.227175    0.222616    2.323014 ^ _0982_/Y (sky130_fd_sc_hd__nor2_2)
                                                         _0559_ (net)
                      0.227175    0.000000    2.323014 ^ _0984_/A (sky130_fd_sc_hd__nand2_4)
     4    0.013737    0.075331    0.129439    2.452453 v _0984_/Y (sky130_fd_sc_hd__nand2_4)
                                                         _0561_ (net)
                      0.075331    0.000000    2.452453 v _1124_/C (sky130_fd_sc_hd__nor3_1)
     4    0.009382    0.534488    0.460177    2.912629 ^ _1124_/Y (sky130_fd_sc_hd__nor3_1)
                                                         _0676_ (net)
                      0.534488    0.000000    2.912629 ^ _1125_/A (sky130_fd_sc_hd__clkinv_1)
     5    0.010582    0.174009    0.326143    3.238773 v _1125_/Y (sky130_fd_sc_hd__clkinv_1)
                                                         _0677_ (net)
                      0.174009    0.000000    3.238773 v _1126_/B1 (sky130_fd_sc_hd__a31oi_1)
     1    0.001593    0.151004    0.243414    3.482187 ^ _1126_/Y (sky130_fd_sc_hd__a31oi_1)
                                                         _0678_ (net)
                      0.151004    0.000000    3.482187 ^ _1127_/B1 (sky130_fd_sc_hd__o21ai_0)
     1    0.002192    0.068380    0.126668    3.608855 v _1127_/Y (sky130_fd_sc_hd__o21ai_0)
                                                         _0679_ (net)
                      0.068380    0.000000    3.608855 v _1128_/C1 (sky130_fd_sc_hd__o211ai_1)
     1    0.001672    0.198213    0.111479    3.720334 ^ _1128_/Y (sky130_fd_sc_hd__o211ai_1)
                                                         u_uart_reg_reg_rsp_o_22_ (net)
                      0.198213    0.000000    3.720334 ^ _2095_/A (sky130_fd_sc_hd__buf_2)
     1    0.010000    0.091589    0.236620    3.956954 ^ _2095_/X (sky130_fd_sc_hd__buf_2)
                                                         reg_rsp_o[22] (net)
                      0.091589    0.000000    3.956954 ^ reg_rsp_o[22] (out)
                                              3.956954   data arrival time

                      0.000000   10.050000   10.050000   clock core (rise edge)
                                  0.050000   10.100000   clock network delay (ideal)
                                 -0.025000   10.075001   clock uncertainty
                                  0.000000   10.075001   clock reconvergence pessimism
                                 -2.000000    8.075001   output external delay
                                              8.075001   data required time
---------------------------------------------------------------------------------------------
                                              8.075001   data required time
                                             -3.956954   data arrival time
---------------------------------------------------------------------------------------------
                                              4.118046   slack (MET)


Startpoint: reg_req_i[36] (input port clocked by core)
Endpoint: reg_rsp_o[5] (output port clocked by core)
Path Group: core
Path Type: max

Fanout         Cap        Slew       Delay        Time   Description
---------------------------------------------------------------------------------------------
                      0.000000    0.050000    0.050000   clock core (rise edge)
                                  0.050000    0.100000   clock network delay (ideal)
                                  2.000000    2.100000 v input external delay
     1    0.003974    0.000397    0.000397    2.100398 v reg_req_i[36] (in)
                                                         reg_req_i[36] (net)
                      0.000397    0.000000    2.100398 v _0982_/A (sky130_fd_sc_hd__nor2_2)
     2    0.010726    0.227175    0.222616    2.323014 ^ _0982_/Y (sky130_fd_sc_hd__nor2_2)
                                                         _0559_ (net)
                      0.227175    0.000000    2.323014 ^ _0984_/A (sky130_fd_sc_hd__nand2_4)
     4    0.013737    0.075331    0.129439    2.452453 v _0984_/Y (sky130_fd_sc_hd__nand2_4)
                                                         _0561_ (net)
                      0.075331    0.000000    2.452453 v _1124_/C (sky130_fd_sc_hd__nor3_1)
     4    0.009382    0.534488    0.460177    2.912629 ^ _1124_/Y (sky130_fd_sc_hd__nor3_1)
                                                         _0676_ (net)
                      0.534488    0.000000    2.912629 ^ _1125_/A (sky130_fd_sc_hd__clkinv_1)
     5    0.010582    0.174009    0.326143    3.238773 v _1125_/Y (sky130_fd_sc_hd__clkinv_1)
                                                         _0677_ (net)
                      0.174009    0.000000    3.238773 v _1676_/B1 (sky130_fd_sc_hd__a21oi_1)
     1    0.002301    0.147287    0.225820    3.464593 ^ _1676_/Y (sky130_fd_sc_hd__a21oi_1)
                                                         _0393_ (net)
                      0.147287    0.000000    3.464593 ^ _1677_/B1 (sky130_fd_sc_hd__o31ai_1)
     1    0.002150    0.092703    0.111526    3.576119 v _1677_/Y (sky130_fd_sc_hd__o31ai_1)
                                                         _0394_ (net)
                      0.092703    0.000000    3.576119 v _1678_/C (sky130_fd_sc_hd__nand3_1)
     1    0.001672    0.075680    0.126307    3.702426 ^ _1678_/Y (sky130_fd_sc_hd__nand3_1)
                                                         u_uart_reg_reg_rsp_o_5_ (net)
                      0.075680    0.000000    3.702426 ^ _2078_/A (sky130_fd_sc_hd__buf_2)
     1    0.010000    0.091249    0.181252    3.883679 ^ _2078_/X (sky130_fd_sc_hd__buf_2)
                                                         reg_rsp_o[5] (net)
                      0.091249    0.000000    3.883679 ^ reg_rsp_o[5] (out)
                                              3.883679   data arrival time

                      0.000000   10.050000   10.050000   clock core (rise edge)
                                  0.050000   10.100000   clock network delay (ideal)
                                 -0.025000   10.075001   clock uncertainty
                                  0.000000   10.075001   clock reconvergence pessimism
                                 -2.000000    8.075001   output external delay
                                              8.075001   data required time
---------------------------------------------------------------------------------------------
                                              8.075001   data required time
                                             -3.883679   data arrival time
---------------------------------------------------------------------------------------------
                                              4.191322   slack (MET)


Startpoint: reg_req_i[36] (input port clocked by core)
Endpoint: reg_rsp_o[8] (output port clocked by core)
Path Group: core
Path Type: max

Fanout         Cap        Slew       Delay        Time   Description
---------------------------------------------------------------------------------------------
                      0.000000    0.050000    0.050000   clock core (rise edge)
                                  0.050000    0.100000   clock network delay (ideal)
                                  2.000000    2.100000 v input external delay
     1    0.003974    0.000397    0.000397    2.100398 v reg_req_i[36] (in)
                                                         reg_req_i[36] (net)
                      0.000397    0.000000    2.100398 v _0982_/A (sky130_fd_sc_hd__nor2_2)
     2    0.010726    0.227175    0.222616    2.323014 ^ _0982_/Y (sky130_fd_sc_hd__nor2_2)
                                                         _0559_ (net)
                      0.227175    0.000000    2.323014 ^ _0989_/A (sky130_fd_sc_hd__nand3_1)
     1    0.002131    0.080915    0.138334    2.461347 v _0989_/Y (sky130_fd_sc_hd__nand3_1)
                                                         _0566_ (net)
                      0.080915    0.000000    2.461347 v gain32/A (sky130_fd_sc_hd__buf_4)
     4    0.013962    0.049893    0.247251    2.708599 v gain32/X (sky130_fd_sc_hd__buf_4)
                                                         net31 (net)
                      0.049893    0.000000    2.708599 v _1171_/B (sky130_fd_sc_hd__nor2_1)
     1    0.002221    0.109181    0.121906    2.830505 ^ _1171_/Y (sky130_fd_sc_hd__nor2_1)
                                                         _0718_ (net)
                      0.109181    0.000000    2.830505 ^ _1172_/A (sky130_fd_sc_hd__inv_1)
     2    0.006148    0.046013    0.084853    2.915358 v _1172_/Y (sky130_fd_sc_hd__inv_1)
                                                         _0719_ (net)
                      0.046013    0.000000    2.915358 v _1174_/A (sky130_fd_sc_hd__nor2_2)
     8    0.017778    0.343046    0.332213    3.247571 ^ _1174_/Y (sky130_fd_sc_hd__nor2_2)
                                                         _0721_ (net)
                      0.343046    0.000000    3.247571 ^ _1175_/C1 (sky130_fd_sc_hd__o311ai_0)
     1    0.002192    0.135356    0.251821    3.499391 v _1175_/Y (sky130_fd_sc_hd__o311ai_0)
                                                         _0722_ (net)
                      0.135356    0.000000    3.499391 v _1176_/C1 (sky130_fd_sc_hd__o211ai_1)
     1    0.001672    0.198166    0.146826    3.646217 ^ _1176_/Y (sky130_fd_sc_hd__o211ai_1)
                                                         u_uart_reg_reg_rsp_o_8_ (net)
                      0.198166    0.000000    3.646217 ^ _2081_/A (sky130_fd_sc_hd__buf_2)
     1    0.010000    0.091589    0.236599    3.882816 ^ _2081_/X (sky130_fd_sc_hd__buf_2)
                                                         reg_rsp_o[8] (net)
                      0.091589    0.000000    3.882816 ^ reg_rsp_o[8] (out)
                                              3.882816   data arrival time

                      0.000000   10.050000   10.050000   clock core (rise edge)
                                  0.050000   10.100000   clock network delay (ideal)
                                 -0.025000   10.075001   clock uncertainty
                                  0.000000   10.075001   clock reconvergence pessimism
                                 -2.000000    8.075001   output external delay
                                              8.075001   data required time
---------------------------------------------------------------------------------------------
                                              8.075001   data required time
                                             -3.882816   data arrival time
---------------------------------------------------------------------------------------------
                                              4.192184   slack (MET)


Startpoint: reg_req_i[36] (input port clocked by core)
Endpoint: reg_rsp_o[9] (output port clocked by core)
Path Group: core
Path Type: max

Fanout         Cap        Slew       Delay        Time   Description
---------------------------------------------------------------------------------------------
                      0.000000    0.050000    0.050000   clock core (rise edge)
                                  0.050000    0.100000   clock network delay (ideal)
                                  2.000000    2.100000 v input external delay
     1    0.003974    0.000397    0.000397    2.100398 v reg_req_i[36] (in)
                                                         reg_req_i[36] (net)
                      0.000397    0.000000    2.100398 v _0982_/A (sky130_fd_sc_hd__nor2_2)
     2    0.010726    0.227175    0.222616    2.323014 ^ _0982_/Y (sky130_fd_sc_hd__nor2_2)
                                                         _0559_ (net)
                      0.227175    0.000000    2.323014 ^ _0989_/A (sky130_fd_sc_hd__nand3_1)
     1    0.002131    0.080915    0.138334    2.461347 v _0989_/Y (sky130_fd_sc_hd__nand3_1)
                                                         _0566_ (net)
                      0.080915    0.000000    2.461347 v gain32/A (sky130_fd_sc_hd__buf_4)
     4    0.013962    0.049893    0.247251    2.708599 v gain32/X (sky130_fd_sc_hd__buf_4)
                                                         net31 (net)
                      0.049893    0.000000    2.708599 v _1171_/B (sky130_fd_sc_hd__nor2_1)
     1    0.002221    0.109181    0.121906    2.830505 ^ _1171_/Y (sky130_fd_sc_hd__nor2_1)
                                                         _0718_ (net)
                      0.109181    0.000000    2.830505 ^ _1172_/A (sky130_fd_sc_hd__inv_1)
     2    0.006148    0.046013    0.084853    2.915358 v _1172_/Y (sky130_fd_sc_hd__inv_1)
                                                         _0719_ (net)
                      0.046013    0.000000    2.915358 v _1174_/A (sky130_fd_sc_hd__nor2_2)
     8    0.017778    0.343046    0.332213    3.247571 ^ _1174_/Y (sky130_fd_sc_hd__nor2_2)
                                                         _0721_ (net)
                      0.343046    0.000000    3.247571 ^ _1650_/C1 (sky130_fd_sc_hd__o221ai_1)
     1    0.002192    0.112411    0.236925    3.484496 v _1650_/Y (sky130_fd_sc_hd__o221ai_1)
                                                         _0368_ (net)
                      0.112411    0.000000    3.484496 v _1651_/C1 (sky130_fd_sc_hd__o211ai_1)
     1    0.001672    0.198260    0.134480    3.618976 ^ _1651_/Y (sky130_fd_sc_hd__o211ai_1)
                                                         u_uart_reg_reg_rsp_o_9_ (net)
                      0.198260    0.000000    3.618976 ^ _2082_/A (sky130_fd_sc_hd__buf_2)
     1    0.010000    0.091589    0.236641    3.855617 ^ _2082_/X (sky130_fd_sc_hd__buf_2)
                                                         reg_rsp_o[9] (net)
                      0.091589    0.000000    3.855617 ^ reg_rsp_o[9] (out)
                                              3.855617   data arrival time

                      0.000000   10.050000   10.050000   clock core (rise edge)
                                  0.050000   10.100000   clock network delay (ideal)
                                 -0.025000   10.075001   clock uncertainty
                                  0.000000   10.075001   clock reconvergence pessimism
                                 -2.000000    8.075001   output external delay
                                              8.075001   data required time
---------------------------------------------------------------------------------------------
                                              8.075001   data required time
                                             -3.855617   data arrival time
---------------------------------------------------------------------------------------------
                                              4.219384   slack (MET)


Startpoint: reg_req_i[36] (input port clocked by core)
Endpoint: reg_rsp_o[7] (output port clocked by core)
Path Group: core
Path Type: max

Fanout         Cap        Slew       Delay        Time   Description
---------------------------------------------------------------------------------------------
                      0.000000    0.050000    0.050000   clock core (rise edge)
                                  0.050000    0.100000   clock network delay (ideal)
                                  2.000000    2.100000 v input external delay
     1    0.003974    0.000397    0.000397    2.100398 v reg_req_i[36] (in)
                                                         reg_req_i[36] (net)
                      0.000397    0.000000    2.100398 v _0982_/A (sky130_fd_sc_hd__nor2_2)
     2    0.010726    0.227175    0.222616    2.323014 ^ _0982_/Y (sky130_fd_sc_hd__nor2_2)
                                                         _0559_ (net)
                      0.227175    0.000000    2.323014 ^ _0989_/A (sky130_fd_sc_hd__nand3_1)
     1    0.002131    0.080915    0.138334    2.461347 v _0989_/Y (sky130_fd_sc_hd__nand3_1)
                                                         _0566_ (net)
                      0.080915    0.000000    2.461347 v gain32/A (sky130_fd_sc_hd__buf_4)
     4    0.013962    0.049893    0.247251    2.708599 v gain32/X (sky130_fd_sc_hd__buf_4)
                                                         net31 (net)
                      0.049893    0.000000    2.708599 v _1171_/B (sky130_fd_sc_hd__nor2_1)
     1    0.002221    0.109181    0.121906    2.830505 ^ _1171_/Y (sky130_fd_sc_hd__nor2_1)
                                                         _0718_ (net)
                      0.109181    0.000000    2.830505 ^ _1172_/A (sky130_fd_sc_hd__inv_1)
     2    0.006148    0.046013    0.084853    2.915358 v _1172_/Y (sky130_fd_sc_hd__inv_1)
                                                         _0719_ (net)
                      0.046013    0.000000    2.915358 v _1174_/A (sky130_fd_sc_hd__nor2_2)
     8    0.017778    0.343046    0.332213    3.247571 ^ _1174_/Y (sky130_fd_sc_hd__nor2_2)
                                                         _0721_ (net)
                      0.343046    0.000000    3.247571 ^ _1752_/C1 (sky130_fd_sc_hd__o221ai_1)
     1    0.002192    0.112411    0.236925    3.484496 v _1752_/Y (sky130_fd_sc_hd__o221ai_1)
                                                         _0466_ (net)
                      0.112411    0.000000    3.484496 v _1753_/C1 (sky130_fd_sc_hd__o211ai_1)
     1    0.001672    0.197862    0.134480    3.618976 ^ _1753_/Y (sky130_fd_sc_hd__o211ai_1)
                                                         u_uart_reg_reg_rsp_o_7_ (net)
                      0.197862    0.000000    3.618976 ^ _2080_/A (sky130_fd_sc_hd__buf_2)
     1    0.010000    0.091588    0.236465    3.855441 ^ _2080_/X (sky130_fd_sc_hd__buf_2)
                                                         reg_rsp_o[7] (net)
                      0.091588    0.000000    3.855441 ^ reg_rsp_o[7] (out)
                                              3.855441   data arrival time

                      0.000000   10.050000   10.050000   clock core (rise edge)
                                  0.050000   10.100000   clock network delay (ideal)
                                 -0.025000   10.075001   clock uncertainty
                                  0.000000   10.075001   clock reconvergence pessimism
                                 -2.000000    8.075001   output external delay
                                              8.075001   data required time
---------------------------------------------------------------------------------------------
                                              8.075001   data required time
                                             -3.855441   data arrival time
---------------------------------------------------------------------------------------------
                                              4.219560   slack (MET)


Startpoint: reg_req_i[36] (input port clocked by core)
Endpoint: reg_rsp_o[4] (output port clocked by core)
Path Group: core
Path Type: max

Fanout         Cap        Slew       Delay        Time   Description
---------------------------------------------------------------------------------------------
                      0.000000    0.050000    0.050000   clock core (rise edge)
                                  0.050000    0.100000   clock network delay (ideal)
                                  2.000000    2.100000 v input external delay
     1    0.003974    0.000397    0.000397    2.100398 v reg_req_i[36] (in)
                                                         reg_req_i[36] (net)
                      0.000397    0.000000    2.100398 v _0982_/A (sky130_fd_sc_hd__nor2_2)
     2    0.010726    0.227175    0.222616    2.323014 ^ _0982_/Y (sky130_fd_sc_hd__nor2_2)
                                                         _0559_ (net)
                      0.227175    0.000000    2.323014 ^ _0984_/A (sky130_fd_sc_hd__nand2_4)
     4    0.013737    0.075331    0.129439    2.452453 v _0984_/Y (sky130_fd_sc_hd__nand2_4)
                                                         _0561_ (net)
                      0.075331    0.000000    2.452453 v _1177_/C (sky130_fd_sc_hd__nor3_1)
     3    0.007793    0.465448    0.404874    2.857327 ^ _1177_/Y (sky130_fd_sc_hd__nor3_1)
                                                         _0723_ (net)
                      0.465448    0.000000    2.857327 ^ _1178_/A (sky130_fd_sc_hd__clkinv_1)
     4    0.008543    0.146237    0.280415    3.137742 v _1178_/Y (sky130_fd_sc_hd__clkinv_1)
                                                         _0724_ (net)
                      0.146237    0.000000    3.137742 v _1672_/A (sky130_fd_sc_hd__nor2_1)
     2    0.004809    0.179733    0.243228    3.380970 ^ _1672_/Y (sky130_fd_sc_hd__nor2_1)
                                                         _0389_ (net)
                      0.179733    0.000000    3.380970 ^ _1704_/C1 (sky130_fd_sc_hd__a211oi_1)
     1    0.002192    0.090321    0.092812    3.473781 v _1704_/Y (sky130_fd_sc_hd__a211oi_1)
                                                         _0420_ (net)
                      0.090321    0.000000    3.473781 v _1705_/C1 (sky130_fd_sc_hd__o211ai_1)
     1    0.001672    0.198234    0.122941    3.596722 ^ _1705_/Y (sky130_fd_sc_hd__o211ai_1)
                                                         u_uart_reg_reg_rsp_o_4_ (net)
                      0.198234    0.000000    3.596722 ^ _2077_/A (sky130_fd_sc_hd__buf_2)
     1    0.010000    0.091589    0.236629    3.833352 ^ _2077_/X (sky130_fd_sc_hd__buf_2)
                                                         reg_rsp_o[4] (net)
                      0.091589    0.000000    3.833352 ^ reg_rsp_o[4] (out)
                                              3.833352   data arrival time

                      0.000000   10.050000   10.050000   clock core (rise edge)
                                  0.050000   10.100000   clock network delay (ideal)
                                 -0.025000   10.075001   clock uncertainty
                                  0.000000   10.075001   clock reconvergence pessimism
                                 -2.000000    8.075001   output external delay
                                              8.075001   data required time
---------------------------------------------------------------------------------------------
                                              8.075001   data required time
                                             -3.833352   data arrival time
---------------------------------------------------------------------------------------------
                                              4.241649   slack (MET)


Startpoint: rst_ni (input port clocked by core)
Endpoint: _1820_ (recovery check against rising-edge clock core)
Path Group: asynchronous
Path Type: max

Fanout         Cap        Slew       Delay        Time   Description
---------------------------------------------------------------------------------------------
                      0.000000    0.050000    0.050000   clock core (rise edge)
                                  0.050000    0.100000   clock network delay (ideal)
                                  2.000000    2.100000 ^ input external delay
     4    0.013524    0.001352    0.001352    2.101352 ^ rst_ni (in)
                                                         rst_ni (net)
                      0.001352    0.000000    2.101352 ^ _1820_/RESET_B (sky130_fd_sc_hd__dfrtp_1)
                                              2.101352   data arrival time

                      0.000000   10.050000   10.050000   clock core (rise edge)
                                  0.050000   10.100000   clock network delay (ideal)
                                 -0.025000   10.075001   clock uncertainty
                                  0.000000   10.075001   clock reconvergence pessimism
                                             10.075001 ^ _1820_/CLK (sky130_fd_sc_hd__dfrtp_1)
                                  0.368736   10.443737   library recovery time
                                             10.443737   data required time
---------------------------------------------------------------------------------------------
                                             10.443737   data required time
                                             -2.101352   data arrival time
---------------------------------------------------------------------------------------------
                                              8.342384   slack (MET)


Startpoint: rst_ni (input port clocked by core)
Endpoint: _1821_ (recovery check against rising-edge clock core)
Path Group: asynchronous
Path Type: max

Fanout         Cap        Slew       Delay        Time   Description
---------------------------------------------------------------------------------------------
                      0.000000    0.050000    0.050000   clock core (rise edge)
                                  0.050000    0.100000   clock network delay (ideal)
                                  2.000000    2.100000 ^ input external delay
     4    0.013524    0.001352    0.001352    2.101352 ^ rst_ni (in)
                                                         rst_ni (net)
                      0.001352    0.000000    2.101352 ^ _1821_/RESET_B (sky130_fd_sc_hd__dfrtp_1)
                                              2.101352   data arrival time

                      0.000000   10.050000   10.050000   clock core (rise edge)
                                  0.050000   10.100000   clock network delay (ideal)
                                 -0.025000   10.075001   clock uncertainty
                                  0.000000   10.075001   clock reconvergence pessimism
                                             10.075001 ^ _1821_/CLK (sky130_fd_sc_hd__dfrtp_1)
                                  0.368736   10.443737   library recovery time
                                             10.443737   data required time
---------------------------------------------------------------------------------------------
                                             10.443737   data required time
                                             -2.101352   data arrival time
---------------------------------------------------------------------------------------------
                                              8.342384   slack (MET)


Startpoint: rst_ni (input port clocked by core)
Endpoint: _1822_ (recovery check against rising-edge clock core)
Path Group: asynchronous
Path Type: max

Fanout         Cap        Slew       Delay        Time   Description
---------------------------------------------------------------------------------------------
                      0.000000    0.050000    0.050000   clock core (rise edge)
                                  0.050000    0.100000   clock network delay (ideal)
                                  2.000000    2.100000 ^ input external delay
     4    0.013524    0.001352    0.001352    2.101352 ^ rst_ni (in)
                                                         rst_ni (net)
                      0.001352    0.000000    2.101352 ^ _1822_/RESET_B (sky130_fd_sc_hd__dfrtp_1)
                                              2.101352   data arrival time

                      0.000000   10.050000   10.050000   clock core (rise edge)
                                  0.050000   10.100000   clock network delay (ideal)
                                 -0.025000   10.075001   clock uncertainty
                                  0.000000   10.075001   clock reconvergence pessimism
                                             10.075001 ^ _1822_/CLK (sky130_fd_sc_hd__dfrtp_1)
                                  0.368736   10.443737   library recovery time
                                             10.443737   data required time
---------------------------------------------------------------------------------------------
                                             10.443737   data required time
                                             -2.101352   data arrival time
---------------------------------------------------------------------------------------------
                                              8.342384   slack (MET)


Startpoint: rst_ni (input port clocked by core)
Endpoint: _1823_ (recovery check against rising-edge clock core)
Path Group: asynchronous
Path Type: max

Fanout         Cap        Slew       Delay        Time   Description
---------------------------------------------------------------------------------------------
                      0.000000    0.050000    0.050000   clock core (rise edge)
                                  0.050000    0.100000   clock network delay (ideal)
                                  2.000000    2.100000 ^ input external delay
     4    0.013524    0.001352    0.001352    2.101352 ^ rst_ni (in)
                                                         rst_ni (net)
                      0.001352    0.000000    2.101352 ^ _1823_/RESET_B (sky130_fd_sc_hd__dfrtp_1)
                                              2.101352   data arrival time

                      0.000000   10.050000   10.050000   clock core (rise edge)
                                  0.050000   10.100000   clock network delay (ideal)
                                 -0.025000   10.075001   clock uncertainty
                                  0.000000   10.075001   clock reconvergence pessimism
                                             10.075001 ^ _1823_/CLK (sky130_fd_sc_hd__dfrtp_1)
                                  0.368736   10.443737   library recovery time
                                             10.443737   data required time
---------------------------------------------------------------------------------------------
                                             10.443737   data required time
                                             -2.101352   data arrival time
---------------------------------------------------------------------------------------------
                                              8.342384   slack (MET)


Startpoint: _1795_ (rising edge-triggered flip-flop clocked by core)
Endpoint: _1798_ (recovery check against rising-edge clock core)
Path Group: asynchronous
Path Type: max

Fanout         Cap        Slew       Delay        Time   Description
---------------------------------------------------------------------------------------------
                      0.000000    0.050000    0.050000   clock core (rise edge)
                                  0.050000    0.100000   clock network delay (ideal)
                      0.000000    0.000000    0.100000 ^ _1795_/CLK (sky130_fd_sc_hd__dfrtp_1)
     1    0.009199    0.143838    0.528368    0.628368 ^ _1795_/Q (sky130_fd_sc_hd__dfrtp_1)
                                                         u_uart_core_tx_rst_ni (net)
                      0.143838    0.000000    0.628368 ^ gain66/A (sky130_fd_sc_hd__buf_12)
     6    0.025009    0.067736    0.185792    0.814161 ^ gain66/X (sky130_fd_sc_hd__buf_12)
                                                         net65 (net)
                      0.067736    0.000000    0.814161 ^ gain65/A (sky130_fd_sc_hd__buf_12)
    25    0.082773    0.164207    0.229318    1.043478 ^ gain65/X (sky130_fd_sc_hd__buf_12)
                                                         net64 (net)
                      0.164207    0.000000    1.043478 ^ _1798_/SET_B (sky130_fd_sc_hd__dfstp_1)
                                              1.043478   data arrival time

                      0.000000   10.050000   10.050000   clock core (rise edge)
                                  0.050000   10.100000   clock network delay (ideal)
                                 -0.025000   10.075001   clock uncertainty
                                  0.000000   10.075001   clock reconvergence pessimism
                                             10.075001 ^ _1798_/CLK (sky130_fd_sc_hd__dfstp_1)
                                  0.160935   10.235936   library recovery time
                                             10.235936   data required time
---------------------------------------------------------------------------------------------
                                             10.235936   data required time
                                             -1.043478   data arrival time
---------------------------------------------------------------------------------------------
                                              9.192458   slack (MET)


Startpoint: _1795_ (rising edge-triggered flip-flop clocked by core)
Endpoint: _2016_ (recovery check against rising-edge clock core)
Path Group: asynchronous
Path Type: max

Fanout         Cap        Slew       Delay        Time   Description
---------------------------------------------------------------------------------------------
                      0.000000    0.050000    0.050000   clock core (rise edge)
                                  0.050000    0.100000   clock network delay (ideal)
                      0.000000    0.000000    0.100000 ^ _1795_/CLK (sky130_fd_sc_hd__dfrtp_1)
     1    0.009199    0.143838    0.528368    0.628368 ^ _1795_/Q (sky130_fd_sc_hd__dfrtp_1)
                                                         u_uart_core_tx_rst_ni (net)
                      0.143838    0.000000    0.628368 ^ gain66/A (sky130_fd_sc_hd__buf_12)
     6    0.025009    0.067736    0.185792    0.814161 ^ gain66/X (sky130_fd_sc_hd__buf_12)
                                                         net65 (net)
                      0.067736    0.000000    0.814161 ^ gain65/A (sky130_fd_sc_hd__buf_12)
    25    0.082773    0.164207    0.229318    1.043478 ^ gain65/X (sky130_fd_sc_hd__buf_12)
                                                         net64 (net)
                      0.164207    0.000000    1.043478 ^ _2016_/SET_B (sky130_fd_sc_hd__dfstp_1)
                                              1.043478   data arrival time

                      0.000000   10.050000   10.050000   clock core (rise edge)
                                  0.050000   10.100000   clock network delay (ideal)
                                 -0.025000   10.075001   clock uncertainty
                                  0.000000   10.075001   clock reconvergence pessimism
                                             10.075001 ^ _2016_/CLK (sky130_fd_sc_hd__dfstp_1)
                                  0.160935   10.235936   library recovery time
                                             10.235936   data required time
---------------------------------------------------------------------------------------------
                                             10.235936   data required time
                                             -1.043478   data arrival time
---------------------------------------------------------------------------------------------
                                              9.192458   slack (MET)


Startpoint: _1795_ (rising edge-triggered flip-flop clocked by core)
Endpoint: _2017_ (recovery check against rising-edge clock core)
Path Group: asynchronous
Path Type: max

Fanout         Cap        Slew       Delay        Time   Description
---------------------------------------------------------------------------------------------
                      0.000000    0.050000    0.050000   clock core (rise edge)
                                  0.050000    0.100000   clock network delay (ideal)
                      0.000000    0.000000    0.100000 ^ _1795_/CLK (sky130_fd_sc_hd__dfrtp_1)
     1    0.009199    0.143838    0.528368    0.628368 ^ _1795_/Q (sky130_fd_sc_hd__dfrtp_1)
                                                         u_uart_core_tx_rst_ni (net)
                      0.143838    0.000000    0.628368 ^ gain66/A (sky130_fd_sc_hd__buf_12)
     6    0.025009    0.067736    0.185792    0.814161 ^ gain66/X (sky130_fd_sc_hd__buf_12)
                                                         net65 (net)
                      0.067736    0.000000    0.814161 ^ gain65/A (sky130_fd_sc_hd__buf_12)
    25    0.082773    0.164207    0.229318    1.043478 ^ gain65/X (sky130_fd_sc_hd__buf_12)
                                                         net64 (net)
                      0.164207    0.000000    1.043478 ^ _2017_/SET_B (sky130_fd_sc_hd__dfstp_1)
                                              1.043478   data arrival time

                      0.000000   10.050000   10.050000   clock core (rise edge)
                                  0.050000   10.100000   clock network delay (ideal)
                                 -0.025000   10.075001   clock uncertainty
                                  0.000000   10.075001   clock reconvergence pessimism
                                             10.075001 ^ _2017_/CLK (sky130_fd_sc_hd__dfstp_1)
                                  0.160935   10.235936   library recovery time
                                             10.235936   data required time
---------------------------------------------------------------------------------------------
                                             10.235936   data required time
                                             -1.043478   data arrival time
---------------------------------------------------------------------------------------------
                                              9.192458   slack (MET)


Startpoint: _1795_ (rising edge-triggered flip-flop clocked by core)
Endpoint: _2018_ (recovery check against rising-edge clock core)
Path Group: asynchronous
Path Type: max

Fanout         Cap        Slew       Delay        Time   Description
---------------------------------------------------------------------------------------------
                      0.000000    0.050000    0.050000   clock core (rise edge)
                                  0.050000    0.100000   clock network delay (ideal)
                      0.000000    0.000000    0.100000 ^ _1795_/CLK (sky130_fd_sc_hd__dfrtp_1)
     1    0.009199    0.143838    0.528368    0.628368 ^ _1795_/Q (sky130_fd_sc_hd__dfrtp_1)
                                                         u_uart_core_tx_rst_ni (net)
                      0.143838    0.000000    0.628368 ^ gain66/A (sky130_fd_sc_hd__buf_12)
     6    0.025009    0.067736    0.185792    0.814161 ^ gain66/X (sky130_fd_sc_hd__buf_12)
                                                         net65 (net)
                      0.067736    0.000000    0.814161 ^ gain65/A (sky130_fd_sc_hd__buf_12)
    25    0.082773    0.164207    0.229318    1.043478 ^ gain65/X (sky130_fd_sc_hd__buf_12)
                                                         net64 (net)
                      0.164207    0.000000    1.043478 ^ _2018_/SET_B (sky130_fd_sc_hd__dfstp_1)
                                              1.043478   data arrival time

                      0.000000   10.050000   10.050000   clock core (rise edge)
                                  0.050000   10.100000   clock network delay (ideal)
                                 -0.025000   10.075001   clock uncertainty
                                  0.000000   10.075001   clock reconvergence pessimism
                                             10.075001 ^ _2018_/CLK (sky130_fd_sc_hd__dfstp_1)
                                  0.160935   10.235936   library recovery time
                                             10.235936   data required time
---------------------------------------------------------------------------------------------
                                             10.235936   data required time
                                             -1.043478   data arrival time
---------------------------------------------------------------------------------------------
                                              9.192458   slack (MET)


Startpoint: _1795_ (rising edge-triggered flip-flop clocked by core)
Endpoint: _2019_ (recovery check against rising-edge clock core)
Path Group: asynchronous
Path Type: max

Fanout         Cap        Slew       Delay        Time   Description
---------------------------------------------------------------------------------------------
                      0.000000    0.050000    0.050000   clock core (rise edge)
                                  0.050000    0.100000   clock network delay (ideal)
                      0.000000    0.000000    0.100000 ^ _1795_/CLK (sky130_fd_sc_hd__dfrtp_1)
     1    0.009199    0.143838    0.528368    0.628368 ^ _1795_/Q (sky130_fd_sc_hd__dfrtp_1)
                                                         u_uart_core_tx_rst_ni (net)
                      0.143838    0.000000    0.628368 ^ gain66/A (sky130_fd_sc_hd__buf_12)
     6    0.025009    0.067736    0.185792    0.814161 ^ gain66/X (sky130_fd_sc_hd__buf_12)
                                                         net65 (net)
                      0.067736    0.000000    0.814161 ^ gain65/A (sky130_fd_sc_hd__buf_12)
    25    0.082773    0.164207    0.229318    1.043478 ^ gain65/X (sky130_fd_sc_hd__buf_12)
                                                         net64 (net)
                      0.164207    0.000000    1.043478 ^ _2019_/SET_B (sky130_fd_sc_hd__dfstp_1)
                                              1.043478   data arrival time

                      0.000000   10.050000   10.050000   clock core (rise edge)
                                  0.050000   10.100000   clock network delay (ideal)
                                 -0.025000   10.075001   clock uncertainty
                                  0.000000   10.075001   clock reconvergence pessimism
                                             10.075001 ^ _2019_/CLK (sky130_fd_sc_hd__dfstp_1)
                                  0.160935   10.235936   library recovery time
                                             10.235936   data required time
---------------------------------------------------------------------------------------------
                                             10.235936   data required time
                                             -1.043478   data arrival time
---------------------------------------------------------------------------------------------
                                              9.192458   slack (MET)


Startpoint: _1795_ (rising edge-triggered flip-flop clocked by core)
Endpoint: _2020_ (recovery check against rising-edge clock core)
Path Group: asynchronous
Path Type: max

Fanout         Cap        Slew       Delay        Time   Description
---------------------------------------------------------------------------------------------
                      0.000000    0.050000    0.050000   clock core (rise edge)
                                  0.050000    0.100000   clock network delay (ideal)
                      0.000000    0.000000    0.100000 ^ _1795_/CLK (sky130_fd_sc_hd__dfrtp_1)
     1    0.009199    0.143838    0.528368    0.628368 ^ _1795_/Q (sky130_fd_sc_hd__dfrtp_1)
                                                         u_uart_core_tx_rst_ni (net)
                      0.143838    0.000000    0.628368 ^ gain66/A (sky130_fd_sc_hd__buf_12)
     6    0.025009    0.067736    0.185792    0.814161 ^ gain66/X (sky130_fd_sc_hd__buf_12)
                                                         net65 (net)
                      0.067736    0.000000    0.814161 ^ gain65/A (sky130_fd_sc_hd__buf_12)
    25    0.082773    0.164207    0.229318    1.043478 ^ gain65/X (sky130_fd_sc_hd__buf_12)
                                                         net64 (net)
                      0.164207    0.000000    1.043478 ^ _2020_/SET_B (sky130_fd_sc_hd__dfstp_1)
                                              1.043478   data arrival time

                      0.000000   10.050000   10.050000   clock core (rise edge)
                                  0.050000   10.100000   clock network delay (ideal)
                                 -0.025000   10.075001   clock uncertainty
                                  0.000000   10.075001   clock reconvergence pessimism
                                             10.075001 ^ _2020_/CLK (sky130_fd_sc_hd__dfstp_1)
                                  0.160935   10.235936   library recovery time
                                             10.235936   data required time
---------------------------------------------------------------------------------------------
                                             10.235936   data required time
                                             -1.043478   data arrival time
---------------------------------------------------------------------------------------------
                                              9.192458   slack (MET)

=== FlexSoC normalized power fields ===
dynamic_power_definition=internal_power+switching_power
power_unit=OpenSTA report unit; see Units section
internal_power=0.00135
switching_power=1.73e-05
dynamic_power=0.0013673000000000001
leakage_power=3.93e-09
total_power=0.00137

=== Gate-level timing/power fusion ===
power_semantics=average_instance_power_from_the_same_VCD_SAIF_context
path_power_sum=unique_instance_average_power_sum_not_incremental_path_energy
fanout_capacitance_source=OpenSTA_report_checks_output_pin_fields

Worst path 1: status=met slack=3.98335 type=max group=core
startpoint=reg_req_i[36] (input port clocked by core)
endpoint=reg_rsp_o[1] (output port clocked by core)
path_power_complete=true
path_average_power_sum internal=1.48607e-08 switching=2.32666e-08 dynamic=3.81274e-08 leakage=3.42418e-11 total=3.81616e-08
stage instance cell pins fanout capacitance slew delay arrival internal switching dynamic leakage total
1 _0982_ sky130_fd_sc_hd__nor2_2 A,Y 2 0.010726 0.227175 0.222616 2.32301 0 5.4481e-10 5.4481e-10 7.83408e-14 5.44888e-10
2 _0984_ sky130_fd_sc_hd__nand2_4 A,Y 4 0.013737 0.075331 0.129439 2.45245 2.62749e-09 3.985e-09 6.61249e-09 1.40665e-11 6.62656e-09
3 _1124_ sky130_fd_sc_hd__nor3_1 C,Y 4 0.009382 0.534488 0.460177 2.91263 1.56031e-09 3.33581e-09 4.89612e-09 1.3555e-13 4.89625e-09
4 _1125_ sky130_fd_sc_hd__clkinv_1 A,Y 5 0.010582 0.174009 0.326143 3.23877 6.58415e-10 4.16211e-09 4.82053e-09 5.64211e-14 4.82058e-09
5 _1244_ sky130_fd_sc_hd__nand2_1 A,Y 1 0.002282 0.064968 0.138852 3.37763 1.51416e-09 1.50684e-09 3.021e-09 3.4692e-12 3.02446e-09
6 _1246_ sky130_fd_sc_hd__nand2_1 A,Y 1 0.001502 0.030594 0.055832 3.43346 1.48727e-09 1.05188e-09 2.53915e-09 9.76863e-15 2.53916e-09
7 _1247_ sky130_fd_sc_hd__o21ai_0 B1,Y 1 0.004504 0.278678 0.119095 3.55255 1.53378e-09 2.97406e-09 4.50784e-09 4.38087e-12 4.51222e-09
8 _1248_ sky130_fd_sc_hd__o21ai_2 A2,Y 2 0.010031 0.078019 0.161116 3.71367 2.03725e-09 2.74183e-09 4.77908e-09 5.29367e-13 4.77961e-09
9 _1625_ sky130_fd_sc_hd__a21oi_1 A1,Y 1 0.001672 0.127128 0.172755 3.88642 1.27509e-09 4.24633e-10 1.69973e-09 7.90499e-12 1.70763e-09
10 _2074_ sky130_fd_sc_hd__buf_2 A,X 1 0.01 0.091383 0.205229 4.09165 2.16694e-09 2.53967e-09 4.70661e-09 3.61076e-12 4.71023e-09

Worst path 2: status=met slack=4.00075 type=max group=core
startpoint=reg_req_i[36] (input port clocked by core)
endpoint=reg_rsp_o[20] (output port clocked by core)
path_power_complete=true
path_average_power_sum internal=1.06775e-08 switching=1.95402e-08 dynamic=3.02177e-08 leakage=2.1575e-11 total=3.02393e-08
stage instance cell pins fanout capacitance slew delay arrival internal switching dynamic leakage total
1 _0982_ sky130_fd_sc_hd__nor2_2 A,Y 2 0.010726 0.227175 0.222616 2.32301 0 5.4481e-10 5.4481e-10 7.83408e-14 5.44888e-10
2 _0984_ sky130_fd_sc_hd__nand2_4 A,Y 4 0.013737 0.075331 0.129439 2.45245 2.62749e-09 3.985e-09 6.61249e-09 1.40665e-11 6.62656e-09
3 _1124_ sky130_fd_sc_hd__nor3_1 C,Y 4 0.009382 0.534488 0.460177 2.91263 1.56031e-09 3.33581e-09 4.89612e-09 1.3555e-13 4.89625e-09
4 _1125_ sky130_fd_sc_hd__clkinv_1 A,Y 5 0.010582 0.174009 0.326143 3.23877 6.58415e-10 4.16211e-09 4.82053e-09 5.64211e-14 4.82058e-09
5 _1129_ sky130_fd_sc_hd__nor2_1 A,Y 1 0.002221 0.1109 0.202379 3.44115 1.0872e-09 7.89685e-10 1.87689e-09 1.40414e-13 1.87703e-09
6 _1130_ sky130_fd_sc_hd__inv_1 A,Y 3 0.006502 0.047556 0.087272 3.52842 6.63385e-10 2.57279e-09 3.23617e-09 2.85052e-14 3.2362e-09
7 _1135_ sky130_fd_sc_hd__o31ai_1 A3,Y 1 0.001672 0.253112 0.284965 3.81339 1.07159e-09 5.94486e-10 1.66608e-09 3.47609e-12 1.66955e-09
8 _2093_ sky130_fd_sc_hd__buf_2 A,X 1 0.01 0.091748 0.260864 4.07425 3.00908e-09 3.55554e-09 6.56462e-09 3.59318e-12 6.56821e-09

Worst path 3: status=met slack=4.04015 type=max group=core
startpoint=reg_req_i[36] (input port clocked by core)
endpoint=reg_rsp_o[19] (output port clocked by core)
path_power_complete=true
path_average_power_sum internal=8.55653e-09 switching=1.73682e-08 dynamic=2.59248e-08 leakage=2.43791e-11 total=2.59492e-08
stage instance cell pins fanout capacitance slew delay arrival internal switching dynamic leakage total
1 _0982_ sky130_fd_sc_hd__nor2_2 A,Y 2 0.010726 0.227175 0.222616 2.32301 0 5.4481e-10 5.4481e-10 7.83408e-14 5.44888e-10
2 _0984_ sky130_fd_sc_hd__nand2_4 A,Y 4 0.013737 0.075331 0.129439 2.45245 2.62749e-09 3.985e-09 6.61249e-09 1.40665e-11 6.62656e-09
3 _1124_ sky130_fd_sc_hd__nor3_1 C,Y 4 0.009382 0.534488 0.460177 2.91263 1.56031e-09 3.33581e-09 4.89612e-09 1.3555e-13 4.89625e-09
4 _1125_ sky130_fd_sc_hd__clkinv_1 A,Y 5 0.010582 0.174009 0.326143 3.23877 6.58415e-10 4.16211e-09 4.82053e-09 5.64211e-14 4.82058e-09
5 _1129_ sky130_fd_sc_hd__nor2_1 A,Y 1 0.002221 0.1109 0.202379 3.44115 1.0872e-09 7.89685e-10 1.87689e-09 1.40414e-13 1.87703e-09
6 _1130_ sky130_fd_sc_hd__inv_1 A,Y 3 0.006502 0.047556 0.087272 3.52842 6.63385e-10 2.57279e-09 3.23617e-09 2.85052e-14 3.2362e-09
7 _1137_ sky130_fd_sc_hd__nor2_1 B,Y 1 0.002334 0.112305 0.123448 3.65187 1.82804e-10 1.18552e-10 3.01356e-10 1.75889e-12 3.03115e-10
8 _1139_ sky130_fd_sc_hd__a21oi_1 A1,Y 1 0.001502 0.042596 0.08639 3.73826 1.73475e-10 8.09139e-11 2.54389e-10 3.88516e-14 2.54428e-10
9 _1140_ sky130_fd_sc_hd__o21ai_0 B1,Y 1 0.001672 0.154065 0.07946 3.81772 3.04549e-10 2.5478e-10 5.59328e-10 4.48078e-12 5.63809e-10
10 _2092_ sky130_fd_sc_hd__buf_2 A,X 1 0.01 0.091461 0.217125 4.03485 1.2989e-09 1.5238e-09 2.8227e-09 3.59486e-12 2.82629e-09

Worst path 4: status=met slack=4.07261 type=max group=core
startpoint=reg_req_i[36] (input port clocked by core)
endpoint=reg_rsp_o[21] (output port clocked by core)
path_power_complete=true
path_average_power_sum internal=8.65534e-09 switching=1.71688e-08 dynamic=2.58241e-08 leakage=2.33762e-11 total=2.58475e-08
stage instance cell pins fanout capacitance slew delay arrival internal switching dynamic leakage total
1 _0982_ sky130_fd_sc_hd__nor2_2 A,Y 2 0.010726 0.227175 0.222616 2.32301 0 5.4481e-10 5.4481e-10 7.83408e-14 5.44888e-10
2 _0984_ sky130_fd_sc_hd__nand2_4 A,Y 4 0.013737 0.075331 0.129439 2.45245 2.62749e-09 3.985e-09 6.61249e-09 1.40665e-11 6.62656e-09
3 _1124_ sky130_fd_sc_hd__nor3_1 C,Y 4 0.009382 0.534488 0.460177 2.91263 1.56031e-09 3.33581e-09 4.89612e-09 1.3555e-13 4.89625e-09
4 _1125_ sky130_fd_sc_hd__clkinv_1 A,Y 5 0.010582 0.174009 0.326143 3.23877 6.58415e-10 4.16211e-09 4.82053e-09 5.64211e-14 4.82058e-09
5 _1129_ sky130_fd_sc_hd__nor2_1 A,Y 1 0.002221 0.1109 0.202379 3.44115 1.0872e-09 7.89685e-10 1.87689e-09 1.40414e-13 1.87703e-09
6 _1130_ sky130_fd_sc_hd__inv_1 A,Y 3 0.006502 0.047556 0.087272 3.52842 6.63385e-10 2.57279e-09 3.23617e-09 2.85052e-14 3.2362e-09
7 _1132_ sky130_fd_sc_hd__o221ai_1 B1,Y 1 0.001672 0.208305 0.232887 3.76131 7.68701e-10 2.5478e-10 1.02348e-09 5.27557e-12 1.02876e-09
8 _2094_ sky130_fd_sc_hd__buf_2 A,X 1 0.01 0.091618 0.241077 4.00239 1.28983e-09 1.5238e-09 2.81364e-09 3.59483e-12 2.81723e-09

Worst path 5: status=met slack=4.11805 type=max group=core
startpoint=reg_req_i[36] (input port clocked by core)
endpoint=reg_rsp_o[22] (output port clocked by core)
path_power_complete=true
path_average_power_sum internal=8.54789e-09 switching=1.44909e-08 dynamic=2.30387e-08 leakage=2.49728e-11 total=2.30637e-08
stage instance cell pins fanout capacitance slew delay arrival internal switching dynamic leakage total
1 _0982_ sky130_fd_sc_hd__nor2_2 A,Y 2 0.010726 0.227175 0.222616 2.32301 0 5.4481e-10 5.4481e-10 7.83408e-14 5.44888e-10
2 _0984_ sky130_fd_sc_hd__nand2_4 A,Y 4 0.013737 0.075331 0.129439 2.45245 2.62749e-09 3.985e-09 6.61249e-09 1.40665e-11 6.62656e-09
3 _1124_ sky130_fd_sc_hd__nor3_1 C,Y 4 0.009382 0.534488 0.460177 2.91263 1.56031e-09 3.33581e-09 4.89612e-09 1.3555e-13 4.89625e-09
4 _1125_ sky130_fd_sc_hd__clkinv_1 A,Y 5 0.010582 0.174009 0.326143 3.23877 6.58415e-10 4.16211e-09 4.82053e-09 5.64211e-14 4.82058e-09
5 _1126_ sky130_fd_sc_hd__a31oi_1 B1,Y 1 0.001593 0.151004 0.243414 3.48219 1.39118e-09 5.66397e-10 1.95758e-09 1.75792e-12 1.95934e-09
6 _1127_ sky130_fd_sc_hd__o21ai_0 B1,Y 1 0.002192 0.06838 0.126668 3.60886 2.68256e-10 1.18145e-10 3.86401e-10 7.13553e-15 3.86408e-10
7 _1128_ sky130_fd_sc_hd__o211ai_1 C1,Y 1 0.001672 0.198213 0.111479 3.72033 7.5051e-10 2.5478e-10 1.00529e-09 5.27603e-12 1.01057e-09
8 _2095_ sky130_fd_sc_hd__buf_2 A,X 1 0.01 0.091589 0.23662 3.95695 1.29172e-09 1.5238e-09 2.81552e-09 3.59486e-12 2.81912e-09

Worst path 6: status=met slack=4.19132 type=max group=core
startpoint=reg_req_i[36] (input port clocked by core)
endpoint=reg_rsp_o[5] (output port clocked by core)
path_power_complete=true
path_average_power_sum internal=1.52469e-08 switching=2.23428e-08 dynamic=3.75897e-08 leakage=3.11328e-11 total=3.76208e-08
stage instance cell pins fanout capacitance slew delay arrival internal switching dynamic leakage total
1 _0982_ sky130_fd_sc_hd__nor2_2 A,Y 2 0.010726 0.227175 0.222616 2.32301 0 5.4481e-10 5.4481e-10 7.83408e-14 5.44888e-10
2 _0984_ sky130_fd_sc_hd__nand2_4 A,Y 4 0.013737 0.075331 0.129439 2.45245 2.62749e-09 3.985e-09 6.61249e-09 1.40665e-11 6.62656e-09
3 _1124_ sky130_fd_sc_hd__nor3_1 C,Y 4 0.009382 0.534488 0.460177 2.91263 1.56031e-09 3.33581e-09 4.89612e-09 1.3555e-13 4.89625e-09
4 _1125_ sky130_fd_sc_hd__clkinv_1 A,Y 5 0.010582 0.174009 0.326143 3.23877 6.58415e-10 4.16211e-09 4.82053e-09 5.64211e-14 4.82058e-09
5 _1676_ sky130_fd_sc_hd__a21oi_1 B1,Y 1 0.002301 0.147287 0.22582 3.46459 2.36039e-10 1.16876e-10 3.52915e-10 7.88419e-12 3.60799e-10
6 _1677_ sky130_fd_sc_hd__o31ai_1 B1,Y 1 0.00215 0.092703 0.111526 3.57612 1.6734e-10 1.19568e-10 2.86908e-10 2.12302e-14 2.86929e-10
7 _1678_ sky130_fd_sc_hd__nand3_1 C,Y 1 0.001672 0.07568 0.126307 3.70243 2.58223e-09 1.44375e-09 4.02598e-09 5.28644e-12 4.03127e-09
8 _2078_ sky130_fd_sc_hd__buf_2 A,X 1 0.01 0.091249 0.181252 3.88368 7.41508e-09 8.63488e-09 1.605e-08 3.60406e-12 1.60536e-08

Worst path 7: status=met slack=4.19218 type=max group=core
startpoint=reg_req_i[36] (input port clocked by core)
endpoint=reg_rsp_o[8] (output port clocked by core)
path_power_complete=true
path_average_power_sum internal=1.54761e-08 switching=1.77761e-08 dynamic=3.32522e-08 leakage=1.37024e-11 total=3.32659e-08
stage instance cell pins fanout capacitance slew delay arrival internal switching dynamic leakage total
1 _0982_ sky130_fd_sc_hd__nor2_2 A,Y 2 0.010726 0.227175 0.222616 2.32301 0 5.4481e-10 5.4481e-10 7.83408e-14 5.44888e-10
2 _0989_ sky130_fd_sc_hd__nand3_1 A,Y 1 0.002131 0.080915 0.138334 2.46135 1.1343e-09 6.09013e-10 1.74331e-09 1.29936e-14 1.74333e-09
3 gain32 sky130_fd_sc_hd__buf_4 A,X 4 0.013962 0.049893 0.247251 2.7086 3.96287e-09 3.99973e-09 7.96259e-09 1.88685e-12 7.96448e-09
4 _1171_ sky130_fd_sc_hd__nor2_1 B,Y 1 0.002221 0.109181 0.121906 2.83051 5.71974e-10 5.64061e-10 1.13603e-09 1.76989e-12 1.1378e-09
5 _1172_ sky130_fd_sc_hd__inv_1 A,Y 2 0.006148 0.046013 0.084853 2.91536 4.75855e-10 1.75415e-09 2.23001e-09 2.20633e-14 2.23003e-09
6 _1174_ sky130_fd_sc_hd__nor2_2 A,Y 8 0.017778 0.343046 0.332213 3.24757 1.60869e-09 4.51503e-09 6.12372e-09 1.04654e-12 6.12477e-09
7 _1175_ sky130_fd_sc_hd__o311ai_0 C1,Y 1 0.002192 0.135356 0.251821 3.49939 2.22955e-09 1.2996e-09 3.52915e-09 1.60608e-14 3.52917e-09
8 _1176_ sky130_fd_sc_hd__o211ai_1 C1,Y 1 0.001672 0.198166 0.146826 3.64622 2.48868e-09 9.34192e-10 3.42288e-09 5.26241e-12 3.42814e-09
9 _2081_ sky130_fd_sc_hd__buf_2 A,X 1 0.01 0.091589 0.236599 3.88282 3.0042e-09 3.55554e-09 6.55974e-09 3.60729e-12 6.56335e-09

Worst path 8: status=met slack=4.21938 type=max group=core
startpoint=reg_req_i[36] (input port clocked by core)
endpoint=reg_rsp_o[9] (output port clocked by core)
path_power_complete=true
path_average_power_sum internal=1.68061e-08 switching=1.86221e-08 dynamic=3.54283e-08 leakage=1.98441e-11 total=3.54481e-08
stage instance cell pins fanout capacitance slew delay arrival internal switching dynamic leakage total
1 _0982_ sky130_fd_sc_hd__nor2_2 A,Y 2 0.010726 0.227175 0.222616 2.32301 0 5.4481e-10 5.4481e-10 7.83408e-14 5.44888e-10
2 _0989_ sky130_fd_sc_hd__nand3_1 A,Y 1 0.002131 0.080915 0.138334 2.46135 1.1343e-09 6.09013e-10 1.74331e-09 1.29936e-14 1.74333e-09
3 gain32 sky130_fd_sc_hd__buf_4 A,X 4 0.013962 0.049893 0.247251 2.7086 3.96287e-09 3.99973e-09 7.96259e-09 1.88685e-12 7.96448e-09
4 _1171_ sky130_fd_sc_hd__nor2_1 B,Y 1 0.002221 0.109181 0.121906 2.83051 5.71974e-10 5.64061e-10 1.13603e-09 1.76989e-12 1.1378e-09
5 _1172_ sky130_fd_sc_hd__inv_1 A,Y 2 0.006148 0.046013 0.084853 2.91536 4.75855e-10 1.75415e-09 2.23001e-09 2.20633e-14 2.23003e-09
6 _1174_ sky130_fd_sc_hd__nor2_2 A,Y 8 0.017778 0.343046 0.332213 3.24757 1.60869e-09 4.51503e-09 6.12372e-09 1.04654e-12 6.12477e-09
7 _1650_ sky130_fd_sc_hd__o221ai_1 C1,Y 1 0.002192 0.112411 0.236925 3.4845 3.09619e-09 1.2996e-09 4.39579e-09 6.15699e-12 4.40195e-09
8 _1651_ sky130_fd_sc_hd__o211ai_1 C1,Y 1 0.001672 0.19826 0.13448 3.61898 2.08396e-09 7.64339e-10 2.8483e-09 5.26296e-12 2.85356e-09
9 _2082_ sky130_fd_sc_hd__buf_2 A,X 1 0.01 0.091589 0.236641 3.85562 3.87231e-09 4.57141e-09 8.44371e-09 3.60745e-12 8.44732e-09

Worst path 9: status=met slack=4.21956 type=max group=core
startpoint=reg_req_i[36] (input port clocked by core)
endpoint=reg_rsp_o[7] (output port clocked by core)
path_power_complete=true
path_average_power_sum internal=1.93116e-08 switching=2.07573e-08 dynamic=4.00689e-08 leakage=1.94414e-11 total=4.00883e-08
stage instance cell pins fanout capacitance slew delay arrival internal switching dynamic leakage total
1 _0982_ sky130_fd_sc_hd__nor2_2 A,Y 2 0.010726 0.227175 0.222616 2.32301 0 5.4481e-10 5.4481e-10 7.83408e-14 5.44888e-10
2 _0989_ sky130_fd_sc_hd__nand3_1 A,Y 1 0.002131 0.080915 0.138334 2.46135 1.1343e-09 6.09013e-10 1.74331e-09 1.29936e-14 1.74333e-09
3 gain32 sky130_fd_sc_hd__buf_4 A,X 4 0.013962 0.049893 0.247251 2.7086 3.96287e-09 3.99973e-09 7.96259e-09 1.88685e-12 7.96448e-09
4 _1171_ sky130_fd_sc_hd__nor2_1 B,Y 1 0.002221 0.109181 0.121906 2.83051 5.71974e-10 5.64061e-10 1.13603e-09 1.76989e-12 1.1378e-09
5 _1172_ sky130_fd_sc_hd__inv_1 A,Y 2 0.006148 0.046013 0.084853 2.91536 4.75855e-10 1.75415e-09 2.23001e-09 2.20633e-14 2.23003e-09
6 _1174_ sky130_fd_sc_hd__nor2_2 A,Y 8 0.017778 0.343046 0.332213 3.24757 1.60869e-09 4.51503e-09 6.12372e-09 1.04654e-12 6.12477e-09
7 _1752_ sky130_fd_sc_hd__o221ai_1 C1,Y 1 0.002192 0.112411 0.236925 3.4845 2.7793e-09 1.06331e-09 3.84261e-09 6.153e-12 3.84876e-09
8 _1753_ sky130_fd_sc_hd__o211ai_1 C1,Y 1 0.001672 0.197862 0.13448 3.61898 3.18509e-09 1.10405e-09 4.28914e-09 4.86598e-12 4.294e-09
9 _2080_ sky130_fd_sc_hd__buf_2 A,X 1 0.01 0.091588 0.236465 3.85544 5.59349e-09 6.60314e-09 1.21966e-08 3.60573e-12 1.22002e-08

Worst path 10: status=met slack=4.24165 type=max group=core
startpoint=reg_req_i[36] (input port clocked by core)
endpoint=reg_rsp_o[4] (output port clocked by core)
path_power_complete=true
path_average_power_sum internal=2.06579e-08 switching=2.56679e-08 dynamic=4.63258e-08 leakage=2.33729e-11 total=4.63492e-08
stage instance cell pins fanout capacitance slew delay arrival internal switching dynamic leakage total
1 _0982_ sky130_fd_sc_hd__nor2_2 A,Y 2 0.010726 0.227175 0.222616 2.32301 0 5.4481e-10 5.4481e-10 7.83408e-14 5.44888e-10
2 _0984_ sky130_fd_sc_hd__nand2_4 A,Y 4 0.013737 0.075331 0.129439 2.45245 2.62749e-09 3.985e-09 6.61249e-09 1.40665e-11 6.62656e-09
3 _1177_ sky130_fd_sc_hd__nor3_1 C,Y 3 0.007793 0.465448 0.404874 2.85733 2.14252e-09 3.5625e-09 5.70501e-09 1.35527e-13 5.70515e-09
4 _1178_ sky130_fd_sc_hd__clkinv_1 A,Y 4 0.008543 0.146237 0.280415 3.13774 8.5724e-10 4.23952e-09 5.09676e-09 4.84395e-14 5.09681e-09
5 _1672_ sky130_fd_sc_hd__nor2_1 A,Y 2 0.004809 0.179733 0.243228 3.38097 1.42114e-09 2.19839e-09 3.61953e-09 1.41115e-13 3.61967e-09
6 _1704_ sky130_fd_sc_hd__a211oi_1 C1,Y 1 0.002192 0.090321 0.092812 3.47378 3.70087e-09 2.24476e-09 5.94563e-09 4.9671e-14 5.94568e-09
7 _1705_ sky130_fd_sc_hd__o211ai_1 C1,Y 1 0.001672 0.198234 0.122941 3.59672 3.45853e-09 1.2739e-09 4.73243e-09 5.24929e-12 4.73768e-09
8 _2077_ sky130_fd_sc_hd__buf_2 A,X 1 0.01 0.091589 0.236629 3.83335 6.45015e-09 7.61901e-09 1.40692e-08 3.60396e-12 1.40728e-08

Worst path 11: status=met slack=8.34238 type=max group=asynchronous
startpoint=rst_ni (input port clocked by core)
endpoint=_1820_ (recovery check against rising-edge clock core)
path_power_complete=true
path_average_power_sum internal=3.92454e-06 switching=2.33624e-09 dynamic=3.92688e-06 leakage=2.94997e-12 total=3.92688e-06
stage instance cell pins fanout capacitance slew delay arrival internal switching dynamic leakage total
1 _1820_ sky130_fd_sc_hd__dfrtp_1 RESET_B - - 0.001352 0 2.10135 3.92454e-06 2.33624e-09 3.92688e-06 2.94997e-12 3.92688e-06

Worst path 12: status=met slack=8.34238 type=max group=asynchronous
startpoint=rst_ni (input port clocked by core)
endpoint=_1821_ (recovery check against rising-edge clock core)
path_power_complete=true
path_average_power_sum internal=3.92399e-06 switching=4.78728e-10 dynamic=3.92447e-06 leakage=2.94655e-12 total=3.92447e-06
stage instance cell pins fanout capacitance slew delay arrival internal switching dynamic leakage total
1 _1821_ sky130_fd_sc_hd__dfrtp_1 RESET_B - - 0.001352 0 2.10135 3.92399e-06 4.78728e-10 3.92447e-06 2.94655e-12 3.92447e-06

Worst path 13: status=met slack=8.34238 type=max group=asynchronous
startpoint=rst_ni (input port clocked by core)
endpoint=_1822_ (recovery check against rising-edge clock core)
path_power_complete=true
path_average_power_sum internal=3.92438e-06 switching=4.24633e-10 dynamic=3.9248e-06 leakage=2.94995e-12 total=3.9248e-06
stage instance cell pins fanout capacitance slew delay arrival internal switching dynamic leakage total
1 _1822_ sky130_fd_sc_hd__dfrtp_1 RESET_B - - 0.001352 0 2.10135 3.92438e-06 4.24633e-10 3.9248e-06 2.94995e-12 3.9248e-06

Worst path 14: status=met slack=8.34238 type=max group=asynchronous
startpoint=rst_ni (input port clocked by core)
endpoint=_1823_ (recovery check against rising-edge clock core)
path_power_complete=true
path_average_power_sum internal=3.92399e-06 switching=4.78728e-10 dynamic=3.92447e-06 leakage=2.94655e-12 total=3.92447e-06
stage instance cell pins fanout capacitance slew delay arrival internal switching dynamic leakage total
1 _1823_ sky130_fd_sc_hd__dfrtp_1 RESET_B - - 0.001352 0 2.10135 3.92399e-06 4.78728e-10 3.92447e-06 2.94655e-12 3.92447e-06

Worst path 15: status=met slack=9.19246 type=max group=asynchronous
startpoint=_1795_ (rising edge-triggered flip-flop clocked by core)
endpoint=_1798_ (recovery check against rising-edge clock core)
path_power_complete=true
path_average_power_sum internal=7.8117e-06 switching=1.79435e-08 dynamic=7.82965e-06 leakage=2.40413e-11 total=7.82967e-06
stage instance cell pins fanout capacitance slew delay arrival internal switching dynamic leakage total
1 _1795_ sky130_fd_sc_hd__dfrtp_1 CLK,Q 1 0.009199 0.143838 0.528368 0.628368 3.92295e-06 1.40175e-09 3.92435e-06 2.95296e-12 3.92436e-06
2 gain66 sky130_fd_sc_hd__buf_12 A,X 6 0.025009 0.067736 0.185792 0.814161 7.06877e-09 3.81088e-09 1.08797e-08 7.51003e-12 1.08872e-08
3 gain65 sky130_fd_sc_hd__buf_12 A,X 25 0.082773 0.164207 0.229318 1.04348 7.54426e-09 1.2613e-08 2.01572e-08 7.5102e-12 2.01647e-08
4 _1798_ sky130_fd_sc_hd__dfstp_1 SET_B - - 0.164207 0 1.04348 3.87414e-06 1.17942e-10 3.87426e-06 6.0681e-12 3.87426e-06

Worst path 16: status=met slack=9.19246 type=max group=asynchronous
startpoint=_1795_ (rising edge-triggered flip-flop clocked by core)
endpoint=_2016_ (recovery check against rising-edge clock core)
path_power_complete=true
path_average_power_sum internal=7.81212e-06 switching=1.79462e-08 dynamic=7.83007e-06 leakage=2.40413e-11 total=7.83009e-06
stage instance cell pins fanout capacitance slew delay arrival internal switching dynamic leakage total
1 _1795_ sky130_fd_sc_hd__dfrtp_1 CLK,Q 1 0.009199 0.143838 0.528368 0.628368 3.92295e-06 1.40175e-09 3.92435e-06 2.95296e-12 3.92436e-06
2 gain66 sky130_fd_sc_hd__buf_12 A,X 6 0.025009 0.067736 0.185792 0.814161 7.06877e-09 3.81088e-09 1.08797e-08 7.51003e-12 1.08872e-08
3 gain65 sky130_fd_sc_hd__buf_12 A,X 25 0.082773 0.164207 0.229318 1.04348 7.54426e-09 1.2613e-08 2.01572e-08 7.5102e-12 2.01647e-08
4 _2016_ sky130_fd_sc_hd__dfstp_1 SET_B - - 0.164207 0 1.04348 3.87456e-06 1.20584e-10 3.87468e-06 6.06807e-12 3.87468e-06

Worst path 17: status=met slack=9.19246 type=max group=asynchronous
startpoint=_1795_ (rising edge-triggered flip-flop clocked by core)
endpoint=_2017_ (recovery check against rising-edge clock core)
path_power_complete=true
path_average_power_sum internal=7.8117e-06 switching=1.79384e-08 dynamic=7.82964e-06 leakage=2.40413e-11 total=7.82966e-06
stage instance cell pins fanout capacitance slew delay arrival internal switching dynamic leakage total
1 _1795_ sky130_fd_sc_hd__dfrtp_1 CLK,Q 1 0.009199 0.143838 0.528368 0.628368 3.92295e-06 1.40175e-09 3.92435e-06 2.95296e-12 3.92436e-06
2 gain66 sky130_fd_sc_hd__buf_12 A,X 6 0.025009 0.067736 0.185792 0.814161 7.06877e-09 3.81088e-09 1.08797e-08 7.51003e-12 1.08872e-08
3 gain65 sky130_fd_sc_hd__buf_12 A,X 25 0.082773 0.164207 0.229318 1.04348 7.54426e-09 1.2613e-08 2.01572e-08 7.5102e-12 2.01647e-08
4 _2017_ sky130_fd_sc_hd__dfstp_1 SET_B - - 0.164207 0 1.04348 3.87414e-06 1.12812e-10 3.87425e-06 6.06807e-12 3.87426e-06

Worst path 18: status=met slack=9.19246 type=max group=asynchronous
startpoint=_1795_ (rising edge-triggered flip-flop clocked by core)
endpoint=_2018_ (recovery check against rising-edge clock core)
path_power_complete=true
path_average_power_sum internal=7.8117e-06 switching=1.79462e-08 dynamic=7.82965e-06 leakage=2.40413e-11 total=7.82967e-06
stage instance cell pins fanout capacitance slew delay arrival internal switching dynamic leakage total
1 _1795_ sky130_fd_sc_hd__dfrtp_1 CLK,Q 1 0.009199 0.143838 0.528368 0.628368 3.92295e-06 1.40175e-09 3.92435e-06 2.95296e-12 3.92436e-06
2 gain66 sky130_fd_sc_hd__buf_12 A,X 6 0.025009 0.067736 0.185792 0.814161 7.06877e-09 3.81088e-09 1.08797e-08 7.51003e-12 1.08872e-08
3 gain65 sky130_fd_sc_hd__buf_12 A,X 25 0.082773 0.164207 0.229318 1.04348 7.54426e-09 1.2613e-08 2.01572e-08 7.5102e-12 2.01647e-08
4 _2018_ sky130_fd_sc_hd__dfstp_1 SET_B - - 0.164207 0 1.04348 3.87414e-06 1.20584e-10 3.87426e-06 6.06809e-12 3.87427e-06

Worst path 19: status=met slack=9.19246 type=max group=asynchronous
startpoint=_1795_ (rising edge-triggered flip-flop clocked by core)
endpoint=_2019_ (recovery check against rising-edge clock core)
path_power_complete=true
path_average_power_sum internal=7.81172e-06 switching=1.803e-08 dynamic=7.82975e-06 leakage=2.40413e-11 total=7.82977e-06
stage instance cell pins fanout capacitance slew delay arrival internal switching dynamic leakage total
1 _1795_ sky130_fd_sc_hd__dfrtp_1 CLK,Q 1 0.009199 0.143838 0.528368 0.628368 3.92295e-06 1.40175e-09 3.92435e-06 2.95296e-12 3.92436e-06
2 gain66 sky130_fd_sc_hd__buf_12 A,X 6 0.025009 0.067736 0.185792 0.814161 7.06877e-09 3.81088e-09 1.08797e-08 7.51003e-12 1.08872e-08
3 gain65 sky130_fd_sc_hd__buf_12 A,X 25 0.082773 0.164207 0.229318 1.04348 7.54426e-09 1.2613e-08 2.01572e-08 7.5102e-12 2.01647e-08
4 _2019_ sky130_fd_sc_hd__dfstp_1 SET_B - - 0.164207 0 1.04348 3.87415e-06 2.04443e-10 3.87436e-06 6.06807e-12 3.87436e-06

Worst path 20: status=met slack=9.19246 type=max group=asynchronous
startpoint=_1795_ (rising edge-triggered flip-flop clocked by core)
endpoint=_2020_ (recovery check against rising-edge clock core)
path_power_complete=true
path_average_power_sum internal=7.81172e-06 switching=1.80327e-08 dynamic=7.82975e-06 leakage=2.40413e-11 total=7.82977e-06
stage instance cell pins fanout capacitance slew delay arrival internal switching dynamic leakage total
1 _1795_ sky130_fd_sc_hd__dfrtp_1 CLK,Q 1 0.009199 0.143838 0.528368 0.628368 3.92295e-06 1.40175e-09 3.92435e-06 2.95296e-12 3.92436e-06
2 gain66 sky130_fd_sc_hd__buf_12 A,X 6 0.025009 0.067736 0.185792 0.814161 7.06877e-09 3.81088e-09 1.08797e-08 7.51003e-12 1.08872e-08
3 gain65 sky130_fd_sc_hd__buf_12 A,X 25 0.082773 0.164207 0.229318 1.04348 7.54426e-09 1.2613e-08 2.01572e-08 7.5102e-12 2.01647e-08
4 _2020_ sky130_fd_sc_hd__dfstp_1 SET_B - - 0.164207 0 1.04348 3.87415e-06 2.07085e-10 3.87436e-06 6.06808e-12 3.87437e-06

=== Highest-power instances and worst path through each ===

Hotspot 1: instance=_1818_ selected_worst_paths=none internal=5.87042e-06 switching=7.2473e-07 dynamic=6.59515e-06 leakage=3.99088e-12 total=6.59515e-06
Worst path through hotspot: status=met slack=5.46416 type=max group=core
startpoint=_1756_ (rising edge-triggered flip-flop clocked by core)
endpoint=_1818_ (rising edge-triggered flip-flop clocked by core)
path_power_complete=true
path_average_power_sum internal=1.09612e-05 switching=1.07535e-06 dynamic=1.20366e-05 leakage=3.32777e-11 total=1.20366e-05
stage instance cell pins fanout capacitance slew delay arrival internal switching dynamic leakage total
1 _1756_ sky130_fd_sc_hd__dfstp_1 CLK,Q 3 0.008883 0.14338 0.890806 0.990806 3.87658e-06 1.35359e-09 3.87793e-06 4.35936e-12 3.87794e-06
2 _1039_ sky130_fd_sc_hd__nand2_1 A,Y 2 0.006224 0.076204 0.121565 1.11237 2.11395e-09 7.1701e-09 9.28405e-09 5.85798e-14 9.2841e-09
3 _1042_ sky130_fd_sc_hd__o21ai_1 A1,Y 2 0.0067 0.271515 0.302549 1.41492 2.07832e-09 4.42411e-09 6.50243e-09 1.74402e-12 6.50417e-09
4 _1043_ sky130_fd_sc_hd__a21oi_1 A2,Y 2 0.006351 0.096063 0.186304 1.60122 1.8868e-09 3.0985e-09 4.9853e-09 4.25644e-14 4.98535e-09
5 _1044_ sky130_fd_sc_hd__nor2_1 B,Y 2 0.0048 0.179339 0.197384 1.79861 1.02727e-09 2.19428e-09 3.22154e-09 1.75764e-12 3.2233e-09
6 _1045_ sky130_fd_sc_hd__nor2_1 B,Y 1 0.002116 0.052323 0.085821 1.88443 1.14322e-09 1.09759e-09 2.24082e-09 4.07782e-14 2.24086e-09
7 _1046_ sky130_fd_sc_hd__nor2_1 B,Y 2 0.004781 0.178896 0.177277 2.06171 1.98803e-10 2.42843e-10 4.41646e-10 1.7657e-12 4.43412e-10
8 _1047_ sky130_fd_sc_hd__a21oi_1 B1,Y 2 0.008201 0.098008 0.123044 2.18475 8.73788e-10 2.25523e-09 3.12901e-09 4.0945e-14 3.12906e-09
9 _1051_ sky130_fd_sc_hd__o21bai_2 A2,Y 3 0.008967 0.23351 0.263258 2.44801 3.01109e-09 2.27732e-09 5.28842e-09 7.0256e-12 5.29544e-09
10 _1058_ sky130_fd_sc_hd__nand3_1 A,Y 1 0.002141 0.082084 0.140588 2.5886 2.73285e-10 1.15911e-10 3.89195e-10 6.97207e-15 3.89202e-10
11 _1062_ sky130_fd_sc_hd__nand2_1 A,Y 3 0.008976 0.152516 0.161135 2.74973 2.99512e-09 9.57435e-09 1.25695e-08 3.5337e-12 1.2573e-08
12 _1063_ sky130_fd_sc_hd__inv_1 A,Y 2 0.00445 0.046937 0.092587 2.84232 1.9012e-09 5.38024e-09 7.28144e-09 1.86682e-14 7.28146e-09
13 _1069_ sky130_fd_sc_hd__o31ai_1 A3,Y 3 0.009136 0.619625 0.573384 3.4157 3.71735e-09 9.74502e-09 1.34624e-08 3.51255e-12 1.34659e-08
14 _1077_ sky130_fd_sc_hd__a31oi_1 A1,Y 2 0.004221 0.156027 0.286263 3.70197 3.2045e-09 4.08171e-09 7.28621e-09 4.20308e-14 7.28625e-09
15 _1078_ sky130_fd_sc_hd__nor3_1 C,Y 2 0.004775 0.329177 0.334753 4.03672 4.47018e-10 2.42539e-10 6.89557e-10 1.76603e-12 6.91323e-10
16 _1079_ sky130_fd_sc_hd__nor2_1 B,Y 2 0.006406 0.086984 0.160815 4.19754 3.26886e-09 7.15837e-09 1.04272e-08 3.02995e-14 1.04273e-08
17 _1080_ sky130_fd_sc_hd__xnor2_1 B,Y 1 0.001762 0.046321 0.167757 4.36529 1.18611e-06 2.90205e-07 1.47631e-06 3.5414e-12 1.47631e-06
18 _1818_ sky130_fd_sc_hd__dfrtp_1 D - - 0.046321 0 4.36529 5.87042e-06 7.2473e-07 6.59515e-06 3.99088e-12 6.59515e-06
OpenSTA targeted timing report:
Startpoint: _1756_ (rising edge-triggered flip-flop clocked by core)
Endpoint: _1818_ (rising edge-triggered flip-flop clocked by core)
Path Group: core
Path Type: max

Fanout         Cap        Slew       Delay        Time   Description
---------------------------------------------------------------------------------------------
                      0.000000    0.050000    0.050000   clock core (rise edge)
                                  0.050000    0.100000   clock network delay (ideal)
                      0.000000    0.000000    0.100000 ^ _1756_/CLK (sky130_fd_sc_hd__dfstp_1)
     3    0.008883    0.143380    0.890806    0.990806 ^ _1756_/Q (sky130_fd_sc_hd__dfstp_1)
                                                         reg2hw_41_ (net)
                      0.143380    0.000000    0.990806 ^ _1039_/A (sky130_fd_sc_hd__nand2_1)
     2    0.006224    0.076204    0.121565    1.112372 v _1039_/Y (sky130_fd_sc_hd__nand2_1)
                                                         _0612_ (net)
                      0.076204    0.000000    1.112372 v _1042_/A1 (sky130_fd_sc_hd__o21ai_1)
     2    0.006700    0.271515    0.302549    1.414920 ^ _1042_/Y (sky130_fd_sc_hd__o21ai_1)
                                                         _0615_ (net)
                      0.271515    0.000000    1.414920 ^ _1043_/A2 (sky130_fd_sc_hd__a21oi_1)
     2    0.006351    0.096063    0.186304    1.601225 v _1043_/Y (sky130_fd_sc_hd__a21oi_1)
                                                         _0616_ (net)
                      0.096063    0.000000    1.601225 v _1044_/B (sky130_fd_sc_hd__nor2_1)
     2    0.004800    0.179339    0.197384    1.798609 ^ _1044_/Y (sky130_fd_sc_hd__nor2_1)
                                                         _0617_ (net)
                      0.179339    0.000000    1.798609 ^ _1045_/B (sky130_fd_sc_hd__nor2_1)
     1    0.002116    0.052323    0.085821    1.884430 v _1045_/Y (sky130_fd_sc_hd__nor2_1)
                                                         _0618_ (net)
                      0.052323    0.000000    1.884430 v _1046_/B (sky130_fd_sc_hd__nor2_1)
     2    0.004781    0.178896    0.177277    2.061707 ^ _1046_/Y (sky130_fd_sc_hd__nor2_1)
                                                         _0619_ (net)
                      0.178896    0.000000    2.061707 ^ _1047_/B1 (sky130_fd_sc_hd__a21oi_1)
     2    0.008201    0.098008    0.123044    2.184751 v _1047_/Y (sky130_fd_sc_hd__a21oi_1)
                                                         _0620_ (net)
                      0.098008    0.000000    2.184751 v _1051_/A2 (sky130_fd_sc_hd__o21bai_2)
     3    0.008967    0.233510    0.263258    2.448009 ^ _1051_/Y (sky130_fd_sc_hd__o21bai_2)
                                                         _0624_ (net)
                      0.233510    0.000000    2.448009 ^ _1058_/A (sky130_fd_sc_hd__nand3_1)
     1    0.002141    0.082084    0.140588    2.588597 v _1058_/Y (sky130_fd_sc_hd__nand3_1)
                                                         _0631_ (net)
                      0.082084    0.000000    2.588597 v _1062_/A (sky130_fd_sc_hd__nand2_1)
     3    0.008976    0.152516    0.161135    2.749732 ^ _1062_/Y (sky130_fd_sc_hd__nand2_1)
                                                         _0635_ (net)
                      0.152516    0.000000    2.749732 ^ _1063_/A (sky130_fd_sc_hd__inv_1)
     2    0.004450    0.046937    0.092587    2.842319 v _1063_/Y (sky130_fd_sc_hd__inv_1)
                                                         _0636_ (net)
                      0.046937    0.000000    2.842319 v _1069_/A3 (sky130_fd_sc_hd__o31ai_1)
     3    0.009136    0.619625    0.573384    3.415703 ^ _1069_/Y (sky130_fd_sc_hd__o31ai_1)
                                                         _0642_ (net)
                      0.619625    0.000000    3.415703 ^ _1077_/A1 (sky130_fd_sc_hd__a31oi_1)
     2    0.004221    0.156027    0.286263    3.701966 v _1077_/Y (sky130_fd_sc_hd__a31oi_1)
                                                         _0650_ (net)
                      0.156027    0.000000    3.701966 v _1078_/C (sky130_fd_sc_hd__nor3_1)
     2    0.004775    0.329177    0.334753    4.036719 ^ _1078_/Y (sky130_fd_sc_hd__nor3_1)
                                                         _0651_ (net)
                      0.329177    0.000000    4.036719 ^ _1079_/B (sky130_fd_sc_hd__nor2_1)
     2    0.006406    0.086984    0.160815    4.197535 v _1079_/Y (sky130_fd_sc_hd__nor2_1)
                                                         _0652_ (net)
                      0.086984    0.000000    4.197535 v _1080_/B (sky130_fd_sc_hd__xnor2_1)
     1    0.001762    0.046321    0.167757    4.365292 v _1080_/Y (sky130_fd_sc_hd__xnor2_1)
                                                         _0008_ (net)
                      0.046321    0.000000    4.365292 v _1818_/D (sky130_fd_sc_hd__dfrtp_1)
                                              4.365292   data arrival time

                      0.000000   10.050000   10.050000   clock core (rise edge)
                                  0.050000   10.100000   clock network delay (ideal)
                                 -0.025000   10.075001   clock uncertainty
                                  0.000000   10.075001   clock reconvergence pessimism
                                             10.075001 ^ _1818_/CLK (sky130_fd_sc_hd__dfrtp_1)
                                 -0.245549    9.829453   library setup time
                                              9.829453   data required time
---------------------------------------------------------------------------------------------
                                              9.829453   data required time
                                             -4.365292   data arrival time
---------------------------------------------------------------------------------------------
                                              5.464161   slack (MET)

Hotspot 2: instance=_1819_ selected_worst_paths=none internal=5.81032e-06 switching=2.56393e-07 dynamic=6.06671e-06 leakage=3.98989e-12 total=6.06671e-06
Worst path through hotspot: status=met slack=5.54945 type=max group=core
startpoint=_1756_ (rising edge-triggered flip-flop clocked by core)
endpoint=_1819_ (rising edge-triggered flip-flop clocked by core)
path_power_complete=true
path_average_power_sum internal=1.03722e-05 switching=6.06818e-07 dynamic=1.0979e-05 leakage=2.99035e-11 total=1.09791e-05
stage instance cell pins fanout capacitance slew delay arrival internal switching dynamic leakage total
1 _1756_ sky130_fd_sc_hd__dfstp_1 CLK,Q 3 0.008883 0.14338 0.890806 0.990806 3.87658e-06 1.35359e-09 3.87793e-06 4.35936e-12 3.87794e-06
2 _1039_ sky130_fd_sc_hd__nand2_1 A,Y 2 0.006224 0.076204 0.121565 1.11237 2.11395e-09 7.1701e-09 9.28405e-09 5.85798e-14 9.2841e-09
3 _1042_ sky130_fd_sc_hd__o21ai_1 A1,Y 2 0.0067 0.271515 0.302549 1.41492 2.07832e-09 4.42411e-09 6.50243e-09 1.74402e-12 6.50417e-09
4 _1043_ sky130_fd_sc_hd__a21oi_1 A2,Y 2 0.006351 0.096063 0.186304 1.60122 1.8868e-09 3.0985e-09 4.9853e-09 4.25644e-14 4.98535e-09
5 _1044_ sky130_fd_sc_hd__nor2_1 B,Y 2 0.0048 0.179339 0.197384 1.79861 1.02727e-09 2.19428e-09 3.22154e-09 1.75764e-12 3.2233e-09
6 _1045_ sky130_fd_sc_hd__nor2_1 B,Y 1 0.002116 0.052323 0.085821 1.88443 1.14322e-09 1.09759e-09 2.24082e-09 4.07782e-14 2.24086e-09
7 _1046_ sky130_fd_sc_hd__nor2_1 B,Y 2 0.004781 0.178896 0.177277 2.06171 1.98803e-10 2.42843e-10 4.41646e-10 1.7657e-12 4.43412e-10
8 _1047_ sky130_fd_sc_hd__a21oi_1 B1,Y 2 0.008201 0.098008 0.123044 2.18475 8.73788e-10 2.25523e-09 3.12901e-09 4.0945e-14 3.12906e-09
9 _1051_ sky130_fd_sc_hd__o21bai_2 A2,Y 3 0.008967 0.23351 0.263258 2.44801 3.01109e-09 2.27732e-09 5.28842e-09 7.0256e-12 5.29544e-09
10 _1058_ sky130_fd_sc_hd__nand3_1 A,Y 1 0.002141 0.082084 0.140588 2.5886 2.73285e-10 1.15911e-10 3.89195e-10 6.97207e-15 3.89202e-10
11 _1062_ sky130_fd_sc_hd__nand2_1 A,Y 3 0.008976 0.152516 0.161135 2.74973 2.99512e-09 9.57435e-09 1.25695e-08 3.5337e-12 1.2573e-08
12 _1063_ sky130_fd_sc_hd__inv_1 A,Y 2 0.00445 0.046937 0.092587 2.84232 1.9012e-09 5.38024e-09 7.28144e-09 1.86682e-14 7.28146e-09
13 _1069_ sky130_fd_sc_hd__o31ai_1 A3,Y 3 0.009136 0.619625 0.573384 3.4157 3.71735e-09 9.74502e-09 1.34624e-08 3.51255e-12 1.34659e-08
14 _1077_ sky130_fd_sc_hd__a31oi_1 A1,Y 2 0.004221 0.156027 0.286263 3.70197 3.2045e-09 4.08171e-09 7.28621e-09 4.20308e-14 7.28625e-09
15 _1078_ sky130_fd_sc_hd__nor3_1 C,Y 2 0.004775 0.329177 0.334753 4.03672 4.47018e-10 2.42539e-10 6.89557e-10 1.76603e-12 6.91323e-10
16 _1079_ sky130_fd_sc_hd__nor2_1 B,Y 2 0.006406 0.086984 0.160815 4.19754 3.26886e-09 7.15837e-09 1.04272e-08 3.02995e-14 1.04273e-08
17 _1434_ sky130_fd_sc_hd__a21oi_1 A1,Y 1 0.001885 0.133775 0.182731 4.38027 6.57188e-07 2.90013e-07 9.47201e-07 1.68183e-13 9.47201e-07
18 _1819_ sky130_fd_sc_hd__dfrtp_1 D - - 0.133775 0 4.38027 5.81032e-06 2.56393e-07 6.06671e-06 3.98989e-12 6.06671e-06
OpenSTA targeted timing report:
Startpoint: _1756_ (rising edge-triggered flip-flop clocked by core)
Endpoint: _1819_ (rising edge-triggered flip-flop clocked by core)
Path Group: core
Path Type: max

Fanout         Cap        Slew       Delay        Time   Description
---------------------------------------------------------------------------------------------
                      0.000000    0.050000    0.050000   clock core (rise edge)
                                  0.050000    0.100000   clock network delay (ideal)
                      0.000000    0.000000    0.100000 ^ _1756_/CLK (sky130_fd_sc_hd__dfstp_1)
     3    0.008883    0.143380    0.890806    0.990806 ^ _1756_/Q (sky130_fd_sc_hd__dfstp_1)
                                                         reg2hw_41_ (net)
                      0.143380    0.000000    0.990806 ^ _1039_/A (sky130_fd_sc_hd__nand2_1)
     2    0.006224    0.076204    0.121565    1.112372 v _1039_/Y (sky130_fd_sc_hd__nand2_1)
                                                         _0612_ (net)
                      0.076204    0.000000    1.112372 v _1042_/A1 (sky130_fd_sc_hd__o21ai_1)
     2    0.006700    0.271515    0.302549    1.414920 ^ _1042_/Y (sky130_fd_sc_hd__o21ai_1)
                                                         _0615_ (net)
                      0.271515    0.000000    1.414920 ^ _1043_/A2 (sky130_fd_sc_hd__a21oi_1)
     2    0.006351    0.096063    0.186304    1.601225 v _1043_/Y (sky130_fd_sc_hd__a21oi_1)
                                                         _0616_ (net)
                      0.096063    0.000000    1.601225 v _1044_/B (sky130_fd_sc_hd__nor2_1)
     2    0.004800    0.179339    0.197384    1.798609 ^ _1044_/Y (sky130_fd_sc_hd__nor2_1)
                                                         _0617_ (net)
                      0.179339    0.000000    1.798609 ^ _1045_/B (sky130_fd_sc_hd__nor2_1)
     1    0.002116    0.052323    0.085821    1.884430 v _1045_/Y (sky130_fd_sc_hd__nor2_1)
                                                         _0618_ (net)
                      0.052323    0.000000    1.884430 v _1046_/B (sky130_fd_sc_hd__nor2_1)
     2    0.004781    0.178896    0.177277    2.061707 ^ _1046_/Y (sky130_fd_sc_hd__nor2_1)
                                                         _0619_ (net)
                      0.178896    0.000000    2.061707 ^ _1047_/B1 (sky130_fd_sc_hd__a21oi_1)
     2    0.008201    0.098008    0.123044    2.184751 v _1047_/Y (sky130_fd_sc_hd__a21oi_1)
                                                         _0620_ (net)
                      0.098008    0.000000    2.184751 v _1051_/A2 (sky130_fd_sc_hd__o21bai_2)
     3    0.008967    0.233510    0.263258    2.448009 ^ _1051_/Y (sky130_fd_sc_hd__o21bai_2)
                                                         _0624_ (net)
                      0.233510    0.000000    2.448009 ^ _1058_/A (sky130_fd_sc_hd__nand3_1)
     1    0.002141    0.082084    0.140588    2.588597 v _1058_/Y (sky130_fd_sc_hd__nand3_1)
                                                         _0631_ (net)
                      0.082084    0.000000    2.588597 v _1062_/A (sky130_fd_sc_hd__nand2_1)
     3    0.008976    0.152516    0.161135    2.749732 ^ _1062_/Y (sky130_fd_sc_hd__nand2_1)
                                                         _0635_ (net)
                      0.152516    0.000000    2.749732 ^ _1063_/A (sky130_fd_sc_hd__inv_1)
     2    0.004450    0.046937    0.092587    2.842319 v _1063_/Y (sky130_fd_sc_hd__inv_1)
                                                         _0636_ (net)
                      0.046937    0.000000    2.842319 v _1069_/A3 (sky130_fd_sc_hd__o31ai_1)
     3    0.009136    0.619625    0.573384    3.415703 ^ _1069_/Y (sky130_fd_sc_hd__o31ai_1)
                                                         _0642_ (net)
                      0.619625    0.000000    3.415703 ^ _1077_/A1 (sky130_fd_sc_hd__a31oi_1)
     2    0.004221    0.156027    0.286263    3.701966 v _1077_/Y (sky130_fd_sc_hd__a31oi_1)
                                                         _0650_ (net)
                      0.156027    0.000000    3.701966 v _1078_/C (sky130_fd_sc_hd__nor3_1)
     2    0.004775    0.329177    0.334753    4.036719 ^ _1078_/Y (sky130_fd_sc_hd__nor3_1)
                                                         _0651_ (net)
                      0.329177    0.000000    4.036719 ^ _1079_/B (sky130_fd_sc_hd__nor2_1)
     2    0.006406    0.086984    0.160815    4.197535 v _1079_/Y (sky130_fd_sc_hd__nor2_1)
                                                         _0652_ (net)
                      0.086984    0.000000    4.197535 v _1434_/A1 (sky130_fd_sc_hd__a21oi_1)
     1    0.001885    0.133775    0.182731    4.380266 ^ _1434_/Y (sky130_fd_sc_hd__a21oi_1)
                                                         _0001_ (net)
                      0.133775    0.000000    4.380266 ^ _1819_/D (sky130_fd_sc_hd__dfrtp_1)
                                              4.380266   data arrival time

                      0.000000   10.050000   10.050000   clock core (rise edge)
                                  0.050000   10.100000   clock network delay (ideal)
                                 -0.025000   10.075001   clock uncertainty
                                  0.000000   10.075001   clock reconvergence pessimism
                                             10.075001 ^ _1819_/CLK (sky130_fd_sc_hd__dfrtp_1)
                                 -0.145289    9.929711   library setup time
                                              9.929711   data required time
---------------------------------------------------------------------------------------------
                                              9.929711   data required time
                                             -4.380266   data arrival time
---------------------------------------------------------------------------------------------
                                              5.549446   slack (MET)

Hotspot 3: instance=_2063_ selected_worst_paths=none internal=4.91533e-06 switching=6.96034e-07 dynamic=5.61137e-06 leakage=3.99319e-12 total=5.61137e-06
Worst path through hotspot: status=met slack=8.62514 type=max group=core
startpoint=_2063_ (rising edge-triggered flip-flop clocked by core)
endpoint=_2066_ (rising edge-triggered flip-flop clocked by core)
path_power_complete=true
path_average_power_sum internal=9.68323e-06 switching=1.84409e-06 dynamic=1.15273e-05 leakage=1.14575e-11 total=1.15273e-05
stage instance cell pins fanout capacitance slew delay arrival internal switching dynamic leakage total
1 _2063_ sky130_fd_sc_hd__dfrtp_1 CLK,Q 3 0.008417 0.083549 0.570436 0.670436 4.91533e-06 6.96034e-07 5.61137e-06 3.99319e-12 5.61137e-06
2 _1319_ sky130_fd_sc_hd__nand3_1 B,Y 2 0.006598 0.153324 0.179847 0.850283 3.22425e-07 5.04378e-07 8.26803e-07 6.65537e-13 8.26803e-07
3 _1322_ sky130_fd_sc_hd__inv_1 A,Y 3 0.005595 0.051336 0.09901 0.949293 1.3639e-07 4.66844e-07 6.03234e-07 1.58242e-12 6.03236e-07
4 _1594_ sky130_fd_sc_hd__a21oi_1 A1,Y 1 0.002374 0.148987 0.176219 1.12551 1.11976e-07 6.81297e-08 1.80105e-07 1.08327e-12 1.80106e-07
5 _1596_ sky130_fd_sc_hd__nor2_1 A,Y 1 0.001762 0.037095 0.083818 1.20933 1.09459e-07 7.20964e-08 1.81555e-07 1.34233e-13 1.81555e-07
6 _2066_ sky130_fd_sc_hd__dfrtp_1 D - - 0.037095 0 1.20933 4.08765e-06 3.66046e-08 4.12426e-06 3.99882e-12 4.12426e-06
OpenSTA targeted timing report:
Startpoint: _2063_ (rising edge-triggered flip-flop clocked by core)
Endpoint: _2066_ (rising edge-triggered flip-flop clocked by core)
Path Group: core
Path Type: max

Fanout         Cap        Slew       Delay        Time   Description
---------------------------------------------------------------------------------------------
                      0.000000    0.050000    0.050000   clock core (rise edge)
                                  0.050000    0.100000   clock network delay (ideal)
                      0.000000    0.000000    0.100000 ^ _2063_/CLK (sky130_fd_sc_hd__dfrtp_1)
     3    0.008417    0.083549    0.570436    0.670436 v _2063_/Q (sky130_fd_sc_hd__dfrtp_1)
                                                         u_uart_core_uart_tx_baud_div_q_0_ (net)
                      0.083549    0.000000    0.670436 v _1319_/B (sky130_fd_sc_hd__nand3_1)
     2    0.006598    0.153324    0.179847    0.850283 ^ _1319_/Y (sky130_fd_sc_hd__nand3_1)
                                                         _0837_ (net)
                      0.153324    0.000000    0.850283 ^ _1322_/A (sky130_fd_sc_hd__inv_1)
     3    0.005595    0.051336    0.099010    0.949293 v _1322_/Y (sky130_fd_sc_hd__inv_1)
                                                         _0839_ (net)
                      0.051336    0.000000    0.949293 v _1594_/A1 (sky130_fd_sc_hd__a21oi_1)
     1    0.002374    0.148987    0.176219    1.125511 ^ _1594_/Y (sky130_fd_sc_hd__a21oi_1)
                                                         _0331_ (net)
                      0.148987    0.000000    1.125511 ^ _1596_/A (sky130_fd_sc_hd__nor2_1)
     1    0.001762    0.037095    0.083818    1.209329 v _1596_/Y (sky130_fd_sc_hd__nor2_1)
                                                         _0117_ (net)
                      0.037095    0.000000    1.209329 v _2066_/D (sky130_fd_sc_hd__dfrtp_1)
                                              1.209329   data arrival time

                      0.000000   10.050000   10.050000   clock core (rise edge)
                                  0.050000   10.100000   clock network delay (ideal)
                                 -0.025000   10.075001   clock uncertainty
                                  0.000000   10.075001   clock reconvergence pessimism
                                             10.075001 ^ _2066_/CLK (sky130_fd_sc_hd__dfrtp_1)
                                 -0.240526    9.834475   library setup time
                                              9.834475   data required time
---------------------------------------------------------------------------------------------
                                              9.834475   data required time
                                             -1.209329   data arrival time
---------------------------------------------------------------------------------------------
                                              8.625145   slack (MET)

Hotspot 4: instance=_2044_ selected_worst_paths=none internal=5.00958e-06 switching=3.5687e-07 dynamic=5.36645e-06 leakage=3.9954e-12 total=5.36645e-06
Worst path through hotspot: status=met slack=7.98253 type=max group=core
startpoint=_1802_ (rising edge-triggered flip-flop clocked by core)
endpoint=_2044_ (rising edge-triggered flip-flop clocked by core)
path_power_complete=true
path_average_power_sum internal=9.66837e-06 switching=7.38844e-07 dynamic=1.04072e-05 leakage=2.24532e-11 total=1.04072e-05
stage instance cell pins fanout capacitance slew delay arrival internal switching dynamic leakage total
1 _1802_ sky130_fd_sc_hd__dfstp_1 CLK,Q 3 0.006411 0.111002 0.865676 0.965676 3.91376e-06 1.46536e-08 3.92841e-06 5.37668e-12 3.92842e-06
2 _1334_ sky130_fd_sc_hd__a21oi_1 A2,Y 1 0.002143 0.045024 0.094654 1.06033 6.71842e-09 5.47197e-09 1.21904e-08 1.04124e-12 1.21914e-08
3 _1338_ sky130_fd_sc_hd__o2111ai_1 A2,Y 1 0.004355 0.291635 0.309429 1.36976 1.20085e-08 9.95424e-09 2.19627e-08 3.02316e-12 2.19657e-08
4 _1339_ sky130_fd_sc_hd__o21ai_2 B1,Y 3 0.008709 0.088956 0.169646 1.53941 1.22934e-08 2.26833e-08 3.49767e-08 4.10969e-12 3.49808e-08
5 _1345_ sky130_fd_sc_hd__clkinv_1 A,Y 1 0.008898 0.090355 0.122041 1.66145 4.34628e-09 2.03382e-08 2.46845e-08 5.77007e-13 2.4685e-08
6 _1346_ sky130_fd_sc_hd__nor2_4 B,Y 9 0.020187 0.047658 0.072737 1.73418 8.64752e-09 1.9817e-08 2.84646e-08 4.2468e-12 2.84688e-08
7 _1382_ sky130_fd_sc_hd__nor3_1 C,Y 1 0.001885 0.201437 0.187607 1.92179 7.01022e-07 2.89056e-07 9.90078e-07 8.31649e-14 9.90078e-07
8 _2044_ sky130_fd_sc_hd__dfrtp_1 D - - 0.201437 0 1.92179 5.00958e-06 3.5687e-07 5.36645e-06 3.9954e-12 5.36645e-06
OpenSTA targeted timing report:
Startpoint: _1802_ (rising edge-triggered flip-flop clocked by core)
Endpoint: _2044_ (rising edge-triggered flip-flop clocked by core)
Path Group: core
Path Type: max

Fanout         Cap        Slew       Delay        Time   Description
---------------------------------------------------------------------------------------------
                      0.000000    0.050000    0.050000   clock core (rise edge)
                                  0.050000    0.100000   clock network delay (ideal)
                      0.000000    0.000000    0.100000 ^ _1802_/CLK (sky130_fd_sc_hd__dfstp_1)
     3    0.006411    0.111002    0.865676    0.965676 ^ _1802_/Q (sky130_fd_sc_hd__dfstp_1)
                                                         u_uart_core_rx_sync_q1 (net)
                      0.111002    0.000000    0.965676 ^ _1334_/A2 (sky130_fd_sc_hd__a21oi_1)
     1    0.002143    0.045024    0.094654    1.060330 v _1334_/Y (sky130_fd_sc_hd__a21oi_1)
                                                         _0849_ (net)
                      0.045024    0.000000    1.060330 v _1338_/A2 (sky130_fd_sc_hd__o2111ai_1)
     1    0.004355    0.291635    0.309429    1.369759 ^ _1338_/Y (sky130_fd_sc_hd__o2111ai_1)
                                                         _0853_ (net)
                      0.291635    0.000000    1.369759 ^ _1339_/B1 (sky130_fd_sc_hd__o21ai_2)
     3    0.008709    0.088956    0.169646    1.539406 v _1339_/Y (sky130_fd_sc_hd__o21ai_2)
                                                         _0854_ (net)
                      0.088956    0.000000    1.539406 v _1345_/A (sky130_fd_sc_hd__clkinv_1)
     1    0.008898    0.090355    0.122041    1.661447 ^ _1345_/Y (sky130_fd_sc_hd__clkinv_1)
                                                         _0136_ (net)
                      0.090355    0.000000    1.661447 ^ _1346_/B (sky130_fd_sc_hd__nor2_4)
     9    0.020187    0.047658    0.072737    1.734184 v _1346_/Y (sky130_fd_sc_hd__nor2_4)
                                                         _0137_ (net)
                      0.047658    0.000000    1.734184 v _1382_/C (sky130_fd_sc_hd__nor3_1)
     1    0.001885    0.201437    0.187607    1.921791 ^ _1382_/Y (sky130_fd_sc_hd__nor3_1)
                                                         _0084_ (net)
                      0.201437    0.000000    1.921791 ^ _2044_/D (sky130_fd_sc_hd__dfrtp_1)
                                              1.921791   data arrival time

                      0.000000   10.050000   10.050000   clock core (rise edge)
                                  0.050000   10.100000   clock network delay (ideal)
                                 -0.025000   10.075001   clock uncertainty
                                  0.000000   10.075001   clock reconvergence pessimism
                                             10.075001 ^ _2044_/CLK (sky130_fd_sc_hd__dfrtp_1)
                                 -0.170677    9.904324   library setup time
                                              9.904324   data required time
---------------------------------------------------------------------------------------------
                                              9.904324   data required time
                                             -1.921791   data arrival time
---------------------------------------------------------------------------------------------
                                              7.982533   slack (MET)

Hotspot 5: instance=_2045_ selected_worst_paths=none internal=4.58154e-06 switching=1.7961e-07 dynamic=4.76115e-06 leakage=3.99786e-12 total=4.76115e-06
Worst path through hotspot: status=met slack=7.98253 type=max group=core
startpoint=_1802_ (rising edge-triggered flip-flop clocked by core)
endpoint=_2045_ (rising edge-triggered flip-flop clocked by core)
path_power_complete=true
path_average_power_sum internal=9.21441e-06 switching=5.61393e-07 dynamic=9.7758e-06 leakage=2.24606e-11 total=9.77582e-06
stage instance cell pins fanout capacitance slew delay arrival internal switching dynamic leakage total
1 _1802_ sky130_fd_sc_hd__dfstp_1 CLK,Q 3 0.006411 0.111002 0.865676 0.965676 3.91376e-06 1.46536e-08 3.92841e-06 5.37668e-12 3.92842e-06
2 _1334_ sky130_fd_sc_hd__a21oi_1 A2,Y 1 0.002143 0.045024 0.094654 1.06033 6.71842e-09 5.47197e-09 1.21904e-08 1.04124e-12 1.21914e-08
3 _1338_ sky130_fd_sc_hd__o2111ai_1 A2,Y 1 0.004355 0.291635 0.309429 1.36976 1.20085e-08 9.95424e-09 2.19627e-08 3.02316e-12 2.19657e-08
4 _1339_ sky130_fd_sc_hd__o21ai_2 B1,Y 3 0.008709 0.088956 0.169646 1.53941 1.22934e-08 2.26833e-08 3.49767e-08 4.10969e-12 3.49808e-08
5 _1345_ sky130_fd_sc_hd__clkinv_1 A,Y 1 0.008898 0.090355 0.122041 1.66145 4.34628e-09 2.03382e-08 2.46845e-08 5.77007e-13 2.4685e-08
6 _1346_ sky130_fd_sc_hd__nor2_4 B,Y 9 0.020187 0.047658 0.072737 1.73418 8.64752e-09 1.9817e-08 2.84646e-08 4.2468e-12 2.84688e-08
7 _1380_ sky130_fd_sc_hd__nor3_1 C,Y 1 0.001885 0.201437 0.187607 1.92179 6.75098e-07 2.88864e-07 9.63963e-07 8.81971e-14 9.63963e-07
8 _2045_ sky130_fd_sc_hd__dfrtp_1 D - - 0.201437 0 1.92179 4.58154e-06 1.7961e-07 4.76115e-06 3.99786e-12 4.76115e-06
OpenSTA targeted timing report:
Startpoint: _1802_ (rising edge-triggered flip-flop clocked by core)
Endpoint: _2045_ (rising edge-triggered flip-flop clocked by core)
Path Group: core
Path Type: max

Fanout         Cap        Slew       Delay        Time   Description
---------------------------------------------------------------------------------------------
                      0.000000    0.050000    0.050000   clock core (rise edge)
                                  0.050000    0.100000   clock network delay (ideal)
                      0.000000    0.000000    0.100000 ^ _1802_/CLK (sky130_fd_sc_hd__dfstp_1)
     3    0.006411    0.111002    0.865676    0.965676 ^ _1802_/Q (sky130_fd_sc_hd__dfstp_1)
                                                         u_uart_core_rx_sync_q1 (net)
                      0.111002    0.000000    0.965676 ^ _1334_/A2 (sky130_fd_sc_hd__a21oi_1)
     1    0.002143    0.045024    0.094654    1.060330 v _1334_/Y (sky130_fd_sc_hd__a21oi_1)
                                                         _0849_ (net)
                      0.045024    0.000000    1.060330 v _1338_/A2 (sky130_fd_sc_hd__o2111ai_1)
     1    0.004355    0.291635    0.309429    1.369759 ^ _1338_/Y (sky130_fd_sc_hd__o2111ai_1)
                                                         _0853_ (net)
                      0.291635    0.000000    1.369759 ^ _1339_/B1 (sky130_fd_sc_hd__o21ai_2)
     3    0.008709    0.088956    0.169646    1.539406 v _1339_/Y (sky130_fd_sc_hd__o21ai_2)
                                                         _0854_ (net)
                      0.088956    0.000000    1.539406 v _1345_/A (sky130_fd_sc_hd__clkinv_1)
     1    0.008898    0.090355    0.122041    1.661447 ^ _1345_/Y (sky130_fd_sc_hd__clkinv_1)
                                                         _0136_ (net)
                      0.090355    0.000000    1.661447 ^ _1346_/B (sky130_fd_sc_hd__nor2_4)
     9    0.020187    0.047658    0.072737    1.734184 v _1346_/Y (sky130_fd_sc_hd__nor2_4)
                                                         _0137_ (net)
                      0.047658    0.000000    1.734184 v _1380_/C (sky130_fd_sc_hd__nor3_1)
     1    0.001885    0.201437    0.187607    1.921791 ^ _1380_/Y (sky130_fd_sc_hd__nor3_1)
                                                         _0083_ (net)
                      0.201437    0.000000    1.921791 ^ _2045_/D (sky130_fd_sc_hd__dfrtp_1)
                                              1.921791   data arrival time

                      0.000000   10.050000   10.050000   clock core (rise edge)
                                  0.050000   10.100000   clock network delay (ideal)
                                 -0.025000   10.075001   clock uncertainty
                                  0.000000   10.075001   clock reconvergence pessimism
                                             10.075001 ^ _2045_/CLK (sky130_fd_sc_hd__dfrtp_1)
                                 -0.170677    9.904324   library setup time
                                              9.904324   data required time
---------------------------------------------------------------------------------------------
                                              9.904324   data required time
                                             -1.921791   data arrival time
---------------------------------------------------------------------------------------------
                                              7.982533   slack (MET)

Hotspot 6: instance=_2064_ selected_worst_paths=none internal=4.52923e-06 switching=1.78093e-07 dynamic=4.70733e-06 leakage=3.99259e-12 total=4.70733e-06
Worst path through hotspot: status=met slack=8.69222 type=max group=core
startpoint=_2064_ (rising edge-triggered flip-flop clocked by core)
endpoint=_2066_ (rising edge-triggered flip-flop clocked by core)
path_power_complete=true
path_average_power_sum internal=9.29714e-06 switching=1.32615e-06 dynamic=1.06233e-05 leakage=1.14569e-11 total=1.06233e-05
stage instance cell pins fanout capacitance slew delay arrival internal switching dynamic leakage total
1 _2064_ sky130_fd_sc_hd__dfrtp_1 CLK,Q 2 0.004236 0.060671 0.54174 0.64174 4.52923e-06 1.78093e-07 4.70733e-06 3.99259e-12 4.70733e-06
2 _1319_ sky130_fd_sc_hd__nand3_1 A,Y 2 0.006598 0.153324 0.141472 0.783212 3.22425e-07 5.04378e-07 8.26803e-07 6.65537e-13 8.26803e-07
3 _1322_ sky130_fd_sc_hd__inv_1 A,Y 3 0.005595 0.051336 0.09901 0.882222 1.3639e-07 4.66844e-07 6.03234e-07 1.58242e-12 6.03236e-07
4 _1594_ sky130_fd_sc_hd__a21oi_1 A1,Y 1 0.002374 0.148987 0.176219 1.05844 1.11976e-07 6.81297e-08 1.80105e-07 1.08327e-12 1.80106e-07
5 _1596_ sky130_fd_sc_hd__nor2_1 A,Y 1 0.001762 0.037095 0.083818 1.14226 1.09459e-07 7.20964e-08 1.81555e-07 1.34233e-13 1.81555e-07
6 _2066_ sky130_fd_sc_hd__dfrtp_1 D - - 0.037095 0 1.14226 4.08765e-06 3.66046e-08 4.12426e-06 3.99882e-12 4.12426e-06
OpenSTA targeted timing report:
Startpoint: _2064_ (rising edge-triggered flip-flop clocked by core)
Endpoint: _2066_ (rising edge-triggered flip-flop clocked by core)
Path Group: core
Path Type: max

Fanout         Cap        Slew       Delay        Time   Description
---------------------------------------------------------------------------------------------
                      0.000000    0.050000    0.050000   clock core (rise edge)
                                  0.050000    0.100000   clock network delay (ideal)
                      0.000000    0.000000    0.100000 ^ _2064_/CLK (sky130_fd_sc_hd__dfrtp_1)
     2    0.004236    0.060671    0.541740    0.641740 v _2064_/Q (sky130_fd_sc_hd__dfrtp_1)
                                                         u_uart_core_uart_tx_baud_div_q_1_ (net)
                      0.060671    0.000000    0.641740 v _1319_/A (sky130_fd_sc_hd__nand3_1)
     2    0.006598    0.153324    0.141472    0.783212 ^ _1319_/Y (sky130_fd_sc_hd__nand3_1)
                                                         _0837_ (net)
                      0.153324    0.000000    0.783212 ^ _1322_/A (sky130_fd_sc_hd__inv_1)
     3    0.005595    0.051336    0.099010    0.882222 v _1322_/Y (sky130_fd_sc_hd__inv_1)
                                                         _0839_ (net)
                      0.051336    0.000000    0.882222 v _1594_/A1 (sky130_fd_sc_hd__a21oi_1)
     1    0.002374    0.148987    0.176219    1.058441 ^ _1594_/Y (sky130_fd_sc_hd__a21oi_1)
                                                         _0331_ (net)
                      0.148987    0.000000    1.058441 ^ _1596_/A (sky130_fd_sc_hd__nor2_1)
     1    0.001762    0.037095    0.083818    1.142259 v _1596_/Y (sky130_fd_sc_hd__nor2_1)
                                                         _0117_ (net)
                      0.037095    0.000000    1.142259 v _2066_/D (sky130_fd_sc_hd__dfrtp_1)
                                              1.142259   data arrival time

                      0.000000   10.050000   10.050000   clock core (rise edge)
                                  0.050000   10.100000   clock network delay (ideal)
                                 -0.025000   10.075001   clock uncertainty
                                  0.000000   10.075001   clock reconvergence pessimism
                                             10.075001 ^ _2066_/CLK (sky130_fd_sc_hd__dfrtp_1)
                                 -0.240526    9.834475   library setup time
                                              9.834475   data required time
---------------------------------------------------------------------------------------------
                                              9.834475   data required time
                                             -1.142259   data arrival time
---------------------------------------------------------------------------------------------
                                              8.692216   slack (MET)

Hotspot 7: instance=_2046_ selected_worst_paths=none internal=4.32002e-06 switching=1.35814e-07 dynamic=4.45584e-06 leakage=4.00283e-12 total=4.45584e-06
Worst path through hotspot: status=met slack=7.78942 type=max group=core
startpoint=_1802_ (rising edge-triggered flip-flop clocked by core)
endpoint=_2046_ (rising edge-triggered flip-flop clocked by core)
path_power_complete=true
path_average_power_sum internal=9.45612e-06 switching=8.00839e-07 dynamic=1.0257e-05 leakage=2.44571e-11 total=1.0257e-05
stage instance cell pins fanout capacitance slew delay arrival internal switching dynamic leakage total
1 _1802_ sky130_fd_sc_hd__dfstp_1 CLK,Q 3 0.006411 0.111002 0.865676 0.965676 3.91376e-06 1.46536e-08 3.92841e-06 5.37668e-12 3.92842e-06
2 _1334_ sky130_fd_sc_hd__a21oi_1 A2,Y 1 0.002143 0.045024 0.094654 1.06033 6.71842e-09 5.47197e-09 1.21904e-08 1.04124e-12 1.21914e-08
3 _1338_ sky130_fd_sc_hd__o2111ai_1 A2,Y 1 0.004355 0.291635 0.309429 1.36976 1.20085e-08 9.95424e-09 2.19627e-08 3.02316e-12 2.19657e-08
4 _1339_ sky130_fd_sc_hd__o21ai_2 B1,Y 3 0.008709 0.088956 0.169646 1.53941 1.22934e-08 2.26833e-08 3.49767e-08 4.10969e-12 3.49808e-08
5 _1345_ sky130_fd_sc_hd__clkinv_1 A,Y 1 0.008898 0.090355 0.122041 1.66145 4.34628e-09 2.03382e-08 2.46845e-08 5.77007e-13 2.4685e-08
6 _1346_ sky130_fd_sc_hd__nor2_4 B,Y 9 0.020187 0.047658 0.072737 1.73418 8.64752e-09 1.9817e-08 2.84646e-08 4.2468e-12 2.84688e-08
7 _1377_ sky130_fd_sc_hd__a21oi_1 B1,Y 2 0.004662 0.219904 0.223484 1.95767 3.27272e-07 3.55435e-07 6.82707e-07 4.578e-14 6.82707e-07
8 _1378_ sky130_fd_sc_hd__o21a_1 B1,X 1 0.001885 0.053303 0.212813 2.17048 8.51052e-07 2.16672e-07 1.06772e-06 2.03386e-12 1.06773e-06
9 _2046_ sky130_fd_sc_hd__dfrtp_1 D - - 0.053303 0 2.17048 4.32002e-06 1.35814e-07 4.45584e-06 4.00283e-12 4.45584e-06
OpenSTA targeted timing report:
Startpoint: _1802_ (rising edge-triggered flip-flop clocked by core)
Endpoint: _2046_ (rising edge-triggered flip-flop clocked by core)
Path Group: core
Path Type: max

Fanout         Cap        Slew       Delay        Time   Description
---------------------------------------------------------------------------------------------
                      0.000000    0.050000    0.050000   clock core (rise edge)
                                  0.050000    0.100000   clock network delay (ideal)
                      0.000000    0.000000    0.100000 ^ _1802_/CLK (sky130_fd_sc_hd__dfstp_1)
     3    0.006411    0.111002    0.865676    0.965676 ^ _1802_/Q (sky130_fd_sc_hd__dfstp_1)
                                                         u_uart_core_rx_sync_q1 (net)
                      0.111002    0.000000    0.965676 ^ _1334_/A2 (sky130_fd_sc_hd__a21oi_1)
     1    0.002143    0.045024    0.094654    1.060330 v _1334_/Y (sky130_fd_sc_hd__a21oi_1)
                                                         _0849_ (net)
                      0.045024    0.000000    1.060330 v _1338_/A2 (sky130_fd_sc_hd__o2111ai_1)
     1    0.004355    0.291635    0.309429    1.369759 ^ _1338_/Y (sky130_fd_sc_hd__o2111ai_1)
                                                         _0853_ (net)
                      0.291635    0.000000    1.369759 ^ _1339_/B1 (sky130_fd_sc_hd__o21ai_2)
     3    0.008709    0.088956    0.169646    1.539406 v _1339_/Y (sky130_fd_sc_hd__o21ai_2)
                                                         _0854_ (net)
                      0.088956    0.000000    1.539406 v _1345_/A (sky130_fd_sc_hd__clkinv_1)
     1    0.008898    0.090355    0.122041    1.661447 ^ _1345_/Y (sky130_fd_sc_hd__clkinv_1)
                                                         _0136_ (net)
                      0.090355    0.000000    1.661447 ^ _1346_/B (sky130_fd_sc_hd__nor2_4)
     9    0.020187    0.047658    0.072737    1.734184 v _1346_/Y (sky130_fd_sc_hd__nor2_4)
                                                         _0137_ (net)
                      0.047658    0.000000    1.734184 v _1377_/B1 (sky130_fd_sc_hd__a21oi_1)
     2    0.004662    0.219904    0.223484    1.957668 ^ _1377_/Y (sky130_fd_sc_hd__a21oi_1)
                                                         _0156_ (net)
                      0.219904    0.000000    1.957668 ^ _1378_/B1 (sky130_fd_sc_hd__o21a_1)
     1    0.001885    0.053303    0.212813    2.170481 ^ _1378_/X (sky130_fd_sc_hd__o21a_1)
                                                         _0082_ (net)
                      0.053303    0.000000    2.170481 ^ _2046_/D (sky130_fd_sc_hd__dfrtp_1)
                                              2.170481   data arrival time

                      0.000000   10.050000   10.050000   clock core (rise edge)
                                  0.050000   10.100000   clock network delay (ideal)
                                 -0.025000   10.075001   clock uncertainty
                                  0.000000   10.075001   clock reconvergence pessimism
                                             10.075001 ^ _2046_/CLK (sky130_fd_sc_hd__dfrtp_1)
                                 -0.115094    9.959906   library setup time
                                              9.959906   data required time
---------------------------------------------------------------------------------------------
                                              9.959906   data required time
                                             -2.170481   data arrival time
---------------------------------------------------------------------------------------------
                                              7.789424   slack (MET)

Hotspot 8: instance=_1838_ selected_worst_paths=none internal=4.39526e-06 switching=1.19822e-10 dynamic=4.39538e-06 leakage=6.617e-12 total=4.39538e-06
Worst path through hotspot: status=met slack=6.24462 type=max group=core
startpoint=_2026_ (rising edge-triggered flip-flop clocked by core)
endpoint=_1838_ (rising edge-triggered flip-flop clocked by core)
path_power_complete=true
path_average_power_sum internal=8.38329e-06 switching=9.27782e-08 dynamic=8.47607e-06 leakage=5.76915e-11 total=8.47612e-06
stage instance cell pins fanout capacitance slew delay arrival internal switching dynamic leakage total
1 _2026_ sky130_fd_sc_hd__dfrtp_1 CLK,Q 1 0.009199 0.143838 0.528368 0.628368 3.92844e-06 4.20524e-09 3.93265e-06 5.00851e-12 3.93265e-06
2 gain56 sky130_fd_sc_hd__buf_12 A,X 36 0.072385 0.146741 0.248095 0.876463 2.22355e-08 3.30901e-08 5.53256e-08 2.12615e-11 5.53468e-08
3 _0911_ sky130_fd_sc_hd__clkinv_1 A,Y 5 0.009982 0.10736 0.161404 1.03787 9.32629e-10 5.10032e-09 6.03295e-09 4.85307e-14 6.033e-09
4 _0912_ sky130_fd_sc_hd__nor2_1 B,Y 3 0.00707 0.241272 0.249948 1.28781 1.01665e-09 3.23198e-09 4.24864e-09 1.76815e-12 4.25041e-09
5 _0915_ sky130_fd_sc_hd__nor2_1 A,Y 2 0.004373 0.062935 0.131349 1.41916 2.17121e-09 4.01263e-09 6.18384e-09 8.37784e-13 6.18468e-09
6 _0921_ sky130_fd_sc_hd__nand4_1 B,Y 3 0.007212 0.1818 0.184711 1.60387 1.13076e-09 1.83161e-09 2.96237e-09 1.9151e-12 2.96429e-09
7 _0922_ sky130_fd_sc_hd__nor2_1 B,Y 2 0.003394 0.058949 0.095778 1.69965 2.02374e-10 1.95301e-10 3.97675e-10 1.36376e-12 3.99039e-10
8 _0923_ sky130_fd_sc_hd__or2_0 B,X 2 0.004257 0.085029 0.347044 2.0467 7.44215e-10 7.13597e-10 1.45781e-09 2.40083e-12 1.46021e-09
9 _0924_ sky130_fd_sc_hd__nor2_1 B,Y 1 0.002322 0.111869 0.139882 2.18658 2.75113e-09 2.00502e-09 4.75614e-09 1.49982e-13 4.75629e-09
10 _0925_ sky130_fd_sc_hd__nand2_1 B,Y 2 0.006179 0.082131 0.111518 2.2981 2.46222e-09 5.91748e-09 8.37971e-09 2.76042e-14 8.37973e-09
11 _0933_ sky130_fd_sc_hd__nor2_1 B,Y 3 0.007133 0.243008 0.239808 2.5379 1.09937e-09 3.26078e-09 4.36016e-09 1.76745e-12 4.36192e-09
12 _0934_ sky130_fd_sc_hd__nand2_1 A,Y 1 0.008222 0.106999 0.176659 2.71456 9.7261e-10 4.20524e-09 5.17785e-09 1.32358e-14 5.17786e-09
13 gain14 sky130_fd_sc_hd__buf_12 A,X 6 0.035072 0.046771 0.242188 2.95675 2.1715e-08 1.83835e-08 4.00985e-08 7.45215e-12 4.01059e-08
14 _0942_ sky130_fd_sc_hd__nor2_4 B,Y 8 0.025616 0.293986 0.270198 3.22695 2.15419e-09 6.50562e-09 8.65981e-09 7.05989e-12 8.66687e-09
15 _1838_ sky130_fd_sc_hd__edfxtp_1 DE - - 0.293986 0 3.22695 4.39526e-06 1.19822e-10 4.39538e-06 6.617e-12 4.39538e-06
OpenSTA targeted timing report:
Startpoint: _2026_ (rising edge-triggered flip-flop clocked by core)
Endpoint: _1838_ (rising edge-triggered flip-flop clocked by core)
Path Group: core
Path Type: max

Fanout         Cap        Slew       Delay        Time   Description
---------------------------------------------------------------------------------------------
                      0.000000    0.050000    0.050000   clock core (rise edge)
                                  0.050000    0.100000   clock network delay (ideal)
                      0.000000    0.000000    0.100000 ^ _2026_/CLK (sky130_fd_sc_hd__dfrtp_1)
     1    0.009199    0.143838    0.528368    0.628368 ^ _2026_/Q (sky130_fd_sc_hd__dfrtp_1)
                                                         u_uart_core_u_uart_rxfifo_gen_normal_fifo_fifo_rptr_0_ (net)
                      0.143838    0.000000    0.628368 ^ gain56/A (sky130_fd_sc_hd__buf_12)
    36    0.072385    0.146741    0.248095    0.876463 ^ gain56/X (sky130_fd_sc_hd__buf_12)
                                                         net55 (net)
                      0.146741    0.000000    0.876463 ^ _0911_/A (sky130_fd_sc_hd__clkinv_1)
     5    0.009982    0.107360    0.161404    1.037867 v _0911_/Y (sky130_fd_sc_hd__clkinv_1)
                                                         _0515_ (net)
                      0.107360    0.000000    1.037867 v _0912_/B (sky130_fd_sc_hd__nor2_1)
     3    0.007070    0.241272    0.249948    1.287815 ^ _0912_/Y (sky130_fd_sc_hd__nor2_1)
                                                         _0516_ (net)
                      0.241272    0.000000    1.287815 ^ _0915_/A (sky130_fd_sc_hd__nor2_1)
     2    0.004373    0.062935    0.131349    1.419164 v _0915_/Y (sky130_fd_sc_hd__nor2_1)
                                                         _0519_ (net)
                      0.062935    0.000000    1.419164 v _0921_/B (sky130_fd_sc_hd__nand4_1)
     3    0.007212    0.181800    0.184711    1.603875 ^ _0921_/Y (sky130_fd_sc_hd__nand4_1)
                                                         _0525_ (net)
                      0.181800    0.000000    1.603875 ^ _0922_/B (sky130_fd_sc_hd__nor2_1)
     2    0.003394    0.058949    0.095778    1.699653 v _0922_/Y (sky130_fd_sc_hd__nor2_1)
                                                         _0526_ (net)
                      0.058949    0.000000    1.699653 v _0923_/B (sky130_fd_sc_hd__or2_0)
     2    0.004257    0.085029    0.347044    2.046696 v _0923_/X (sky130_fd_sc_hd__or2_0)
                                                         _0527_ (net)
                      0.085029    0.000000    2.046696 v _0924_/B (sky130_fd_sc_hd__nor2_1)
     1    0.002322    0.111869    0.139882    2.186578 ^ _0924_/Y (sky130_fd_sc_hd__nor2_1)
                                                         _0528_ (net)
                      0.111869    0.000000    2.186578 ^ _0925_/B (sky130_fd_sc_hd__nand2_1)
     2    0.006179    0.082131    0.111518    2.298096 v _0925_/Y (sky130_fd_sc_hd__nand2_1)
                                                         _0529_ (net)
                      0.082131    0.000000    2.298096 v _0933_/B (sky130_fd_sc_hd__nor2_1)
     3    0.007133    0.243008    0.239808    2.537905 ^ _0933_/Y (sky130_fd_sc_hd__nor2_1)
                                                         _0535_ (net)
                      0.243008    0.000000    2.537905 ^ _0934_/A (sky130_fd_sc_hd__nand2_1)
     1    0.008222    0.106999    0.176659    2.714563 v _0934_/Y (sky130_fd_sc_hd__nand2_1)
                                                         _0536_ (net)
                      0.106999    0.000000    2.714563 v gain14/A (sky130_fd_sc_hd__buf_12)
     6    0.035072    0.046771    0.242188    2.956752 v gain14/X (sky130_fd_sc_hd__buf_12)
                                                         net13 (net)
                      0.046771    0.000000    2.956752 v _0942_/B (sky130_fd_sc_hd__nor2_4)
     8    0.025616    0.293986    0.270198    3.226950 ^ _0942_/Y (sky130_fd_sc_hd__nor2_4)
                                                         _0032_ (net)
                      0.293986    0.000000    3.226950 ^ _1838_/DE (sky130_fd_sc_hd__edfxtp_1)
                                              3.226950   data arrival time

                      0.000000   10.050000   10.050000   clock core (rise edge)
                                  0.050000   10.100000   clock network delay (ideal)
                                 -0.025000   10.075001   clock uncertainty
                                  0.000000   10.075001   clock reconvergence pessimism
                                             10.075001 ^ _1838_/CLK (sky130_fd_sc_hd__edfxtp_1)
                                 -0.603431    9.471570   library setup time
                                              9.471570   data required time
---------------------------------------------------------------------------------------------
                                              9.471570   data required time
                                             -3.226950   data arrival time
---------------------------------------------------------------------------------------------
                                              6.244620   slack (MET)

Hotspot 9: instance=_1847_ selected_worst_paths=none internal=4.39526e-06 switching=1.17942e-10 dynamic=4.39538e-06 leakage=6.67902e-12 total=4.39538e-06
Worst path through hotspot: status=met slack=6.15721 type=max group=core
startpoint=_1847_ (rising edge-triggered flip-flop clocked by core)
endpoint=reg_rsp_o[9] (output port clocked by core)
path_power_complete=true
path_average_power_sum internal=4.40912e-06 switching=9.30053e-09 dynamic=4.41842e-06 leakage=2.53955e-11 total=4.41844e-06
stage instance cell pins fanout capacitance slew delay arrival internal switching dynamic leakage total
1 _1847_ sky130_fd_sc_hd__edfxtp_1 CLK,Q 1 0.002125 0.087475 0.561367 0.661367 4.39526e-06 1.17942e-10 4.39538e-06 6.67902e-12 4.39538e-06
2 _1645_ sky130_fd_sc_hd__nand2_1 B,Y 1 0.002334 0.062266 0.107502 0.768869 2.56177e-10 1.18552e-10 3.74729e-10 1.83295e-14 3.74747e-10
3 _1647_ sky130_fd_sc_hd__a21oi_1 A1,Y 1 0.002031 0.041996 0.068993 0.837862 1.06867e-09 5.93267e-10 1.66194e-09 1.91936e-13 1.66213e-09
4 _1648_ sky130_fd_sc_hd__a221oi_1 C1,Y 1 0.001693 0.297542 0.304004 1.14187 2.43941e-09 7.73939e-10 3.21335e-09 2.84307e-14 3.21338e-09
5 _1649_ sky130_fd_sc_hd__o21ai_0 A2,Y 1 0.00213 0.06985 0.165332 1.3072 1.04275e-09 1.06148e-09 2.10423e-09 3.45036e-12 2.10768e-09
6 _1650_ sky130_fd_sc_hd__o221ai_1 B2,Y 1 0.002326 0.230973 0.234873 1.54207 3.09619e-09 1.2996e-09 4.39579e-09 6.15699e-12 4.40195e-09
7 _1651_ sky130_fd_sc_hd__o211ai_1 C1,Y 1 0.001493 0.083851 0.154031 1.6961 2.08396e-09 7.64339e-10 2.8483e-09 5.26296e-12 2.85356e-09
8 _2082_ sky130_fd_sc_hd__buf_2 A,X 1 0.01 0.050385 0.221693 1.91779 3.87231e-09 4.57141e-09 8.44371e-09 3.60745e-12 8.44732e-09
OpenSTA targeted timing report:
Startpoint: _1847_ (rising edge-triggered flip-flop clocked by core)
Endpoint: reg_rsp_o[9] (output port clocked by core)
Path Group: core
Path Type: max

Fanout         Cap        Slew       Delay        Time   Description
---------------------------------------------------------------------------------------------
                      0.000000    0.050000    0.050000   clock core (rise edge)
                                  0.050000    0.100000   clock network delay (ideal)
                      0.000000    0.000000    0.100000 ^ _1847_/CLK (sky130_fd_sc_hd__edfxtp_1)
     1    0.002125    0.087475    0.561367    0.661367 v _1847_/Q (sky130_fd_sc_hd__edfxtp_1)
                                                         u_uart_core_u_uart_rxfifo_gen_normal_fifo_storage_7_ (net)
                      0.087475    0.000000    0.661367 v _1645_/B (sky130_fd_sc_hd__nand2_1)
     1    0.002334    0.062266    0.107502    0.768869 ^ _1645_/Y (sky130_fd_sc_hd__nand2_1)
                                                         _0363_ (net)
                      0.062266    0.000000    0.768869 ^ _1647_/A1 (sky130_fd_sc_hd__a21oi_1)
     1    0.002031    0.041996    0.068993    0.837862 v _1647_/Y (sky130_fd_sc_hd__a21oi_1)
                                                         _0365_ (net)
                      0.041996    0.000000    0.837862 v _1648_/C1 (sky130_fd_sc_hd__a221oi_1)
     1    0.001693    0.297542    0.304004    1.141866 ^ _1648_/Y (sky130_fd_sc_hd__a221oi_1)
                                                         _0366_ (net)
                      0.297542    0.000000    1.141866 ^ _1649_/A2 (sky130_fd_sc_hd__o21ai_0)
     1    0.002130    0.069850    0.165332    1.307198 v _1649_/Y (sky130_fd_sc_hd__o21ai_0)
                                                         _0367_ (net)
                      0.069850    0.000000    1.307198 v _1650_/B2 (sky130_fd_sc_hd__o221ai_1)
     1    0.002326    0.230973    0.234873    1.542071 ^ _1650_/Y (sky130_fd_sc_hd__o221ai_1)
                                                         _0368_ (net)
                      0.230973    0.000000    1.542071 ^ _1651_/C1 (sky130_fd_sc_hd__o211ai_1)
     1    0.001493    0.083851    0.154031    1.696102 v _1651_/Y (sky130_fd_sc_hd__o211ai_1)
                                                         u_uart_reg_reg_rsp_o_9_ (net)
                      0.083851    0.000000    1.696102 v _2082_/A (sky130_fd_sc_hd__buf_2)
     1    0.010000    0.050385    0.221693    1.917795 v _2082_/X (sky130_fd_sc_hd__buf_2)
                                                         reg_rsp_o[9] (net)
                      0.050385    0.000000    1.917795 v reg_rsp_o[9] (out)
                                              1.917795   data arrival time

                      0.000000   10.050000   10.050000   clock core (rise edge)
                                  0.050000   10.100000   clock network delay (ideal)
                                 -0.025000   10.075001   clock uncertainty
                                  0.000000   10.075001   clock reconvergence pessimism
                                 -2.000000    8.075001   output external delay
                                              8.075001   data required time
---------------------------------------------------------------------------------------------
                                              8.075001   data required time
                                             -1.917795   data arrival time
---------------------------------------------------------------------------------------------
                                              6.157205   slack (MET)

Hotspot 10: instance=_1840_ selected_worst_paths=none internal=4.39526e-06 switching=1.17942e-10 dynamic=4.39538e-06 leakage=6.1958e-12 total=4.39538e-06
Worst path through hotspot: status=met slack=6.15263 type=max group=core
startpoint=_1840_ (rising edge-triggered flip-flop clocked by core)
endpoint=reg_rsp_o[9] (output port clocked by core)
path_power_complete=true
path_average_power_sum internal=4.40975e-06 switching=1.02425e-08 dynamic=4.42e-06 leakage=2.49106e-11 total=4.42002e-06
stage instance cell pins fanout capacitance slew delay arrival internal switching dynamic leakage total
1 _1840_ sky130_fd_sc_hd__edfxtp_1 CLK,Q 1 0.002125 0.087475 0.561367 0.661367 4.39526e-06 1.17942e-10 4.39538e-06 6.1958e-12 4.39538e-06
2 _1646_ sky130_fd_sc_hd__nand2_1 B,Y 1 0.00232 0.062081 0.107359 0.768726 8.92397e-10 1.06057e-09 1.95296e-09 1.67114e-14 1.95298e-09
3 _1647_ sky130_fd_sc_hd__a21oi_1 A2,Y 1 0.002031 0.041996 0.073715 0.842441 1.06867e-09 5.93267e-10 1.66194e-09 1.91936e-13 1.66213e-09
4 _1648_ sky130_fd_sc_hd__a221oi_1 C1,Y 1 0.001693 0.297542 0.304004 1.14644 2.43941e-09 7.73939e-10 3.21335e-09 2.84307e-14 3.21338e-09
5 _1649_ sky130_fd_sc_hd__o21ai_0 A2,Y 1 0.00213 0.06985 0.165332 1.31178 1.04275e-09 1.06148e-09 2.10423e-09 3.45036e-12 2.10768e-09
6 _1650_ sky130_fd_sc_hd__o221ai_1 B2,Y 1 0.002326 0.230973 0.234873 1.54665 3.09619e-09 1.2996e-09 4.39579e-09 6.15699e-12 4.40195e-09
7 _1651_ sky130_fd_sc_hd__o211ai_1 C1,Y 1 0.001493 0.083851 0.154031 1.70068 2.08396e-09 7.64339e-10 2.8483e-09 5.26296e-12 2.85356e-09
8 _2082_ sky130_fd_sc_hd__buf_2 A,X 1 0.01 0.050385 0.221693 1.92237 3.87231e-09 4.57141e-09 8.44371e-09 3.60745e-12 8.44732e-09
OpenSTA targeted timing report:
Startpoint: _1840_ (rising edge-triggered flip-flop clocked by core)
Endpoint: reg_rsp_o[9] (output port clocked by core)
Path Group: core
Path Type: max

Fanout         Cap        Slew       Delay        Time   Description
---------------------------------------------------------------------------------------------
                      0.000000    0.050000    0.050000   clock core (rise edge)
                                  0.050000    0.100000   clock network delay (ideal)
                      0.000000    0.000000    0.100000 ^ _1840_/CLK (sky130_fd_sc_hd__edfxtp_1)
     1    0.002125    0.087475    0.561367    0.661367 v _1840_/Q (sky130_fd_sc_hd__edfxtp_1)
                                                         u_uart_core_u_uart_rxfifo_gen_normal_fifo_storage_15_ (net)
                      0.087475    0.000000    0.661367 v _1646_/B (sky130_fd_sc_hd__nand2_1)
     1    0.002320    0.062081    0.107359    0.768726 ^ _1646_/Y (sky130_fd_sc_hd__nand2_1)
                                                         _0364_ (net)
                      0.062081    0.000000    0.768726 ^ _1647_/A2 (sky130_fd_sc_hd__a21oi_1)
     1    0.002031    0.041996    0.073715    0.842441 v _1647_/Y (sky130_fd_sc_hd__a21oi_1)
                                                         _0365_ (net)
                      0.041996    0.000000    0.842441 v _1648_/C1 (sky130_fd_sc_hd__a221oi_1)
     1    0.001693    0.297542    0.304004    1.146445 ^ _1648_/Y (sky130_fd_sc_hd__a221oi_1)
                                                         _0366_ (net)
                      0.297542    0.000000    1.146445 ^ _1649_/A2 (sky130_fd_sc_hd__o21ai_0)
     1    0.002130    0.069850    0.165332    1.311777 v _1649_/Y (sky130_fd_sc_hd__o21ai_0)
                                                         _0367_ (net)
                      0.069850    0.000000    1.311777 v _1650_/B2 (sky130_fd_sc_hd__o221ai_1)
     1    0.002326    0.230973    0.234873    1.546650 ^ _1650_/Y (sky130_fd_sc_hd__o221ai_1)
                                                         _0368_ (net)
                      0.230973    0.000000    1.546650 ^ _1651_/C1 (sky130_fd_sc_hd__o211ai_1)
     1    0.001493    0.083851    0.154031    1.700681 v _1651_/Y (sky130_fd_sc_hd__o211ai_1)
                                                         u_uart_reg_reg_rsp_o_9_ (net)
                      0.083851    0.000000    1.700681 v _2082_/A (sky130_fd_sc_hd__buf_2)
     1    0.010000    0.050385    0.221693    1.922374 v _2082_/X (sky130_fd_sc_hd__buf_2)
                                                         reg_rsp_o[9] (net)
                      0.050385    0.000000    1.922374 v reg_rsp_o[9] (out)
                                              1.922374   data arrival time

                      0.000000   10.050000   10.050000   clock core (rise edge)
                                  0.050000   10.100000   clock network delay (ideal)
                                 -0.025000   10.075001   clock uncertainty
                                  0.000000   10.075001   clock reconvergence pessimism
                                 -2.000000    8.075001   output external delay
                                              8.075001   data required time
---------------------------------------------------------------------------------------------
                                              8.075001   data required time
                                             -1.922374   data arrival time
---------------------------------------------------------------------------------------------
                                              6.152626   slack (MET)

Hotspot 11: instance=_1839_ selected_worst_paths=none internal=4.39525e-06 switching=1.16926e-10 dynamic=4.39537e-06 leakage=6.67902e-12 total=4.39538e-06
Worst path through hotspot: status=met slack=6.24906 type=max group=core
startpoint=_1839_ (rising edge-triggered flip-flop clocked by core)
endpoint=reg_rsp_o[9] (output port clocked by core)
path_power_complete=true
path_average_power_sum internal=4.40779e-06 switching=8.58769e-09 dynamic=4.41638e-06 leakage=2.51852e-11 total=4.4164e-06
stage instance cell pins fanout capacitance slew delay arrival internal switching dynamic leakage total
1 _1839_ sky130_fd_sc_hd__edfxtp_1 CLK,Q 1 0.002134 0.087564 0.561512 0.661512 4.39525e-06 1.16926e-10 4.39537e-06 6.67902e-12 4.39538e-06
2 _1648_ sky130_fd_sc_hd__a221oi_1 A1,Y 1 0.001693 0.297542 0.388494 1.05001 2.43941e-09 7.73939e-10 3.21335e-09 2.84307e-14 3.21338e-09
3 _1649_ sky130_fd_sc_hd__o21ai_0 A2,Y 1 0.00213 0.06985 0.165332 1.21534 1.04275e-09 1.06148e-09 2.10423e-09 3.45036e-12 2.10768e-09
4 _1650_ sky130_fd_sc_hd__o221ai_1 B2,Y 1 0.002326 0.230973 0.234873 1.45021 3.09619e-09 1.2996e-09 4.39579e-09 6.15699e-12 4.40195e-09
5 _1651_ sky130_fd_sc_hd__o211ai_1 C1,Y 1 0.001493 0.083851 0.154031 1.60424 2.08396e-09 7.64339e-10 2.8483e-09 5.26296e-12 2.85356e-09
6 _2082_ sky130_fd_sc_hd__buf_2 A,X 1 0.01 0.050385 0.221693 1.82594 3.87231e-09 4.57141e-09 8.44371e-09 3.60745e-12 8.44732e-09
OpenSTA targeted timing report:
Startpoint: _1839_ (rising edge-triggered flip-flop clocked by core)
Endpoint: reg_rsp_o[9] (output port clocked by core)
Path Group: core
Path Type: max

Fanout         Cap        Slew       Delay        Time   Description
---------------------------------------------------------------------------------------------
                      0.000000    0.050000    0.050000   clock core (rise edge)
                                  0.050000    0.100000   clock network delay (ideal)
                      0.000000    0.000000    0.100000 ^ _1839_/CLK (sky130_fd_sc_hd__edfxtp_1)
     1    0.002134    0.087564    0.561512    0.661512 v _1839_/Q (sky130_fd_sc_hd__edfxtp_1)
                                                         u_uart_core_u_uart_rxfifo_gen_normal_fifo_storage_23_ (net)
                      0.087564    0.000000    0.661512 v _1648_/A1 (sky130_fd_sc_hd__a221oi_1)
     1    0.001693    0.297542    0.388494    1.050007 ^ _1648_/Y (sky130_fd_sc_hd__a221oi_1)
                                                         _0366_ (net)
                      0.297542    0.000000    1.050007 ^ _1649_/A2 (sky130_fd_sc_hd__o21ai_0)
     1    0.002130    0.069850    0.165332    1.215338 v _1649_/Y (sky130_fd_sc_hd__o21ai_0)
                                                         _0367_ (net)
                      0.069850    0.000000    1.215338 v _1650_/B2 (sky130_fd_sc_hd__o221ai_1)
     1    0.002326    0.230973    0.234873    1.450212 ^ _1650_/Y (sky130_fd_sc_hd__o221ai_1)
                                                         _0368_ (net)
                      0.230973    0.000000    1.450212 ^ _1651_/C1 (sky130_fd_sc_hd__o211ai_1)
     1    0.001493    0.083851    0.154031    1.604243 v _1651_/Y (sky130_fd_sc_hd__o211ai_1)
                                                         u_uart_reg_reg_rsp_o_9_ (net)
                      0.083851    0.000000    1.604243 v _2082_/A (sky130_fd_sc_hd__buf_2)
     1    0.010000    0.050385    0.221693    1.825936 v _2082_/X (sky130_fd_sc_hd__buf_2)
                                                         reg_rsp_o[9] (net)
                      0.050385    0.000000    1.825936 v reg_rsp_o[9] (out)
                                              1.825936   data arrival time

                      0.000000   10.050000   10.050000   clock core (rise edge)
                                  0.050000   10.100000   clock network delay (ideal)
                                 -0.025000   10.075001   clock uncertainty
                                  0.000000   10.075001   clock reconvergence pessimism
                                 -2.000000    8.075001   output external delay
                                              8.075001   data required time
---------------------------------------------------------------------------------------------
                                              8.075001   data required time
                                             -1.825936   data arrival time
---------------------------------------------------------------------------------------------
                                              6.249064   slack (MET)

Hotspot 12: instance=_1903_ selected_worst_paths=none internal=4.39483e-06 switching=1.20584e-10 dynamic=4.39495e-06 leakage=6.10413e-12 total=4.39496e-06
Worst path through hotspot: status=met slack=6.33811 type=max group=core
startpoint=_1903_ (rising edge-triggered flip-flop clocked by core)
endpoint=reg_rsp_o[8] (output port clocked by core)
path_power_complete=true
path_average_power_sum internal=4.40638e-06 switching=8.65027e-09 dynamic=4.41503e-06 leakage=1.96903e-11 total=4.41505e-06
stage instance cell pins fanout capacitance slew delay arrival internal switching dynamic leakage total
1 _1903_ sky130_fd_sc_hd__edfxtp_1 CLK,Q 1 0.002169 0.087907 0.562078 0.662078 4.39483e-06 1.20584e-10 4.39495e-06 6.10413e-12 4.39496e-06
2 _1165_ sky130_fd_sc_hd__nor2_1 A,Y 1 0.002401 0.11402 0.164702 0.82678 1.83516e-10 1.21955e-10 3.05471e-10 1.76745e-12 3.07239e-10
3 _1166_ sky130_fd_sc_hd__nor2_1 B,Y 1 0.00225 0.044765 0.068628 0.895407 7.75657e-10 6.13076e-10 1.38873e-09 1.14544e-13 1.38885e-09
4 _1169_ sky130_fd_sc_hd__o22ai_1 B1,Y 1 0.002282 0.18462 0.175564 1.07097 1.85872e-09 1.15911e-09 3.01783e-09 1.5805e-13 3.01799e-09
5 _1170_ sky130_fd_sc_hd__nand2_1 A,Y 1 0.001574 0.049484 0.094984 1.16596 1.00691e-09 8.46218e-10 1.85312e-09 2.66036e-12 1.85578e-09
6 _1175_ sky130_fd_sc_hd__o311ai_0 B1,Y 1 0.002326 0.405427 0.132953 1.29891 2.22955e-09 1.2996e-09 3.52915e-09 1.60608e-14 3.52917e-09
7 _1176_ sky130_fd_sc_hd__o211ai_1 C1,Y 1 0.001493 0.107573 0.203848 1.50276 2.48868e-09 9.34192e-10 3.42288e-09 5.26241e-12 3.42814e-09
8 _2081_ sky130_fd_sc_hd__buf_2 A,X 1 0.01 0.05049 0.234134 1.73689 3.0042e-09 3.55554e-09 6.55974e-09 3.60729e-12 6.56335e-09
OpenSTA targeted timing report:
Startpoint: _1903_ (rising edge-triggered flip-flop clocked by core)
Endpoint: reg_rsp_o[8] (output port clocked by core)
Path Group: core
Path Type: max

Fanout         Cap        Slew       Delay        Time   Description
---------------------------------------------------------------------------------------------
                      0.000000    0.050000    0.050000   clock core (rise edge)
                                  0.050000    0.100000   clock network delay (ideal)
                      0.000000    0.000000    0.100000 ^ _1903_/CLK (sky130_fd_sc_hd__edfxtp_1)
     1    0.002169    0.087907    0.562078    0.662078 v _1903_/Q (sky130_fd_sc_hd__edfxtp_1)
                                                         u_uart_core_u_uart_rxfifo_gen_normal_fifo_storage_14_ (net)
                      0.087907    0.000000    0.662078 v _1165_/A (sky130_fd_sc_hd__nor2_1)
     1    0.002401    0.114020    0.164702    0.826780 ^ _1165_/Y (sky130_fd_sc_hd__nor2_1)
                                                         _0712_ (net)
                      0.114020    0.000000    0.826780 ^ _1166_/B (sky130_fd_sc_hd__nor2_1)
     1    0.002250    0.044765    0.068628    0.895407 v _1166_/Y (sky130_fd_sc_hd__nor2_1)
                                                         _0713_ (net)
                      0.044765    0.000000    0.895407 v _1169_/B1 (sky130_fd_sc_hd__o22ai_1)
     1    0.002282    0.184620    0.175564    1.070971 ^ _1169_/Y (sky130_fd_sc_hd__o22ai_1)
                                                         _0716_ (net)
                      0.184620    0.000000    1.070971 ^ _1170_/A (sky130_fd_sc_hd__nand2_1)
     1    0.001574    0.049484    0.094984    1.165955 v _1170_/Y (sky130_fd_sc_hd__nand2_1)
                                                         _0717_ (net)
                      0.049484    0.000000    1.165955 v _1175_/B1 (sky130_fd_sc_hd__o311ai_0)
     1    0.002326    0.405427    0.132953    1.298908 ^ _1175_/Y (sky130_fd_sc_hd__o311ai_0)
                                                         _0722_ (net)
                      0.405427    0.000000    1.298908 ^ _1176_/C1 (sky130_fd_sc_hd__o211ai_1)
     1    0.001493    0.107573    0.203848    1.502756 v _1176_/Y (sky130_fd_sc_hd__o211ai_1)
                                                         u_uart_reg_reg_rsp_o_8_ (net)
                      0.107573    0.000000    1.502756 v _2081_/A (sky130_fd_sc_hd__buf_2)
     1    0.010000    0.050490    0.234134    1.736891 v _2081_/X (sky130_fd_sc_hd__buf_2)
                                                         reg_rsp_o[8] (net)
                      0.050490    0.000000    1.736891 v reg_rsp_o[8] (out)
                                              1.736891   data arrival time

                      0.000000   10.050000   10.050000   clock core (rise edge)
                                  0.050000   10.100000   clock network delay (ideal)
                                 -0.025000   10.075001   clock uncertainty
                                  0.000000   10.075001   clock reconvergence pessimism
                                 -2.000000    8.075001   output external delay
                                              8.075001   data required time
---------------------------------------------------------------------------------------------
                                              8.075001   data required time
                                             -1.736891   data arrival time
---------------------------------------------------------------------------------------------
                                              6.338110   slack (MET)

Hotspot 13: instance=_1910_ selected_worst_paths=none internal=4.39483e-06 switching=1.20787e-10 dynamic=4.39495e-06 leakage=6.35328e-12 total=4.39496e-06
Worst path through hotspot: status=met slack=6.20012 type=max group=core
startpoint=_1910_ (rising edge-triggered flip-flop clocked by core)
endpoint=reg_rsp_o[8] (output port clocked by core)
path_power_complete=true
path_average_power_sum internal=4.40775e-06 switching=9.34441e-09 dynamic=4.41709e-06 leakage=2.15778e-11 total=4.41711e-06
stage instance cell pins fanout capacitance slew delay arrival internal switching dynamic leakage total
1 _1910_ sky130_fd_sc_hd__edfxtp_1 CLK,Q 1 0.002158 0.087799 0.5619 0.6619 4.39483e-06 1.20787e-10 4.39495e-06 6.35328e-12 4.39496e-06
2 _1167_ sky130_fd_sc_hd__a22oi_1 A2,Y 1 0.002282 0.207756 0.281496 0.943396 1.53193e-09 5.79553e-10 2.11148e-09 1.32889e-14 2.1115e-09
3 _1168_ sky130_fd_sc_hd__nand2_1 A,Y 1 0.00217 0.057511 0.108414 1.05181 7.98715e-10 8.49418e-10 1.64813e-09 3.50707e-12 1.65164e-09
4 _1169_ sky130_fd_sc_hd__o22ai_1 B2,Y 1 0.002282 0.18462 0.157148 1.20896 1.85872e-09 1.15911e-09 3.01783e-09 1.5805e-13 3.01799e-09
5 _1170_ sky130_fd_sc_hd__nand2_1 A,Y 1 0.001574 0.049484 0.094984 1.30394 1.00691e-09 8.46218e-10 1.85312e-09 2.66036e-12 1.85578e-09
6 _1175_ sky130_fd_sc_hd__o311ai_0 B1,Y 1 0.002326 0.405427 0.132953 1.43689 2.22955e-09 1.2996e-09 3.52915e-09 1.60608e-14 3.52917e-09
7 _1176_ sky130_fd_sc_hd__o211ai_1 C1,Y 1 0.001493 0.107573 0.203848 1.64074 2.48868e-09 9.34192e-10 3.42288e-09 5.26241e-12 3.42814e-09
8 _2081_ sky130_fd_sc_hd__buf_2 A,X 1 0.01 0.05049 0.234134 1.87488 3.0042e-09 3.55554e-09 6.55974e-09 3.60729e-12 6.56335e-09
OpenSTA targeted timing report:
Startpoint: _1910_ (rising edge-triggered flip-flop clocked by core)
Endpoint: reg_rsp_o[8] (output port clocked by core)
Path Group: core
Path Type: max

Fanout         Cap        Slew       Delay        Time   Description
---------------------------------------------------------------------------------------------
                      0.000000    0.050000    0.050000   clock core (rise edge)
                                  0.050000    0.100000   clock network delay (ideal)
                      0.000000    0.000000    0.100000 ^ _1910_/CLK (sky130_fd_sc_hd__edfxtp_1)
     1    0.002158    0.087799    0.561900    0.661900 v _1910_/Q (sky130_fd_sc_hd__edfxtp_1)
                                                         u_uart_core_u_uart_rxfifo_gen_normal_fifo_storage_22_ (net)
                      0.087799    0.000000    0.661900 v _1167_/A2 (sky130_fd_sc_hd__a22oi_1)
     1    0.002282    0.207756    0.281496    0.943396 ^ _1167_/Y (sky130_fd_sc_hd__a22oi_1)
                                                         _0714_ (net)
                      0.207756    0.000000    0.943396 ^ _1168_/A (sky130_fd_sc_hd__nand2_1)
     1    0.002170    0.057511    0.108414    1.051810 v _1168_/Y (sky130_fd_sc_hd__nand2_1)
                                                         _0715_ (net)
                      0.057511    0.000000    1.051810 v _1169_/B2 (sky130_fd_sc_hd__o22ai_1)
     1    0.002282    0.184620    0.157148    1.208957 ^ _1169_/Y (sky130_fd_sc_hd__o22ai_1)
                                                         _0716_ (net)
                      0.184620    0.000000    1.208957 ^ _1170_/A (sky130_fd_sc_hd__nand2_1)
     1    0.001574    0.049484    0.094984    1.303941 v _1170_/Y (sky130_fd_sc_hd__nand2_1)
                                                         _0717_ (net)
                      0.049484    0.000000    1.303941 v _1175_/B1 (sky130_fd_sc_hd__o311ai_0)
     1    0.002326    0.405427    0.132953    1.436894 ^ _1175_/Y (sky130_fd_sc_hd__o311ai_0)
                                                         _0722_ (net)
                      0.405427    0.000000    1.436894 ^ _1176_/C1 (sky130_fd_sc_hd__o211ai_1)
     1    0.001493    0.107573    0.203848    1.640742 v _1176_/Y (sky130_fd_sc_hd__o211ai_1)
                                                         u_uart_reg_reg_rsp_o_8_ (net)
                      0.107573    0.000000    1.640742 v _2081_/A (sky130_fd_sc_hd__buf_2)
     1    0.010000    0.050490    0.234134    1.874877 v _2081_/X (sky130_fd_sc_hd__buf_2)
                                                         reg_rsp_o[8] (net)
                      0.050490    0.000000    1.874877 v reg_rsp_o[8] (out)
                                              1.874877   data arrival time

                      0.000000   10.050000   10.050000   clock core (rise edge)
                                  0.050000   10.100000   clock network delay (ideal)
                                 -0.025000   10.075001   clock uncertainty
                                  0.000000   10.075001   clock reconvergence pessimism
                                 -2.000000    8.075001   output external delay
                                              8.075001   data required time
---------------------------------------------------------------------------------------------
                                              8.075001   data required time
                                             -1.874877   data arrival time
---------------------------------------------------------------------------------------------
                                              6.200123   slack (MET)

Hotspot 14: instance=_1917_ selected_worst_paths=none internal=4.39483e-06 switching=1.20533e-10 dynamic=4.39495e-06 leakage=6.67568e-12 total=4.39496e-06
Worst path through hotspot: status=met slack=6.24462 type=max group=core
startpoint=_2026_ (rising edge-triggered flip-flop clocked by core)
endpoint=_1917_ (rising edge-triggered flip-flop clocked by core)
path_power_complete=true
path_average_power_sum internal=8.38286e-06 switching=9.27789e-08 dynamic=8.47564e-06 leakage=5.77502e-11 total=8.4757e-06
stage instance cell pins fanout capacitance slew delay arrival internal switching dynamic leakage total
1 _2026_ sky130_fd_sc_hd__dfrtp_1 CLK,Q 1 0.009199 0.143838 0.528368 0.628368 3.92844e-06 4.20524e-09 3.93265e-06 5.00851e-12 3.93265e-06
2 gain56 sky130_fd_sc_hd__buf_12 A,X 36 0.072385 0.146741 0.248095 0.876463 2.22355e-08 3.30901e-08 5.53256e-08 2.12615e-11 5.53468e-08
3 _0911_ sky130_fd_sc_hd__clkinv_1 A,Y 5 0.009982 0.10736 0.161404 1.03787 9.32629e-10 5.10032e-09 6.03295e-09 4.85307e-14 6.033e-09
4 _0912_ sky130_fd_sc_hd__nor2_1 B,Y 3 0.00707 0.241272 0.249948 1.28781 1.01665e-09 3.23198e-09 4.24864e-09 1.76815e-12 4.25041e-09
5 _0915_ sky130_fd_sc_hd__nor2_1 A,Y 2 0.004373 0.062935 0.131349 1.41916 2.17121e-09 4.01263e-09 6.18384e-09 8.37784e-13 6.18468e-09
6 _0921_ sky130_fd_sc_hd__nand4_1 B,Y 3 0.007212 0.1818 0.184711 1.60387 1.13076e-09 1.83161e-09 2.96237e-09 1.9151e-12 2.96429e-09
7 _0922_ sky130_fd_sc_hd__nor2_1 B,Y 2 0.003394 0.058949 0.095778 1.69965 2.02374e-10 1.95301e-10 3.97675e-10 1.36376e-12 3.99039e-10
8 _0923_ sky130_fd_sc_hd__or2_0 B,X 2 0.004257 0.085029 0.347044 2.0467 7.44215e-10 7.13597e-10 1.45781e-09 2.40083e-12 1.46021e-09
9 _0924_ sky130_fd_sc_hd__nor2_1 B,Y 1 0.002322 0.111869 0.139882 2.18658 2.75113e-09 2.00502e-09 4.75614e-09 1.49982e-13 4.75629e-09
10 _0925_ sky130_fd_sc_hd__nand2_1 B,Y 2 0.006179 0.082131 0.111518 2.2981 2.46222e-09 5.91748e-09 8.37971e-09 2.76042e-14 8.37973e-09
11 _0933_ sky130_fd_sc_hd__nor2_1 B,Y 3 0.007133 0.243008 0.239808 2.5379 1.09937e-09 3.26078e-09 4.36016e-09 1.76745e-12 4.36192e-09
12 _0934_ sky130_fd_sc_hd__nand2_1 A,Y 1 0.008222 0.106999 0.176659 2.71456 9.7261e-10 4.20524e-09 5.17785e-09 1.32358e-14 5.17786e-09
13 gain14 sky130_fd_sc_hd__buf_12 A,X 6 0.035072 0.046771 0.242188 2.95675 2.1715e-08 1.83835e-08 4.00985e-08 7.45215e-12 4.01059e-08
14 _0942_ sky130_fd_sc_hd__nor2_4 B,Y 8 0.025616 0.293986 0.270198 3.22695 2.15419e-09 6.50562e-09 8.65981e-09 7.05989e-12 8.66687e-09
15 _1917_ sky130_fd_sc_hd__edfxtp_1 DE - - 0.293986 0 3.22695 4.39483e-06 1.20533e-10 4.39495e-06 6.67568e-12 4.39496e-06
OpenSTA targeted timing report:
Startpoint: _2026_ (rising edge-triggered flip-flop clocked by core)
Endpoint: _1917_ (rising edge-triggered flip-flop clocked by core)
Path Group: core
Path Type: max

Fanout         Cap        Slew       Delay        Time   Description
---------------------------------------------------------------------------------------------
                      0.000000    0.050000    0.050000   clock core (rise edge)
                                  0.050000    0.100000   clock network delay (ideal)
                      0.000000    0.000000    0.100000 ^ _2026_/CLK (sky130_fd_sc_hd__dfrtp_1)
     1    0.009199    0.143838    0.528368    0.628368 ^ _2026_/Q (sky130_fd_sc_hd__dfrtp_1)
                                                         u_uart_core_u_uart_rxfifo_gen_normal_fifo_fifo_rptr_0_ (net)
                      0.143838    0.000000    0.628368 ^ gain56/A (sky130_fd_sc_hd__buf_12)
    36    0.072385    0.146741    0.248095    0.876463 ^ gain56/X (sky130_fd_sc_hd__buf_12)
                                                         net55 (net)
                      0.146741    0.000000    0.876463 ^ _0911_/A (sky130_fd_sc_hd__clkinv_1)
     5    0.009982    0.107360    0.161404    1.037867 v _0911_/Y (sky130_fd_sc_hd__clkinv_1)
                                                         _0515_ (net)
                      0.107360    0.000000    1.037867 v _0912_/B (sky130_fd_sc_hd__nor2_1)
     3    0.007070    0.241272    0.249948    1.287815 ^ _0912_/Y (sky130_fd_sc_hd__nor2_1)
                                                         _0516_ (net)
                      0.241272    0.000000    1.287815 ^ _0915_/A (sky130_fd_sc_hd__nor2_1)
     2    0.004373    0.062935    0.131349    1.419164 v _0915_/Y (sky130_fd_sc_hd__nor2_1)
                                                         _0519_ (net)
                      0.062935    0.000000    1.419164 v _0921_/B (sky130_fd_sc_hd__nand4_1)
     3    0.007212    0.181800    0.184711    1.603875 ^ _0921_/Y (sky130_fd_sc_hd__nand4_1)
                                                         _0525_ (net)
                      0.181800    0.000000    1.603875 ^ _0922_/B (sky130_fd_sc_hd__nor2_1)
     2    0.003394    0.058949    0.095778    1.699653 v _0922_/Y (sky130_fd_sc_hd__nor2_1)
                                                         _0526_ (net)
                      0.058949    0.000000    1.699653 v _0923_/B (sky130_fd_sc_hd__or2_0)
     2    0.004257    0.085029    0.347044    2.046696 v _0923_/X (sky130_fd_sc_hd__or2_0)
                                                         _0527_ (net)
                      0.085029    0.000000    2.046696 v _0924_/B (sky130_fd_sc_hd__nor2_1)
     1    0.002322    0.111869    0.139882    2.186578 ^ _0924_/Y (sky130_fd_sc_hd__nor2_1)
                                                         _0528_ (net)
                      0.111869    0.000000    2.186578 ^ _0925_/B (sky130_fd_sc_hd__nand2_1)
     2    0.006179    0.082131    0.111518    2.298096 v _0925_/Y (sky130_fd_sc_hd__nand2_1)
                                                         _0529_ (net)
                      0.082131    0.000000    2.298096 v _0933_/B (sky130_fd_sc_hd__nor2_1)
     3    0.007133    0.243008    0.239808    2.537905 ^ _0933_/Y (sky130_fd_sc_hd__nor2_1)
                                                         _0535_ (net)
                      0.243008    0.000000    2.537905 ^ _0934_/A (sky130_fd_sc_hd__nand2_1)
     1    0.008222    0.106999    0.176659    2.714563 v _0934_/Y (sky130_fd_sc_hd__nand2_1)
                                                         _0536_ (net)
                      0.106999    0.000000    2.714563 v gain14/A (sky130_fd_sc_hd__buf_12)
     6    0.035072    0.046771    0.242188    2.956752 v gain14/X (sky130_fd_sc_hd__buf_12)
                                                         net13 (net)
                      0.046771    0.000000    2.956752 v _0942_/B (sky130_fd_sc_hd__nor2_4)
     8    0.025616    0.293986    0.270198    3.226950 ^ _0942_/Y (sky130_fd_sc_hd__nor2_4)
                                                         _0032_ (net)
                      0.293986    0.000000    3.226950 ^ _1917_/DE (sky130_fd_sc_hd__edfxtp_1)
                                              3.226950   data arrival time

                      0.000000   10.050000   10.050000   clock core (rise edge)
                                  0.050000   10.100000   clock network delay (ideal)
                                 -0.025000   10.075001   clock uncertainty
                                  0.000000   10.075001   clock reconvergence pessimism
                                             10.075001 ^ _1917_/CLK (sky130_fd_sc_hd__edfxtp_1)
                                 -0.603431    9.471570   library setup time
                                              9.471570   data required time
---------------------------------------------------------------------------------------------
                                              9.471570   data required time
                                             -3.226950   data arrival time
---------------------------------------------------------------------------------------------
                                              6.244620   slack (MET)

Hotspot 15: instance=_1854_ selected_worst_paths=none internal=4.39481e-06 switching=8.59932e-11 dynamic=4.39489e-06 leakage=6.67573e-12 total=4.3949e-06
Worst path through hotspot: status=met slack=6.26322 type=max group=core
startpoint=_1854_ (rising edge-triggered flip-flop clocked by core)
endpoint=reg_rsp_o[8] (output port clocked by core)
path_power_complete=true
path_average_power_sum internal=4.40699e-06 switching=9.09664e-09 dynamic=4.41609e-06 leakage=1.86125e-11 total=4.4161e-06
stage instance cell pins fanout capacitance slew delay arrival internal switching dynamic leakage total
1 _1854_ sky130_fd_sc_hd__edfxtp_1 CLK,Q 1 0.00152 0.081537 0.551591 0.651591 4.39481e-06 8.59932e-11 4.39489e-06 6.67573e-12 4.3949e-06
2 _1164_ sky130_fd_sc_hd__o21ai_0 A2,Y 1 0.002374 0.185046 0.220418 0.872009 8.16605e-10 6.02918e-10 1.41952e-09 1.18069e-13 1.41964e-09
3 _1166_ sky130_fd_sc_hd__nor2_1 A,Y 1 0.00225 0.044765 0.09829 0.970299 7.75657e-10 6.13076e-10 1.38873e-09 1.14544e-13 1.38885e-09
4 _1169_ sky130_fd_sc_hd__o22ai_1 B1,Y 1 0.002282 0.18462 0.175564 1.14586 1.85872e-09 1.15911e-09 3.01783e-09 1.5805e-13 3.01799e-09
5 _1170_ sky130_fd_sc_hd__nand2_1 A,Y 1 0.001574 0.049484 0.094984 1.24085 1.00691e-09 8.46218e-10 1.85312e-09 2.66036e-12 1.85578e-09
6 _1175_ sky130_fd_sc_hd__o311ai_0 B1,Y 1 0.002326 0.405427 0.132953 1.3738 2.22955e-09 1.2996e-09 3.52915e-09 1.60608e-14 3.52917e-09
7 _1176_ sky130_fd_sc_hd__o211ai_1 C1,Y 1 0.001493 0.107573 0.203848 1.57765 2.48868e-09 9.34192e-10 3.42288e-09 5.26241e-12 3.42814e-09
8 _2081_ sky130_fd_sc_hd__buf_2 A,X 1 0.01 0.05049 0.234134 1.81178 3.0042e-09 3.55554e-09 6.55974e-09 3.60729e-12 6.56335e-09
OpenSTA targeted timing report:
Startpoint: _1854_ (rising edge-triggered flip-flop clocked by core)
Endpoint: reg_rsp_o[8] (output port clocked by core)
Path Group: core
Path Type: max

Fanout         Cap        Slew       Delay        Time   Description
---------------------------------------------------------------------------------------------
                      0.000000    0.050000    0.050000   clock core (rise edge)
                                  0.050000    0.100000   clock network delay (ideal)
                      0.000000    0.000000    0.100000 ^ _1854_/CLK (sky130_fd_sc_hd__edfxtp_1)
     1    0.001520    0.081537    0.551591    0.651591 v _1854_/Q (sky130_fd_sc_hd__edfxtp_1)
                                                         u_uart_core_u_uart_rxfifo_gen_normal_fifo_storage_6_ (net)
                      0.081537    0.000000    0.651591 v _1164_/A2 (sky130_fd_sc_hd__o21ai_0)
     1    0.002374    0.185046    0.220418    0.872009 ^ _1164_/Y (sky130_fd_sc_hd__o21ai_0)
                                                         _0711_ (net)
                      0.185046    0.000000    0.872009 ^ _1166_/A (sky130_fd_sc_hd__nor2_1)
     1    0.002250    0.044765    0.098290    0.970299 v _1166_/Y (sky130_fd_sc_hd__nor2_1)
                                                         _0713_ (net)
                      0.044765    0.000000    0.970299 v _1169_/B1 (sky130_fd_sc_hd__o22ai_1)
     1    0.002282    0.184620    0.175564    1.145863 ^ _1169_/Y (sky130_fd_sc_hd__o22ai_1)
                                                         _0716_ (net)
                      0.184620    0.000000    1.145863 ^ _1170_/A (sky130_fd_sc_hd__nand2_1)
     1    0.001574    0.049484    0.094984    1.240847 v _1170_/Y (sky130_fd_sc_hd__nand2_1)
                                                         _0717_ (net)
                      0.049484    0.000000    1.240847 v _1175_/B1 (sky130_fd_sc_hd__o311ai_0)
     1    0.002326    0.405427    0.132953    1.373800 ^ _1175_/Y (sky130_fd_sc_hd__o311ai_0)
                                                         _0722_ (net)
                      0.405427    0.000000    1.373800 ^ _1176_/C1 (sky130_fd_sc_hd__o211ai_1)
     1    0.001493    0.107573    0.203848    1.577648 v _1176_/Y (sky130_fd_sc_hd__o211ai_1)
                                                         u_uart_reg_reg_rsp_o_8_ (net)
                      0.107573    0.000000    1.577648 v _2081_/A (sky130_fd_sc_hd__buf_2)
     1    0.010000    0.050490    0.234134    1.811783 v _2081_/X (sky130_fd_sc_hd__buf_2)
                                                         reg_rsp_o[8] (net)
                      0.050490    0.000000    1.811783 v reg_rsp_o[8] (out)
                                              1.811783   data arrival time

                      0.000000   10.050000   10.050000   clock core (rise edge)
                                  0.050000   10.100000   clock network delay (ideal)
                                 -0.025000   10.075001   clock uncertainty
                                  0.000000   10.075001   clock reconvergence pessimism
                                 -2.000000    8.075001   output external delay
                                              8.075001   data required time
---------------------------------------------------------------------------------------------
                                              8.075001   data required time
                                             -1.811783   data arrival time
---------------------------------------------------------------------------------------------
                                              6.263217   slack (MET)

Hotspot 16: instance=_1832_ selected_worst_paths=none internal=4.394e-06 switching=0 dynamic=4.394e-06 leakage=6.67708e-12 total=4.39401e-06
Worst path through hotspot: status=met slack=6.27585 type=max group=core
startpoint=_1832_ (rising edge-triggered flip-flop clocked by core)
endpoint=reg_rsp_o[9] (output port clocked by core)
path_power_complete=true
path_average_power_sum internal=4.40479e-06 switching=8.27028e-09 dynamic=4.41306e-06 leakage=2.18732e-11 total=4.41309e-06
stage instance cell pins fanout capacitance slew delay arrival internal switching dynamic leakage total
1 _1832_ sky130_fd_sc_hd__edfxtp_1 CLK,Q 1 0.002125 0.087475 0.561367 0.661367 4.394e-06 0 4.394e-06 6.67708e-12 4.39401e-06
2 _1635_ sky130_fd_sc_hd__nand2_1 B,Y 1 0.00232 0.062081 0.107359 0.768726 1.16616e-10 5.89204e-10 7.05819e-10 6.65598e-15 7.05826e-10
3 _1636_ sky130_fd_sc_hd__a21oi_1 A2,Y 1 0.001573 0.038106 0.070295 0.839021 7.00514e-10 3.46005e-10 1.04652e-09 4.39008e-14 1.04656e-09
4 _1638_ sky130_fd_sc_hd__o21ai_0 A1,Y 1 0.002282 0.180992 0.214971 1.05399 7.15959e-10 5.79553e-10 1.29551e-09 1.11468e-13 1.29562e-09
5 _1639_ sky130_fd_sc_hd__nand2_1 A,Y 1 0.002121 0.052882 0.100114 1.1541 2.07281e-10 1.20177e-10 3.27459e-10 6.73749e-15 3.27465e-10
6 _1650_ sky130_fd_sc_hd__o221ai_1 A2,Y 1 0.002326 0.230973 0.269317 1.42342 3.09619e-09 1.2996e-09 4.39579e-09 6.15699e-12 4.40195e-09
7 _1651_ sky130_fd_sc_hd__o211ai_1 C1,Y 1 0.001493 0.083851 0.154031 1.57745 2.08396e-09 7.64339e-10 2.8483e-09 5.26296e-12 2.85356e-09
8 _2082_ sky130_fd_sc_hd__buf_2 A,X 1 0.01 0.050385 0.221693 1.79915 3.87231e-09 4.57141e-09 8.44371e-09 3.60745e-12 8.44732e-09
OpenSTA targeted timing report:
Startpoint: _1832_ (rising edge-triggered flip-flop clocked by core)
Endpoint: reg_rsp_o[9] (output port clocked by core)
Path Group: core
Path Type: max

Fanout         Cap        Slew       Delay        Time   Description
---------------------------------------------------------------------------------------------
                      0.000000    0.050000    0.050000   clock core (rise edge)
                                  0.050000    0.100000   clock network delay (ideal)
                      0.000000    0.000000    0.100000 ^ _1832_/CLK (sky130_fd_sc_hd__edfxtp_1)
     1    0.002125    0.087475    0.561367    0.661367 v _1832_/Q (sky130_fd_sc_hd__edfxtp_1)
                                                         u_uart_core_u_uart_rxfifo_gen_normal_fifo_storage_79_ (net)
                      0.087475    0.000000    0.661367 v _1635_/B (sky130_fd_sc_hd__nand2_1)
     1    0.002320    0.062081    0.107359    0.768726 ^ _1635_/Y (sky130_fd_sc_hd__nand2_1)
                                                         _0353_ (net)
                      0.062081    0.000000    0.768726 ^ _1636_/A2 (sky130_fd_sc_hd__a21oi_1)
     1    0.001573    0.038106    0.070295    0.839021 v _1636_/Y (sky130_fd_sc_hd__a21oi_1)
                                                         _0354_ (net)
                      0.038106    0.000000    0.839021 v _1638_/A1 (sky130_fd_sc_hd__o21ai_0)
     1    0.002282    0.180992    0.214971    1.053992 ^ _1638_/Y (sky130_fd_sc_hd__o21ai_0)
                                                         _0356_ (net)
                      0.180992    0.000000    1.053992 ^ _1639_/A (sky130_fd_sc_hd__nand2_1)
     1    0.002121    0.052882    0.100114    1.154105 v _1639_/Y (sky130_fd_sc_hd__nand2_1)
                                                         _0357_ (net)
                      0.052882    0.000000    1.154105 v _1650_/A2 (sky130_fd_sc_hd__o221ai_1)
     1    0.002326    0.230973    0.269317    1.423422 ^ _1650_/Y (sky130_fd_sc_hd__o221ai_1)
                                                         _0368_ (net)
                      0.230973    0.000000    1.423422 ^ _1651_/C1 (sky130_fd_sc_hd__o211ai_1)
     1    0.001493    0.083851    0.154031    1.577453 v _1651_/Y (sky130_fd_sc_hd__o211ai_1)
                                                         u_uart_reg_reg_rsp_o_9_ (net)
                      0.083851    0.000000    1.577453 v _2082_/A (sky130_fd_sc_hd__buf_2)
     1    0.010000    0.050385    0.221693    1.799146 v _2082_/X (sky130_fd_sc_hd__buf_2)
                                                         reg_rsp_o[9] (net)
                      0.050385    0.000000    1.799146 v reg_rsp_o[9] (out)
                                              1.799146   data arrival time

                      0.000000   10.050000   10.050000   clock core (rise edge)
                                  0.050000   10.100000   clock network delay (ideal)
                                 -0.025000   10.075001   clock uncertainty
                                  0.000000   10.075001   clock reconvergence pessimism
                                 -2.000000    8.075001   output external delay
                                              8.075001   data required time
---------------------------------------------------------------------------------------------
                                              8.075001   data required time
                                             -1.799146   data arrival time
---------------------------------------------------------------------------------------------
                                              6.275854   slack (MET)

Hotspot 17: instance=_1833_ selected_worst_paths=none internal=4.394e-06 switching=0 dynamic=4.394e-06 leakage=6.67708e-12 total=4.39401e-06
Worst path through hotspot: status=met slack=6.28044 type=max group=core
startpoint=_1833_ (rising edge-triggered flip-flop clocked by core)
endpoint=reg_rsp_o[9] (output port clocked by core)
path_power_complete=true
path_average_power_sum internal=4.40479e-06 switching=8.15529e-09 dynamic=4.41295e-06 leakage=2.18849e-11 total=4.41297e-06
stage instance cell pins fanout capacitance slew delay arrival internal switching dynamic leakage total
1 _1833_ sky130_fd_sc_hd__edfxtp_1 CLK,Q 1 0.002125 0.087475 0.561367 0.661367 4.394e-06 0 4.394e-06 6.67708e-12 4.39401e-06
2 _1634_ sky130_fd_sc_hd__nand2_1 B,Y 1 0.002334 0.062266 0.107502 0.768869 1.16561e-10 4.74207e-10 5.90769e-10 1.83295e-14 5.90787e-10
3 _1636_ sky130_fd_sc_hd__a21oi_1 A1,Y 1 0.001573 0.038106 0.065562 0.834431 7.00514e-10 3.46005e-10 1.04652e-09 4.39008e-14 1.04656e-09
4 _1638_ sky130_fd_sc_hd__o21ai_0 A1,Y 1 0.002282 0.180992 0.214971 1.0494 7.15959e-10 5.79553e-10 1.29551e-09 1.11468e-13 1.29562e-09
5 _1639_ sky130_fd_sc_hd__nand2_1 A,Y 1 0.002121 0.052882 0.100114 1.14952 2.07281e-10 1.20177e-10 3.27459e-10 6.73749e-15 3.27465e-10
6 _1650_ sky130_fd_sc_hd__o221ai_1 A2,Y 1 0.002326 0.230973 0.269317 1.41883 3.09619e-09 1.2996e-09 4.39579e-09 6.15699e-12 4.40195e-09
7 _1651_ sky130_fd_sc_hd__o211ai_1 C1,Y 1 0.001493 0.083851 0.154031 1.57286 2.08396e-09 7.64339e-10 2.8483e-09 5.26296e-12 2.85356e-09
8 _2082_ sky130_fd_sc_hd__buf_2 A,X 1 0.01 0.050385 0.221693 1.79456 3.87231e-09 4.57141e-09 8.44371e-09 3.60745e-12 8.44732e-09
OpenSTA targeted timing report:
Startpoint: _1833_ (rising edge-triggered flip-flop clocked by core)
Endpoint: reg_rsp_o[9] (output port clocked by core)
Path Group: core
Path Type: max

Fanout         Cap        Slew       Delay        Time   Description
---------------------------------------------------------------------------------------------
                      0.000000    0.050000    0.050000   clock core (rise edge)
                                  0.050000    0.100000   clock network delay (ideal)
                      0.000000    0.000000    0.100000 ^ _1833_/CLK (sky130_fd_sc_hd__edfxtp_1)
     1    0.002125    0.087475    0.561367    0.661367 v _1833_/Q (sky130_fd_sc_hd__edfxtp_1)
                                                         u_uart_core_u_uart_rxfifo_gen_normal_fifo_storage_71_ (net)
                      0.087475    0.000000    0.661367 v _1634_/B (sky130_fd_sc_hd__nand2_1)
     1    0.002334    0.062266    0.107502    0.768869 ^ _1634_/Y (sky130_fd_sc_hd__nand2_1)
                                                         _0352_ (net)
                      0.062266    0.000000    0.768869 ^ _1636_/A1 (sky130_fd_sc_hd__a21oi_1)
     1    0.001573    0.038106    0.065562    0.834431 v _1636_/Y (sky130_fd_sc_hd__a21oi_1)
                                                         _0354_ (net)
                      0.038106    0.000000    0.834431 v _1638_/A1 (sky130_fd_sc_hd__o21ai_0)
     1    0.002282    0.180992    0.214971    1.049402 ^ _1638_/Y (sky130_fd_sc_hd__o21ai_0)
                                                         _0356_ (net)
                      0.180992    0.000000    1.049402 ^ _1639_/A (sky130_fd_sc_hd__nand2_1)
     1    0.002121    0.052882    0.100114    1.149516 v _1639_/Y (sky130_fd_sc_hd__nand2_1)
                                                         _0357_ (net)
                      0.052882    0.000000    1.149516 v _1650_/A2 (sky130_fd_sc_hd__o221ai_1)
     1    0.002326    0.230973    0.269317    1.418833 ^ _1650_/Y (sky130_fd_sc_hd__o221ai_1)
                                                         _0368_ (net)
                      0.230973    0.000000    1.418833 ^ _1651_/C1 (sky130_fd_sc_hd__o211ai_1)
     1    0.001493    0.083851    0.154031    1.572864 v _1651_/Y (sky130_fd_sc_hd__o211ai_1)
                                                         u_uart_reg_reg_rsp_o_9_ (net)
                      0.083851    0.000000    1.572864 v _2082_/A (sky130_fd_sc_hd__buf_2)
     1    0.010000    0.050385    0.221693    1.794557 v _2082_/X (sky130_fd_sc_hd__buf_2)
                                                         reg_rsp_o[9] (net)
                      0.050385    0.000000    1.794557 v reg_rsp_o[9] (out)
                                              1.794557   data arrival time

                      0.000000   10.050000   10.050000   clock core (rise edge)
                                  0.050000   10.100000   clock network delay (ideal)
                                 -0.025000   10.075001   clock uncertainty
                                  0.000000   10.075001   clock reconvergence pessimism
                                 -2.000000    8.075001   output external delay
                                              8.075001   data required time
---------------------------------------------------------------------------------------------
                                              8.075001   data required time
                                             -1.794557   data arrival time
---------------------------------------------------------------------------------------------
                                              6.280444   slack (MET)

Hotspot 18: instance=_1836_ selected_worst_paths=none internal=4.394e-06 switching=0 dynamic=4.394e-06 leakage=6.67708e-12 total=4.39401e-06
Worst path through hotspot: status=met slack=6.09379 type=max group=core
startpoint=_1836_ (rising edge-triggered flip-flop clocked by core)
endpoint=reg_rsp_o[9] (output port clocked by core)
path_power_complete=true
path_average_power_sum internal=4.40613e-06 switching=8.6843e-09 dynamic=4.41482e-06 leakage=2.36727e-11 total=4.41484e-06
stage instance cell pins fanout capacitance slew delay arrival internal switching dynamic leakage total
1 _1836_ sky130_fd_sc_hd__edfxtp_1 CLK,Q 1 0.002169 0.087907 0.562078 0.662078 4.394e-06 0 4.394e-06 6.67708e-12 4.39401e-06
2 _1641_ sky130_fd_sc_hd__nor2_1 A,Y 1 0.002401 0.11402 0.164702 0.82678 5.68167e-10 6.09775e-10 1.17794e-09 1.77261e-12 1.17971e-09
3 _1642_ sky130_fd_sc_hd__nor2_1 B,Y 1 0.002031 0.043525 0.067139 0.893919 5.4994e-10 4.74614e-10 1.02455e-09 3.01562e-14 1.02458e-09
4 _1643_ sky130_fd_sc_hd__a221oi_1 C1,Y 1 0.002401 0.331281 0.330754 1.22467 1.59512e-09 7.3173e-10 2.32685e-09 2.51545e-14 2.32687e-09
5 _1644_ sky130_fd_sc_hd__nor2_1 B,Y 1 0.002154 0.063362 0.122163 1.34684 3.68679e-10 2.32837e-10 6.01516e-10 1.40294e-13 6.01656e-10
6 _1650_ sky130_fd_sc_hd__o221ai_1 B1,Y 1 0.002326 0.230973 0.258647 1.60548 3.09619e-09 1.2996e-09 4.39579e-09 6.15699e-12 4.40195e-09
7 _1651_ sky130_fd_sc_hd__o211ai_1 C1,Y 1 0.001493 0.083851 0.154031 1.75951 2.08396e-09 7.64339e-10 2.8483e-09 5.26296e-12 2.85356e-09
8 _2082_ sky130_fd_sc_hd__buf_2 A,X 1 0.01 0.050385 0.221693 1.98121 3.87231e-09 4.57141e-09 8.44371e-09 3.60745e-12 8.44732e-09
OpenSTA targeted timing report:
Startpoint: _1836_ (rising edge-triggered flip-flop clocked by core)
Endpoint: reg_rsp_o[9] (output port clocked by core)
Path Group: core
Path Type: max

Fanout         Cap        Slew       Delay        Time   Description
---------------------------------------------------------------------------------------------
                      0.000000    0.050000    0.050000   clock core (rise edge)
                                  0.050000    0.100000   clock network delay (ideal)
                      0.000000    0.000000    0.100000 ^ _1836_/CLK (sky130_fd_sc_hd__edfxtp_1)
     1    0.002169    0.087907    0.562078    0.662078 v _1836_/Q (sky130_fd_sc_hd__edfxtp_1)
                                                         u_uart_core_u_uart_rxfifo_gen_normal_fifo_storage_47_ (net)
                      0.087907    0.000000    0.662078 v _1641_/A (sky130_fd_sc_hd__nor2_1)
     1    0.002401    0.114020    0.164702    0.826780 ^ _1641_/Y (sky130_fd_sc_hd__nor2_1)
                                                         _0359_ (net)
                      0.114020    0.000000    0.826780 ^ _1642_/B (sky130_fd_sc_hd__nor2_1)
     1    0.002031    0.043525    0.067139    0.893919 v _1642_/Y (sky130_fd_sc_hd__nor2_1)
                                                         _0360_ (net)
                      0.043525    0.000000    0.893919 v _1643_/C1 (sky130_fd_sc_hd__a221oi_1)
     1    0.002401    0.331281    0.330754    1.224672 ^ _1643_/Y (sky130_fd_sc_hd__a221oi_1)
                                                         _0361_ (net)
                      0.331281    0.000000    1.224672 ^ _1644_/B (sky130_fd_sc_hd__nor2_1)
     1    0.002154    0.063362    0.122163    1.346836 v _1644_/Y (sky130_fd_sc_hd__nor2_1)
                                                         _0362_ (net)
                      0.063362    0.000000    1.346836 v _1650_/B1 (sky130_fd_sc_hd__o221ai_1)
     1    0.002326    0.230973    0.258647    1.605483 ^ _1650_/Y (sky130_fd_sc_hd__o221ai_1)
                                                         _0368_ (net)
                      0.230973    0.000000    1.605483 ^ _1651_/C1 (sky130_fd_sc_hd__o211ai_1)
     1    0.001493    0.083851    0.154031    1.759514 v _1651_/Y (sky130_fd_sc_hd__o211ai_1)
                                                         u_uart_reg_reg_rsp_o_9_ (net)
                      0.083851    0.000000    1.759514 v _2082_/A (sky130_fd_sc_hd__buf_2)
     1    0.010000    0.050385    0.221693    1.981207 v _2082_/X (sky130_fd_sc_hd__buf_2)
                                                         reg_rsp_o[9] (net)
                      0.050385    0.000000    1.981207 v reg_rsp_o[9] (out)
                                              1.981207   data arrival time

                      0.000000   10.050000   10.050000   clock core (rise edge)
                                  0.050000   10.100000   clock network delay (ideal)
                                 -0.025000   10.075001   clock uncertainty
                                  0.000000   10.075001   clock reconvergence pessimism
                                 -2.000000    8.075001   output external delay
                                              8.075001   data required time
---------------------------------------------------------------------------------------------
                                              8.075001   data required time
                                             -1.981207   data arrival time
---------------------------------------------------------------------------------------------
                                              6.093794   slack (MET)

Hotspot 19: instance=_1837_ selected_worst_paths=none internal=4.394e-06 switching=0 dynamic=4.394e-06 leakage=6.67708e-12 total=4.39401e-06
Worst path through hotspot: status=met slack=6.01914 type=max group=core
startpoint=_1837_ (rising edge-triggered flip-flop clocked by core)
endpoint=reg_rsp_o[9] (output port clocked by core)
path_power_complete=true
path_average_power_sum internal=4.40625e-06 switching=8.55686e-09 dynamic=4.41481e-06 leakage=2.20182e-11 total=4.41483e-06
stage instance cell pins fanout capacitance slew delay arrival internal switching dynamic leakage total
1 _1837_ sky130_fd_sc_hd__edfxtp_1 CLK,Q 1 0.00152 0.081537 0.551591 0.651591 4.394e-06 0 4.394e-06 6.67708e-12 4.39401e-06
2 _1640_ sky130_fd_sc_hd__o21ai_0 A2,Y 1 0.002374 0.185046 0.220418 0.872009 6.85908e-10 4.82334e-10 1.16824e-09 1.18069e-13 1.16836e-09
3 _1642_ sky130_fd_sc_hd__nor2_1 A,Y 1 0.002031 0.043525 0.09656 0.968569 5.4994e-10 4.74614e-10 1.02455e-09 3.01562e-14 1.02458e-09
4 _1643_ sky130_fd_sc_hd__a221oi_1 C1,Y 1 0.002401 0.331281 0.330754 1.29932 1.59512e-09 7.3173e-10 2.32685e-09 2.51545e-14 2.32687e-09
5 _1644_ sky130_fd_sc_hd__nor2_1 B,Y 1 0.002154 0.063362 0.122163 1.42149 3.68679e-10 2.32837e-10 6.01516e-10 1.40294e-13 6.01656e-10
6 _1650_ sky130_fd_sc_hd__o221ai_1 B1,Y 1 0.002326 0.230973 0.258647 1.68013 3.09619e-09 1.2996e-09 4.39579e-09 6.15699e-12 4.40195e-09
7 _1651_ sky130_fd_sc_hd__o211ai_1 C1,Y 1 0.001493 0.083851 0.154031 1.83417 2.08396e-09 7.64339e-10 2.8483e-09 5.26296e-12 2.85356e-09
8 _2082_ sky130_fd_sc_hd__buf_2 A,X 1 0.01 0.050385 0.221693 2.05586 3.87231e-09 4.57141e-09 8.44371e-09 3.60745e-12 8.44732e-09
OpenSTA targeted timing report:
Startpoint: _1837_ (rising edge-triggered flip-flop clocked by core)
Endpoint: reg_rsp_o[9] (output port clocked by core)
Path Group: core
Path Type: max

Fanout         Cap        Slew       Delay        Time   Description
---------------------------------------------------------------------------------------------
                      0.000000    0.050000    0.050000   clock core (rise edge)
                                  0.050000    0.100000   clock network delay (ideal)
                      0.000000    0.000000    0.100000 ^ _1837_/CLK (sky130_fd_sc_hd__edfxtp_1)
     1    0.001520    0.081537    0.551591    0.651591 v _1837_/Q (sky130_fd_sc_hd__edfxtp_1)
                                                         u_uart_core_u_uart_rxfifo_gen_normal_fifo_storage_39_ (net)
                      0.081537    0.000000    0.651591 v _1640_/A2 (sky130_fd_sc_hd__o21ai_0)
     1    0.002374    0.185046    0.220418    0.872009 ^ _1640_/Y (sky130_fd_sc_hd__o21ai_0)
                                                         _0358_ (net)
                      0.185046    0.000000    0.872009 ^ _1642_/A (sky130_fd_sc_hd__nor2_1)
     1    0.002031    0.043525    0.096560    0.968569 v _1642_/Y (sky130_fd_sc_hd__nor2_1)
                                                         _0360_ (net)
                      0.043525    0.000000    0.968569 v _1643_/C1 (sky130_fd_sc_hd__a221oi_1)
     1    0.002401    0.331281    0.330754    1.299323 ^ _1643_/Y (sky130_fd_sc_hd__a221oi_1)
                                                         _0361_ (net)
                      0.331281    0.000000    1.299323 ^ _1644_/B (sky130_fd_sc_hd__nor2_1)
     1    0.002154    0.063362    0.122163    1.421486 v _1644_/Y (sky130_fd_sc_hd__nor2_1)
                                                         _0362_ (net)
                      0.063362    0.000000    1.421486 v _1650_/B1 (sky130_fd_sc_hd__o221ai_1)
     1    0.002326    0.230973    0.258647    1.680134 ^ _1650_/Y (sky130_fd_sc_hd__o221ai_1)
                                                         _0368_ (net)
                      0.230973    0.000000    1.680134 ^ _1651_/C1 (sky130_fd_sc_hd__o211ai_1)
     1    0.001493    0.083851    0.154031    1.834165 v _1651_/Y (sky130_fd_sc_hd__o211ai_1)
                                                         u_uart_reg_reg_rsp_o_9_ (net)
                      0.083851    0.000000    1.834165 v _2082_/A (sky130_fd_sc_hd__buf_2)
     1    0.010000    0.050385    0.221693    2.055858 v _2082_/X (sky130_fd_sc_hd__buf_2)
                                                         reg_rsp_o[9] (net)
                      0.050385    0.000000    2.055858 v reg_rsp_o[9] (out)
                                              2.055858   data arrival time

                      0.000000   10.050000   10.050000   clock core (rise edge)
                                  0.050000   10.100000   clock network delay (ideal)
                                 -0.025000   10.075001   clock uncertainty
                                  0.000000   10.075001   clock reconvergence pessimism
                                 -2.000000    8.075001   output external delay
                                              8.075001   data required time
---------------------------------------------------------------------------------------------
                                              8.075001   data required time
                                             -2.055858   data arrival time
---------------------------------------------------------------------------------------------
                                              6.019143   slack (MET)

Hotspot 20: instance=_1843_ selected_worst_paths=none internal=4.394e-06 switching=0 dynamic=4.394e-06 leakage=6.67708e-12 total=4.39401e-06
Worst path through hotspot: status=met slack=6.4145 type=max group=core
startpoint=_1843_ (rising edge-triggered flip-flop clocked by core)
endpoint=reg_rsp_o[9] (output port clocked by core)
path_power_complete=true
path_average_power_sum internal=4.40392e-06 switching=7.343e-09 dynamic=4.41127e-06 leakage=2.35486e-11 total=4.41129e-06
stage instance cell pins fanout capacitance slew delay arrival internal switching dynamic leakage total
1 _1843_ sky130_fd_sc_hd__edfxtp_1 CLK,Q 1 0.00152 0.081537 0.551591 0.651591 4.394e-06 0 4.394e-06 6.67708e-12 4.39401e-06
2 _1632_ sky130_fd_sc_hd__o21ai_0 A2,Y 1 0.00232 0.182662 0.218576 0.870168 5.00516e-10 4.71363e-10 9.71879e-10 7.20142e-14 9.71951e-10
3 _1633_ sky130_fd_sc_hd__a21oi_1 A2,Y 1 0.002135 0.060565 0.1199 0.990068 3.70126e-10 2.36291e-10 6.06417e-10 1.77215e-12 6.08189e-10
4 _1650_ sky130_fd_sc_hd__o221ai_1 A1,Y 1 0.002326 0.230973 0.294713 1.28478 3.09619e-09 1.2996e-09 4.39579e-09 6.15699e-12 4.40195e-09
5 _1651_ sky130_fd_sc_hd__o211ai_1 C1,Y 1 0.001493 0.083851 0.154031 1.43881 2.08396e-09 7.64339e-10 2.8483e-09 5.26296e-12 2.85356e-09
6 _2082_ sky130_fd_sc_hd__buf_2 A,X 1 0.01 0.050385 0.221693 1.6605 3.87231e-09 4.57141e-09 8.44371e-09 3.60745e-12 8.44732e-09
OpenSTA targeted timing report:
Startpoint: _1843_ (rising edge-triggered flip-flop clocked by core)
Endpoint: reg_rsp_o[9] (output port clocked by core)
Path Group: core
Path Type: max

Fanout         Cap        Slew       Delay        Time   Description
---------------------------------------------------------------------------------------------
                      0.000000    0.050000    0.050000   clock core (rise edge)
                                  0.050000    0.100000   clock network delay (ideal)
                      0.000000    0.000000    0.100000 ^ _1843_/CLK (sky130_fd_sc_hd__edfxtp_1)
     1    0.001520    0.081537    0.551591    0.651591 v _1843_/Q (sky130_fd_sc_hd__edfxtp_1)
                                                         u_uart_core_u_uart_rxfifo_gen_normal_fifo_storage_111_ (net)
                      0.081537    0.000000    0.651591 v _1632_/A2 (sky130_fd_sc_hd__o21ai_0)
     1    0.002320    0.182662    0.218576    0.870168 ^ _1632_/Y (sky130_fd_sc_hd__o21ai_0)
                                                         _0350_ (net)
                      0.182662    0.000000    0.870168 ^ _1633_/A2 (sky130_fd_sc_hd__a21oi_1)
     1    0.002135    0.060565    0.119900    0.990068 v _1633_/Y (sky130_fd_sc_hd__a21oi_1)
                                                         _0351_ (net)
                      0.060565    0.000000    0.990068 v _1650_/A1 (sky130_fd_sc_hd__o221ai_1)
     1    0.002326    0.230973    0.294713    1.284780 ^ _1650_/Y (sky130_fd_sc_hd__o221ai_1)
                                                         _0368_ (net)
                      0.230973    0.000000    1.284780 ^ _1651_/C1 (sky130_fd_sc_hd__o211ai_1)
     1    0.001493    0.083851    0.154031    1.438811 v _1651_/Y (sky130_fd_sc_hd__o211ai_1)
                                                         u_uart_reg_reg_rsp_o_9_ (net)
                      0.083851    0.000000    1.438811 v _2082_/A (sky130_fd_sc_hd__buf_2)
     1    0.010000    0.050385    0.221693    1.660504 v _2082_/X (sky130_fd_sc_hd__buf_2)
                                                         reg_rsp_o[9] (net)
                      0.050385    0.000000    1.660504 v reg_rsp_o[9] (out)
                                              1.660504   data arrival time

                      0.000000   10.050000   10.050000   clock core (rise edge)
                                  0.050000   10.100000   clock network delay (ideal)
                                 -0.025000   10.075001   clock uncertainty
                                  0.000000   10.075001   clock reconvergence pessimism
                                 -2.000000    8.075001   output external delay
                                              8.075001   data required time
---------------------------------------------------------------------------------------------
                                              8.075001   data required time
                                             -1.660504   data arrival time
---------------------------------------------------------------------------------------------
                                              6.414496   slack (MET)
