analysis=fusion_analysis corner=tt mode=hold stage=post_syn
workload=quadrant_sweep_sv_tt
methodology=staged_public_opensta
path_power_semantics=average_instance_power_in_same_analysis_context
activity_file=/tmp/flexsoc-reference-cordic/runs/cordic/reference/signoff/ihp-sg13g2/power/activity/captures/cordic_ihp-sg13g2_quadrant_sweep_sv_tt.vcd
activity_scope=cordic_tb/u_cordic
liberty=/home/eneadim/github/flexsoc/.flexsoc/pdks/ihp-sg13g2/ihp-sg13g2/libs.ref/sg13g2_stdcell/lib/sg13g2_stdcell_typ_1p50V_25C.lib
netlist=/tmp/flexsoc-reference-cordic/runs/cordic/reference/syn/ihp-sg13g2/cordic_synth.v
sdc=/tmp/flexsoc-reference-cordic/runs/cordic/reference/signoff/ihp-sg13g2/cordic.sdc
spef=

=== Units ===
 time 1ns
 capacitance 1pF
 resistance 1kohm
 voltage 1v
 current 1uA
 power 1pW
 distance 1um

=== Constraint validation ===

=== Timing summary ===
wns min wns min 0.00
tns min tns min 0.00

=== Power summary ===
Group                  Internal  Switching    Leakage      Total
                          Power      Power      Power      Power (Watts)
----------------------------------------------------------------
Sequential             2.65e-03   1.19e-05   4.53e-07   2.66e-03  92.8%
Combinational          9.31e-05   1.11e-04   8.02e-07   2.05e-04   7.2%
Clock                  0.00e+00   0.00e+00   0.00e+00   0.00e+00   0.0%
Macro                  0.00e+00   0.00e+00   0.00e+00   0.00e+00   0.0%
Pad                    0.00e+00   0.00e+00   0.00e+00   0.00e+00   0.0%
----------------------------------------------------------------
Total                  2.74e-03   1.23e-04   1.25e-06   2.86e-03 100.0%
                          95.7%       4.3%       0.0%

=== Worst timing paths (violated or met) ===
Startpoint: _4640_ (rising edge-triggered flip-flop clocked by core)
Endpoint: _4880_ (rising edge-triggered flip-flop clocked by core)
Path Group: core
Path Type: min

Fanout         Cap        Slew       Delay        Time   Description
---------------------------------------------------------------------------------------------
                      0.000000    0.000000    0.000000   clock core (rise edge)
                                  0.000000    0.000000   clock network delay (ideal)
                      0.000000    0.000000    0.000000 ^ _4640_/CLK (sg13g2_dfrbpq_1)
     4    0.009729    0.028368    0.113963    0.113963 v _4640_/Q (sg13g2_dfrbpq_1)
                                                         reg2hw[267] (net)
                      0.028368    0.000000    0.113963 v _4880_/D (sg13g2_dfrbpq_1)
                                              0.113963   data arrival time

                      0.000000    0.000000    0.000000   clock core (rise edge)
                                  0.000000    0.000000   clock network delay (ideal)
                                  0.000000    0.000000   clock reconvergence pessimism
                                              0.000000 ^ _4880_/CLK (sg13g2_dfrbpq_1)
                                 -0.031313   -0.031313   library hold time
                                             -0.031313   data required time
---------------------------------------------------------------------------------------------
                                             -0.031313   data required time
                                             -0.113963   data arrival time
---------------------------------------------------------------------------------------------
                                              0.145276   slack (MET)


Startpoint: _4787_ (rising edge-triggered flip-flop clocked by core)
Endpoint: _4787_ (rising edge-triggered flip-flop clocked by core)
Path Group: core
Path Type: min

Fanout         Cap        Slew       Delay        Time   Description
---------------------------------------------------------------------------------------------
                      0.000000    0.000000    0.000000   clock core (rise edge)
                                  0.000000    0.000000   clock network delay (ideal)
                      0.000000    0.000000    0.000000 ^ _4787_/CLK (sg13g2_dfrbpq_1)
     1    0.002730    0.014012    0.101531    0.101531 v _4787_/Q (sg13g2_dfrbpq_1)
                                                         u_cordic_core.n_iter_q[6] (net)
                      0.014012    0.000000    0.101531 v _2987_/A (sg13g2_inv_1)
     2    0.005626    0.022962    0.023837    0.125368 ^ _2987_/Y (sg13g2_inv_1)
                                                         _1996_ (net)
                      0.022962    0.000000    0.125368 ^ _4546_/A (sg13g2_nor2_1)
     1    0.001482    0.013912    0.020399    0.145766 v _4546_/Y (sg13g2_nor2_1)
                                                         _0086_ (net)
                      0.013912    0.000000    0.145766 v _4787_/D (sg13g2_dfrbpq_1)
                                              0.145766   data arrival time

                      0.000000    0.000000    0.000000   clock core (rise edge)
                                  0.000000    0.000000   clock network delay (ideal)
                                  0.000000    0.000000   clock reconvergence pessimism
                                              0.000000 ^ _4787_/CLK (sg13g2_dfrbpq_1)
                                 -0.028046   -0.028046   library hold time
                                             -0.028046   data required time
---------------------------------------------------------------------------------------------
                                             -0.028046   data required time
                                             -0.145766   data arrival time
---------------------------------------------------------------------------------------------
                                              0.173812   slack (MET)


Startpoint: _4788_ (rising edge-triggered flip-flop clocked by core)
Endpoint: _4788_ (rising edge-triggered flip-flop clocked by core)
Path Group: core
Path Type: min

Fanout         Cap        Slew       Delay        Time   Description
---------------------------------------------------------------------------------------------
                      0.000000    0.000000    0.000000   clock core (rise edge)
                                  0.000000    0.000000   clock network delay (ideal)
                      0.000000    0.000000    0.000000 ^ _4788_/CLK (sg13g2_dfrbpq_1)
     1    0.002730    0.014012    0.101531    0.101531 v _4788_/Q (sg13g2_dfrbpq_1)
                                                         u_cordic_core.n_iter_q[7] (net)
                      0.014012    0.000000    0.101531 v _2988_/A (sg13g2_inv_1)
     2    0.005631    0.022976    0.023847    0.125378 ^ _2988_/Y (sg13g2_inv_1)
                                                         _1997_ (net)
                      0.022976    0.000000    0.125378 ^ _2940_/A (sg13g2_nor2_1)
     1    0.001482    0.013915    0.020401    0.145779 v _2940_/Y (sg13g2_nor2_1)
                                                         _0297_ (net)
                      0.013915    0.000000    0.145779 v _4788_/D (sg13g2_dfrbpq_1)
                                              0.145779   data arrival time

                      0.000000    0.000000    0.000000   clock core (rise edge)
                                  0.000000    0.000000   clock network delay (ideal)
                                  0.000000    0.000000   clock reconvergence pessimism
                                              0.000000 ^ _4788_/CLK (sg13g2_dfrbpq_1)
                                 -0.028047   -0.028047   library hold time
                                             -0.028047   data required time
---------------------------------------------------------------------------------------------
                                             -0.028047   data required time
                                             -0.145779   data arrival time
---------------------------------------------------------------------------------------------
                                              0.173826   slack (MET)


Startpoint: _4737_ (rising edge-triggered flip-flop clocked by core)
Endpoint: _4737_ (rising edge-triggered flip-flop clocked by core)
Path Group: core
Path Type: min

Fanout         Cap        Slew       Delay        Time   Description
---------------------------------------------------------------------------------------------
                      0.000000    0.000000    0.000000   clock core (rise edge)
                                  0.000000    0.000000   clock network delay (ideal)
                      0.000000    0.000000    0.000000 ^ _4737_/CLK (sg13g2_dfrbpq_1)
     2    0.004863    0.018387    0.105319    0.105319 v _4737_/Q (sg13g2_dfrbpq_1)
                                                         u_cordic_reg.tl_o[34] (net)
                      0.018387    0.000000    0.105319 v _2499_/A (sg13g2_inv_1)
     1    0.002823    0.015845    0.018904    0.124223 ^ _2499_/Y (sg13g2_inv_1)
                                                         _1686_ (net)
                      0.015845    0.000000    0.124223 ^ _2504_/A1 (sg13g2_a21oi_1)
     1    0.001482    0.012198    0.028920    0.153144 v _2504_/Y (sg13g2_a21oi_1)
                                                         _0128_ (net)
                      0.012198    0.000000    0.153144 v _4737_/D (sg13g2_dfrbpq_1)
                                              0.153144   data arrival time

                      0.000000    0.000000    0.000000   clock core (rise edge)
                                  0.000000    0.000000   clock network delay (ideal)
                                  0.000000    0.000000   clock reconvergence pessimism
                                              0.000000 ^ _4737_/CLK (sg13g2_dfrbpq_1)
                                 -0.027659   -0.027659   library hold time
                                             -0.027659   data required time
---------------------------------------------------------------------------------------------
                                             -0.027659   data required time
                                             -0.153144   data arrival time
---------------------------------------------------------------------------------------------
                                              0.180803   slack (MET)


Startpoint: _4740_ (rising edge-triggered flip-flop clocked by core)
Endpoint: _4740_ (rising edge-triggered flip-flop clocked by core)
Path Group: core
Path Type: min

Fanout         Cap        Slew       Delay        Time   Description
---------------------------------------------------------------------------------------------
                      0.000000    0.000000    0.000000   clock core (rise edge)
                                  0.000000    0.000000   clock network delay (ideal)
                      0.000000    0.000000    0.000000 ^ _4740_/CLK (sg13g2_dfrbpq_1)
     2    0.004863    0.018387    0.105319    0.105319 v _4740_/Q (sg13g2_dfrbpq_1)
                                                         u_cordic_reg.tl_o[37] (net)
                      0.018387    0.000000    0.105319 v _2475_/A (sg13g2_inv_1)
     1    0.002823    0.015845    0.018904    0.124223 ^ _2475_/Y (sg13g2_inv_1)
                                                         _1665_ (net)
                      0.015845    0.000000    0.124223 ^ _2480_/A1 (sg13g2_a21oi_1)
     1    0.001482    0.012198    0.028920    0.153144 v _2480_/Y (sg13g2_a21oi_1)
                                                         _0125_ (net)
                      0.012198    0.000000    0.153144 v _4740_/D (sg13g2_dfrbpq_1)
                                              0.153144   data arrival time

                      0.000000    0.000000    0.000000   clock core (rise edge)
                                  0.000000    0.000000   clock network delay (ideal)
                                  0.000000    0.000000   clock reconvergence pessimism
                                              0.000000 ^ _4740_/CLK (sg13g2_dfrbpq_1)
                                 -0.027659   -0.027659   library hold time
                                             -0.027659   data required time
---------------------------------------------------------------------------------------------
                                             -0.027659   data required time
                                             -0.153144   data arrival time
---------------------------------------------------------------------------------------------
                                              0.180803   slack (MET)


Startpoint: _4741_ (rising edge-triggered flip-flop clocked by core)
Endpoint: _4741_ (rising edge-triggered flip-flop clocked by core)
Path Group: core
Path Type: min

Fanout         Cap        Slew       Delay        Time   Description
---------------------------------------------------------------------------------------------
                      0.000000    0.000000    0.000000   clock core (rise edge)
                                  0.000000    0.000000   clock network delay (ideal)
                      0.000000    0.000000    0.000000 ^ _4741_/CLK (sg13g2_dfrbpq_1)
     2    0.004863    0.018387    0.105319    0.105319 v _4741_/Q (sg13g2_dfrbpq_1)
                                                         u_cordic_reg.tl_o[38] (net)
                      0.018387    0.000000    0.105319 v _2469_/A (sg13g2_inv_1)
     1    0.002823    0.015845    0.018904    0.124223 ^ _2469_/Y (sg13g2_inv_1)
                                                         _1660_ (net)
                      0.015845    0.000000    0.124223 ^ _2474_/A1 (sg13g2_a21oi_1)
     1    0.001482    0.012198    0.028920    0.153144 v _2474_/Y (sg13g2_a21oi_1)
                                                         _0124_ (net)
                      0.012198    0.000000    0.153144 v _4741_/D (sg13g2_dfrbpq_1)
                                              0.153144   data arrival time

                      0.000000    0.000000    0.000000   clock core (rise edge)
                                  0.000000    0.000000   clock network delay (ideal)
                                  0.000000    0.000000   clock reconvergence pessimism
                                              0.000000 ^ _4741_/CLK (sg13g2_dfrbpq_1)
                                 -0.027659   -0.027659   library hold time
                                             -0.027659   data required time
---------------------------------------------------------------------------------------------
                                             -0.027659   data required time
                                             -0.153144   data arrival time
---------------------------------------------------------------------------------------------
                                              0.180803   slack (MET)


Startpoint: _4745_ (rising edge-triggered flip-flop clocked by core)
Endpoint: _4745_ (rising edge-triggered flip-flop clocked by core)
Path Group: core
Path Type: min

Fanout         Cap        Slew       Delay        Time   Description
---------------------------------------------------------------------------------------------
                      0.000000    0.000000    0.000000   clock core (rise edge)
                                  0.000000    0.000000   clock network delay (ideal)
                      0.000000    0.000000    0.000000 ^ _4745_/CLK (sg13g2_dfrbpq_1)
     2    0.004863    0.018387    0.105319    0.105319 v _4745_/Q (sg13g2_dfrbpq_1)
                                                         u_cordic_reg.tl_o[42] (net)
                      0.018387    0.000000    0.105319 v _2438_/A (sg13g2_inv_1)
     1    0.002823    0.015845    0.018904    0.124223 ^ _2438_/Y (sg13g2_inv_1)
                                                         _1633_ (net)
                      0.015845    0.000000    0.124223 ^ _2443_/A1 (sg13g2_a21oi_1)
     1    0.001482    0.012198    0.028920    0.153144 v _2443_/Y (sg13g2_a21oi_1)
                                                         _0120_ (net)
                      0.012198    0.000000    0.153144 v _4745_/D (sg13g2_dfrbpq_1)
                                              0.153144   data arrival time

                      0.000000    0.000000    0.000000   clock core (rise edge)
                                  0.000000    0.000000   clock network delay (ideal)
                                  0.000000    0.000000   clock reconvergence pessimism
                                              0.000000 ^ _4745_/CLK (sg13g2_dfrbpq_1)
                                 -0.027659   -0.027659   library hold time
                                             -0.027659   data required time
---------------------------------------------------------------------------------------------
                                             -0.027659   data required time
                                             -0.153144   data arrival time
---------------------------------------------------------------------------------------------
                                              0.180803   slack (MET)


Startpoint: _4747_ (rising edge-triggered flip-flop clocked by core)
Endpoint: _4747_ (rising edge-triggered flip-flop clocked by core)
Path Group: core
Path Type: min

Fanout         Cap        Slew       Delay        Time   Description
---------------------------------------------------------------------------------------------
                      0.000000    0.000000    0.000000   clock core (rise edge)
                                  0.000000    0.000000   clock network delay (ideal)
                      0.000000    0.000000    0.000000 ^ _4747_/CLK (sg13g2_dfrbpq_1)
     2    0.004863    0.018387    0.105319    0.105319 v _4747_/Q (sg13g2_dfrbpq_1)
                                                         u_cordic_reg.tl_o[44] (net)
                      0.018387    0.000000    0.105319 v _2422_/A (sg13g2_inv_1)
     1    0.002823    0.015845    0.018904    0.124223 ^ _2422_/Y (sg13g2_inv_1)
                                                         _1619_ (net)
                      0.015845    0.000000    0.124223 ^ _2430_/A1 (sg13g2_a21oi_1)
     1    0.001482    0.012198    0.028920    0.153144 v _2430_/Y (sg13g2_a21oi_1)
                                                         _0118_ (net)
                      0.012198    0.000000    0.153144 v _4747_/D (sg13g2_dfrbpq_1)
                                              0.153144   data arrival time

                      0.000000    0.000000    0.000000   clock core (rise edge)
                                  0.000000    0.000000   clock network delay (ideal)
                                  0.000000    0.000000   clock reconvergence pessimism
                                              0.000000 ^ _4747_/CLK (sg13g2_dfrbpq_1)
                                 -0.027659   -0.027659   library hold time
                                             -0.027659   data required time
---------------------------------------------------------------------------------------------
                                             -0.027659   data required time
                                             -0.153144   data arrival time
---------------------------------------------------------------------------------------------
                                              0.180803   slack (MET)


Startpoint: _4750_ (rising edge-triggered flip-flop clocked by core)
Endpoint: _4750_ (rising edge-triggered flip-flop clocked by core)
Path Group: core
Path Type: min

Fanout         Cap        Slew       Delay        Time   Description
---------------------------------------------------------------------------------------------
                      0.000000    0.000000    0.000000   clock core (rise edge)
                                  0.000000    0.000000   clock network delay (ideal)
                      0.000000    0.000000    0.000000 ^ _4750_/CLK (sg13g2_dfrbpq_1)
     2    0.004863    0.018387    0.105319    0.105319 v _4750_/Q (sg13g2_dfrbpq_1)
                                                         u_cordic_reg.tl_o[47] (net)
                      0.018387    0.000000    0.105319 v _2923_/A (sg13g2_inv_1)
     1    0.002823    0.015845    0.018904    0.124223 ^ _2923_/Y (sg13g2_inv_1)
                                                         _1947_ (net)
                      0.015845    0.000000    0.124223 ^ _2928_/A1 (sg13g2_a21oi_1)
     1    0.001482    0.012198    0.028920    0.153144 v _2928_/Y (sg13g2_a21oi_1)
                                                         _0289_ (net)
                      0.012198    0.000000    0.153144 v _4750_/D (sg13g2_dfrbpq_1)
                                              0.153144   data arrival time

                      0.000000    0.000000    0.000000   clock core (rise edge)
                                  0.000000    0.000000   clock network delay (ideal)
                                  0.000000    0.000000   clock reconvergence pessimism
                                              0.000000 ^ _4750_/CLK (sg13g2_dfrbpq_1)
                                 -0.027659   -0.027659   library hold time
                                             -0.027659   data required time
---------------------------------------------------------------------------------------------
                                             -0.027659   data required time
                                             -0.153144   data arrival time
---------------------------------------------------------------------------------------------
                                              0.180803   slack (MET)


Startpoint: _4734_ (rising edge-triggered flip-flop clocked by core)
Endpoint: _4734_ (rising edge-triggered flip-flop clocked by core)
Path Group: core
Path Type: min

Fanout         Cap        Slew       Delay        Time   Description
---------------------------------------------------------------------------------------------
                      0.000000    0.000000    0.000000   clock core (rise edge)
                                  0.000000    0.000000   clock network delay (ideal)
                      0.000000    0.000000    0.000000 ^ _4734_/CLK (sg13g2_dfrbpq_1)
     2    0.004863    0.018387    0.105319    0.105319 v _4734_/Q (sg13g2_dfrbpq_1)
                                                         u_cordic_reg.tl_o[31] (net)
                      0.018387    0.000000    0.105319 v _2521_/A (sg13g2_inv_1)
     1    0.002823    0.015845    0.018904    0.124223 ^ _2521_/Y (sg13g2_inv_1)
                                                         _1705_ (net)
                      0.015845    0.000000    0.124223 ^ _2526_/A1 (sg13g2_a21oi_1)
     1    0.001482    0.012202    0.028920    0.153144 v _2526_/Y (sg13g2_a21oi_1)
                                                         _0131_ (net)
                      0.012202    0.000000    0.153144 v _4734_/D (sg13g2_dfrbpq_1)
                                              0.153144   data arrival time

                      0.000000    0.000000    0.000000   clock core (rise edge)
                                  0.000000    0.000000   clock network delay (ideal)
                                  0.000000    0.000000   clock reconvergence pessimism
                                              0.000000 ^ _4734_/CLK (sg13g2_dfrbpq_1)
                                 -0.027660   -0.027660   library hold time
                                             -0.027660   data required time
---------------------------------------------------------------------------------------------
                                             -0.027660   data required time
                                             -0.153144   data arrival time
---------------------------------------------------------------------------------------------
                                              0.180803   slack (MET)


Startpoint: rst_ni (input port clocked by core)
Endpoint: _4591_ (removal check against rising-edge clock core)
Path Group: asynchronous
Path Type: min

Fanout         Cap        Slew       Delay        Time   Description
---------------------------------------------------------------------------------------------
                      0.000000    0.000000    0.000000   clock core (rise edge)
                                  0.000000    0.000000   clock network delay (ideal)
                                  2.000000    2.000000 ^ input external delay
   306    1.401213    0.000000    0.000000    2.000000 ^ rst_ni (in)
                                                         rst_ni (net)
                      0.000000    0.000000    2.000000 ^ _4591_/RESET_B (sg13g2_dfrbpq_1)
                                              2.000000   data arrival time

                      0.000000    0.000000    0.000000   clock core (rise edge)
                                  0.000000    0.000000   clock network delay (ideal)
                                  0.000000    0.000000   clock reconvergence pessimism
                                              0.000000 ^ _4591_/CLK (sg13g2_dfrbpq_1)
                                 -0.061326   -0.061326   library removal time
                                             -0.061326   data required time
---------------------------------------------------------------------------------------------
                                             -0.061326   data required time
                                             -2.000000   data arrival time
---------------------------------------------------------------------------------------------
                                              2.061326   slack (MET)


Startpoint: rst_ni (input port clocked by core)
Endpoint: _4592_ (removal check against rising-edge clock core)
Path Group: asynchronous
Path Type: min

Fanout         Cap        Slew       Delay        Time   Description
---------------------------------------------------------------------------------------------
                      0.000000    0.000000    0.000000   clock core (rise edge)
                                  0.000000    0.000000   clock network delay (ideal)
                                  2.000000    2.000000 ^ input external delay
   306    1.401213    0.000000    0.000000    2.000000 ^ rst_ni (in)
                                                         rst_ni (net)
                      0.000000    0.000000    2.000000 ^ _4592_/RESET_B (sg13g2_dfrbpq_1)
                                              2.000000   data arrival time

                      0.000000    0.000000    0.000000   clock core (rise edge)
                                  0.000000    0.000000   clock network delay (ideal)
                                  0.000000    0.000000   clock reconvergence pessimism
                                              0.000000 ^ _4592_/CLK (sg13g2_dfrbpq_1)
                                 -0.061326   -0.061326   library removal time
                                             -0.061326   data required time
---------------------------------------------------------------------------------------------
                                             -0.061326   data required time
                                             -2.000000   data arrival time
---------------------------------------------------------------------------------------------
                                              2.061326   slack (MET)


Startpoint: rst_ni (input port clocked by core)
Endpoint: _4593_ (removal check against rising-edge clock core)
Path Group: asynchronous
Path Type: min

Fanout         Cap        Slew       Delay        Time   Description
---------------------------------------------------------------------------------------------
                      0.000000    0.000000    0.000000   clock core (rise edge)
                                  0.000000    0.000000   clock network delay (ideal)
                                  2.000000    2.000000 ^ input external delay
   306    1.401213    0.000000    0.000000    2.000000 ^ rst_ni (in)
                                                         rst_ni (net)
                      0.000000    0.000000    2.000000 ^ _4593_/RESET_B (sg13g2_dfrbpq_1)
                                              2.000000   data arrival time

                      0.000000    0.000000    0.000000   clock core (rise edge)
                                  0.000000    0.000000   clock network delay (ideal)
                                  0.000000    0.000000   clock reconvergence pessimism
                                              0.000000 ^ _4593_/CLK (sg13g2_dfrbpq_1)
                                 -0.061326   -0.061326   library removal time
                                             -0.061326   data required time
---------------------------------------------------------------------------------------------
                                             -0.061326   data required time
                                             -2.000000   data arrival time
---------------------------------------------------------------------------------------------
                                              2.061326   slack (MET)


Startpoint: rst_ni (input port clocked by core)
Endpoint: _4594_ (removal check against rising-edge clock core)
Path Group: asynchronous
Path Type: min

Fanout         Cap        Slew       Delay        Time   Description
---------------------------------------------------------------------------------------------
                      0.000000    0.000000    0.000000   clock core (rise edge)
                                  0.000000    0.000000   clock network delay (ideal)
                                  2.000000    2.000000 ^ input external delay
   306    1.401213    0.000000    0.000000    2.000000 ^ rst_ni (in)
                                                         rst_ni (net)
                      0.000000    0.000000    2.000000 ^ _4594_/RESET_B (sg13g2_dfrbpq_1)
                                              2.000000   data arrival time

                      0.000000    0.000000    0.000000   clock core (rise edge)
                                  0.000000    0.000000   clock network delay (ideal)
                                  0.000000    0.000000   clock reconvergence pessimism
                                              0.000000 ^ _4594_/CLK (sg13g2_dfrbpq_1)
                                 -0.061326   -0.061326   library removal time
                                             -0.061326   data required time
---------------------------------------------------------------------------------------------
                                             -0.061326   data required time
                                             -2.000000   data arrival time
---------------------------------------------------------------------------------------------
                                              2.061326   slack (MET)


Startpoint: rst_ni (input port clocked by core)
Endpoint: _4595_ (removal check against rising-edge clock core)
Path Group: asynchronous
Path Type: min

Fanout         Cap        Slew       Delay        Time   Description
---------------------------------------------------------------------------------------------
                      0.000000    0.000000    0.000000   clock core (rise edge)
                                  0.000000    0.000000   clock network delay (ideal)
                                  2.000000    2.000000 ^ input external delay
   306    1.401213    0.000000    0.000000    2.000000 ^ rst_ni (in)
                                                         rst_ni (net)
                      0.000000    0.000000    2.000000 ^ _4595_/RESET_B (sg13g2_dfrbpq_1)
                                              2.000000   data arrival time

                      0.000000    0.000000    0.000000   clock core (rise edge)
                                  0.000000    0.000000   clock network delay (ideal)
                                  0.000000    0.000000   clock reconvergence pessimism
                                              0.000000 ^ _4595_/CLK (sg13g2_dfrbpq_1)
                                 -0.061326   -0.061326   library removal time
                                             -0.061326   data required time
---------------------------------------------------------------------------------------------
                                             -0.061326   data required time
                                             -2.000000   data arrival time
---------------------------------------------------------------------------------------------
                                              2.061326   slack (MET)


Startpoint: rst_ni (input port clocked by core)
Endpoint: _4596_ (removal check against rising-edge clock core)
Path Group: asynchronous
Path Type: min

Fanout         Cap        Slew       Delay        Time   Description
---------------------------------------------------------------------------------------------
                      0.000000    0.000000    0.000000   clock core (rise edge)
                                  0.000000    0.000000   clock network delay (ideal)
                                  2.000000    2.000000 ^ input external delay
   306    1.401213    0.000000    0.000000    2.000000 ^ rst_ni (in)
                                                         rst_ni (net)
                      0.000000    0.000000    2.000000 ^ _4596_/RESET_B (sg13g2_dfrbpq_1)
                                              2.000000   data arrival time

                      0.000000    0.000000    0.000000   clock core (rise edge)
                                  0.000000    0.000000   clock network delay (ideal)
                                  0.000000    0.000000   clock reconvergence pessimism
                                              0.000000 ^ _4596_/CLK (sg13g2_dfrbpq_1)
                                 -0.061326   -0.061326   library removal time
                                             -0.061326   data required time
---------------------------------------------------------------------------------------------
                                             -0.061326   data required time
                                             -2.000000   data arrival time
---------------------------------------------------------------------------------------------
                                              2.061326   slack (MET)


Startpoint: rst_ni (input port clocked by core)
Endpoint: _4597_ (removal check against rising-edge clock core)
Path Group: asynchronous
Path Type: min

Fanout         Cap        Slew       Delay        Time   Description
---------------------------------------------------------------------------------------------
                      0.000000    0.000000    0.000000   clock core (rise edge)
                                  0.000000    0.000000   clock network delay (ideal)
                                  2.000000    2.000000 ^ input external delay
   306    1.401213    0.000000    0.000000    2.000000 ^ rst_ni (in)
                                                         rst_ni (net)
                      0.000000    0.000000    2.000000 ^ _4597_/RESET_B (sg13g2_dfrbpq_1)
                                              2.000000   data arrival time

                      0.000000    0.000000    0.000000   clock core (rise edge)
                                  0.000000    0.000000   clock network delay (ideal)
                                  0.000000    0.000000   clock reconvergence pessimism
                                              0.000000 ^ _4597_/CLK (sg13g2_dfrbpq_1)
                                 -0.061326   -0.061326   library removal time
                                             -0.061326   data required time
---------------------------------------------------------------------------------------------
                                             -0.061326   data required time
                                             -2.000000   data arrival time
---------------------------------------------------------------------------------------------
                                              2.061326   slack (MET)


Startpoint: rst_ni (input port clocked by core)
Endpoint: _4598_ (removal check against rising-edge clock core)
Path Group: asynchronous
Path Type: min

Fanout         Cap        Slew       Delay        Time   Description
---------------------------------------------------------------------------------------------
                      0.000000    0.000000    0.000000   clock core (rise edge)
                                  0.000000    0.000000   clock network delay (ideal)
                                  2.000000    2.000000 ^ input external delay
   306    1.401213    0.000000    0.000000    2.000000 ^ rst_ni (in)
                                                         rst_ni (net)
                      0.000000    0.000000    2.000000 ^ _4598_/RESET_B (sg13g2_dfrbpq_1)
                                              2.000000   data arrival time

                      0.000000    0.000000    0.000000   clock core (rise edge)
                                  0.000000    0.000000   clock network delay (ideal)
                                  0.000000    0.000000   clock reconvergence pessimism
                                              0.000000 ^ _4598_/CLK (sg13g2_dfrbpq_1)
                                 -0.061326   -0.061326   library removal time
                                             -0.061326   data required time
---------------------------------------------------------------------------------------------
                                             -0.061326   data required time
                                             -2.000000   data arrival time
---------------------------------------------------------------------------------------------
                                              2.061326   slack (MET)


Startpoint: rst_ni (input port clocked by core)
Endpoint: _4599_ (removal check against rising-edge clock core)
Path Group: asynchronous
Path Type: min

Fanout         Cap        Slew       Delay        Time   Description
---------------------------------------------------------------------------------------------
                      0.000000    0.000000    0.000000   clock core (rise edge)
                                  0.000000    0.000000   clock network delay (ideal)
                                  2.000000    2.000000 ^ input external delay
   306    1.401213    0.000000    0.000000    2.000000 ^ rst_ni (in)
                                                         rst_ni (net)
                      0.000000    0.000000    2.000000 ^ _4599_/RESET_B (sg13g2_dfrbpq_1)
                                              2.000000   data arrival time

                      0.000000    0.000000    0.000000   clock core (rise edge)
                                  0.000000    0.000000   clock network delay (ideal)
                                  0.000000    0.000000   clock reconvergence pessimism
                                              0.000000 ^ _4599_/CLK (sg13g2_dfrbpq_1)
                                 -0.061326   -0.061326   library removal time
                                             -0.061326   data required time
---------------------------------------------------------------------------------------------
                                             -0.061326   data required time
                                             -2.000000   data arrival time
---------------------------------------------------------------------------------------------
                                              2.061326   slack (MET)


Startpoint: rst_ni (input port clocked by core)
Endpoint: _4600_ (removal check against rising-edge clock core)
Path Group: asynchronous
Path Type: min

Fanout         Cap        Slew       Delay        Time   Description
---------------------------------------------------------------------------------------------
                      0.000000    0.000000    0.000000   clock core (rise edge)
                                  0.000000    0.000000   clock network delay (ideal)
                                  2.000000    2.000000 ^ input external delay
   306    1.401213    0.000000    0.000000    2.000000 ^ rst_ni (in)
                                                         rst_ni (net)
                      0.000000    0.000000    2.000000 ^ _4600_/RESET_B (sg13g2_dfrbpq_1)
                                              2.000000   data arrival time

                      0.000000    0.000000    0.000000   clock core (rise edge)
                                  0.000000    0.000000   clock network delay (ideal)
                                  0.000000    0.000000   clock reconvergence pessimism
                                              0.000000 ^ _4600_/CLK (sg13g2_dfrbpq_1)
                                 -0.061326   -0.061326   library removal time
                                             -0.061326   data required time
---------------------------------------------------------------------------------------------
                                             -0.061326   data required time
                                             -2.000000   data arrival time
---------------------------------------------------------------------------------------------
                                              2.061326   slack (MET)

=== FlexSoC normalized power fields ===
dynamic_power_definition=internal_power+switching_power
power_unit=OpenSTA report unit; see Units section
internal_power=0.00274
switching_power=0.000123
dynamic_power=0.0028629999999999997
leakage_power=1.25e-06
total_power=0.00286

=== Gate-level timing/power fusion ===
power_semantics=average_instance_power_from_the_same_VCD_SAIF_context
path_power_sum=unique_instance_average_power_sum_not_incremental_path_energy
fanout_capacitance_source=OpenSTA_report_checks_output_pin_fields

Worst path 1: status=met slack=0.145276 type=min group=core
startpoint=_4640_ (rising edge-triggered flip-flop clocked by core)
endpoint=_4880_ (rising edge-triggered flip-flop clocked by core)
path_power_complete=true
path_average_power_sum internal=1.66853e-05 switching=3.11824e-08 dynamic=1.67165e-05 leakage=2.90642e-09 total=1.67194e-05
stage instance cell pins fanout capacitance slew delay arrival internal switching dynamic leakage total
1 _4640_ sg13g2_dfrbpq_1 CLK,Q 4 0.009729 0.028368 0.113963 0.113963 8.34331e-06 2.57808e-08 8.36909e-06 1.45321e-09 8.37054e-06
2 _4880_ sg13g2_dfrbpq_1 D - - 0.028368 0 0.113963 8.34199e-06 5.40167e-09 8.3474e-06 1.45321e-09 8.34885e-06

Worst path 2: status=met slack=0.173812 type=min group=core
startpoint=_4787_ (rising edge-triggered flip-flop clocked by core)
endpoint=_4787_ (rising edge-triggered flip-flop clocked by core)
path_power_complete=true
path_average_power_sum internal=8.14992e-06 switching=9.11349e-10 dynamic=8.15083e-06 leakage=1.75666e-09 total=8.15258e-06
stage instance cell pins fanout capacitance slew delay arrival internal switching dynamic leakage total
1 _4787_ sg13g2_dfrbpq_1 CLK,Q 1 0.00273 0.014012 0.101531 0.101531 8.14947e-06 0 8.14947e-06 1.44085e-09 8.15091e-06
2 _2987_ sg13g2_inv_1 A,Y 2 0.005626 0.022962 0.023837 0.125368 0 7.31782e-10 7.31782e-10 9.38977e-11 8.25679e-10
3 _4546_ sg13g2_nor2_1 A,Y 1 0.001482 0.013912 0.020399 0.145766 4.42908e-10 1.79567e-10 6.22475e-10 2.21909e-10 8.44384e-10
4 _4787_ sg13g2_dfrbpq_1 D - - 0.013912 0 0.145766 8.14947e-06 0 8.14947e-06 1.44085e-09 8.15091e-06

Worst path 3: status=met slack=0.173826 type=min group=core
startpoint=_4788_ (rising edge-triggered flip-flop clocked by core)
endpoint=_4788_ (rising edge-triggered flip-flop clocked by core)
path_power_complete=true
path_average_power_sum internal=8.14992e-06 switching=9.21114e-10 dynamic=8.15084e-06 leakage=1.75666e-09 total=8.15259e-06
stage instance cell pins fanout capacitance slew delay arrival internal switching dynamic leakage total
1 _4788_ sg13g2_dfrbpq_1 CLK,Q 1 0.00273 0.014012 0.101531 0.101531 8.14947e-06 0 8.14947e-06 1.44085e-09 8.15091e-06
2 _2988_ sg13g2_inv_1 A,Y 2 0.005631 0.022976 0.023847 0.125378 0 7.41547e-10 7.41547e-10 9.38977e-11 8.35444e-10
3 _2940_ sg13g2_nor2_1 A,Y 1 0.001482 0.013915 0.020401 0.145779 4.42948e-10 1.79567e-10 6.22515e-10 2.21909e-10 8.44425e-10
4 _4788_ sg13g2_dfrbpq_1 D - - 0.013915 0 0.145779 8.14947e-06 0 8.14947e-06 1.44085e-09 8.15091e-06

Worst path 4: status=met slack=0.180803 type=min group=core
startpoint=_4737_ (rising edge-triggered flip-flop clocked by core)
endpoint=_4737_ (rising edge-triggered flip-flop clocked by core)
path_power_complete=true
path_average_power_sum internal=9.60298e-06 switching=6.63467e-08 dynamic=9.66932e-06 leakage=2.08128e-09 total=9.67141e-06
stage instance cell pins fanout capacitance slew delay arrival internal switching dynamic leakage total
1 _4737_ sg13g2_dfrbpq_1 CLK,Q 2 0.004863 0.018387 0.105319 0.105319 9.52786e-06 2.3018e-08 9.55087e-06 1.54623e-09 9.55242e-06
2 _2499_ sg13g2_inv_1 A,Y 1 0.002823 0.015845 0.018904 0.124223 8.2089e-09 1.37001e-08 2.1909e-08 1.77021e-10 2.2086e-08
3 _2504_ sg13g2_a21oi_1 A1,Y 1 0.001482 0.012198 0.02892 0.153144 6.69132e-08 2.96286e-08 9.65418e-08 3.58027e-10 9.68998e-08
4 _4737_ sg13g2_dfrbpq_1 D - - 0.012198 0 0.153144 9.52786e-06 2.3018e-08 9.55087e-06 1.54623e-09 9.55242e-06

Worst path 5: status=met slack=0.180803 type=min group=core
startpoint=_4740_ (rising edge-triggered flip-flop clocked by core)
endpoint=_4740_ (rising edge-triggered flip-flop clocked by core)
path_power_complete=true
path_average_power_sum internal=9.60298e-06 switching=6.63467e-08 dynamic=9.66932e-06 leakage=2.08128e-09 total=9.67141e-06
stage instance cell pins fanout capacitance slew delay arrival internal switching dynamic leakage total
1 _4740_ sg13g2_dfrbpq_1 CLK,Q 2 0.004863 0.018387 0.105319 0.105319 9.52786e-06 2.3018e-08 9.55087e-06 1.54623e-09 9.55242e-06
2 _2475_ sg13g2_inv_1 A,Y 1 0.002823 0.015845 0.018904 0.124223 8.2089e-09 1.37001e-08 2.1909e-08 1.77021e-10 2.2086e-08
3 _2480_ sg13g2_a21oi_1 A1,Y 1 0.001482 0.012198 0.02892 0.153144 6.69132e-08 2.96286e-08 9.65418e-08 3.58027e-10 9.68998e-08
4 _4740_ sg13g2_dfrbpq_1 D - - 0.012198 0 0.153144 9.52786e-06 2.3018e-08 9.55087e-06 1.54623e-09 9.55242e-06

Worst path 6: status=met slack=0.180803 type=min group=core
startpoint=_4741_ (rising edge-triggered flip-flop clocked by core)
endpoint=_4741_ (rising edge-triggered flip-flop clocked by core)
path_power_complete=true
path_average_power_sum internal=9.60298e-06 switching=6.63467e-08 dynamic=9.66932e-06 leakage=2.08128e-09 total=9.67141e-06
stage instance cell pins fanout capacitance slew delay arrival internal switching dynamic leakage total
1 _4741_ sg13g2_dfrbpq_1 CLK,Q 2 0.004863 0.018387 0.105319 0.105319 9.52786e-06 2.3018e-08 9.55087e-06 1.54623e-09 9.55242e-06
2 _2469_ sg13g2_inv_1 A,Y 1 0.002823 0.015845 0.018904 0.124223 8.2089e-09 1.37001e-08 2.1909e-08 1.77021e-10 2.2086e-08
3 _2474_ sg13g2_a21oi_1 A1,Y 1 0.001482 0.012198 0.02892 0.153144 6.69132e-08 2.96286e-08 9.65418e-08 3.58027e-10 9.68998e-08
4 _4741_ sg13g2_dfrbpq_1 D - - 0.012198 0 0.153144 9.52786e-06 2.3018e-08 9.55087e-06 1.54623e-09 9.55242e-06

Worst path 7: status=met slack=0.180803 type=min group=core
startpoint=_4745_ (rising edge-triggered flip-flop clocked by core)
endpoint=_4745_ (rising edge-triggered flip-flop clocked by core)
path_power_complete=true
path_average_power_sum internal=9.60298e-06 switching=6.63467e-08 dynamic=9.66932e-06 leakage=2.08128e-09 total=9.67141e-06
stage instance cell pins fanout capacitance slew delay arrival internal switching dynamic leakage total
1 _4745_ sg13g2_dfrbpq_1 CLK,Q 2 0.004863 0.018387 0.105319 0.105319 9.52786e-06 2.3018e-08 9.55087e-06 1.54623e-09 9.55242e-06
2 _2438_ sg13g2_inv_1 A,Y 1 0.002823 0.015845 0.018904 0.124223 8.2089e-09 1.37001e-08 2.1909e-08 1.77021e-10 2.2086e-08
3 _2443_ sg13g2_a21oi_1 A1,Y 1 0.001482 0.012198 0.02892 0.153144 6.69132e-08 2.96286e-08 9.65418e-08 3.58027e-10 9.68998e-08
4 _4745_ sg13g2_dfrbpq_1 D - - 0.012198 0 0.153144 9.52786e-06 2.3018e-08 9.55087e-06 1.54623e-09 9.55242e-06

Worst path 8: status=met slack=0.180803 type=min group=core
startpoint=_4747_ (rising edge-triggered flip-flop clocked by core)
endpoint=_4747_ (rising edge-triggered flip-flop clocked by core)
path_power_complete=true
path_average_power_sum internal=9.60298e-06 switching=6.63467e-08 dynamic=9.66932e-06 leakage=2.08128e-09 total=9.67141e-06
stage instance cell pins fanout capacitance slew delay arrival internal switching dynamic leakage total
1 _4747_ sg13g2_dfrbpq_1 CLK,Q 2 0.004863 0.018387 0.105319 0.105319 9.52786e-06 2.3018e-08 9.55087e-06 1.54623e-09 9.55242e-06
2 _2422_ sg13g2_inv_1 A,Y 1 0.002823 0.015845 0.018904 0.124223 8.2089e-09 1.37001e-08 2.1909e-08 1.77021e-10 2.2086e-08
3 _2430_ sg13g2_a21oi_1 A1,Y 1 0.001482 0.012198 0.02892 0.153144 6.69132e-08 2.96286e-08 9.65418e-08 3.58027e-10 9.68998e-08
4 _4747_ sg13g2_dfrbpq_1 D - - 0.012198 0 0.153144 9.52786e-06 2.3018e-08 9.55087e-06 1.54623e-09 9.55242e-06

Worst path 9: status=met slack=0.180803 type=min group=core
startpoint=_4750_ (rising edge-triggered flip-flop clocked by core)
endpoint=_4750_ (rising edge-triggered flip-flop clocked by core)
path_power_complete=true
path_average_power_sum internal=9.60298e-06 switching=6.63467e-08 dynamic=9.66932e-06 leakage=2.08128e-09 total=9.67141e-06
stage instance cell pins fanout capacitance slew delay arrival internal switching dynamic leakage total
1 _4750_ sg13g2_dfrbpq_1 CLK,Q 2 0.004863 0.018387 0.105319 0.105319 9.52786e-06 2.3018e-08 9.55087e-06 1.54623e-09 9.55242e-06
2 _2923_ sg13g2_inv_1 A,Y 1 0.002823 0.015845 0.018904 0.124223 8.2089e-09 1.37001e-08 2.1909e-08 1.77021e-10 2.2086e-08
3 _2928_ sg13g2_a21oi_1 A1,Y 1 0.001482 0.012198 0.02892 0.153144 6.69132e-08 2.96286e-08 9.65418e-08 3.58027e-10 9.68998e-08
4 _4750_ sg13g2_dfrbpq_1 D - - 0.012198 0 0.153144 9.52786e-06 2.3018e-08 9.55087e-06 1.54623e-09 9.55242e-06

Worst path 10: status=met slack=0.180803 type=min group=core
startpoint=_4734_ (rising edge-triggered flip-flop clocked by core)
endpoint=_4734_ (rising edge-triggered flip-flop clocked by core)
path_power_complete=true
path_average_power_sum internal=9.60298e-06 switching=6.63467e-08 dynamic=9.66932e-06 leakage=2.08128e-09 total=9.67141e-06
stage instance cell pins fanout capacitance slew delay arrival internal switching dynamic leakage total
1 _4734_ sg13g2_dfrbpq_1 CLK,Q 2 0.004863 0.018387 0.105319 0.105319 9.52786e-06 2.3018e-08 9.55087e-06 1.54623e-09 9.55242e-06
2 _2521_ sg13g2_inv_1 A,Y 1 0.002823 0.015845 0.018904 0.124223 8.2089e-09 1.37001e-08 2.1909e-08 1.77021e-10 2.2086e-08
3 _2526_ sg13g2_a21oi_1 A1,Y 1 0.001482 0.012202 0.02892 0.153144 6.69132e-08 2.96286e-08 9.65418e-08 3.58027e-10 9.68998e-08
4 _4734_ sg13g2_dfrbpq_1 D - - 0.012202 0 0.153144 9.52786e-06 2.3018e-08 9.55087e-06 1.54623e-09 9.55242e-06

Worst path 11: status=met slack=2.06133 type=min group=asynchronous
startpoint=rst_ni (input port clocked by core)
endpoint=_4591_ (removal check against rising-edge clock core)
path_power_complete=true
path_average_power_sum internal=8.18946e-06 switching=0 dynamic=8.18946e-06 leakage=1.44093e-09 total=8.1909e-06
stage instance cell pins fanout capacitance slew delay arrival internal switching dynamic leakage total
1 _4591_ sg13g2_dfrbpq_1 RESET_B - - 0 0 2 8.18946e-06 0 8.18946e-06 1.44093e-09 8.1909e-06

Worst path 12: status=met slack=2.06133 type=min group=asynchronous
startpoint=rst_ni (input port clocked by core)
endpoint=_4592_ (removal check against rising-edge clock core)
path_power_complete=true
path_average_power_sum internal=8.14947e-06 switching=0 dynamic=8.14947e-06 leakage=1.44085e-09 total=8.15091e-06
stage instance cell pins fanout capacitance slew delay arrival internal switching dynamic leakage total
1 _4592_ sg13g2_dfrbpq_1 RESET_B - - 0 0 2 8.14947e-06 0 8.14947e-06 1.44085e-09 8.15091e-06

Worst path 13: status=met slack=2.06133 type=min group=asynchronous
startpoint=rst_ni (input port clocked by core)
endpoint=_4593_ (removal check against rising-edge clock core)
path_power_complete=true
path_average_power_sum internal=8.14947e-06 switching=0 dynamic=8.14947e-06 leakage=1.44085e-09 total=8.15091e-06
stage instance cell pins fanout capacitance slew delay arrival internal switching dynamic leakage total
1 _4593_ sg13g2_dfrbpq_1 RESET_B - - 0 0 2 8.14947e-06 0 8.14947e-06 1.44085e-09 8.15091e-06

Worst path 14: status=met slack=2.06133 type=min group=asynchronous
startpoint=rst_ni (input port clocked by core)
endpoint=_4594_ (removal check against rising-edge clock core)
path_power_complete=true
path_average_power_sum internal=8.18946e-06 switching=0 dynamic=8.18946e-06 leakage=1.44093e-09 total=8.1909e-06
stage instance cell pins fanout capacitance slew delay arrival internal switching dynamic leakage total
1 _4594_ sg13g2_dfrbpq_1 RESET_B - - 0 0 2 8.18946e-06 0 8.18946e-06 1.44093e-09 8.1909e-06

Worst path 15: status=met slack=2.06133 type=min group=asynchronous
startpoint=rst_ni (input port clocked by core)
endpoint=_4595_ (removal check against rising-edge clock core)
path_power_complete=true
path_average_power_sum internal=8.14947e-06 switching=0 dynamic=8.14947e-06 leakage=1.44085e-09 total=8.15091e-06
stage instance cell pins fanout capacitance slew delay arrival internal switching dynamic leakage total
1 _4595_ sg13g2_dfrbpq_1 RESET_B - - 0 0 2 8.14947e-06 0 8.14947e-06 1.44085e-09 8.15091e-06

Worst path 16: status=met slack=2.06133 type=min group=asynchronous
startpoint=rst_ni (input port clocked by core)
endpoint=_4596_ (removal check against rising-edge clock core)
path_power_complete=true
path_average_power_sum internal=8.14947e-06 switching=0 dynamic=8.14947e-06 leakage=1.44085e-09 total=8.15091e-06
stage instance cell pins fanout capacitance slew delay arrival internal switching dynamic leakage total
1 _4596_ sg13g2_dfrbpq_1 RESET_B - - 0 0 2 8.14947e-06 0 8.14947e-06 1.44085e-09 8.15091e-06

Worst path 17: status=met slack=2.06133 type=min group=asynchronous
startpoint=rst_ni (input port clocked by core)
endpoint=_4597_ (removal check against rising-edge clock core)
path_power_complete=true
path_average_power_sum internal=8.14947e-06 switching=0 dynamic=8.14947e-06 leakage=1.44085e-09 total=8.15091e-06
stage instance cell pins fanout capacitance slew delay arrival internal switching dynamic leakage total
1 _4597_ sg13g2_dfrbpq_1 RESET_B - - 0 0 2 8.14947e-06 0 8.14947e-06 1.44085e-09 8.15091e-06

Worst path 18: status=met slack=2.06133 type=min group=asynchronous
startpoint=rst_ni (input port clocked by core)
endpoint=_4598_ (removal check against rising-edge clock core)
path_power_complete=true
path_average_power_sum internal=8.14947e-06 switching=0 dynamic=8.14947e-06 leakage=1.44085e-09 total=8.15091e-06
stage instance cell pins fanout capacitance slew delay arrival internal switching dynamic leakage total
1 _4598_ sg13g2_dfrbpq_1 RESET_B - - 0 0 2 8.14947e-06 0 8.14947e-06 1.44085e-09 8.15091e-06

Worst path 19: status=met slack=2.06133 type=min group=asynchronous
startpoint=rst_ni (input port clocked by core)
endpoint=_4599_ (removal check against rising-edge clock core)
path_power_complete=true
path_average_power_sum internal=8.14947e-06 switching=0 dynamic=8.14947e-06 leakage=1.44085e-09 total=8.15091e-06
stage instance cell pins fanout capacitance slew delay arrival internal switching dynamic leakage total
1 _4599_ sg13g2_dfrbpq_1 RESET_B - - 0 0 2 8.14947e-06 0 8.14947e-06 1.44085e-09 8.15091e-06

Worst path 20: status=met slack=2.06133 type=min group=asynchronous
startpoint=rst_ni (input port clocked by core)
endpoint=_4600_ (removal check against rising-edge clock core)
path_power_complete=true
path_average_power_sum internal=8.14947e-06 switching=0 dynamic=8.14947e-06 leakage=1.44085e-09 total=8.15091e-06
stage instance cell pins fanout capacitance slew delay arrival internal switching dynamic leakage total
1 _4600_ sg13g2_dfrbpq_1 RESET_B - - 0 0 2 8.14947e-06 0 8.14947e-06 1.44085e-09 8.15091e-06

=== Highest-power instances and worst path through each ===

Hotspot 1: instance=_4789_ selected_worst_paths=none internal=9.06353e-06 switching=4.26787e-06 dynamic=1.33314e-05 leakage=1.46037e-09 total=1.33329e-05
Worst path through hotspot: status=met slack=0.292032 type=min group=core
startpoint=_4779_ (rising edge-triggered flip-flop clocked by core)
endpoint=_4789_ (rising edge-triggered flip-flop clocked by core)
path_power_complete=true
path_average_power_sum internal=1.73685e-05 switching=4.39689e-06 dynamic=2.17654e-05 leakage=3.75119e-09 total=2.17692e-05
stage instance cell pins fanout capacitance slew delay arrival internal switching dynamic leakage total
1 _4779_ sg13g2_dfrbpq_1 CLK,Q 6 0.016662 0.056293 0.132632 0.132632 8.18946e-06 0 8.18946e-06 1.44093e-09 8.1909e-06
2 _2971_ sg13g2_nor2_1 A,Y 4 0.011026 0.040162 0.047151 0.179783 7.76025e-09 3.08887e-08 3.8649e-08 2.84142e-10 3.89331e-08
3 _4529_ sg13g2_nand2_1 B,Y 4 0.011068 0.047156 0.047371 0.227154 1.73935e-08 6.5631e-08 8.30245e-08 1.49263e-10 8.31738e-08
4 _4541_ sg13g2_a21oi_1 A1,Y 1 0.001482 0.015625 0.036444 0.263599 9.0379e-08 3.25016e-08 1.22881e-07 4.16487e-10 1.23297e-07
5 _4789_ sg13g2_dfrbpq_1 D - - 0.015625 0 0.263599 9.06353e-06 4.26787e-06 1.33314e-05 1.46037e-09 1.33329e-05
OpenSTA targeted timing report:
Startpoint: _4779_ (rising edge-triggered flip-flop clocked by core)
Endpoint: _4789_ (rising edge-triggered flip-flop clocked by core)
Path Group: core
Path Type: min

Fanout         Cap        Slew       Delay        Time   Description
---------------------------------------------------------------------------------------------
                      0.000000    0.000000    0.000000   clock core (rise edge)
                                  0.000000    0.000000   clock network delay (ideal)
                      0.000000    0.000000    0.000000 ^ _4779_/CLK (sg13g2_dfrbpq_1)
     6    0.016662    0.056293    0.132632    0.132632 ^ _4779_/Q (sg13g2_dfrbpq_1)
                                                         reg2hw[269] (net)
                      0.056293    0.000000    0.132632 ^ _2971_/A (sg13g2_nor2_1)
     4    0.011026    0.040162    0.047151    0.179783 v _2971_/Y (sg13g2_nor2_1)
                                                         _1980_ (net)
                      0.040162    0.000000    0.179783 v _4529_/B (sg13g2_nand2_1)
     4    0.011068    0.047156    0.047371    0.227154 ^ _4529_/Y (sg13g2_nand2_1)
                                                         _1468_ (net)
                      0.047156    0.000000    0.227154 ^ _4541_/A1 (sg13g2_a21oi_1)
     1    0.001482    0.015625    0.036444    0.263599 v _4541_/Y (sg13g2_a21oi_1)
                                                         _0085_ (net)
                      0.015625    0.000000    0.263599 v _4789_/D (sg13g2_dfrbpq_1)
                                              0.263599   data arrival time

                      0.000000    0.000000    0.000000   clock core (rise edge)
                                  0.000000    0.000000   clock network delay (ideal)
                                  0.000000    0.000000   clock reconvergence pessimism
                                              0.000000 ^ _4789_/CLK (sg13g2_dfrbpq_1)
                                 -0.028433   -0.028433   library hold time
                                             -0.028433   data required time
---------------------------------------------------------------------------------------------
                                             -0.028433   data required time
                                             -0.263599   data arrival time
---------------------------------------------------------------------------------------------
                                              0.292032   slack (MET)

Hotspot 2: instance=_4790_ selected_worst_paths=none internal=8.8421e-06 switching=1.07907e-06 dynamic=9.92117e-06 leakage=1.46035e-09 total=9.92263e-06
Worst path through hotspot: status=met slack=0.33281 type=min group=core
startpoint=_4779_ (rising edge-triggered flip-flop clocked by core)
endpoint=_4790_ (rising edge-triggered flip-flop clocked by core)
path_power_complete=true
path_average_power_sum internal=1.7297e-05 switching=1.34754e-06 dynamic=1.86446e-05 leakage=4.33219e-09 total=1.86489e-05
stage instance cell pins fanout capacitance slew delay arrival internal switching dynamic leakage total
1 _4779_ sg13g2_dfrbpq_1 CLK,Q 6 0.016662 0.056293 0.132632 0.132632 8.18946e-06 0 8.18946e-06 1.44093e-09 8.1909e-06
2 _2971_ sg13g2_nor2_1 A,Y 4 0.011026 0.040162 0.047151 0.179783 7.76025e-09 3.08887e-08 3.8649e-08 2.84142e-10 3.89331e-08
3 _4529_ sg13g2_nand2_1 B,Y 4 0.011068 0.047156 0.047371 0.227154 1.73935e-08 6.5631e-08 8.30245e-08 1.49263e-10 8.31738e-08
4 _4532_ sg13g2_inv_1 A,Y 2 0.005477 0.022574 0.027562 0.254716 1.0782e-08 3.09537e-08 4.17358e-08 2.21727e-10 4.19575e-08
5 _4539_ sg13g2_o21ai_1 B1,Y 1 0.002996 0.020862 0.025434 0.28015 1.43688e-07 9.77186e-08 2.41406e-07 2.42788e-10 2.41649e-07
6 _4540_ sg13g2_o21ai_1 B1,Y 1 0.001482 0.017251 0.02386 0.30401 8.58506e-08 4.32757e-08 1.29126e-07 5.3298e-10 1.29659e-07
7 _4790_ sg13g2_dfrbpq_1 D - - 0.017251 0 0.30401 8.8421e-06 1.07907e-06 9.92117e-06 1.46035e-09 9.92263e-06
OpenSTA targeted timing report:
Startpoint: _4779_ (rising edge-triggered flip-flop clocked by core)
Endpoint: _4790_ (rising edge-triggered flip-flop clocked by core)
Path Group: core
Path Type: min

Fanout         Cap        Slew       Delay        Time   Description
---------------------------------------------------------------------------------------------
                      0.000000    0.000000    0.000000   clock core (rise edge)
                                  0.000000    0.000000   clock network delay (ideal)
                      0.000000    0.000000    0.000000 ^ _4779_/CLK (sg13g2_dfrbpq_1)
     6    0.016662    0.056293    0.132632    0.132632 ^ _4779_/Q (sg13g2_dfrbpq_1)
                                                         reg2hw[269] (net)
                      0.056293    0.000000    0.132632 ^ _2971_/A (sg13g2_nor2_1)
     4    0.011026    0.040162    0.047151    0.179783 v _2971_/Y (sg13g2_nor2_1)
                                                         _1980_ (net)
                      0.040162    0.000000    0.179783 v _4529_/B (sg13g2_nand2_1)
     4    0.011068    0.047156    0.047371    0.227154 ^ _4529_/Y (sg13g2_nand2_1)
                                                         _1468_ (net)
                      0.047156    0.000000    0.227154 ^ _4532_/A (sg13g2_inv_1)
     2    0.005477    0.022574    0.027562    0.254716 v _4532_/Y (sg13g2_inv_1)
                                                         _1470_ (net)
                      0.022574    0.000000    0.254716 v _4539_/B1 (sg13g2_o21ai_1)
     1    0.002996    0.020862    0.025434    0.280150 ^ _4539_/Y (sg13g2_o21ai_1)
                                                         _1476_ (net)
                      0.020862    0.000000    0.280150 ^ _4540_/B1 (sg13g2_o21ai_1)
     1    0.001482    0.017251    0.023860    0.304010 v _4540_/Y (sg13g2_o21ai_1)
                                                         _0084_ (net)
                      0.017251    0.000000    0.304010 v _4790_/D (sg13g2_dfrbpq_1)
                                              0.304010   data arrival time

                      0.000000    0.000000    0.000000   clock core (rise edge)
                                  0.000000    0.000000   clock network delay (ideal)
                                  0.000000    0.000000   clock reconvergence pessimism
                                              0.000000 ^ _4790_/CLK (sg13g2_dfrbpq_1)
                                 -0.028801   -0.028801   library hold time
                                             -0.028801   data required time
---------------------------------------------------------------------------------------------
                                             -0.028801   data required time
                                             -0.304010   data arrival time
---------------------------------------------------------------------------------------------
                                              0.332810   slack (MET)

Hotspot 3: instance=_4620_ selected_worst_paths=none internal=9.78554e-06 switching=2.18256e-09 dynamic=9.78772e-06 leakage=1.5573e-09 total=9.78928e-06
Worst path through hotspot: status=met slack=0.219648 type=min group=core
startpoint=_4620_ (rising edge-triggered flip-flop clocked by core)
endpoint=_4620_ (rising edge-triggered flip-flop clocked by core)
path_power_complete=true
path_average_power_sum internal=9.78768e-06 switching=8.29917e-09 dynamic=9.79597e-06 leakage=2.12182e-09 total=9.7981e-06
stage instance cell pins fanout capacitance slew delay arrival internal switching dynamic leakage total
1 _4620_ sg13g2_dfrbpq_1 CLK,Q 3 0.008371 0.025583 0.11155 0.11155 9.78554e-06 2.18256e-09 9.78772e-06 1.5573e-09 9.78928e-06
2 _3725_ sg13g2_inv_1 A,Y 5 0.013768 0.047836 0.043942 0.155493 7.77136e-10 5.57791e-09 6.35504e-09 2.36085e-10 6.59113e-09
3 _2812_ sg13g2_a21oi_1 A1,Y 1 0.001482 0.011705 0.036608 0.1921 1.3622e-09 5.38701e-10 1.9009e-09 3.28441e-10 2.22934e-09
4 _4620_ sg13g2_dfrbpq_1 D - - 0.011705 0 0.1921 9.78554e-06 2.18256e-09 9.78772e-06 1.5573e-09 9.78928e-06
OpenSTA targeted timing report:
Startpoint: _4620_ (rising edge-triggered flip-flop clocked by core)
Endpoint: _4620_ (rising edge-triggered flip-flop clocked by core)
Path Group: core
Path Type: min

Fanout         Cap        Slew       Delay        Time   Description
---------------------------------------------------------------------------------------------
                      0.000000    0.000000    0.000000   clock core (rise edge)
                                  0.000000    0.000000   clock network delay (ideal)
                      0.000000    0.000000    0.000000 ^ _4620_/CLK (sg13g2_dfrbpq_1)
     3    0.008371    0.025583    0.111550    0.111550 v _4620_/Q (sg13g2_dfrbpq_1)
                                                         reg2hw[211] (net)
                      0.025583    0.000000    0.111550 v _3725_/A (sg13g2_inv_1)
     5    0.013768    0.047836    0.043942    0.155493 ^ _3725_/Y (sg13g2_inv_1)
                                                         _0715_ (net)
                      0.047836    0.000000    0.155493 ^ _2812_/A1 (sg13g2_a21oi_1)
     1    0.001482    0.011705    0.036608    0.192100 v _2812_/Y (sg13g2_a21oi_1)
                                                         _0238_ (net)
                      0.011705    0.000000    0.192100 v _4620_/D (sg13g2_dfrbpq_1)
                                              0.192100   data arrival time

                      0.000000    0.000000    0.000000   clock core (rise edge)
                                  0.000000    0.000000   clock network delay (ideal)
                                  0.000000    0.000000   clock reconvergence pessimism
                                              0.000000 ^ _4620_/CLK (sg13g2_dfrbpq_1)
                                 -0.027547   -0.027547   library hold time
                                             -0.027547   data required time
---------------------------------------------------------------------------------------------
                                             -0.027547   data required time
                                             -0.192100   data arrival time
---------------------------------------------------------------------------------------------
                                              0.219648   slack (MET)

Hotspot 4: instance=_4753_ selected_worst_paths=none internal=9.7854e-06 switching=1.26108e-09 dynamic=9.78666e-06 leakage=1.5573e-09 total=9.78822e-06
Worst path through hotspot: status=met slack=0.200339 type=min group=core
startpoint=_4753_ (rising edge-triggered flip-flop clocked by core)
endpoint=_4753_ (rising edge-triggered flip-flop clocked by core)
path_power_complete=true
path_average_power_sum internal=9.98493e-06 switching=1.79978e-09 dynamic=9.98673e-06 leakage=2.40643e-09 total=9.98914e-06
stage instance cell pins fanout capacitance slew delay arrival internal switching dynamic leakage total
1 _4753_ sg13g2_dfrbpq_1 CLK,Q 2 0.004756 0.018168 0.10513 0.10513 9.7854e-06 1.26108e-09 9.78666e-06 1.5573e-09 9.78822e-06
2 _2930_ sg13g2_mux2_1 A1,X 1 0.001482 0.018163 0.066203 0.171333 1.99529e-07 5.38701e-10 2.00068e-07 8.49134e-10 2.00917e-07
3 _4753_ sg13g2_dfrbpq_1 D - - 0.018163 0 0.171333 9.7854e-06 1.26108e-09 9.78666e-06 1.5573e-09 9.78822e-06
OpenSTA targeted timing report:
Startpoint: _4753_ (rising edge-triggered flip-flop clocked by core)
Endpoint: _4753_ (rising edge-triggered flip-flop clocked by core)
Path Group: core
Path Type: min

Fanout         Cap        Slew       Delay        Time   Description
---------------------------------------------------------------------------------------------
                      0.000000    0.000000    0.000000   clock core (rise edge)
                                  0.000000    0.000000   clock network delay (ideal)
                      0.000000    0.000000    0.000000 ^ _4753_/CLK (sg13g2_dfrbpq_1)
     2    0.004756    0.018168    0.105130    0.105130 v _4753_/Q (sg13g2_dfrbpq_1)
                                                         u_cordic_reg.tl_o[58] (net)
                      0.018168    0.000000    0.105130 v _2930_/A1 (sg13g2_mux2_1)
     1    0.001482    0.018163    0.066203    0.171333 v _2930_/X (sg13g2_mux2_1)
                                                         _0291_ (net)
                      0.018163    0.000000    0.171333 v _4753_/D (sg13g2_dfrbpq_1)
                                              0.171333   data arrival time

                      0.000000    0.000000    0.000000   clock core (rise edge)
                                  0.000000    0.000000   clock network delay (ideal)
                                  0.000000    0.000000   clock reconvergence pessimism
                                              0.000000 ^ _4753_/CLK (sg13g2_dfrbpq_1)
                                 -0.029007   -0.029007   library hold time
                                             -0.029007   data required time
---------------------------------------------------------------------------------------------
                                             -0.029007   data required time
                                             -0.171333   data arrival time
---------------------------------------------------------------------------------------------
                                              0.200339   slack (MET)

Hotspot 5: instance=_4650_ selected_worst_paths=none internal=9.74825e-06 switching=2.22713e-09 dynamic=9.75047e-06 leakage=1.55839e-09 total=9.75203e-06
Worst path through hotspot: status=met slack=0.196186 type=min group=core
startpoint=_4650_ (rising edge-triggered flip-flop clocked by core)
endpoint=_4650_ (rising edge-triggered flip-flop clocked by core)
path_power_complete=true
path_average_power_sum internal=9.75053e-06 switching=5.0048e-09 dynamic=9.75554e-06 leakage=2.11961e-09 total=9.75766e-06
stage instance cell pins fanout capacitance slew delay arrival internal switching dynamic leakage total
1 _4650_ sg13g2_dfrbpq_1 CLK,Q 3 0.008306 0.02545 0.111435 0.111435 9.74825e-06 2.22713e-09 9.75047e-06 1.55839e-09 9.75203e-06
2 _4551_ sg13g2_inv_1 A,Y 2 0.005588 0.02483 0.026124 0.137559 7.14654e-10 2.23897e-09 2.95362e-09 2.31274e-10 3.1849e-09
3 _2773_ sg13g2_a21oi_1 A1,Y 1 0.001482 0.011705 0.031079 0.168639 1.57394e-09 5.38701e-10 2.11264e-09 3.29946e-10 2.44258e-09
4 _4650_ sg13g2_dfrbpq_1 D - - 0.011705 0 0.168639 9.74825e-06 2.22713e-09 9.75047e-06 1.55839e-09 9.75203e-06
OpenSTA targeted timing report:
Startpoint: _4650_ (rising edge-triggered flip-flop clocked by core)
Endpoint: _4650_ (rising edge-triggered flip-flop clocked by core)
Path Group: core
Path Type: min

Fanout         Cap        Slew       Delay        Time   Description
---------------------------------------------------------------------------------------------
                      0.000000    0.000000    0.000000   clock core (rise edge)
                                  0.000000    0.000000   clock network delay (ideal)
                      0.000000    0.000000    0.000000 ^ _4650_/CLK (sg13g2_dfrbpq_1)
     3    0.008306    0.025450    0.111435    0.111435 v _4650_/Q (sg13g2_dfrbpq_1)
                                                         reg2hw[279] (net)
                      0.025450    0.000000    0.111435 v _4551_/A (sg13g2_inv_1)
     2    0.005588    0.024830    0.026124    0.137559 ^ _4551_/Y (sg13g2_inv_1)
                                                         _1484_ (net)
                      0.024830    0.000000    0.137559 ^ _2773_/A1 (sg13g2_a21oi_1)
     1    0.001482    0.011705    0.031079    0.168639 v _2773_/Y (sg13g2_a21oi_1)
                                                         _0211_ (net)
                      0.011705    0.000000    0.168639 v _4650_/D (sg13g2_dfrbpq_1)
                                              0.168639   data arrival time

                      0.000000    0.000000    0.000000   clock core (rise edge)
                                  0.000000    0.000000   clock network delay (ideal)
                                  0.000000    0.000000   clock reconvergence pessimism
                                              0.000000 ^ _4650_/CLK (sg13g2_dfrbpq_1)
                                 -0.027547   -0.027547   library hold time
                                             -0.027547   data required time
---------------------------------------------------------------------------------------------
                                             -0.027547   data required time
                                             -0.168639   data arrival time
---------------------------------------------------------------------------------------------
                                              0.196186   slack (MET)

Hotspot 6: instance=_4829_ selected_worst_paths=none internal=9.64314e-06 switching=1.02818e-07 dynamic=9.74596e-06 leakage=1.54652e-09 total=9.7475e-06
Worst path through hotspot: status=met slack=0.203004 type=min group=core
startpoint=_4829_ (rising edge-triggered flip-flop clocked by core)
endpoint=_4829_ (rising edge-triggered flip-flop clocked by core)
path_power_complete=true
path_average_power_sum internal=9.7452e-06 switching=1.44182e-07 dynamic=9.88938e-06 leakage=2.27462e-09 total=9.89166e-06
stage instance cell pins fanout capacitance slew delay arrival internal switching dynamic leakage total
1 _4829_ sg13g2_dfrbpq_1 CLK,Q 5 0.013965 0.037058 0.121488 0.121488 9.64314e-06 1.02818e-07 9.74596e-06 1.54652e-09 9.7475e-06
2 _4268_ sg13g2_nand2_1 B,Y 1 0.002996 0.023696 0.028297 0.149785 5.75758e-09 5.27113e-09 1.10287e-08 2.94328e-10 1.1323e-08
3 _4269_ sg13g2_o21ai_1 B1,Y 1 0.001482 0.017723 0.024312 0.174097 9.63075e-08 3.6093e-08 1.32401e-07 4.33777e-10 1.32834e-07
4 _4829_ sg13g2_dfrbpq_1 D - - 0.017723 0 0.174097 9.64314e-06 1.02818e-07 9.74596e-06 1.54652e-09 9.7475e-06
OpenSTA targeted timing report:
Startpoint: _4829_ (rising edge-triggered flip-flop clocked by core)
Endpoint: _4829_ (rising edge-triggered flip-flop clocked by core)
Path Group: core
Path Type: min

Fanout         Cap        Slew       Delay        Time   Description
---------------------------------------------------------------------------------------------
                      0.000000    0.000000    0.000000   clock core (rise edge)
                                  0.000000    0.000000   clock network delay (ideal)
                      0.000000    0.000000    0.000000 ^ _4829_/CLK (sg13g2_dfrbpq_1)
     5    0.013965    0.037058    0.121488    0.121488 v _4829_/Q (sg13g2_dfrbpq_1)
                                                         u_cordic_core.x_q[0] (net)
                      0.037058    0.000000    0.121488 v _4268_/B (sg13g2_nand2_1)
     1    0.002996    0.023696    0.028297    0.149785 ^ _4268_/Y (sg13g2_nand2_1)
                                                         _1241_ (net)
                      0.023696    0.000000    0.149785 ^ _4269_/B1 (sg13g2_o21ai_1)
     1    0.001482    0.017723    0.024312    0.174097 v _4269_/Y (sg13g2_o21ai_1)
                                                         _0048_ (net)
                      0.017723    0.000000    0.174097 v _4829_/D (sg13g2_dfrbpq_1)
                                              0.174097   data arrival time

                      0.000000    0.000000    0.000000   clock core (rise edge)
                                  0.000000    0.000000   clock network delay (ideal)
                                  0.000000    0.000000   clock reconvergence pessimism
                                              0.000000 ^ _4829_/CLK (sg13g2_dfrbpq_1)
                                 -0.028907   -0.028907   library hold time
                                             -0.028907   data required time
---------------------------------------------------------------------------------------------
                                             -0.028907   data required time
                                             -0.174097   data arrival time
---------------------------------------------------------------------------------------------
                                              0.203004   slack (MET)

Hotspot 7: instance=_4811_ selected_worst_paths=none internal=9.60627e-06 switching=6.43465e-08 dynamic=9.67062e-06 leakage=1.54742e-09 total=9.67217e-06
Worst path through hotspot: status=met slack=0.224537 type=min group=core
startpoint=_4811_ (rising edge-triggered flip-flop clocked by core)
endpoint=_4811_ (rising edge-triggered flip-flop clocked by core)
path_power_complete=true
path_average_power_sum internal=9.69357e-06 switching=1.6887e-07 dynamic=9.86244e-06 leakage=2.12948e-09 total=9.86457e-06
stage instance cell pins fanout capacitance slew delay arrival internal switching dynamic leakage total
1 _4811_ sg13g2_dfrbpq_1 CLK,Q 4 0.01095 0.030874 0.116132 0.116132 9.60627e-06 6.43465e-08 9.67062e-06 1.54742e-09 9.67217e-06
2 _3353_ sg13g2_inv_1 A,Y 3 0.011358 0.041983 0.040184 0.156316 1.15081e-08 6.98676e-08 8.13757e-08 1.78893e-10 8.15546e-08
3 _4393_ sg13g2_o21ai_1 A1,Y 1 0.001482 0.017459 0.039373 0.19569 7.57886e-08 3.46564e-08 1.10445e-07 4.03166e-10 1.10848e-07
4 _4811_ sg13g2_dfrbpq_1 D - - 0.017459 0 0.19569 9.60627e-06 6.43465e-08 9.67062e-06 1.54742e-09 9.67217e-06
OpenSTA targeted timing report:
Startpoint: _4811_ (rising edge-triggered flip-flop clocked by core)
Endpoint: _4811_ (rising edge-triggered flip-flop clocked by core)
Path Group: core
Path Type: min

Fanout         Cap        Slew       Delay        Time   Description
---------------------------------------------------------------------------------------------
                      0.000000    0.000000    0.000000   clock core (rise edge)
                                  0.000000    0.000000   clock network delay (ideal)
                      0.000000    0.000000    0.000000 ^ _4811_/CLK (sg13g2_dfrbpq_1)
     4    0.010950    0.030874    0.116132    0.116132 v _4811_/Q (sg13g2_dfrbpq_1)
                                                         u_cordic_core.y_q[1] (net)
                      0.030874    0.000000    0.116132 v _3353_/A (sg13g2_inv_1)
     3    0.011358    0.041983    0.040184    0.156316 ^ _3353_/Y (sg13g2_inv_1)
                                                         _0358_ (net)
                      0.041983    0.000000    0.156316 ^ _4393_/A1 (sg13g2_o21ai_1)
     1    0.001482    0.017459    0.039373    0.195690 v _4393_/Y (sg13g2_o21ai_1)
                                                         _0065_ (net)
                      0.017459    0.000000    0.195690 v _4811_/D (sg13g2_dfrbpq_1)
                                              0.195690   data arrival time

                      0.000000    0.000000    0.000000   clock core (rise edge)
                                  0.000000    0.000000   clock network delay (ideal)
                                  0.000000    0.000000   clock reconvergence pessimism
                                              0.000000 ^ _4811_/CLK (sg13g2_dfrbpq_1)
                                 -0.028848   -0.028848   library hold time
                                             -0.028848   data required time
---------------------------------------------------------------------------------------------
                                             -0.028848   data required time
                                             -0.195690   data arrival time
---------------------------------------------------------------------------------------------
                                              0.224537   slack (MET)

Hotspot 8: instance=_4835_ selected_worst_paths=none internal=9.5725e-06 switching=8.19983e-08 dynamic=9.6545e-06 leakage=1.54123e-09 total=9.65604e-06
Worst path through hotspot: status=met slack=0.203308 type=min group=core
startpoint=_4835_ (rising edge-triggered flip-flop clocked by core)
endpoint=_4835_ (rising edge-triggered flip-flop clocked by core)
path_power_complete=true
path_average_power_sum internal=9.68818e-06 switching=1.35121e-07 dynamic=9.8233e-06 leakage=2.33541e-09 total=9.82564e-06
stage instance cell pins fanout capacitance slew delay arrival internal switching dynamic leakage total
1 _4835_ sg13g2_dfrbpq_1 CLK,Q 5 0.014096 0.037327 0.121721 0.121721 9.5725e-06 8.19983e-08 9.6545e-06 1.54123e-09 9.65604e-06
2 _4206_ sg13g2_nand2_1 B,Y 1 0.002996 0.023747 0.028358 0.150079 4.89427e-09 4.46019e-09 9.35446e-09 2.75543e-10 9.63e-09
3 _4207_ sg13g2_o21ai_1 B1,Y 1 0.001482 0.017731 0.02432 0.174399 1.1079e-07 4.86627e-08 1.59453e-07 5.18636e-10 1.59971e-07
4 _4835_ sg13g2_dfrbpq_1 D - - 0.017731 0 0.174399 9.5725e-06 8.19983e-08 9.6545e-06 1.54123e-09 9.65604e-06
OpenSTA targeted timing report:
Startpoint: _4835_ (rising edge-triggered flip-flop clocked by core)
Endpoint: _4835_ (rising edge-triggered flip-flop clocked by core)
Path Group: core
Path Type: min

Fanout         Cap        Slew       Delay        Time   Description
---------------------------------------------------------------------------------------------
                      0.000000    0.000000    0.000000   clock core (rise edge)
                                  0.000000    0.000000   clock network delay (ideal)
                      0.000000    0.000000    0.000000 ^ _4835_/CLK (sg13g2_dfrbpq_1)
     5    0.014096    0.037327    0.121721    0.121721 v _4835_/Q (sg13g2_dfrbpq_1)
                                                         u_cordic_core.x_q[6] (net)
                      0.037327    0.000000    0.121721 v _4206_/B (sg13g2_nand2_1)
     1    0.002996    0.023747    0.028358    0.150079 ^ _4206_/Y (sg13g2_nand2_1)
                                                         _1185_ (net)
                      0.023747    0.000000    0.150079 ^ _4207_/B1 (sg13g2_o21ai_1)
     1    0.001482    0.017731    0.024320    0.174399 v _4207_/Y (sg13g2_o21ai_1)
                                                         _0042_ (net)
                      0.017731    0.000000    0.174399 v _4835_/D (sg13g2_dfrbpq_1)
                                              0.174399   data arrival time

                      0.000000    0.000000    0.000000   clock core (rise edge)
                                  0.000000    0.000000   clock network delay (ideal)
                                  0.000000    0.000000   clock reconvergence pessimism
                                              0.000000 ^ _4835_/CLK (sg13g2_dfrbpq_1)
                                 -0.028909   -0.028909   library hold time
                                             -0.028909   data required time
---------------------------------------------------------------------------------------------
                                             -0.028909   data required time
                                             -0.174399   data arrival time
---------------------------------------------------------------------------------------------
                                              0.203308   slack (MET)

Hotspot 9: instance=_4751_ selected_worst_paths=none internal=9.63919e-06 switching=1.22176e-08 dynamic=9.65141e-06 leakage=1.55896e-09 total=9.65296e-06
Worst path through hotspot: status=met slack=0.197339 type=min group=core
startpoint=_4751_ (rising edge-triggered flip-flop clocked by core)
endpoint=_4751_ (rising edge-triggered flip-flop clocked by core)
path_power_complete=true
path_average_power_sum internal=9.66032e-06 switching=1.56293e-08 dynamic=9.67595e-06 leakage=2.03915e-09 total=9.67799e-06
stage instance cell pins fanout capacitance slew delay arrival internal switching dynamic leakage total
1 _4751_ sg13g2_dfrbpq_1 CLK,Q 2 0.005088 0.018849 0.105719 0.105719 9.63919e-06 1.22176e-08 9.65141e-06 1.55896e-09 9.65296e-06
2 _2929_ sg13g2_a21o_1 A1,X 1 0.001482 0.014235 0.063501 0.16922 2.11317e-08 3.41177e-09 2.45434e-08 4.8019e-10 2.50236e-08
3 _4751_ sg13g2_dfrbpq_1 D - - 0.014235 0 0.16922 9.63919e-06 1.22176e-08 9.65141e-06 1.55896e-09 9.65296e-06
OpenSTA targeted timing report:
Startpoint: _4751_ (rising edge-triggered flip-flop clocked by core)
Endpoint: _4751_ (rising edge-triggered flip-flop clocked by core)
Path Group: core
Path Type: min

Fanout         Cap        Slew       Delay        Time   Description
---------------------------------------------------------------------------------------------
                      0.000000    0.000000    0.000000   clock core (rise edge)
                                  0.000000    0.000000   clock network delay (ideal)
                      0.000000    0.000000    0.000000 ^ _4751_/CLK (sg13g2_dfrbpq_1)
     2    0.005088    0.018849    0.105719    0.105719 v _4751_/Q (sg13g2_dfrbpq_1)
                                                         hw2reg[158] (net)
                      0.018849    0.000000    0.105719 v _2929_/A1 (sg13g2_a21o_1)
     1    0.001482    0.014235    0.063501    0.169220 v _2929_/X (sg13g2_a21o_1)
                                                         _0290_ (net)
                      0.014235    0.000000    0.169220 v _4751_/D (sg13g2_dfrbpq_1)
                                              0.169220   data arrival time

                      0.000000    0.000000    0.000000   clock core (rise edge)
                                  0.000000    0.000000   clock network delay (ideal)
                                  0.000000    0.000000   clock reconvergence pessimism
                                              0.000000 ^ _4751_/CLK (sg13g2_dfrbpq_1)
                                 -0.028119   -0.028119   library hold time
                                             -0.028119   data required time
---------------------------------------------------------------------------------------------
                                             -0.028119   data required time
                                             -0.169220   data arrival time
---------------------------------------------------------------------------------------------
                                              0.197339   slack (MET)

Hotspot 10: instance=_4813_ selected_worst_paths=none internal=9.55471e-06 switching=8.19983e-08 dynamic=9.63671e-06 leakage=1.53815e-09 total=9.63825e-06
Worst path through hotspot: status=met slack=0.203308 type=min group=core
startpoint=_4813_ (rising edge-triggered flip-flop clocked by core)
endpoint=_4813_ (rising edge-triggered flip-flop clocked by core)
path_power_complete=true
path_average_power_sum internal=9.7096e-06 switching=1.40149e-07 dynamic=9.84974e-06 leakage=2.25053e-09 total=9.85199e-06
stage instance cell pins fanout capacitance slew delay arrival internal switching dynamic leakage total
1 _4813_ sg13g2_dfrbpq_1 CLK,Q 5 0.014096 0.037327 0.121721 0.121721 9.55471e-06 8.19983e-08 9.63671e-06 1.53815e-09 9.63825e-06
2 _4377_ sg13g2_nand2_1 B,Y 1 0.002996 0.023747 0.028358 0.150079 4.73646e-09 4.46019e-09 9.19665e-09 2.6616e-10 9.46281e-09
3 _4378_ sg13g2_o21ai_1 B1,Y 1 0.001482 0.017731 0.02432 0.174399 1.50149e-07 5.36906e-08 2.0384e-07 4.46223e-10 2.04286e-07
4 _4813_ sg13g2_dfrbpq_1 D - - 0.017731 0 0.174399 9.55471e-06 8.19983e-08 9.63671e-06 1.53815e-09 9.63825e-06
OpenSTA targeted timing report:
Startpoint: _4813_ (rising edge-triggered flip-flop clocked by core)
Endpoint: _4813_ (rising edge-triggered flip-flop clocked by core)
Path Group: core
Path Type: min

Fanout         Cap        Slew       Delay        Time   Description
---------------------------------------------------------------------------------------------
                      0.000000    0.000000    0.000000   clock core (rise edge)
                                  0.000000    0.000000   clock network delay (ideal)
                      0.000000    0.000000    0.000000 ^ _4813_/CLK (sg13g2_dfrbpq_1)
     5    0.014096    0.037327    0.121721    0.121721 v _4813_/Q (sg13g2_dfrbpq_1)
                                                         u_cordic_core.y_q[3] (net)
                      0.037327    0.000000    0.121721 v _4377_/B (sg13g2_nand2_1)
     1    0.002996    0.023747    0.028358    0.150079 ^ _4377_/Y (sg13g2_nand2_1)
                                                         _1335_ (net)
                      0.023747    0.000000    0.150079 ^ _4378_/B1 (sg13g2_o21ai_1)
     1    0.001482    0.017731    0.024320    0.174399 v _4378_/Y (sg13g2_o21ai_1)
                                                         _0063_ (net)
                      0.017731    0.000000    0.174399 v _4813_/D (sg13g2_dfrbpq_1)
                                              0.174399   data arrival time

                      0.000000    0.000000    0.000000   clock core (rise edge)
                                  0.000000    0.000000   clock network delay (ideal)
                                  0.000000    0.000000   clock reconvergence pessimism
                                              0.000000 ^ _4813_/CLK (sg13g2_dfrbpq_1)
                                 -0.028909   -0.028909   library hold time
                                             -0.028909   data required time
---------------------------------------------------------------------------------------------
                                             -0.028909   data required time
                                             -0.174399   data arrival time
---------------------------------------------------------------------------------------------
                                              0.203308   slack (MET)

Hotspot 11: instance=_4840_ selected_worst_paths=none internal=9.56109e-06 switching=5.49096e-08 dynamic=9.616e-06 leakage=1.54335e-09 total=9.61754e-06
Worst path through hotspot: status=met slack=0.21996 type=min group=core
startpoint=_4840_ (rising edge-triggered flip-flop clocked by core)
endpoint=_4840_ (rising edge-triggered flip-flop clocked by core)
path_power_complete=true
path_average_power_sum internal=9.65282e-06 switching=1.63548e-07 dynamic=9.81637e-06 leakage=2.13064e-09 total=9.8185e-06
stage instance cell pins fanout capacitance slew delay arrival internal switching dynamic leakage total
1 _4840_ sg13g2_dfrbpq_1 CLK,Q 3 0.008623 0.0261 0.111999 0.111999 9.56109e-06 5.49096e-08 9.616e-06 1.54335e-09 9.61754e-06
2 _3278_ sg13g2_inv_1 A,Y 4 0.011481 0.0415 0.039115 0.151113 1.18832e-08 7.07494e-08 8.26327e-08 1.7247e-10 8.28051e-08
3 _4136_ sg13g2_o21ai_1 A1,Y 1 0.001482 0.020638 0.039281 0.190394 7.98527e-08 3.78887e-08 1.17741e-07 4.14816e-10 1.18156e-07
4 _4840_ sg13g2_dfrbpq_1 D - - 0.020638 0 0.190394 9.56109e-06 5.49096e-08 9.616e-06 1.54335e-09 9.61754e-06
OpenSTA targeted timing report:
Startpoint: _4840_ (rising edge-triggered flip-flop clocked by core)
Endpoint: _4840_ (rising edge-triggered flip-flop clocked by core)
Path Group: core
Path Type: min

Fanout         Cap        Slew       Delay        Time   Description
---------------------------------------------------------------------------------------------
                      0.000000    0.000000    0.000000   clock core (rise edge)
                                  0.000000    0.000000   clock network delay (ideal)
                      0.000000    0.000000    0.000000 ^ _4840_/CLK (sg13g2_dfrbpq_1)
     3    0.008623    0.026100    0.111999    0.111999 v _4840_/Q (sg13g2_dfrbpq_1)
                                                         u_cordic_core.x_q[11] (net)
                      0.026100    0.000000    0.111999 v _3278_/A (sg13g2_inv_1)
     4    0.011481    0.041500    0.039115    0.151113 ^ _3278_/Y (sg13g2_inv_1)
                                                         _2272_ (net)
                      0.041500    0.000000    0.151113 ^ _4136_/A1 (sg13g2_o21ai_1)
     1    0.001482    0.020638    0.039281    0.190394 v _4136_/Y (sg13g2_o21ai_1)
                                                         _0037_ (net)
                      0.020638    0.000000    0.190394 v _4840_/D (sg13g2_dfrbpq_1)
                                              0.190394   data arrival time

                      0.000000    0.000000    0.000000   clock core (rise edge)
                                  0.000000    0.000000   clock network delay (ideal)
                                  0.000000    0.000000   clock reconvergence pessimism
                                              0.000000 ^ _4840_/CLK (sg13g2_dfrbpq_1)
                                 -0.029566   -0.029566   library hold time
                                             -0.029566   data required time
---------------------------------------------------------------------------------------------
                                             -0.029566   data required time
                                             -0.190394   data arrival time
---------------------------------------------------------------------------------------------
                                              0.219960   slack (MET)

Hotspot 12: instance=_4730_ selected_worst_paths=none internal=9.56436e-06 switching=2.3018e-08 dynamic=9.58738e-06 leakage=1.54737e-09 total=9.58892e-06
Worst path through hotspot: status=met slack=0.186258 type=min group=core
startpoint=_4730_ (rising edge-triggered flip-flop clocked by core)
endpoint=_4730_ (rising edge-triggered flip-flop clocked by core)
path_power_complete=true
path_average_power_sum internal=9.67897e-06 switching=6.95046e-08 dynamic=9.74848e-06 leakage=2.19326e-09 total=9.75067e-06
stage instance cell pins fanout capacitance slew delay arrival internal switching dynamic leakage total
1 _4730_ sg13g2_dfrbpq_1 CLK,Q 2 0.004863 0.018387 0.105319 0.105319 9.56436e-06 2.3018e-08 9.58738e-06 1.54737e-09 9.58892e-06
2 _2551_ sg13g2_inv_1 A,Y 1 0.002938 0.016168 0.019144 0.124463 8.21572e-09 1.39849e-08 2.22006e-08 1.78892e-10 2.23795e-08
3 _2560_ sg13g2_a22oi_1 A1,Y 1 0.001482 0.019811 0.032416 0.156879 1.06396e-07 3.25016e-08 1.38898e-07 4.67006e-10 1.39365e-07
4 _4730_ sg13g2_dfrbpq_1 D - - 0.019811 0 0.156879 9.56436e-06 2.3018e-08 9.58738e-06 1.54737e-09 9.58892e-06
OpenSTA targeted timing report:
Startpoint: _4730_ (rising edge-triggered flip-flop clocked by core)
Endpoint: _4730_ (rising edge-triggered flip-flop clocked by core)
Path Group: core
Path Type: min

Fanout         Cap        Slew       Delay        Time   Description
---------------------------------------------------------------------------------------------
                      0.000000    0.000000    0.000000   clock core (rise edge)
                                  0.000000    0.000000   clock network delay (ideal)
                      0.000000    0.000000    0.000000 ^ _4730_/CLK (sg13g2_dfrbpq_1)
     2    0.004863    0.018387    0.105319    0.105319 v _4730_/Q (sg13g2_dfrbpq_1)
                                                         u_cordic_reg.tl_o[27] (net)
                      0.018387    0.000000    0.105319 v _2551_/A (sg13g2_inv_1)
     1    0.002938    0.016168    0.019144    0.124463 ^ _2551_/Y (sg13g2_inv_1)
                                                         _1731_ (net)
                      0.016168    0.000000    0.124463 ^ _2560_/A1 (sg13g2_a22oi_1)
     1    0.001482    0.019811    0.032416    0.156879 v _2560_/Y (sg13g2_a22oi_1)
                                                         _0135_ (net)
                      0.019811    0.000000    0.156879 v _4730_/D (sg13g2_dfrbpq_1)
                                              0.156879   data arrival time

                      0.000000    0.000000    0.000000   clock core (rise edge)
                                  0.000000    0.000000   clock network delay (ideal)
                                  0.000000    0.000000   clock reconvergence pessimism
                                              0.000000 ^ _4730_/CLK (sg13g2_dfrbpq_1)
                                 -0.029379   -0.029379   library hold time
                                             -0.029379   data required time
---------------------------------------------------------------------------------------------
                                             -0.029379   data required time
                                             -0.156879   data arrival time
---------------------------------------------------------------------------------------------
                                              0.186258   slack (MET)

Hotspot 13: instance=_4722_ selected_worst_paths=none internal=9.55915e-06 switching=2.55756e-08 dynamic=9.58472e-06 leakage=1.54622e-09 total=9.58627e-06
Worst path through hotspot: status=met slack=0.185922 type=min group=core
startpoint=_4722_ (rising edge-triggered flip-flop clocked by core)
endpoint=_4722_ (rising edge-triggered flip-flop clocked by core)
path_power_complete=true
path_average_power_sum internal=9.6894e-06 switching=7.3574e-08 dynamic=9.76297e-06 leakage=2.14985e-09 total=9.76512e-06
stage instance cell pins fanout capacitance slew delay arrival internal switching dynamic leakage total
1 _4722_ sg13g2_dfrbpq_1 CLK,Q 2 0.004863 0.018387 0.105319 0.105319 9.55915e-06 2.55756e-08 9.58472e-06 1.54622e-09 9.58627e-06
2 _2615_ sg13g2_inv_1 A,Y 1 0.002938 0.016168 0.019144 0.124463 9.10391e-09 1.54968e-08 2.46007e-08 1.77021e-10 2.47777e-08
3 _2621_ sg13g2_a22oi_1 A1,Y 1 0.001482 0.018325 0.032416 0.156879 1.21147e-07 3.25016e-08 1.53649e-07 4.26606e-10 1.54076e-07
4 _4722_ sg13g2_dfrbpq_1 D - - 0.018325 0 0.156879 9.55915e-06 2.55756e-08 9.58472e-06 1.54622e-09 9.58627e-06
OpenSTA targeted timing report:
Startpoint: _4722_ (rising edge-triggered flip-flop clocked by core)
Endpoint: _4722_ (rising edge-triggered flip-flop clocked by core)
Path Group: core
Path Type: min

Fanout         Cap        Slew       Delay        Time   Description
---------------------------------------------------------------------------------------------
                      0.000000    0.000000    0.000000   clock core (rise edge)
                                  0.000000    0.000000   clock network delay (ideal)
                      0.000000    0.000000    0.000000 ^ _4722_/CLK (sg13g2_dfrbpq_1)
     2    0.004863    0.018387    0.105319    0.105319 v _4722_/Q (sg13g2_dfrbpq_1)
                                                         u_cordic_reg.tl_o[19] (net)
                      0.018387    0.000000    0.105319 v _2615_/A (sg13g2_inv_1)
     1    0.002938    0.016168    0.019144    0.124463 ^ _2615_/Y (sg13g2_inv_1)
                                                         _1787_ (net)
                      0.016168    0.000000    0.124463 ^ _2621_/A1 (sg13g2_a22oi_1)
     1    0.001482    0.018325    0.032416    0.156879 v _2621_/Y (sg13g2_a22oi_1)
                                                         _0143_ (net)
                      0.018325    0.000000    0.156879 v _4722_/D (sg13g2_dfrbpq_1)
                                              0.156879   data arrival time

                      0.000000    0.000000    0.000000   clock core (rise edge)
                                  0.000000    0.000000   clock network delay (ideal)
                                  0.000000    0.000000   clock reconvergence pessimism
                                              0.000000 ^ _4722_/CLK (sg13g2_dfrbpq_1)
                                 -0.029043   -0.029043   library hold time
                                             -0.029043   data required time
---------------------------------------------------------------------------------------------
                                             -0.029043   data required time
                                             -0.156879   data arrival time
---------------------------------------------------------------------------------------------
                                              0.185922   slack (MET)

Hotspot 14: instance=_4725_ selected_worst_paths=none internal=9.55176e-06 switching=2.55756e-08 dynamic=9.57734e-06 leakage=1.54673e-09 total=9.57888e-06
Worst path through hotspot: status=met slack=0.186068 type=min group=core
startpoint=_4725_ (rising edge-triggered flip-flop clocked by core)
endpoint=_4725_ (rising edge-triggered flip-flop clocked by core)
path_power_complete=true
path_average_power_sum internal=9.67162e-06 switching=7.07009e-08 dynamic=9.74232e-06 leakage=2.14952e-09 total=9.74447e-06
stage instance cell pins fanout capacitance slew delay arrival internal switching dynamic leakage total
1 _4725_ sg13g2_dfrbpq_1 CLK,Q 2 0.004863 0.018387 0.105319 0.105319 9.55176e-06 2.55756e-08 9.57734e-06 1.54673e-09 9.57888e-06
2 _2592_ sg13g2_inv_1 A,Y 1 0.002938 0.016168 0.019144 0.124463 9.10391e-09 1.54968e-08 2.46007e-08 1.77822e-10 2.47785e-08
3 _2599_ sg13g2_a22oi_1 A1,Y 1 0.001482 0.01897 0.032416 0.156879 1.10759e-07 2.96286e-08 1.40387e-07 4.24968e-10 1.40812e-07
4 _4725_ sg13g2_dfrbpq_1 D - - 0.01897 0 0.156879 9.55176e-06 2.55756e-08 9.57734e-06 1.54673e-09 9.57888e-06
OpenSTA targeted timing report:
Startpoint: _4725_ (rising edge-triggered flip-flop clocked by core)
Endpoint: _4725_ (rising edge-triggered flip-flop clocked by core)
Path Group: core
Path Type: min

Fanout         Cap        Slew       Delay        Time   Description
---------------------------------------------------------------------------------------------
                      0.000000    0.000000    0.000000   clock core (rise edge)
                                  0.000000    0.000000   clock network delay (ideal)
                      0.000000    0.000000    0.000000 ^ _4725_/CLK (sg13g2_dfrbpq_1)
     2    0.004863    0.018387    0.105319    0.105319 v _4725_/Q (sg13g2_dfrbpq_1)
                                                         u_cordic_reg.tl_o[22] (net)
                      0.018387    0.000000    0.105319 v _2592_/A (sg13g2_inv_1)
     1    0.002938    0.016168    0.019144    0.124463 ^ _2592_/Y (sg13g2_inv_1)
                                                         _1767_ (net)
                      0.016168    0.000000    0.124463 ^ _2599_/A1 (sg13g2_a22oi_1)
     1    0.001482    0.018970    0.032416    0.156879 v _2599_/Y (sg13g2_a22oi_1)
                                                         _0140_ (net)
                      0.018970    0.000000    0.156879 v _4725_/D (sg13g2_dfrbpq_1)
                                              0.156879   data arrival time

                      0.000000    0.000000    0.000000   clock core (rise edge)
                                  0.000000    0.000000   clock network delay (ideal)
                                  0.000000    0.000000   clock reconvergence pessimism
                                              0.000000 ^ _4725_/CLK (sg13g2_dfrbpq_1)
                                 -0.029189   -0.029189   library hold time
                                             -0.029189   data required time
---------------------------------------------------------------------------------------------
                                             -0.029189   data required time
                                             -0.156879   data arrival time
---------------------------------------------------------------------------------------------
                                              0.186068   slack (MET)

Hotspot 15: instance=_4723_ selected_worst_paths=none internal=9.55199e-06 switching=2.3018e-08 dynamic=9.57501e-06 leakage=1.54691e-09 total=9.57655e-06
Worst path through hotspot: status=met slack=0.185731 type=min group=core
startpoint=_4723_ (rising edge-triggered flip-flop clocked by core)
endpoint=_4723_ (rising edge-triggered flip-flop clocked by core)
path_power_complete=true
path_average_power_sum internal=9.6669e-06 switching=6.87863e-08 dynamic=9.73569e-06 leakage=2.19299e-09 total=9.73788e-06
stage instance cell pins fanout capacitance slew delay arrival internal switching dynamic leakage total
1 _4723_ sg13g2_dfrbpq_1 CLK,Q 2 0.004863 0.018387 0.105319 0.105319 9.55199e-06 2.3018e-08 9.57501e-06 1.54691e-09 9.57655e-06
2 _2607_ sg13g2_inv_1 A,Y 1 0.002938 0.016168 0.019144 0.124463 8.21572e-09 1.39849e-08 2.22006e-08 1.7809e-10 2.23787e-08
3 _2614_ sg13g2_a22oi_1 A1,Y 1 0.001482 0.017477 0.032416 0.156879 1.067e-07 3.17834e-08 1.38483e-07 4.6799e-10 1.38951e-07
4 _4723_ sg13g2_dfrbpq_1 D - - 0.017477 0 0.156879 9.55199e-06 2.3018e-08 9.57501e-06 1.54691e-09 9.57655e-06
OpenSTA targeted timing report:
Startpoint: _4723_ (rising edge-triggered flip-flop clocked by core)
Endpoint: _4723_ (rising edge-triggered flip-flop clocked by core)
Path Group: core
Path Type: min

Fanout         Cap        Slew       Delay        Time   Description
---------------------------------------------------------------------------------------------
                      0.000000    0.000000    0.000000   clock core (rise edge)
                                  0.000000    0.000000   clock network delay (ideal)
                      0.000000    0.000000    0.000000 ^ _4723_/CLK (sg13g2_dfrbpq_1)
     2    0.004863    0.018387    0.105319    0.105319 v _4723_/Q (sg13g2_dfrbpq_1)
                                                         u_cordic_reg.tl_o[20] (net)
                      0.018387    0.000000    0.105319 v _2607_/A (sg13g2_inv_1)
     1    0.002938    0.016168    0.019144    0.124463 ^ _2607_/Y (sg13g2_inv_1)
                                                         _1780_ (net)
                      0.016168    0.000000    0.124463 ^ _2614_/A1 (sg13g2_a22oi_1)
     1    0.001482    0.017477    0.032416    0.156879 v _2614_/Y (sg13g2_a22oi_1)
                                                         _0142_ (net)
                      0.017477    0.000000    0.156879 v _4723_/D (sg13g2_dfrbpq_1)
                                              0.156879   data arrival time

                      0.000000    0.000000    0.000000   clock core (rise edge)
                                  0.000000    0.000000   clock network delay (ideal)
                                  0.000000    0.000000   clock reconvergence pessimism
                                              0.000000 ^ _4723_/CLK (sg13g2_dfrbpq_1)
                                 -0.028852   -0.028852   library hold time
                                             -0.028852   data required time
---------------------------------------------------------------------------------------------
                                             -0.028852   data required time
                                             -0.156879   data arrival time
---------------------------------------------------------------------------------------------
                                              0.185731   slack (MET)

Hotspot 16: instance=_4720_ selected_worst_paths=none internal=9.53974e-06 switching=2.3018e-08 dynamic=9.56275e-06 leakage=1.54912e-09 total=9.5643e-06
Worst path through hotspot: status=met slack=0.186604 type=min group=core
startpoint=_4720_ (rising edge-triggered flip-flop clocked by core)
endpoint=_4720_ (rising edge-triggered flip-flop clocked by core)
path_power_complete=true
path_average_power_sum internal=9.63071e-06 switching=5.94488e-08 dynamic=9.69016e-06 leakage=2.14922e-09 total=9.69231e-06
stage instance cell pins fanout capacitance slew delay arrival internal switching dynamic leakage total
1 _4720_ sg13g2_dfrbpq_1 CLK,Q 2 0.004863 0.018387 0.105319 0.105319 9.53974e-06 2.3018e-08 9.56275e-06 1.54912e-09 9.5643e-06
2 _2633_ sg13g2_inv_1 A,Y 1 0.002938 0.016168 0.019144 0.124463 8.21572e-09 1.39849e-08 2.22006e-08 1.81832e-10 2.23824e-08
3 _2642_ sg13g2_a22oi_1 A1,Y 1 0.001482 0.021341 0.032416 0.156879 8.27626e-08 2.24459e-08 1.05209e-07 4.18267e-10 1.05627e-07
4 _4720_ sg13g2_dfrbpq_1 D - - 0.021341 0 0.156879 9.53974e-06 2.3018e-08 9.56275e-06 1.54912e-09 9.5643e-06
OpenSTA targeted timing report:
Startpoint: _4720_ (rising edge-triggered flip-flop clocked by core)
Endpoint: _4720_ (rising edge-triggered flip-flop clocked by core)
Path Group: core
Path Type: min

Fanout         Cap        Slew       Delay        Time   Description
---------------------------------------------------------------------------------------------
                      0.000000    0.000000    0.000000   clock core (rise edge)
                                  0.000000    0.000000   clock network delay (ideal)
                      0.000000    0.000000    0.000000 ^ _4720_/CLK (sg13g2_dfrbpq_1)
     2    0.004863    0.018387    0.105319    0.105319 v _4720_/Q (sg13g2_dfrbpq_1)
                                                         u_cordic_reg.tl_o[17] (net)
                      0.018387    0.000000    0.105319 v _2633_/A (sg13g2_inv_1)
     1    0.002938    0.016168    0.019144    0.124463 ^ _2633_/Y (sg13g2_inv_1)
                                                         _1803_ (net)
                      0.016168    0.000000    0.124463 ^ _2642_/A1 (sg13g2_a22oi_1)
     1    0.001482    0.021341    0.032416    0.156879 v _2642_/Y (sg13g2_a22oi_1)
                                                         _0145_ (net)
                      0.021341    0.000000    0.156879 v _4720_/D (sg13g2_dfrbpq_1)
                                              0.156879   data arrival time

                      0.000000    0.000000    0.000000   clock core (rise edge)
                                  0.000000    0.000000   clock network delay (ideal)
                                  0.000000    0.000000   clock reconvergence pessimism
                                              0.000000 ^ _4720_/CLK (sg13g2_dfrbpq_1)
                                 -0.029725   -0.029725   library hold time
                                             -0.029725   data required time
---------------------------------------------------------------------------------------------
                                             -0.029725   data required time
                                             -0.156879   data arrival time
---------------------------------------------------------------------------------------------
                                              0.186604   slack (MET)

Hotspot 17: instance=_4729_ selected_worst_paths=none internal=9.5415e-06 switching=2.04605e-08 dynamic=9.56196e-06 leakage=1.54688e-09 total=9.56351e-06
Worst path through hotspot: status=met slack=0.18602 type=min group=core
startpoint=_4729_ (rising edge-triggered flip-flop clocked by core)
endpoint=_4729_ (rising edge-triggered flip-flop clocked by core)
path_power_complete=true
path_average_power_sum internal=9.65633e-06 switching=6.54351e-08 dynamic=9.72177e-06 leakage=2.19272e-09 total=9.72396e-06
stage instance cell pins fanout capacitance slew delay arrival internal switching dynamic leakage total
1 _4729_ sg13g2_dfrbpq_1 CLK,Q 2 0.004863 0.018387 0.105319 0.105319 9.5415e-06 2.04605e-08 9.56196e-06 1.54688e-09 9.56351e-06
2 _2561_ sg13g2_inv_1 A,Y 1 0.002938 0.016168 0.019144 0.124463 7.32753e-09 1.2473e-08 1.98005e-08 1.7809e-10 1.99786e-08
3 _2568_ sg13g2_a22oi_1 A1,Y 1 0.001482 0.018758 0.032416 0.156879 1.07508e-07 3.25016e-08 1.40009e-07 4.67758e-10 1.40477e-07
4 _4729_ sg13g2_dfrbpq_1 D - - 0.018758 0 0.156879 9.5415e-06 2.04605e-08 9.56196e-06 1.54688e-09 9.56351e-06
OpenSTA targeted timing report:
Startpoint: _4729_ (rising edge-triggered flip-flop clocked by core)
Endpoint: _4729_ (rising edge-triggered flip-flop clocked by core)
Path Group: core
Path Type: min

Fanout         Cap        Slew       Delay        Time   Description
---------------------------------------------------------------------------------------------
                      0.000000    0.000000    0.000000   clock core (rise edge)
                                  0.000000    0.000000   clock network delay (ideal)
                      0.000000    0.000000    0.000000 ^ _4729_/CLK (sg13g2_dfrbpq_1)
     2    0.004863    0.018387    0.105319    0.105319 v _4729_/Q (sg13g2_dfrbpq_1)
                                                         u_cordic_reg.tl_o[26] (net)
                      0.018387    0.000000    0.105319 v _2561_/A (sg13g2_inv_1)
     1    0.002938    0.016168    0.019144    0.124463 ^ _2561_/Y (sg13g2_inv_1)
                                                         _1740_ (net)
                      0.016168    0.000000    0.124463 ^ _2568_/A1 (sg13g2_a22oi_1)
     1    0.001482    0.018758    0.032416    0.156879 v _2568_/Y (sg13g2_a22oi_1)
                                                         _0136_ (net)
                      0.018758    0.000000    0.156879 v _4729_/D (sg13g2_dfrbpq_1)
                                              0.156879   data arrival time

                      0.000000    0.000000    0.000000   clock core (rise edge)
                                  0.000000    0.000000   clock network delay (ideal)
                                  0.000000    0.000000   clock reconvergence pessimism
                                              0.000000 ^ _4729_/CLK (sg13g2_dfrbpq_1)
                                 -0.029141   -0.029141   library hold time
                                             -0.029141   data required time
---------------------------------------------------------------------------------------------
                                             -0.029141   data required time
                                             -0.156879   data arrival time
---------------------------------------------------------------------------------------------
                                              0.186020   slack (MET)

Hotspot 18: instance=_4733_ selected_worst_paths=none internal=9.53635e-06 switching=2.3018e-08 dynamic=9.55937e-06 leakage=1.54617e-09 total=9.56091e-06
Worst path through hotspot: status=met slack=0.18602 type=min group=core
startpoint=_4733_ (rising edge-triggered flip-flop clocked by core)
endpoint=_4733_ (rising edge-triggered flip-flop clocked by core)
path_power_complete=true
path_average_power_sum internal=9.64671e-06 switching=6.8068e-08 dynamic=9.71478e-06 leakage=2.19132e-09 total=9.71697e-06
stage instance cell pins fanout capacitance slew delay arrival internal switching dynamic leakage total
1 _4733_ sg13g2_dfrbpq_1 CLK,Q 2 0.004863 0.018387 0.105319 0.105319 9.53635e-06 2.3018e-08 9.55937e-06 1.54617e-09 9.56091e-06
2 _2527_ sg13g2_inv_1 A,Y 1 0.002938 0.016168 0.019144 0.124463 8.21572e-09 1.39849e-08 2.22006e-08 1.77021e-10 2.23776e-08
3 _2534_ sg13g2_a22oi_1 A1,Y 1 0.001482 0.01876 0.032416 0.156879 1.02148e-07 3.10651e-08 1.33213e-07 4.68123e-10 1.33681e-07
4 _4733_ sg13g2_dfrbpq_1 D - - 0.01876 0 0.156879 9.53635e-06 2.3018e-08 9.55937e-06 1.54617e-09 9.56091e-06
OpenSTA targeted timing report:
Startpoint: _4733_ (rising edge-triggered flip-flop clocked by core)
Endpoint: _4733_ (rising edge-triggered flip-flop clocked by core)
Path Group: core
Path Type: min

Fanout         Cap        Slew       Delay        Time   Description
---------------------------------------------------------------------------------------------
                      0.000000    0.000000    0.000000   clock core (rise edge)
                                  0.000000    0.000000   clock network delay (ideal)
                      0.000000    0.000000    0.000000 ^ _4733_/CLK (sg13g2_dfrbpq_1)
     2    0.004863    0.018387    0.105319    0.105319 v _4733_/Q (sg13g2_dfrbpq_1)
                                                         u_cordic_reg.tl_o[30] (net)
                      0.018387    0.000000    0.105319 v _2527_/A (sg13g2_inv_1)
     1    0.002938    0.016168    0.019144    0.124463 ^ _2527_/Y (sg13g2_inv_1)
                                                         _1710_ (net)
                      0.016168    0.000000    0.124463 ^ _2534_/A1 (sg13g2_a22oi_1)
     1    0.001482    0.018760    0.032416    0.156879 v _2534_/Y (sg13g2_a22oi_1)
                                                         _0132_ (net)
                      0.018760    0.000000    0.156879 v _4733_/D (sg13g2_dfrbpq_1)
                                              0.156879   data arrival time

                      0.000000    0.000000    0.000000   clock core (rise edge)
                                  0.000000    0.000000   clock network delay (ideal)
                                  0.000000    0.000000   clock reconvergence pessimism
                                              0.000000 ^ _4733_/CLK (sg13g2_dfrbpq_1)
                                 -0.029141   -0.029141   library hold time
                                             -0.029141   data required time
---------------------------------------------------------------------------------------------
                                             -0.029141   data required time
                                             -0.156879   data arrival time
---------------------------------------------------------------------------------------------
                                              0.186020   slack (MET)

Hotspot 19: instance=_4727_ selected_worst_paths=none internal=9.53251e-06 switching=2.3018e-08 dynamic=9.55552e-06 leakage=1.54623e-09 total=9.55707e-06
Worst path through hotspot: status=met slack=0.186069 type=min group=core
startpoint=_4727_ (rising edge-triggered flip-flop clocked by core)
endpoint=_4727_ (rising edge-triggered flip-flop clocked by core)
path_power_complete=true
path_average_power_sum internal=9.65438e-06 switching=6.73498e-08 dynamic=9.72173e-06 leakage=2.14969e-09 total=9.72388e-06
stage instance cell pins fanout capacitance slew delay arrival internal switching dynamic leakage total
1 _4727_ sg13g2_dfrbpq_1 CLK,Q 2 0.004863 0.018387 0.105319 0.105319 9.53251e-06 2.3018e-08 9.55552e-06 1.54623e-09 9.55707e-06
2 _2577_ sg13g2_inv_1 A,Y 1 0.002938 0.016168 0.019144 0.124463 8.21572e-09 1.39849e-08 2.22006e-08 1.77021e-10 2.23776e-08
3 _2584_ sg13g2_a22oi_1 A1,Y 1 0.001482 0.018975 0.032416 0.156879 1.13656e-07 3.03468e-08 1.44003e-07 4.26446e-10 1.44429e-07
4 _4727_ sg13g2_dfrbpq_1 D - - 0.018975 0 0.156879 9.53251e-06 2.3018e-08 9.55552e-06 1.54623e-09 9.55707e-06
OpenSTA targeted timing report:
Startpoint: _4727_ (rising edge-triggered flip-flop clocked by core)
Endpoint: _4727_ (rising edge-triggered flip-flop clocked by core)
Path Group: core
Path Type: min

Fanout         Cap        Slew       Delay        Time   Description
---------------------------------------------------------------------------------------------
                      0.000000    0.000000    0.000000   clock core (rise edge)
                                  0.000000    0.000000   clock network delay (ideal)
                      0.000000    0.000000    0.000000 ^ _4727_/CLK (sg13g2_dfrbpq_1)
     2    0.004863    0.018387    0.105319    0.105319 v _4727_/Q (sg13g2_dfrbpq_1)
                                                         u_cordic_reg.tl_o[24] (net)
                      0.018387    0.000000    0.105319 v _2577_/A (sg13g2_inv_1)
     1    0.002938    0.016168    0.019144    0.124463 ^ _2577_/Y (sg13g2_inv_1)
                                                         _1754_ (net)
                      0.016168    0.000000    0.124463 ^ _2584_/A1 (sg13g2_a22oi_1)
     1    0.001482    0.018975    0.032416    0.156879 v _2584_/Y (sg13g2_a22oi_1)
                                                         _0138_ (net)
                      0.018975    0.000000    0.156879 v _4727_/D (sg13g2_dfrbpq_1)
                                              0.156879   data arrival time

                      0.000000    0.000000    0.000000   clock core (rise edge)
                                  0.000000    0.000000   clock network delay (ideal)
                                  0.000000    0.000000   clock reconvergence pessimism
                                              0.000000 ^ _4727_/CLK (sg13g2_dfrbpq_1)
                                 -0.029190   -0.029190   library hold time
                                             -0.029190   data required time
---------------------------------------------------------------------------------------------
                                             -0.029190   data required time
                                             -0.156879   data arrival time
---------------------------------------------------------------------------------------------
                                              0.186069   slack (MET)

Hotspot 20: instance=_4732_ selected_worst_paths=none internal=9.53215e-06 switching=2.3018e-08 dynamic=9.55517e-06 leakage=1.54623e-09 total=9.55672e-06
Worst path through hotspot: status=met slack=0.186068 type=min group=core
startpoint=_4732_ (rising edge-triggered flip-flop clocked by core)
endpoint=_4732_ (rising edge-triggered flip-flop clocked by core)
path_power_complete=true
path_average_power_sum internal=9.65247e-06 switching=6.73498e-08 dynamic=9.71982e-06 leakage=2.14984e-09 total=9.72197e-06
stage instance cell pins fanout capacitance slew delay arrival internal switching dynamic leakage total
1 _4732_ sg13g2_dfrbpq_1 CLK,Q 2 0.004863 0.018387 0.105319 0.105319 9.53215e-06 2.3018e-08 9.55517e-06 1.54623e-09 9.55672e-06
2 _2535_ sg13g2_inv_1 A,Y 1 0.002938 0.016168 0.019144 0.124463 8.21572e-09 1.39849e-08 2.22006e-08 1.77021e-10 2.23776e-08
3 _2542_ sg13g2_a22oi_1 A1,Y 1 0.001482 0.01897 0.032416 0.156879 1.12101e-07 3.03468e-08 1.42448e-07 4.26586e-10 1.42874e-07
4 _4732_ sg13g2_dfrbpq_1 D - - 0.01897 0 0.156879 9.53215e-06 2.3018e-08 9.55517e-06 1.54623e-09 9.55672e-06
OpenSTA targeted timing report:
Startpoint: _4732_ (rising edge-triggered flip-flop clocked by core)
Endpoint: _4732_ (rising edge-triggered flip-flop clocked by core)
Path Group: core
Path Type: min

Fanout         Cap        Slew       Delay        Time   Description
---------------------------------------------------------------------------------------------
                      0.000000    0.000000    0.000000   clock core (rise edge)
                                  0.000000    0.000000   clock network delay (ideal)
                      0.000000    0.000000    0.000000 ^ _4732_/CLK (sg13g2_dfrbpq_1)
     2    0.004863    0.018387    0.105319    0.105319 v _4732_/Q (sg13g2_dfrbpq_1)
                                                         u_cordic_reg.tl_o[29] (net)
                      0.018387    0.000000    0.105319 v _2535_/A (sg13g2_inv_1)
     1    0.002938    0.016168    0.019144    0.124463 ^ _2535_/Y (sg13g2_inv_1)
                                                         _1717_ (net)
                      0.016168    0.000000    0.124463 ^ _2542_/A1 (sg13g2_a22oi_1)
     1    0.001482    0.018970    0.032416    0.156879 v _2542_/Y (sg13g2_a22oi_1)
                                                         _0133_ (net)
                      0.018970    0.000000    0.156879 v _4732_/D (sg13g2_dfrbpq_1)
                                              0.156879   data arrival time

                      0.000000    0.000000    0.000000   clock core (rise edge)
                                  0.000000    0.000000   clock network delay (ideal)
                                  0.000000    0.000000   clock reconvergence pessimism
                                              0.000000 ^ _4732_/CLK (sg13g2_dfrbpq_1)
                                 -0.029189   -0.029189   library hold time
                                             -0.029189   data required time
---------------------------------------------------------------------------------------------
                                             -0.029189   data required time
                                             -0.156879   data arrival time
---------------------------------------------------------------------------------------------
                                              0.186068   slack (MET)
