analysis=fusion_analysis corner=ss mode=hold stage=post_syn
workload=input_filter_sv_ss
methodology=staged_public_opensta
path_power_semantics=average_instance_power_in_same_analysis_context
activity_file=/tmp/flexsoc-develop-gpio/runs/gpio/develop/signoff/sky130/power/activity/captures/gpio_sky130_input_filter_sv_ss.vcd
activity_scope=gpio_tb/u_gpio
liberty=/home/eneadim/github/flexsoc/.flexsoc/pdks/ciel/sky130/versions/f6eeac7dad085ffcc829ccfd721f7b4ce39edcf7/sky130A/libs.ref/sky130_fd_sc_hd/lib/sky130_fd_sc_hd__ss_n40C_1v76.lib
netlist=/tmp/flexsoc-develop-gpio/runs/gpio/develop/syn/sky130/gpio_synth.v
sdc=/tmp/flexsoc-develop-gpio/runs/gpio/develop/signoff/sky130/gpio.sdc
spef=

=== Units ===
 time 1ns
 capacitance 1pF
 resistance 1kohm
 voltage 1v
 current 1mA
 power 1nW
 distance 1um

=== Constraint validation ===

=== Timing summary ===
wns min wns min 0.00
tns min tns min 0.00

=== Power summary ===
Group                  Internal  Switching    Leakage      Total
                          Power      Power      Power      Power (Watts)
----------------------------------------------------------------
Sequential             3.89e-04   1.59e-06   4.45e-10   3.90e-04  95.8%
Combinational          8.09e-06   8.82e-06   1.00e-09   1.69e-05   4.2%
Clock                  0.00e+00   0.00e+00   0.00e+00   0.00e+00   0.0%
Macro                  0.00e+00   0.00e+00   0.00e+00   0.00e+00   0.0%
Pad                    0.00e+00   0.00e+00   0.00e+00   0.00e+00   0.0%
----------------------------------------------------------------
Total                  3.97e-04   1.04e-05   1.44e-09   4.07e-04 100.0%
                          97.4%       2.6%       0.0%

=== Worst timing paths (violated or met) ===
Startpoint: _638_ (rising edge-triggered flip-flop clocked by core)
Endpoint: _639_ (rising edge-triggered flip-flop clocked by core)
Path Group: core
Path Type: min

Fanout         Cap        Slew       Delay        Time   Description
---------------------------------------------------------------------------------------------
                      0.000000    0.000000    0.000000   clock core (rise edge)
                                  0.000000    0.000000   clock network delay (ideal)
                      0.000000    0.000000    0.000000 ^ _638_/CLK (sky130_fd_sc_hd__dfrtp_1)
     1    0.001885    0.054557    0.451392    0.451392 ^ _638_/Q (sky130_fd_sc_hd__dfrtp_1)
                                                         u_gpio_core.gen_input_filter[0].u_filter.gen_async.prim_flop_2sync.intq (net)
                      0.054557    0.000000    0.451392 ^ _639_/D (sky130_fd_sc_hd__dfrtp_1)
                                              0.451392   data arrival time

                      0.000000    0.000000    0.000000   clock core (rise edge)
                                  0.000000    0.000000   clock network delay (ideal)
                                  0.000000    0.000000   clock reconvergence pessimism
                                              0.000000 ^ _639_/CLK (sky130_fd_sc_hd__dfrtp_1)
                                 -0.067608   -0.067608   library hold time
                                             -0.067608   data required time
---------------------------------------------------------------------------------------------
                                             -0.067608   data required time
                                             -0.451392   data arrival time
---------------------------------------------------------------------------------------------
                                              0.519000   slack (MET)


Startpoint: _645_ (rising edge-triggered flip-flop clocked by core)
Endpoint: _646_ (rising edge-triggered flip-flop clocked by core)
Path Group: core
Path Type: min

Fanout         Cap        Slew       Delay        Time   Description
---------------------------------------------------------------------------------------------
                      0.000000    0.000000    0.000000   clock core (rise edge)
                                  0.000000    0.000000   clock network delay (ideal)
                      0.000000    0.000000    0.000000 ^ _645_/CLK (sky130_fd_sc_hd__dfrtp_1)
     1    0.001885    0.054557    0.451392    0.451392 ^ _645_/Q (sky130_fd_sc_hd__dfrtp_1)
                                                         u_gpio_core.gen_input_filter[1].u_filter.gen_async.prim_flop_2sync.intq (net)
                      0.054557    0.000000    0.451392 ^ _646_/D (sky130_fd_sc_hd__dfrtp_1)
                                              0.451392   data arrival time

                      0.000000    0.000000    0.000000   clock core (rise edge)
                                  0.000000    0.000000   clock network delay (ideal)
                                  0.000000    0.000000   clock reconvergence pessimism
                                              0.000000 ^ _646_/CLK (sky130_fd_sc_hd__dfrtp_1)
                                 -0.067608   -0.067608   library hold time
                                             -0.067608   data required time
---------------------------------------------------------------------------------------------
                                             -0.067608   data required time
                                             -0.451392   data arrival time
---------------------------------------------------------------------------------------------
                                              0.519000   slack (MET)


Startpoint: _652_ (rising edge-triggered flip-flop clocked by core)
Endpoint: _653_ (rising edge-triggered flip-flop clocked by core)
Path Group: core
Path Type: min

Fanout         Cap        Slew       Delay        Time   Description
---------------------------------------------------------------------------------------------
                      0.000000    0.000000    0.000000   clock core (rise edge)
                                  0.000000    0.000000   clock network delay (ideal)
                      0.000000    0.000000    0.000000 ^ _652_/CLK (sky130_fd_sc_hd__dfrtp_1)
     1    0.001885    0.054557    0.451392    0.451392 ^ _652_/Q (sky130_fd_sc_hd__dfrtp_1)
                                                         u_gpio_core.gen_input_filter[2].u_filter.gen_async.prim_flop_2sync.intq (net)
                      0.054557    0.000000    0.451392 ^ _653_/D (sky130_fd_sc_hd__dfrtp_1)
                                              0.451392   data arrival time

                      0.000000    0.000000    0.000000   clock core (rise edge)
                                  0.000000    0.000000   clock network delay (ideal)
                                  0.000000    0.000000   clock reconvergence pessimism
                                              0.000000 ^ _653_/CLK (sky130_fd_sc_hd__dfrtp_1)
                                 -0.067608   -0.067608   library hold time
                                             -0.067608   data required time
---------------------------------------------------------------------------------------------
                                             -0.067608   data required time
                                             -0.451392   data arrival time
---------------------------------------------------------------------------------------------
                                              0.519000   slack (MET)


Startpoint: _659_ (rising edge-triggered flip-flop clocked by core)
Endpoint: _660_ (rising edge-triggered flip-flop clocked by core)
Path Group: core
Path Type: min

Fanout         Cap        Slew       Delay        Time   Description
---------------------------------------------------------------------------------------------
                      0.000000    0.000000    0.000000   clock core (rise edge)
                                  0.000000    0.000000   clock network delay (ideal)
                      0.000000    0.000000    0.000000 ^ _659_/CLK (sky130_fd_sc_hd__dfrtp_1)
     1    0.001885    0.054557    0.451392    0.451392 ^ _659_/Q (sky130_fd_sc_hd__dfrtp_1)
                                                         u_gpio_core.gen_input_filter[3].u_filter.gen_async.prim_flop_2sync.intq (net)
                      0.054557    0.000000    0.451392 ^ _660_/D (sky130_fd_sc_hd__dfrtp_1)
                                              0.451392   data arrival time

                      0.000000    0.000000    0.000000   clock core (rise edge)
                                  0.000000    0.000000   clock network delay (ideal)
                                  0.000000    0.000000   clock reconvergence pessimism
                                              0.000000 ^ _660_/CLK (sky130_fd_sc_hd__dfrtp_1)
                                 -0.067608   -0.067608   library hold time
                                             -0.067608   data required time
---------------------------------------------------------------------------------------------
                                             -0.067608   data required time
                                             -0.451392   data arrival time
---------------------------------------------------------------------------------------------
                                              0.519000   slack (MET)


Startpoint: _639_ (rising edge-triggered flip-flop clocked by core)
Endpoint: _640_ (rising edge-triggered flip-flop clocked by core)
Path Group: core
Path Type: min

Fanout         Cap        Slew       Delay        Time   Description
---------------------------------------------------------------------------------------------
                      0.000000    0.000000    0.000000   clock core (rise edge)
                                  0.000000    0.000000   clock network delay (ideal)
                      0.000000    0.000000    0.000000 ^ _639_/CLK (sky130_fd_sc_hd__dfrtp_1)
     3    0.008496    0.135000    0.521593    0.521593 ^ _639_/Q (sky130_fd_sc_hd__dfrtp_1)
                                                         u_gpio_core.gen_input_filter[0].u_filter.filter_synced (net)
                      0.135000    0.000000    0.521593 ^ _640_/D (sky130_fd_sc_hd__dfrtp_1)
                                              0.521593   data arrival time

                      0.000000    0.000000    0.000000   clock core (rise edge)
                                  0.000000    0.000000   clock network delay (ideal)
                                  0.000000    0.000000   clock reconvergence pessimism
                                              0.000000 ^ _640_/CLK (sky130_fd_sc_hd__dfrtp_1)
                                 -0.095972   -0.095972   library hold time
                                             -0.095972   data required time
---------------------------------------------------------------------------------------------
                                             -0.095972   data required time
                                             -0.521593   data arrival time
---------------------------------------------------------------------------------------------
                                              0.617565   slack (MET)


Startpoint: _646_ (rising edge-triggered flip-flop clocked by core)
Endpoint: _647_ (rising edge-triggered flip-flop clocked by core)
Path Group: core
Path Type: min

Fanout         Cap        Slew       Delay        Time   Description
---------------------------------------------------------------------------------------------
                      0.000000    0.000000    0.000000   clock core (rise edge)
                                  0.000000    0.000000   clock network delay (ideal)
                      0.000000    0.000000    0.000000 ^ _646_/CLK (sky130_fd_sc_hd__dfrtp_1)
     3    0.008496    0.135000    0.521593    0.521593 ^ _646_/Q (sky130_fd_sc_hd__dfrtp_1)
                                                         u_gpio_core.gen_input_filter[1].u_filter.filter_synced (net)
                      0.135000    0.000000    0.521593 ^ _647_/D (sky130_fd_sc_hd__dfrtp_1)
                                              0.521593   data arrival time

                      0.000000    0.000000    0.000000   clock core (rise edge)
                                  0.000000    0.000000   clock network delay (ideal)
                                  0.000000    0.000000   clock reconvergence pessimism
                                              0.000000 ^ _647_/CLK (sky130_fd_sc_hd__dfrtp_1)
                                 -0.095972   -0.095972   library hold time
                                             -0.095972   data required time
---------------------------------------------------------------------------------------------
                                             -0.095972   data required time
                                             -0.521593   data arrival time
---------------------------------------------------------------------------------------------
                                              0.617565   slack (MET)


Startpoint: _653_ (rising edge-triggered flip-flop clocked by core)
Endpoint: _654_ (rising edge-triggered flip-flop clocked by core)
Path Group: core
Path Type: min

Fanout         Cap        Slew       Delay        Time   Description
---------------------------------------------------------------------------------------------
                      0.000000    0.000000    0.000000   clock core (rise edge)
                                  0.000000    0.000000   clock network delay (ideal)
                      0.000000    0.000000    0.000000 ^ _653_/CLK (sky130_fd_sc_hd__dfrtp_1)
     3    0.008496    0.135000    0.521593    0.521593 ^ _653_/Q (sky130_fd_sc_hd__dfrtp_1)
                                                         u_gpio_core.gen_input_filter[2].u_filter.filter_synced (net)
                      0.135000    0.000000    0.521593 ^ _654_/D (sky130_fd_sc_hd__dfrtp_1)
                                              0.521593   data arrival time

                      0.000000    0.000000    0.000000   clock core (rise edge)
                                  0.000000    0.000000   clock network delay (ideal)
                                  0.000000    0.000000   clock reconvergence pessimism
                                              0.000000 ^ _654_/CLK (sky130_fd_sc_hd__dfrtp_1)
                                 -0.095972   -0.095972   library hold time
                                             -0.095972   data required time
---------------------------------------------------------------------------------------------
                                             -0.095972   data required time
                                             -0.521593   data arrival time
---------------------------------------------------------------------------------------------
                                              0.617565   slack (MET)


Startpoint: _660_ (rising edge-triggered flip-flop clocked by core)
Endpoint: _661_ (rising edge-triggered flip-flop clocked by core)
Path Group: core
Path Type: min

Fanout         Cap        Slew       Delay        Time   Description
---------------------------------------------------------------------------------------------
                      0.000000    0.000000    0.000000   clock core (rise edge)
                                  0.000000    0.000000   clock network delay (ideal)
                      0.000000    0.000000    0.000000 ^ _660_/CLK (sky130_fd_sc_hd__dfrtp_1)
     3    0.008496    0.135000    0.521593    0.521593 ^ _660_/Q (sky130_fd_sc_hd__dfrtp_1)
                                                         u_gpio_core.gen_input_filter[3].u_filter.filter_synced (net)
                      0.135000    0.000000    0.521593 ^ _661_/D (sky130_fd_sc_hd__dfrtp_1)
                                              0.521593   data arrival time

                      0.000000    0.000000    0.000000   clock core (rise edge)
                                  0.000000    0.000000   clock network delay (ideal)
                                  0.000000    0.000000   clock reconvergence pessimism
                                              0.000000 ^ _661_/CLK (sky130_fd_sc_hd__dfrtp_1)
                                 -0.095972   -0.095972   library hold time
                                             -0.095972   data required time
---------------------------------------------------------------------------------------------
                                             -0.095972   data required time
                                             -0.521593   data arrival time
---------------------------------------------------------------------------------------------
                                              0.617565   slack (MET)


Startpoint: _641_ (rising edge-triggered flip-flop clocked by core)
Endpoint: _641_ (rising edge-triggered flip-flop clocked by core)
Path Group: core
Path Type: min

Fanout         Cap        Slew       Delay        Time   Description
---------------------------------------------------------------------------------------------
                      0.000000    0.000000    0.000000   clock core (rise edge)
                                  0.000000    0.000000   clock network delay (ideal)
                      0.000000    0.000000    0.000000 ^ _641_/CLK (sky130_fd_sc_hd__dfrtp_1)
     2    0.004541    0.086844    0.481134    0.481134 ^ _641_/Q (sky130_fd_sc_hd__dfrtp_1)
                                                         u_gpio_core.gen_input_filter[0].u_filter.diff_ctr_q[0] (net)
                      0.086844    0.000000    0.481134 ^ _362_/A2 (sky130_fd_sc_hd__a21oi_1)
     1    0.001762    0.038721    0.081823    0.562957 v _362_/Y (sky130_fd_sc_hd__a21oi_1)
                                                         u_gpio_core.gen_input_filter[0].u_filter.diff_ctr_d[0] (net)
                      0.038721    0.000000    0.562957 v _641_/D (sky130_fd_sc_hd__dfrtp_1)
                                              0.562957   data arrival time

                      0.000000    0.000000    0.000000   clock core (rise edge)
                                  0.000000    0.000000   clock network delay (ideal)
                                  0.000000    0.000000   clock reconvergence pessimism
                                              0.000000 ^ _641_/CLK (sky130_fd_sc_hd__dfrtp_1)
                                 -0.090162   -0.090162   library hold time
                                             -0.090162   data required time
---------------------------------------------------------------------------------------------
                                             -0.090162   data required time
                                             -0.562957   data arrival time
---------------------------------------------------------------------------------------------
                                              0.653119   slack (MET)


Startpoint: _619_ (rising edge-triggered flip-flop clocked by core)
Endpoint: _619_ (rising edge-triggered flip-flop clocked by core)
Path Group: core
Path Type: min

Fanout         Cap        Slew       Delay        Time   Description
---------------------------------------------------------------------------------------------
                      0.000000    0.000000    0.000000   clock core (rise edge)
                                  0.000000    0.000000   clock network delay (ideal)
                      0.000000    0.000000    0.000000 ^ _619_/CLK (sky130_fd_sc_hd__dfrtp_1)
     2    0.004720    0.089000    0.483001    0.483001 ^ _619_/Q (sky130_fd_sc_hd__dfrtp_1)
                                                         u_gpio_reg.tl_o[57] (net)
                      0.089000    0.000000    0.483001 ^ _405_/B (sky130_fd_sc_hd__nand2_1)
     1    0.002125    0.035883    0.074001    0.557002 v _405_/Y (sky130_fd_sc_hd__nand2_1)
                                                         _166_ (net)
                      0.035883    0.000000    0.557002 v _406_/B (sky130_fd_sc_hd__nand2_1)
     1    0.001885    0.047589    0.075944    0.632946 ^ _406_/Y (sky130_fd_sc_hd__nand2_1)
                                                         _010_ (net)
                      0.047589    0.000000    0.632946 ^ _619_/D (sky130_fd_sc_hd__dfrtp_1)
                                              0.632946   data arrival time

                      0.000000    0.000000    0.000000   clock core (rise edge)
                                  0.000000    0.000000   clock network delay (ideal)
                                  0.000000    0.000000   clock reconvergence pessimism
                                              0.000000 ^ _619_/CLK (sky130_fd_sc_hd__dfrtp_1)
                                 -0.065151   -0.065151   library hold time
                                             -0.065151   data required time
---------------------------------------------------------------------------------------------
                                             -0.065151   data required time
                                             -0.632946   data arrival time
---------------------------------------------------------------------------------------------
                                              0.698097   slack (MET)


Startpoint: rst_ni (input port clocked by core)
Endpoint: _568_ (removal check against rising-edge clock core)
Path Group: asynchronous
Path Type: min

Fanout         Cap        Slew       Delay        Time   Description
---------------------------------------------------------------------------------------------
                      0.000000    0.000000    0.000000   clock core (rise edge)
                                  0.000000    0.000000   clock network delay (ideal)
                                  2.000000    2.000000 ^ input external delay
    98    0.331338    0.000000    0.000000    2.000000 ^ rst_ni (in)
                                                         rst_ni (net)
                      0.000000    0.000000    2.000000 ^ _568_/RESET_B (sky130_fd_sc_hd__dfrtp_1)
                                              2.000000   data arrival time

                      0.000000    0.000000    0.000000   clock core (rise edge)
                                  0.000000    0.000000   clock network delay (ideal)
                                  0.000000    0.000000   clock reconvergence pessimism
                                              0.000000 ^ _568_/CLK (sky130_fd_sc_hd__dfrtp_1)
                                  0.481562    0.481562   library removal time
                                              0.481562   data required time
---------------------------------------------------------------------------------------------
                                              0.481562   data required time
                                             -2.000000   data arrival time
---------------------------------------------------------------------------------------------
                                              1.518438   slack (MET)


Startpoint: rst_ni (input port clocked by core)
Endpoint: _569_ (removal check against rising-edge clock core)
Path Group: asynchronous
Path Type: min

Fanout         Cap        Slew       Delay        Time   Description
---------------------------------------------------------------------------------------------
                      0.000000    0.000000    0.000000   clock core (rise edge)
                                  0.000000    0.000000   clock network delay (ideal)
                                  2.000000    2.000000 ^ input external delay
    98    0.331338    0.000000    0.000000    2.000000 ^ rst_ni (in)
                                                         rst_ni (net)
                      0.000000    0.000000    2.000000 ^ _569_/RESET_B (sky130_fd_sc_hd__dfrtp_1)
                                              2.000000   data arrival time

                      0.000000    0.000000    0.000000   clock core (rise edge)
                                  0.000000    0.000000   clock network delay (ideal)
                                  0.000000    0.000000   clock reconvergence pessimism
                                              0.000000 ^ _569_/CLK (sky130_fd_sc_hd__dfrtp_1)
                                  0.481562    0.481562   library removal time
                                              0.481562   data required time
---------------------------------------------------------------------------------------------
                                              0.481562   data required time
                                             -2.000000   data arrival time
---------------------------------------------------------------------------------------------
                                              1.518438   slack (MET)


Startpoint: rst_ni (input port clocked by core)
Endpoint: _570_ (removal check against rising-edge clock core)
Path Group: asynchronous
Path Type: min

Fanout         Cap        Slew       Delay        Time   Description
---------------------------------------------------------------------------------------------
                      0.000000    0.000000    0.000000   clock core (rise edge)
                                  0.000000    0.000000   clock network delay (ideal)
                                  2.000000    2.000000 ^ input external delay
    98    0.331338    0.000000    0.000000    2.000000 ^ rst_ni (in)
                                                         rst_ni (net)
                      0.000000    0.000000    2.000000 ^ _570_/RESET_B (sky130_fd_sc_hd__dfrtp_1)
                                              2.000000   data arrival time

                      0.000000    0.000000    0.000000   clock core (rise edge)
                                  0.000000    0.000000   clock network delay (ideal)
                                  0.000000    0.000000   clock reconvergence pessimism
                                              0.000000 ^ _570_/CLK (sky130_fd_sc_hd__dfrtp_1)
                                  0.481562    0.481562   library removal time
                                              0.481562   data required time
---------------------------------------------------------------------------------------------
                                              0.481562   data required time
                                             -2.000000   data arrival time
---------------------------------------------------------------------------------------------
                                              1.518438   slack (MET)


Startpoint: rst_ni (input port clocked by core)
Endpoint: _571_ (removal check against rising-edge clock core)
Path Group: asynchronous
Path Type: min

Fanout         Cap        Slew       Delay        Time   Description
---------------------------------------------------------------------------------------------
                      0.000000    0.000000    0.000000   clock core (rise edge)
                                  0.000000    0.000000   clock network delay (ideal)
                                  2.000000    2.000000 ^ input external delay
    98    0.331338    0.000000    0.000000    2.000000 ^ rst_ni (in)
                                                         rst_ni (net)
                      0.000000    0.000000    2.000000 ^ _571_/RESET_B (sky130_fd_sc_hd__dfrtp_1)
                                              2.000000   data arrival time

                      0.000000    0.000000    0.000000   clock core (rise edge)
                                  0.000000    0.000000   clock network delay (ideal)
                                  0.000000    0.000000   clock reconvergence pessimism
                                              0.000000 ^ _571_/CLK (sky130_fd_sc_hd__dfrtp_1)
                                  0.481562    0.481562   library removal time
                                              0.481562   data required time
---------------------------------------------------------------------------------------------
                                              0.481562   data required time
                                             -2.000000   data arrival time
---------------------------------------------------------------------------------------------
                                              1.518438   slack (MET)


Startpoint: rst_ni (input port clocked by core)
Endpoint: _572_ (removal check against rising-edge clock core)
Path Group: asynchronous
Path Type: min

Fanout         Cap        Slew       Delay        Time   Description
---------------------------------------------------------------------------------------------
                      0.000000    0.000000    0.000000   clock core (rise edge)
                                  0.000000    0.000000   clock network delay (ideal)
                                  2.000000    2.000000 ^ input external delay
    98    0.331338    0.000000    0.000000    2.000000 ^ rst_ni (in)
                                                         rst_ni (net)
                      0.000000    0.000000    2.000000 ^ _572_/RESET_B (sky130_fd_sc_hd__dfrtp_1)
                                              2.000000   data arrival time

                      0.000000    0.000000    0.000000   clock core (rise edge)
                                  0.000000    0.000000   clock network delay (ideal)
                                  0.000000    0.000000   clock reconvergence pessimism
                                              0.000000 ^ _572_/CLK (sky130_fd_sc_hd__dfrtp_1)
                                  0.481562    0.481562   library removal time
                                              0.481562   data required time
---------------------------------------------------------------------------------------------
                                              0.481562   data required time
                                             -2.000000   data arrival time
---------------------------------------------------------------------------------------------
                                              1.518438   slack (MET)


Startpoint: rst_ni (input port clocked by core)
Endpoint: _573_ (removal check against rising-edge clock core)
Path Group: asynchronous
Path Type: min

Fanout         Cap        Slew       Delay        Time   Description
---------------------------------------------------------------------------------------------
                      0.000000    0.000000    0.000000   clock core (rise edge)
                                  0.000000    0.000000   clock network delay (ideal)
                                  2.000000    2.000000 ^ input external delay
    98    0.331338    0.000000    0.000000    2.000000 ^ rst_ni (in)
                                                         rst_ni (net)
                      0.000000    0.000000    2.000000 ^ _573_/RESET_B (sky130_fd_sc_hd__dfrtp_1)
                                              2.000000   data arrival time

                      0.000000    0.000000    0.000000   clock core (rise edge)
                                  0.000000    0.000000   clock network delay (ideal)
                                  0.000000    0.000000   clock reconvergence pessimism
                                              0.000000 ^ _573_/CLK (sky130_fd_sc_hd__dfrtp_1)
                                  0.481562    0.481562   library removal time
                                              0.481562   data required time
---------------------------------------------------------------------------------------------
                                              0.481562   data required time
                                             -2.000000   data arrival time
---------------------------------------------------------------------------------------------
                                              1.518438   slack (MET)


Startpoint: rst_ni (input port clocked by core)
Endpoint: _574_ (removal check against rising-edge clock core)
Path Group: asynchronous
Path Type: min

Fanout         Cap        Slew       Delay        Time   Description
---------------------------------------------------------------------------------------------
                      0.000000    0.000000    0.000000   clock core (rise edge)
                                  0.000000    0.000000   clock network delay (ideal)
                                  2.000000    2.000000 ^ input external delay
    98    0.331338    0.000000    0.000000    2.000000 ^ rst_ni (in)
                                                         rst_ni (net)
                      0.000000    0.000000    2.000000 ^ _574_/RESET_B (sky130_fd_sc_hd__dfrtp_1)
                                              2.000000   data arrival time

                      0.000000    0.000000    0.000000   clock core (rise edge)
                                  0.000000    0.000000   clock network delay (ideal)
                                  0.000000    0.000000   clock reconvergence pessimism
                                              0.000000 ^ _574_/CLK (sky130_fd_sc_hd__dfrtp_1)
                                  0.481562    0.481562   library removal time
                                              0.481562   data required time
---------------------------------------------------------------------------------------------
                                              0.481562   data required time
                                             -2.000000   data arrival time
---------------------------------------------------------------------------------------------
                                              1.518438   slack (MET)


Startpoint: rst_ni (input port clocked by core)
Endpoint: _575_ (removal check against rising-edge clock core)
Path Group: asynchronous
Path Type: min

Fanout         Cap        Slew       Delay        Time   Description
---------------------------------------------------------------------------------------------
                      0.000000    0.000000    0.000000   clock core (rise edge)
                                  0.000000    0.000000   clock network delay (ideal)
                                  2.000000    2.000000 ^ input external delay
    98    0.331338    0.000000    0.000000    2.000000 ^ rst_ni (in)
                                                         rst_ni (net)
                      0.000000    0.000000    2.000000 ^ _575_/RESET_B (sky130_fd_sc_hd__dfrtp_1)
                                              2.000000   data arrival time

                      0.000000    0.000000    0.000000   clock core (rise edge)
                                  0.000000    0.000000   clock network delay (ideal)
                                  0.000000    0.000000   clock reconvergence pessimism
                                              0.000000 ^ _575_/CLK (sky130_fd_sc_hd__dfrtp_1)
                                  0.481562    0.481562   library removal time
                                              0.481562   data required time
---------------------------------------------------------------------------------------------
                                              0.481562   data required time
                                             -2.000000   data arrival time
---------------------------------------------------------------------------------------------
                                              1.518438   slack (MET)


Startpoint: rst_ni (input port clocked by core)
Endpoint: _576_ (removal check against rising-edge clock core)
Path Group: asynchronous
Path Type: min

Fanout         Cap        Slew       Delay        Time   Description
---------------------------------------------------------------------------------------------
                      0.000000    0.000000    0.000000   clock core (rise edge)
                                  0.000000    0.000000   clock network delay (ideal)
                                  2.000000    2.000000 ^ input external delay
    98    0.331338    0.000000    0.000000    2.000000 ^ rst_ni (in)
                                                         rst_ni (net)
                      0.000000    0.000000    2.000000 ^ _576_/RESET_B (sky130_fd_sc_hd__dfrtp_1)
                                              2.000000   data arrival time

                      0.000000    0.000000    0.000000   clock core (rise edge)
                                  0.000000    0.000000   clock network delay (ideal)
                                  0.000000    0.000000   clock reconvergence pessimism
                                              0.000000 ^ _576_/CLK (sky130_fd_sc_hd__dfrtp_1)
                                  0.481562    0.481562   library removal time
                                              0.481562   data required time
---------------------------------------------------------------------------------------------
                                              0.481562   data required time
                                             -2.000000   data arrival time
---------------------------------------------------------------------------------------------
                                              1.518438   slack (MET)


Startpoint: rst_ni (input port clocked by core)
Endpoint: _577_ (removal check against rising-edge clock core)
Path Group: asynchronous
Path Type: min

Fanout         Cap        Slew       Delay        Time   Description
---------------------------------------------------------------------------------------------
                      0.000000    0.000000    0.000000   clock core (rise edge)
                                  0.000000    0.000000   clock network delay (ideal)
                                  2.000000    2.000000 ^ input external delay
    98    0.331338    0.000000    0.000000    2.000000 ^ rst_ni (in)
                                                         rst_ni (net)
                      0.000000    0.000000    2.000000 ^ _577_/RESET_B (sky130_fd_sc_hd__dfrtp_1)
                                              2.000000   data arrival time

                      0.000000    0.000000    0.000000   clock core (rise edge)
                                  0.000000    0.000000   clock network delay (ideal)
                                  0.000000    0.000000   clock reconvergence pessimism
                                              0.000000 ^ _577_/CLK (sky130_fd_sc_hd__dfrtp_1)
                                  0.481562    0.481562   library removal time
                                              0.481562   data required time
---------------------------------------------------------------------------------------------
                                              0.481562   data required time
                                             -2.000000   data arrival time
---------------------------------------------------------------------------------------------
                                              1.518438   slack (MET)

=== FlexSoC normalized power fields ===
dynamic_power_definition=internal_power+switching_power
power_unit=OpenSTA report unit; see Units section
internal_power=0.000397
switching_power=1.04e-05
dynamic_power=0.0004074
leakage_power=1.44e-09
total_power=0.000407

=== Gate-level timing/power fusion ===
power_semantics=average_instance_power_from_the_same_VCD_SAIF_context
path_power_sum=unique_instance_average_power_sum_not_incremental_path_energy
fanout_capacitance_source=OpenSTA_report_checks_output_pin_fields

Worst path 1: status=met slack=0.519 type=min group=core
startpoint=_638_ (rising edge-triggered flip-flop clocked by core)
endpoint=_639_ (rising edge-triggered flip-flop clocked by core)
path_power_complete=true
path_average_power_sum internal=7.93648e-06 switching=3.90561e-08 dynamic=7.97554e-06 leakage=7.96005e-12 total=7.97555e-06
stage instance cell pins fanout capacitance slew delay arrival internal switching dynamic leakage total
1 _638_ sky130_fd_sc_hd__dfrtp_1 CLK,Q 1 0.001885 0.054557 0.451392 0.451392 3.96752e-06 7.09187e-09 3.97461e-06 3.972e-12 3.97462e-06
2 _639_ sky130_fd_sc_hd__dfrtp_1 D - - 0.054557 0 0.451392 3.96896e-06 3.19642e-08 4.00093e-06 3.98805e-12 4.00093e-06

Worst path 2: status=met slack=0.519 type=min group=core
startpoint=_645_ (rising edge-triggered flip-flop clocked by core)
endpoint=_646_ (rising edge-triggered flip-flop clocked by core)
path_power_complete=true
path_average_power_sum internal=7.84118e-06 switching=0 dynamic=7.84118e-06 leakage=1.00182e-11 total=7.84119e-06
stage instance cell pins fanout capacitance slew delay arrival internal switching dynamic leakage total
1 _645_ sky130_fd_sc_hd__dfrtp_1 CLK,Q 1 0.001885 0.054557 0.451392 0.451392 3.92059e-06 0 3.92059e-06 5.00911e-12 3.9206e-06
2 _646_ sky130_fd_sc_hd__dfrtp_1 D - - 0.054557 0 0.451392 3.92059e-06 0 3.92059e-06 5.00911e-12 3.9206e-06

Worst path 3: status=met slack=0.519 type=min group=core
startpoint=_652_ (rising edge-triggered flip-flop clocked by core)
endpoint=_653_ (rising edge-triggered flip-flop clocked by core)
path_power_complete=true
path_average_power_sum internal=7.84118e-06 switching=0 dynamic=7.84118e-06 leakage=1.00182e-11 total=7.84119e-06
stage instance cell pins fanout capacitance slew delay arrival internal switching dynamic leakage total
1 _652_ sky130_fd_sc_hd__dfrtp_1 CLK,Q 1 0.001885 0.054557 0.451392 0.451392 3.92059e-06 0 3.92059e-06 5.00911e-12 3.9206e-06
2 _653_ sky130_fd_sc_hd__dfrtp_1 D - - 0.054557 0 0.451392 3.92059e-06 0 3.92059e-06 5.00911e-12 3.9206e-06

Worst path 4: status=met slack=0.519 type=min group=core
startpoint=_659_ (rising edge-triggered flip-flop clocked by core)
endpoint=_660_ (rising edge-triggered flip-flop clocked by core)
path_power_complete=true
path_average_power_sum internal=7.84118e-06 switching=0 dynamic=7.84118e-06 leakage=1.00182e-11 total=7.84119e-06
stage instance cell pins fanout capacitance slew delay arrival internal switching dynamic leakage total
1 _659_ sky130_fd_sc_hd__dfrtp_1 CLK,Q 1 0.001885 0.054557 0.451392 0.451392 3.92059e-06 0 3.92059e-06 5.00911e-12 3.9206e-06
2 _660_ sky130_fd_sc_hd__dfrtp_1 D - - 0.054557 0 0.451392 3.92059e-06 0 3.92059e-06 5.00911e-12 3.9206e-06

Worst path 5: status=met slack=0.617565 type=min group=core
startpoint=_639_ (rising edge-triggered flip-flop clocked by core)
endpoint=_640_ (rising edge-triggered flip-flop clocked by core)
path_power_complete=true
path_average_power_sum internal=7.93683e-06 switching=4.84317e-08 dynamic=7.98526e-06 leakage=7.99229e-12 total=7.98527e-06
stage instance cell pins fanout capacitance slew delay arrival internal switching dynamic leakage total
1 _639_ sky130_fd_sc_hd__dfrtp_1 CLK,Q 3 0.008496 0.135 0.521593 0.521593 3.96896e-06 3.19642e-08 4.00093e-06 3.98805e-12 4.00093e-06
2 _640_ sky130_fd_sc_hd__dfrtp_1 D - - 0.135 0 0.521593 3.96787e-06 1.64674e-08 3.98433e-06 4.00424e-12 3.98434e-06

Worst path 6: status=met slack=0.617565 type=min group=core
startpoint=_646_ (rising edge-triggered flip-flop clocked by core)
endpoint=_647_ (rising edge-triggered flip-flop clocked by core)
path_power_complete=true
path_average_power_sum internal=7.84118e-06 switching=0 dynamic=7.84118e-06 leakage=1.00182e-11 total=7.84119e-06
stage instance cell pins fanout capacitance slew delay arrival internal switching dynamic leakage total
1 _646_ sky130_fd_sc_hd__dfrtp_1 CLK,Q 3 0.008496 0.135 0.521593 0.521593 3.92059e-06 0 3.92059e-06 5.00911e-12 3.9206e-06
2 _647_ sky130_fd_sc_hd__dfrtp_1 D - - 0.135 0 0.521593 3.92059e-06 0 3.92059e-06 5.00911e-12 3.9206e-06

Worst path 7: status=met slack=0.617565 type=min group=core
startpoint=_653_ (rising edge-triggered flip-flop clocked by core)
endpoint=_654_ (rising edge-triggered flip-flop clocked by core)
path_power_complete=true
path_average_power_sum internal=7.84118e-06 switching=0 dynamic=7.84118e-06 leakage=1.00182e-11 total=7.84119e-06
stage instance cell pins fanout capacitance slew delay arrival internal switching dynamic leakage total
1 _653_ sky130_fd_sc_hd__dfrtp_1 CLK,Q 3 0.008496 0.135 0.521593 0.521593 3.92059e-06 0 3.92059e-06 5.00911e-12 3.9206e-06
2 _654_ sky130_fd_sc_hd__dfrtp_1 D - - 0.135 0 0.521593 3.92059e-06 0 3.92059e-06 5.00911e-12 3.9206e-06

Worst path 8: status=met slack=0.617565 type=min group=core
startpoint=_660_ (rising edge-triggered flip-flop clocked by core)
endpoint=_661_ (rising edge-triggered flip-flop clocked by core)
path_power_complete=true
path_average_power_sum internal=7.84118e-06 switching=0 dynamic=7.84118e-06 leakage=1.00182e-11 total=7.84119e-06
stage instance cell pins fanout capacitance slew delay arrival internal switching dynamic leakage total
1 _660_ sky130_fd_sc_hd__dfrtp_1 CLK,Q 3 0.008496 0.135 0.521593 0.521593 3.92059e-06 0 3.92059e-06 5.00911e-12 3.9206e-06
2 _661_ sky130_fd_sc_hd__dfrtp_1 D - - 0.135 0 0.521593 3.92059e-06 0 3.92059e-06 5.00911e-12 3.9206e-06

Worst path 9: status=met slack=0.653119 type=min group=core
startpoint=_641_ (rising edge-triggered flip-flop clocked by core)
endpoint=_641_ (rising edge-triggered flip-flop clocked by core)
path_power_complete=true
path_average_power_sum internal=5.09859e-06 switching=4.56234e-07 dynamic=5.55483e-06 leakage=3.74622e-12 total=5.55483e-06
stage instance cell pins fanout capacitance slew delay arrival internal switching dynamic leakage total
1 _641_ sky130_fd_sc_hd__dfrtp_1 CLK,Q 2 0.004541 0.086844 0.481134 0.481134 4.80046e-06 3.13215e-07 5.11368e-06 3.55224e-12 5.11368e-06
2 _362_ sky130_fd_sc_hd__a21oi_1 A2,Y 1 0.001762 0.038721 0.081823 0.562957 2.98133e-07 1.43019e-07 4.41153e-07 1.93981e-13 4.41153e-07
3 _641_ sky130_fd_sc_hd__dfrtp_1 D - - 0.038721 0 0.562957 4.80046e-06 3.13215e-07 5.11368e-06 3.55224e-12 5.11368e-06

Worst path 10: status=met slack=0.698097 type=min group=core
startpoint=_619_ (rising edge-triggered flip-flop clocked by core)
endpoint=_619_ (rising edge-triggered flip-flop clocked by core)
path_power_complete=true
path_average_power_sum internal=3.92587e-06 switching=2.63798e-09 dynamic=3.9285e-06 leakage=8.58002e-12 total=3.92851e-06
stage instance cell pins fanout capacitance slew delay arrival internal switching dynamic leakage total
1 _619_ sky130_fd_sc_hd__dfrtp_1 CLK,Q 2 0.00472 0.089 0.483001 0.483001 3.92158e-06 0 3.92158e-06 5.00911e-12 3.92159e-06
2 _405_ sky130_fd_sc_hd__nand2_1 B,Y 1 0.002125 0.035883 0.074001 0.557002 2.71445e-09 1.456e-09 4.17045e-09 1.80376e-14 4.17047e-09
3 _406_ sky130_fd_sc_hd__nand2_1 B,Y 1 0.001885 0.047589 0.075944 0.632946 1.56642e-09 1.18198e-09 2.74839e-09 3.55287e-12 2.75195e-09
4 _619_ sky130_fd_sc_hd__dfrtp_1 D - - 0.047589 0 0.632946 3.92158e-06 0 3.92158e-06 5.00911e-12 3.92159e-06

Worst path 11: status=met slack=1.51844 type=min group=asynchronous
startpoint=rst_ni (input port clocked by core)
endpoint=_568_ (removal check against rising-edge clock core)
path_power_complete=true
path_average_power_sum internal=3.94534e-06 switching=5.9193e-09 dynamic=3.95126e-06 leakage=4.00479e-12 total=3.95126e-06
stage instance cell pins fanout capacitance slew delay arrival internal switching dynamic leakage total
1 _568_ sky130_fd_sc_hd__dfrtp_1 RESET_B - - 0 0 2 3.94534e-06 5.9193e-09 3.95126e-06 4.00479e-12 3.95126e-06

Worst path 12: status=met slack=1.51844 type=min group=asynchronous
startpoint=rst_ni (input port clocked by core)
endpoint=_569_ (removal check against rising-edge clock core)
path_power_complete=true
path_average_power_sum internal=3.92155e-06 switching=0 dynamic=3.92155e-06 leakage=5.00911e-12 total=3.92155e-06
stage instance cell pins fanout capacitance slew delay arrival internal switching dynamic leakage total
1 _569_ sky130_fd_sc_hd__dfrtp_1 RESET_B - - 0 0 2 3.92155e-06 0 3.92155e-06 5.00911e-12 3.92155e-06

Worst path 13: status=met slack=1.51844 type=min group=asynchronous
startpoint=rst_ni (input port clocked by core)
endpoint=_570_ (removal check against rising-edge clock core)
path_power_complete=true
path_average_power_sum internal=3.92059e-06 switching=0 dynamic=3.92059e-06 leakage=5.00911e-12 total=3.9206e-06
stage instance cell pins fanout capacitance slew delay arrival internal switching dynamic leakage total
1 _570_ sky130_fd_sc_hd__dfrtp_1 RESET_B - - 0 0 2 3.92059e-06 0 3.92059e-06 5.00911e-12 3.9206e-06

Worst path 14: status=met slack=1.51844 type=min group=asynchronous
startpoint=rst_ni (input port clocked by core)
endpoint=_571_ (removal check against rising-edge clock core)
path_power_complete=true
path_average_power_sum internal=3.92155e-06 switching=0 dynamic=3.92155e-06 leakage=5.00911e-12 total=3.92155e-06
stage instance cell pins fanout capacitance slew delay arrival internal switching dynamic leakage total
1 _571_ sky130_fd_sc_hd__dfrtp_1 RESET_B - - 0 0 2 3.92155e-06 0 3.92155e-06 5.00911e-12 3.92155e-06

Worst path 15: status=met slack=1.51844 type=min group=asynchronous
startpoint=rst_ni (input port clocked by core)
endpoint=_572_ (removal check against rising-edge clock core)
path_power_complete=true
path_average_power_sum internal=3.92059e-06 switching=0 dynamic=3.92059e-06 leakage=5.00911e-12 total=3.9206e-06
stage instance cell pins fanout capacitance slew delay arrival internal switching dynamic leakage total
1 _572_ sky130_fd_sc_hd__dfrtp_1 RESET_B - - 0 0 2 3.92059e-06 0 3.92059e-06 5.00911e-12 3.9206e-06

Worst path 16: status=met slack=1.51844 type=min group=asynchronous
startpoint=rst_ni (input port clocked by core)
endpoint=_573_ (removal check against rising-edge clock core)
path_power_complete=true
path_average_power_sum internal=3.92155e-06 switching=0 dynamic=3.92155e-06 leakage=5.00911e-12 total=3.92156e-06
stage instance cell pins fanout capacitance slew delay arrival internal switching dynamic leakage total
1 _573_ sky130_fd_sc_hd__dfrtp_1 RESET_B - - 0 0 2 3.92155e-06 0 3.92155e-06 5.00911e-12 3.92156e-06

Worst path 17: status=met slack=1.51844 type=min group=asynchronous
startpoint=rst_ni (input port clocked by core)
endpoint=_574_ (removal check against rising-edge clock core)
path_power_complete=true
path_average_power_sum internal=3.92155e-06 switching=0 dynamic=3.92155e-06 leakage=5.00911e-12 total=3.92156e-06
stage instance cell pins fanout capacitance slew delay arrival internal switching dynamic leakage total
1 _574_ sky130_fd_sc_hd__dfrtp_1 RESET_B - - 0 0 2 3.92155e-06 0 3.92155e-06 5.00911e-12 3.92156e-06

Worst path 18: status=met slack=1.51844 type=min group=asynchronous
startpoint=rst_ni (input port clocked by core)
endpoint=_575_ (removal check against rising-edge clock core)
path_power_complete=true
path_average_power_sum internal=3.93672e-06 switching=1.08253e-08 dynamic=3.94754e-06 leakage=3.48383e-12 total=3.94755e-06
stage instance cell pins fanout capacitance slew delay arrival internal switching dynamic leakage total
1 _575_ sky130_fd_sc_hd__dfrtp_1 RESET_B - - 0 0 2 3.93672e-06 1.08253e-08 3.94754e-06 3.48383e-12 3.94755e-06

Worst path 19: status=met slack=1.51844 type=min group=asynchronous
startpoint=rst_ni (input port clocked by core)
endpoint=_576_ (removal check against rising-edge clock core)
path_power_complete=true
path_average_power_sum internal=3.92059e-06 switching=0 dynamic=3.92059e-06 leakage=5.00911e-12 total=3.9206e-06
stage instance cell pins fanout capacitance slew delay arrival internal switching dynamic leakage total
1 _576_ sky130_fd_sc_hd__dfrtp_1 RESET_B - - 0 0 2 3.92059e-06 0 3.92059e-06 5.00911e-12 3.9206e-06

Worst path 20: status=met slack=1.51844 type=min group=asynchronous
startpoint=rst_ni (input port clocked by core)
endpoint=_577_ (removal check against rising-edge clock core)
path_power_complete=true
path_average_power_sum internal=3.92059e-06 switching=0 dynamic=3.92059e-06 leakage=5.00911e-12 total=3.9206e-06
stage instance cell pins fanout capacitance slew delay arrival internal switching dynamic leakage total
1 _577_ sky130_fd_sc_hd__dfrtp_1 RESET_B - - 0 0 2 3.92059e-06 0 3.92059e-06 5.00911e-12 3.9206e-06

=== Highest-power instances and worst path through each ===

Hotspot 1: instance=_641_ selected_worst_paths=9 internal=4.80046e-06 switching=3.13215e-07 dynamic=5.11368e-06 leakage=3.55224e-12 total=5.11368e-06
Worst path through hotspot: status=met slack=0.653119 type=min group=core
startpoint=_641_ (rising edge-triggered flip-flop clocked by core)
endpoint=_641_ (rising edge-triggered flip-flop clocked by core)
path_power_complete=true
path_average_power_sum internal=5.09859e-06 switching=4.56234e-07 dynamic=5.55483e-06 leakage=3.74622e-12 total=5.55483e-06
stage instance cell pins fanout capacitance slew delay arrival internal switching dynamic leakage total
1 _641_ sky130_fd_sc_hd__dfrtp_1 CLK,Q 2 0.004541 0.086844 0.481134 0.481134 4.80046e-06 3.13215e-07 5.11368e-06 3.55224e-12 5.11368e-06
2 _362_ sky130_fd_sc_hd__a21oi_1 A2,Y 1 0.001762 0.038721 0.081823 0.562957 2.98133e-07 1.43019e-07 4.41153e-07 1.93981e-13 4.41153e-07
3 _641_ sky130_fd_sc_hd__dfrtp_1 D - - 0.038721 0 0.562957 4.80046e-06 3.13215e-07 5.11368e-06 3.55224e-12 5.11368e-06
OpenSTA targeted timing report:
Startpoint: _641_ (rising edge-triggered flip-flop clocked by core)
Endpoint: _641_ (rising edge-triggered flip-flop clocked by core)
Path Group: core
Path Type: min

Fanout         Cap        Slew       Delay        Time   Description
---------------------------------------------------------------------------------------------
                      0.000000    0.000000    0.000000   clock core (rise edge)
                                  0.000000    0.000000   clock network delay (ideal)
                      0.000000    0.000000    0.000000 ^ _641_/CLK (sky130_fd_sc_hd__dfrtp_1)
     2    0.004541    0.086844    0.481134    0.481134 ^ _641_/Q (sky130_fd_sc_hd__dfrtp_1)
                                                         u_gpio_core.gen_input_filter[0].u_filter.diff_ctr_q[0] (net)
                      0.086844    0.000000    0.481134 ^ _362_/A2 (sky130_fd_sc_hd__a21oi_1)
     1    0.001762    0.038721    0.081823    0.562957 v _362_/Y (sky130_fd_sc_hd__a21oi_1)
                                                         u_gpio_core.gen_input_filter[0].u_filter.diff_ctr_d[0] (net)
                      0.038721    0.000000    0.562957 v _641_/D (sky130_fd_sc_hd__dfrtp_1)
                                              0.562957   data arrival time

                      0.000000    0.000000    0.000000   clock core (rise edge)
                                  0.000000    0.000000   clock network delay (ideal)
                                  0.000000    0.000000   clock reconvergence pessimism
                                              0.000000 ^ _641_/CLK (sky130_fd_sc_hd__dfrtp_1)
                                 -0.090162   -0.090162   library hold time
                                             -0.090162   data required time
---------------------------------------------------------------------------------------------
                                             -0.090162   data required time
                                             -0.562957   data arrival time
---------------------------------------------------------------------------------------------
                                              0.653119   slack (MET)

Hotspot 2: instance=_642_ selected_worst_paths=none internal=4.39914e-06 switching=1.62568e-07 dynamic=4.56171e-06 leakage=3.5689e-12 total=4.56172e-06
Worst path through hotspot: status=met slack=0.83859 type=min group=core
startpoint=_640_ (rising edge-triggered flip-flop clocked by core)
endpoint=_642_ (rising edge-triggered flip-flop clocked by core)
path_power_complete=true
path_average_power_sum internal=8.63342e-06 switching=3.6807e-07 dynamic=9.00149e-06 leakage=1.18027e-11 total=9.0015e-06
stage instance cell pins fanout capacitance slew delay arrival internal switching dynamic leakage total
1 _640_ sky130_fd_sc_hd__dfrtp_1 CLK,Q 1 0.004377 0.084869 0.479424 0.479424 3.96787e-06 1.64674e-08 3.98433e-06 4.00424e-12 3.98434e-06
2 _353_ sky130_fd_sc_hd__xnor2_1 B,Y 1 0.002056 0.036152 0.078118 0.557542 6.24902e-08 1.81047e-08 8.05949e-08 2.26574e-12 8.05971e-08
3 _354_ sky130_fd_sc_hd__inv_1 A,Y 4 0.009514 0.128864 0.121015 0.678557 1.50644e-08 7.75541e-08 9.26185e-08 1.76356e-12 9.26203e-08
4 _361_ sky130_fd_sc_hd__a21oi_1 B1,Y 1 0.001762 0.038721 0.069871 0.748428 1.88858e-07 9.33763e-08 2.82234e-07 2.00297e-13 2.82234e-07
5 _642_ sky130_fd_sc_hd__dfrtp_1 D - - 0.038721 0 0.748428 4.39914e-06 1.62568e-07 4.56171e-06 3.5689e-12 4.56172e-06
OpenSTA targeted timing report:
Startpoint: _640_ (rising edge-triggered flip-flop clocked by core)
Endpoint: _642_ (rising edge-triggered flip-flop clocked by core)
Path Group: core
Path Type: min

Fanout         Cap        Slew       Delay        Time   Description
---------------------------------------------------------------------------------------------
                      0.000000    0.000000    0.000000   clock core (rise edge)
                                  0.000000    0.000000   clock network delay (ideal)
                      0.000000    0.000000    0.000000 ^ _640_/CLK (sky130_fd_sc_hd__dfrtp_1)
     1    0.004377    0.084869    0.479424    0.479424 ^ _640_/Q (sky130_fd_sc_hd__dfrtp_1)
                                                         u_gpio_core.gen_input_filter[0].u_filter.filter_q (net)
                      0.084869    0.000000    0.479424 ^ _353_/B (sky130_fd_sc_hd__xnor2_1)
     1    0.002056    0.036152    0.078118    0.557542 v _353_/Y (sky130_fd_sc_hd__xnor2_1)
                                                         _129_ (net)
                      0.036152    0.000000    0.557542 v _354_/A (sky130_fd_sc_hd__inv_1)
     4    0.009514    0.128864    0.121015    0.678557 ^ _354_/Y (sky130_fd_sc_hd__inv_1)
                                                         _130_ (net)
                      0.128864    0.000000    0.678557 ^ _361_/B1 (sky130_fd_sc_hd__a21oi_1)
     1    0.001762    0.038721    0.069871    0.748428 v _361_/Y (sky130_fd_sc_hd__a21oi_1)
                                                         u_gpio_core.gen_input_filter[0].u_filter.diff_ctr_d[1] (net)
                      0.038721    0.000000    0.748428 v _642_/D (sky130_fd_sc_hd__dfrtp_1)
                                              0.748428   data arrival time

                      0.000000    0.000000    0.000000   clock core (rise edge)
                                  0.000000    0.000000   clock network delay (ideal)
                                  0.000000    0.000000   clock reconvergence pessimism
                                              0.000000 ^ _642_/CLK (sky130_fd_sc_hd__dfrtp_1)
                                 -0.090162   -0.090162   library hold time
                                             -0.090162   data required time
---------------------------------------------------------------------------------------------
                                             -0.090162   data required time
                                             -0.748428   data arrival time
---------------------------------------------------------------------------------------------
                                              0.838590   slack (MET)

Hotspot 3: instance=_655_ selected_worst_paths=none internal=4.19475e-06 switching=1.26595e-07 dynamic=4.32134e-06 leakage=3.22585e-12 total=4.32134e-06
Worst path through hotspot: status=met slack=0.844179 type=min group=core
startpoint=_654_ (rising edge-triggered flip-flop clocked by core)
endpoint=_655_ (rising edge-triggered flip-flop clocked by core)
path_power_complete=true
path_average_power_sum internal=8.16485e-06 switching=1.77683e-07 dynamic=8.34253e-06 leakage=1.02104e-11 total=8.34255e-06
stage instance cell pins fanout capacitance slew delay arrival internal switching dynamic leakage total
1 _654_ sky130_fd_sc_hd__dfrtp_1 CLK,Q 1 0.004377 0.084869 0.479424 0.479424 3.92059e-06 0 3.92059e-06 5.00911e-12 3.9206e-06
2 _316_ sky130_fd_sc_hd__xnor2_1 B,Y 1 0.002056 0.036152 0.078118 0.557542 0 1.39267e-09 1.39267e-09 2.50464e-14 1.39269e-09
3 _317_ sky130_fd_sc_hd__inv_1 A,Y 4 0.009508 0.128792 0.120963 0.678505 1.15877e-09 5.96194e-09 7.12071e-09 1.80741e-12 7.12252e-09
4 _327_ sky130_fd_sc_hd__nor2_1 A,Y 1 0.001762 0.034346 0.077872 0.756377 4.83569e-08 4.37332e-08 9.20901e-08 1.42941e-13 9.20902e-08
5 _655_ sky130_fd_sc_hd__dfrtp_1 D - - 0.034346 0 0.756377 4.19475e-06 1.26595e-07 4.32134e-06 3.22585e-12 4.32134e-06
OpenSTA targeted timing report:
Startpoint: _654_ (rising edge-triggered flip-flop clocked by core)
Endpoint: _655_ (rising edge-triggered flip-flop clocked by core)
Path Group: core
Path Type: min

Fanout         Cap        Slew       Delay        Time   Description
---------------------------------------------------------------------------------------------
                      0.000000    0.000000    0.000000   clock core (rise edge)
                                  0.000000    0.000000   clock network delay (ideal)
                      0.000000    0.000000    0.000000 ^ _654_/CLK (sky130_fd_sc_hd__dfrtp_1)
     1    0.004377    0.084869    0.479424    0.479424 ^ _654_/Q (sky130_fd_sc_hd__dfrtp_1)
                                                         u_gpio_core.gen_input_filter[2].u_filter.filter_q (net)
                      0.084869    0.000000    0.479424 ^ _316_/B (sky130_fd_sc_hd__xnor2_1)
     1    0.002056    0.036152    0.078118    0.557542 v _316_/Y (sky130_fd_sc_hd__xnor2_1)
                                                         _100_ (net)
                      0.036152    0.000000    0.557542 v _317_/A (sky130_fd_sc_hd__inv_1)
     4    0.009508    0.128792    0.120963    0.678505 ^ _317_/Y (sky130_fd_sc_hd__inv_1)
                                                         _101_ (net)
                      0.128792    0.000000    0.678505 ^ _327_/A (sky130_fd_sc_hd__nor2_1)
     1    0.001762    0.034346    0.077872    0.756377 v _327_/Y (sky130_fd_sc_hd__nor2_1)
                                                         u_gpio_core.gen_input_filter[2].u_filter.diff_ctr_d[0] (net)
                      0.034346    0.000000    0.756377 v _655_/D (sky130_fd_sc_hd__dfrtp_1)
                                              0.756377   data arrival time

                      0.000000    0.000000    0.000000   clock core (rise edge)
                                  0.000000    0.000000   clock network delay (ideal)
                                  0.000000    0.000000   clock reconvergence pessimism
                                              0.000000 ^ _655_/CLK (sky130_fd_sc_hd__dfrtp_1)
                                 -0.087802   -0.087802   library hold time
                                             -0.087802   data required time
---------------------------------------------------------------------------------------------
                                             -0.087802   data required time
                                             -0.756377   data arrival time
---------------------------------------------------------------------------------------------
                                              0.844179   slack (MET)

Hotspot 4: instance=_629_ selected_worst_paths=none internal=4.05219e-06 switching=2.01066e-07 dynamic=4.25326e-06 leakage=4.94563e-12 total=4.25326e-06
Worst path through hotspot: status=met slack=0.940621 type=min group=core
startpoint=_629_ (rising edge-triggered flip-flop clocked by core)
endpoint=_629_ (rising edge-triggered flip-flop clocked by core)
path_power_complete=true
path_average_power_sum internal=4.18198e-06 switching=4.43479e-07 dynamic=4.62546e-06 leakage=9.97747e-12 total=4.62547e-06
stage instance cell pins fanout capacitance slew delay arrival internal switching dynamic leakage total
1 _629_ sky130_fd_sc_hd__dfrtp_1 CLK,Q 2 0.018018 0.133034 0.622264 0.622264 4.05219e-06 2.01066e-07 4.25326e-06 4.94563e-12 4.25326e-06
2 _365_ sky130_fd_sc_hd__inv_8 A,Y 3 0.020856 0.067389 0.13166 0.753923 1.06784e-07 2.2232e-07 3.29103e-07 6.45018e-13 3.29104e-07
3 _566_ sky130_fd_sc_hd__o21ai_0 A1,Y 1 0.001762 0.043952 0.093714 0.847637 2.30028e-08 2.00936e-08 4.30964e-08 4.38683e-12 4.31008e-08
4 _629_ sky130_fd_sc_hd__dfrtp_1 D - - 0.043952 0 0.847637 4.05219e-06 2.01066e-07 4.25326e-06 4.94563e-12 4.25326e-06
OpenSTA targeted timing report:
Startpoint: _629_ (rising edge-triggered flip-flop clocked by core)
Endpoint: _629_ (rising edge-triggered flip-flop clocked by core)
Path Group: core
Path Type: min

Fanout         Cap        Slew       Delay        Time   Description
---------------------------------------------------------------------------------------------
                      0.000000    0.000000    0.000000   clock core (rise edge)
                                  0.000000    0.000000   clock network delay (ideal)
                      0.000000    0.000000    0.000000 ^ _629_/CLK (sky130_fd_sc_hd__dfrtp_1)
     2    0.018018    0.133034    0.622264    0.622264 v _629_/Q (sky130_fd_sc_hd__dfrtp_1)
                                                         u_gpio_reg.tl_o[65] (net)
                      0.133034    0.000000    0.622264 v _365_/A (sky130_fd_sc_hd__inv_8)
     3    0.020856    0.067389    0.131660    0.753923 ^ _365_/Y (sky130_fd_sc_hd__inv_8)
                                                         u_gpio_reg.tl_o[0] (net)
                      0.067389    0.000000    0.753923 ^ _566_/A1 (sky130_fd_sc_hd__o21ai_0)
     1    0.001762    0.043952    0.093714    0.847637 v _566_/Y (sky130_fd_sc_hd__o21ai_0)
                                                         _064_ (net)
                      0.043952    0.000000    0.847637 v _629_/D (sky130_fd_sc_hd__dfrtp_1)
                                              0.847637   data arrival time

                      0.000000    0.000000    0.000000   clock core (rise edge)
                                  0.000000    0.000000   clock network delay (ideal)
                                  0.000000    0.000000   clock reconvergence pessimism
                                              0.000000 ^ _629_/CLK (sky130_fd_sc_hd__dfrtp_1)
                                 -0.092984   -0.092984   library hold time
                                             -0.092984   data required time
---------------------------------------------------------------------------------------------
                                             -0.092984   data required time
                                             -0.847637   data arrival time
---------------------------------------------------------------------------------------------
                                              0.940621   slack (MET)

Hotspot 5: instance=_648_ selected_worst_paths=none internal=4.18701e-06 switching=4.73506e-08 dynamic=4.23437e-06 leakage=3.2258e-12 total=4.23437e-06
Worst path through hotspot: status=met slack=0.827061 type=min group=core
startpoint=_647_ (rising edge-triggered flip-flop clocked by core)
endpoint=_648_ (rising edge-triggered flip-flop clocked by core)
path_power_complete=true
path_average_power_sum internal=8.15711e-06 switching=9.7945e-08 dynamic=8.25506e-06 leakage=1.02113e-11 total=8.25507e-06
stage instance cell pins fanout capacitance slew delay arrival internal switching dynamic leakage total
1 _647_ sky130_fd_sc_hd__dfrtp_1 CLK,Q 1 0.004377 0.084869 0.479424 0.479424 3.92059e-06 0 3.92059e-06 5.00911e-12 3.9206e-06
2 _336_ sky130_fd_sc_hd__xnor2_1 B,Y 2 0.003558 0.048539 0.088577 0.568001 0 2.39155e-09 2.39155e-09 2.50464e-14 2.39157e-09
3 _339_ sky130_fd_sc_hd__inv_1 A,Y 3 0.007128 0.100245 0.106763 0.674765 1.12824e-09 4.46957e-09 5.59782e-09 1.80735e-12 5.59963e-09
4 _346_ sky130_fd_sc_hd__nor2_1 A,Y 1 0.001762 0.029869 0.06691 0.741675 4.83802e-08 4.37332e-08 9.21134e-08 1.43993e-13 9.21135e-08
5 _648_ sky130_fd_sc_hd__dfrtp_1 D - - 0.029869 0 0.741675 4.18701e-06 4.73506e-08 4.23437e-06 3.2258e-12 4.23437e-06
OpenSTA targeted timing report:
Startpoint: _647_ (rising edge-triggered flip-flop clocked by core)
Endpoint: _648_ (rising edge-triggered flip-flop clocked by core)
Path Group: core
Path Type: min

Fanout         Cap        Slew       Delay        Time   Description
---------------------------------------------------------------------------------------------
                      0.000000    0.000000    0.000000   clock core (rise edge)
                                  0.000000    0.000000   clock network delay (ideal)
                      0.000000    0.000000    0.000000 ^ _647_/CLK (sky130_fd_sc_hd__dfrtp_1)
     1    0.004377    0.084869    0.479424    0.479424 ^ _647_/Q (sky130_fd_sc_hd__dfrtp_1)
                                                         u_gpio_core.gen_input_filter[1].u_filter.filter_q (net)
                      0.084869    0.000000    0.479424 ^ _336_/B (sky130_fd_sc_hd__xnor2_1)
     2    0.003558    0.048539    0.088577    0.568001 v _336_/Y (sky130_fd_sc_hd__xnor2_1)
                                                         _116_ (net)
                      0.048539    0.000000    0.568001 v _339_/A (sky130_fd_sc_hd__inv_1)
     3    0.007128    0.100245    0.106763    0.674765 ^ _339_/Y (sky130_fd_sc_hd__inv_1)
                                                         _118_ (net)
                      0.100245    0.000000    0.674765 ^ _346_/A (sky130_fd_sc_hd__nor2_1)
     1    0.001762    0.029869    0.066910    0.741675 v _346_/Y (sky130_fd_sc_hd__nor2_1)
                                                         u_gpio_core.gen_input_filter[1].u_filter.diff_ctr_d[0] (net)
                      0.029869    0.000000    0.741675 v _648_/D (sky130_fd_sc_hd__dfrtp_1)
                                              0.741675   data arrival time

                      0.000000    0.000000    0.000000   clock core (rise edge)
                                  0.000000    0.000000   clock network delay (ideal)
                                  0.000000    0.000000   clock reconvergence pessimism
                                              0.000000 ^ _648_/CLK (sky130_fd_sc_hd__dfrtp_1)
                                 -0.085387   -0.085387   library hold time
                                             -0.085387   data required time
---------------------------------------------------------------------------------------------
                                             -0.085387   data required time
                                             -0.741675   data arrival time
---------------------------------------------------------------------------------------------
                                              0.827061   slack (MET)

Hotspot 6: instance=_662_ selected_worst_paths=none internal=4.18701e-06 switching=4.73506e-08 dynamic=4.23437e-06 leakage=3.2258e-12 total=4.23437e-06
Worst path through hotspot: status=met slack=0.827061 type=min group=core
startpoint=_661_ (rising edge-triggered flip-flop clocked by core)
endpoint=_662_ (rising edge-triggered flip-flop clocked by core)
path_power_complete=true
path_average_power_sum internal=8.15711e-06 switching=9.7945e-08 dynamic=8.25506e-06 leakage=1.02113e-11 total=8.25507e-06
stage instance cell pins fanout capacitance slew delay arrival internal switching dynamic leakage total
1 _661_ sky130_fd_sc_hd__dfrtp_1 CLK,Q 1 0.004377 0.084869 0.479424 0.479424 3.92059e-06 0 3.92059e-06 5.00911e-12 3.9206e-06
2 _300_ sky130_fd_sc_hd__xnor2_1 B,Y 2 0.003558 0.048539 0.088577 0.568001 0 2.39155e-09 2.39155e-09 2.50464e-14 2.39157e-09
3 _303_ sky130_fd_sc_hd__inv_1 A,Y 3 0.007128 0.100245 0.106763 0.674765 1.12824e-09 4.46957e-09 5.59782e-09 1.80735e-12 5.59963e-09
4 _310_ sky130_fd_sc_hd__nor2_1 A,Y 1 0.001762 0.029869 0.06691 0.741675 4.83802e-08 4.37332e-08 9.21134e-08 1.43993e-13 9.21135e-08
5 _662_ sky130_fd_sc_hd__dfrtp_1 D - - 0.029869 0 0.741675 4.18701e-06 4.73506e-08 4.23437e-06 3.2258e-12 4.23437e-06
OpenSTA targeted timing report:
Startpoint: _661_ (rising edge-triggered flip-flop clocked by core)
Endpoint: _662_ (rising edge-triggered flip-flop clocked by core)
Path Group: core
Path Type: min

Fanout         Cap        Slew       Delay        Time   Description
---------------------------------------------------------------------------------------------
                      0.000000    0.000000    0.000000   clock core (rise edge)
                                  0.000000    0.000000   clock network delay (ideal)
                      0.000000    0.000000    0.000000 ^ _661_/CLK (sky130_fd_sc_hd__dfrtp_1)
     1    0.004377    0.084869    0.479424    0.479424 ^ _661_/Q (sky130_fd_sc_hd__dfrtp_1)
                                                         u_gpio_core.gen_input_filter[3].u_filter.filter_q (net)
                      0.084869    0.000000    0.479424 ^ _300_/B (sky130_fd_sc_hd__xnor2_1)
     2    0.003558    0.048539    0.088577    0.568001 v _300_/Y (sky130_fd_sc_hd__xnor2_1)
                                                         _088_ (net)
                      0.048539    0.000000    0.568001 v _303_/A (sky130_fd_sc_hd__inv_1)
     3    0.007128    0.100245    0.106763    0.674765 ^ _303_/Y (sky130_fd_sc_hd__inv_1)
                                                         _090_ (net)
                      0.100245    0.000000    0.674765 ^ _310_/A (sky130_fd_sc_hd__nor2_1)
     1    0.001762    0.029869    0.066910    0.741675 v _310_/Y (sky130_fd_sc_hd__nor2_1)
                                                         u_gpio_core.gen_input_filter[3].u_filter.diff_ctr_d[0] (net)
                      0.029869    0.000000    0.741675 v _662_/D (sky130_fd_sc_hd__dfrtp_1)
                                              0.741675   data arrival time

                      0.000000    0.000000    0.000000   clock core (rise edge)
                                  0.000000    0.000000   clock network delay (ideal)
                                  0.000000    0.000000   clock reconvergence pessimism
                                              0.000000 ^ _662_/CLK (sky130_fd_sc_hd__dfrtp_1)
                                 -0.085387   -0.085387   library hold time
                                             -0.085387   data required time
---------------------------------------------------------------------------------------------
                                             -0.085387   data required time
                                             -0.741675   data arrival time
---------------------------------------------------------------------------------------------
                                              0.827061   slack (MET)

Hotspot 7: instance=_643_ selected_worst_paths=none internal=4.13848e-06 switching=7.52391e-08 dynamic=4.21372e-06 leakage=3.58069e-12 total=4.21372e-06
Worst path through hotspot: status=met slack=0.797473 type=min group=core
startpoint=_644_ (rising edge-triggered flip-flop clocked by core)
endpoint=_643_ (rising edge-triggered flip-flop clocked by core)
path_power_complete=true
path_average_power_sum internal=8.35306e-06 switching=1.80316e-07 dynamic=8.53338e-06 leakage=9.91998e-12 total=8.53339e-06
stage instance cell pins fanout capacitance slew delay arrival internal switching dynamic leakage total
1 _644_ sky130_fd_sc_hd__dfrtp_1 CLK,Q 4 0.009406 0.146441 0.530363 0.530363 4.01826e-06 5.89798e-08 4.07724e-06 3.64639e-12 4.07724e-06
2 _356_ sky130_fd_sc_hd__o31a_1 A2,X 1 0.001885 0.057592 0.198432 0.728795 1.96325e-07 4.60972e-08 2.42422e-07 2.6929e-12 2.42425e-07
3 _643_ sky130_fd_sc_hd__dfrtp_1 D - - 0.057592 0 0.728795 4.13848e-06 7.52391e-08 4.21372e-06 3.58069e-12 4.21372e-06
OpenSTA targeted timing report:
Startpoint: _644_ (rising edge-triggered flip-flop clocked by core)
Endpoint: _643_ (rising edge-triggered flip-flop clocked by core)
Path Group: core
Path Type: min

Fanout         Cap        Slew       Delay        Time   Description
---------------------------------------------------------------------------------------------
                      0.000000    0.000000    0.000000   clock core (rise edge)
                                  0.000000    0.000000   clock network delay (ideal)
                      0.000000    0.000000    0.000000 ^ _644_/CLK (sky130_fd_sc_hd__dfrtp_1)
     4    0.009406    0.146441    0.530363    0.530363 ^ _644_/Q (sky130_fd_sc_hd__dfrtp_1)
                                                         u_gpio_core.gen_input_filter[0].u_filter.diff_ctr_q[3] (net)
                      0.146441    0.000000    0.530363 ^ _356_/A2 (sky130_fd_sc_hd__o31a_1)
     1    0.001885    0.057592    0.198432    0.728795 ^ _356_/X (sky130_fd_sc_hd__o31a_1)
                                                         u_gpio_core.gen_input_filter[0].u_filter.diff_ctr_d[2] (net)
                      0.057592    0.000000    0.728795 ^ _643_/D (sky130_fd_sc_hd__dfrtp_1)
                                              0.728795   data arrival time

                      0.000000    0.000000    0.000000   clock core (rise edge)
                                  0.000000    0.000000   clock network delay (ideal)
                                  0.000000    0.000000   clock reconvergence pessimism
                                              0.000000 ^ _643_/CLK (sky130_fd_sc_hd__dfrtp_1)
                                 -0.068678   -0.068678   library hold time
                                             -0.068678   data required time
---------------------------------------------------------------------------------------------
                                             -0.068678   data required time
                                             -0.728795   data arrival time
---------------------------------------------------------------------------------------------
                                              0.797473   slack (MET)

Hotspot 8: instance=_656_ selected_worst_paths=none internal=4.07856e-06 switching=4.16709e-08 dynamic=4.12023e-06 leakage=3.24266e-12 total=4.12024e-06
Worst path through hotspot: status=met slack=0.844179 type=min group=core
startpoint=_654_ (rising edge-triggered flip-flop clocked by core)
endpoint=_656_ (rising edge-triggered flip-flop clocked by core)
path_power_complete=true
path_average_power_sum internal=8.04544e-06 switching=9.03947e-08 dynamic=8.13583e-06 leakage=1.02942e-11 total=8.13584e-06
stage instance cell pins fanout capacitance slew delay arrival internal switching dynamic leakage total
1 _654_ sky130_fd_sc_hd__dfrtp_1 CLK,Q 1 0.004377 0.084869 0.479424 0.479424 3.92059e-06 0 3.92059e-06 5.00911e-12 3.9206e-06
2 _316_ sky130_fd_sc_hd__xnor2_1 B,Y 1 0.002056 0.036152 0.078118 0.557542 0 1.39267e-09 1.39267e-09 2.50464e-14 1.39269e-09
3 _317_ sky130_fd_sc_hd__inv_1 A,Y 4 0.009508 0.128792 0.120963 0.678505 1.15877e-09 5.96194e-09 7.12071e-09 1.80741e-12 7.12252e-09
4 _324_ sky130_fd_sc_hd__nor2_1 A,Y 1 0.001762 0.034346 0.077872 0.756377 4.51284e-08 4.13693e-08 8.64977e-08 2.09989e-13 8.64979e-08
5 _656_ sky130_fd_sc_hd__dfrtp_1 D - - 0.034346 0 0.756377 4.07856e-06 4.16709e-08 4.12023e-06 3.24266e-12 4.12024e-06
OpenSTA targeted timing report:
Startpoint: _654_ (rising edge-triggered flip-flop clocked by core)
Endpoint: _656_ (rising edge-triggered flip-flop clocked by core)
Path Group: core
Path Type: min

Fanout         Cap        Slew       Delay        Time   Description
---------------------------------------------------------------------------------------------
                      0.000000    0.000000    0.000000   clock core (rise edge)
                                  0.000000    0.000000   clock network delay (ideal)
                      0.000000    0.000000    0.000000 ^ _654_/CLK (sky130_fd_sc_hd__dfrtp_1)
     1    0.004377    0.084869    0.479424    0.479424 ^ _654_/Q (sky130_fd_sc_hd__dfrtp_1)
                                                         u_gpio_core.gen_input_filter[2].u_filter.filter_q (net)
                      0.084869    0.000000    0.479424 ^ _316_/B (sky130_fd_sc_hd__xnor2_1)
     1    0.002056    0.036152    0.078118    0.557542 v _316_/Y (sky130_fd_sc_hd__xnor2_1)
                                                         _100_ (net)
                      0.036152    0.000000    0.557542 v _317_/A (sky130_fd_sc_hd__inv_1)
     4    0.009508    0.128792    0.120963    0.678505 ^ _317_/Y (sky130_fd_sc_hd__inv_1)
                                                         _101_ (net)
                      0.128792    0.000000    0.678505 ^ _324_/A (sky130_fd_sc_hd__nor2_1)
     1    0.001762    0.034346    0.077872    0.756377 v _324_/Y (sky130_fd_sc_hd__nor2_1)
                                                         u_gpio_core.gen_input_filter[2].u_filter.diff_ctr_d[1] (net)
                      0.034346    0.000000    0.756377 v _656_/D (sky130_fd_sc_hd__dfrtp_1)
                                              0.756377   data arrival time

                      0.000000    0.000000    0.000000   clock core (rise edge)
                                  0.000000    0.000000   clock network delay (ideal)
                                  0.000000    0.000000   clock reconvergence pessimism
                                              0.000000 ^ _656_/CLK (sky130_fd_sc_hd__dfrtp_1)
                                 -0.087802   -0.087802   library hold time
                                             -0.087802   data required time
---------------------------------------------------------------------------------------------
                                             -0.087802   data required time
                                             -0.756377   data arrival time
---------------------------------------------------------------------------------------------
                                              0.844179   slack (MET)

Hotspot 9: instance=_649_ selected_worst_paths=none internal=4.06438e-06 switching=2.5068e-08 dynamic=4.08944e-06 leakage=3.24301e-12 total=4.08945e-06
Worst path through hotspot: status=met slack=0.85665 type=min group=core
startpoint=_647_ (rising edge-triggered flip-flop clocked by core)
endpoint=_649_ (rising edge-triggered flip-flop clocked by core)
path_power_complete=true
path_average_power_sum internal=8.01867e-06 switching=1.27331e-07 dynamic=8.14601e-06 leakage=1.02973e-11 total=8.14602e-06
stage instance cell pins fanout capacitance slew delay arrival internal switching dynamic leakage total
1 _647_ sky130_fd_sc_hd__dfrtp_1 CLK,Q 1 0.004377 0.084869 0.479424 0.479424 3.92059e-06 0 3.92059e-06 5.00911e-12 3.9206e-06
2 _336_ sky130_fd_sc_hd__xnor2_1 B,Y 2 0.003558 0.048539 0.088577 0.568001 0 2.39155e-09 2.39155e-09 2.50464e-14 2.39157e-09
3 _339_ sky130_fd_sc_hd__inv_1 A,Y 3 0.007128 0.100245 0.106763 0.674765 1.12824e-09 4.46957e-09 5.59782e-09 1.80735e-12 5.59963e-09
4 _344_ sky130_fd_sc_hd__nor2_1 A,Y 3 0.006136 0.047922 0.086759 0.761524 3.25811e-08 9.54017e-08 1.27983e-07 2.12739e-13 1.27983e-07
5 _649_ sky130_fd_sc_hd__dfrtp_1 D - - 0.047922 0 0.761524 4.06438e-06 2.5068e-08 4.08944e-06 3.24301e-12 4.08945e-06
OpenSTA targeted timing report:
Startpoint: _647_ (rising edge-triggered flip-flop clocked by core)
Endpoint: _649_ (rising edge-triggered flip-flop clocked by core)
Path Group: core
Path Type: min

Fanout         Cap        Slew       Delay        Time   Description
---------------------------------------------------------------------------------------------
                      0.000000    0.000000    0.000000   clock core (rise edge)
                                  0.000000    0.000000   clock network delay (ideal)
                      0.000000    0.000000    0.000000 ^ _647_/CLK (sky130_fd_sc_hd__dfrtp_1)
     1    0.004377    0.084869    0.479424    0.479424 ^ _647_/Q (sky130_fd_sc_hd__dfrtp_1)
                                                         u_gpio_core.gen_input_filter[1].u_filter.filter_q (net)
                      0.084869    0.000000    0.479424 ^ _336_/B (sky130_fd_sc_hd__xnor2_1)
     2    0.003558    0.048539    0.088577    0.568001 v _336_/Y (sky130_fd_sc_hd__xnor2_1)
                                                         _116_ (net)
                      0.048539    0.000000    0.568001 v _339_/A (sky130_fd_sc_hd__inv_1)
     3    0.007128    0.100245    0.106763    0.674765 ^ _339_/Y (sky130_fd_sc_hd__inv_1)
                                                         _118_ (net)
                      0.100245    0.000000    0.674765 ^ _344_/A (sky130_fd_sc_hd__nor2_1)
     3    0.006136    0.047922    0.086759    0.761524 v _344_/Y (sky130_fd_sc_hd__nor2_1)
                                                         u_gpio_core.gen_input_filter[1].u_filter.diff_ctr_d[1] (net)
                      0.047922    0.000000    0.761524 v _649_/D (sky130_fd_sc_hd__dfrtp_1)
                                              0.761524   data arrival time

                      0.000000    0.000000    0.000000   clock core (rise edge)
                                  0.000000    0.000000   clock network delay (ideal)
                                  0.000000    0.000000   clock reconvergence pessimism
                                              0.000000 ^ _649_/CLK (sky130_fd_sc_hd__dfrtp_1)
                                 -0.095126   -0.095126   library hold time
                                             -0.095126   data required time
---------------------------------------------------------------------------------------------
                                             -0.095126   data required time
                                             -0.761524   data arrival time
---------------------------------------------------------------------------------------------
                                              0.856650   slack (MET)

Hotspot 10: instance=_663_ selected_worst_paths=none internal=4.06438e-06 switching=2.5068e-08 dynamic=4.08944e-06 leakage=3.24301e-12 total=4.08945e-06
Worst path through hotspot: status=met slack=0.85665 type=min group=core
startpoint=_661_ (rising edge-triggered flip-flop clocked by core)
endpoint=_663_ (rising edge-triggered flip-flop clocked by core)
path_power_complete=true
path_average_power_sum internal=8.01867e-06 switching=1.27331e-07 dynamic=8.14601e-06 leakage=1.02973e-11 total=8.14602e-06
stage instance cell pins fanout capacitance slew delay arrival internal switching dynamic leakage total
1 _661_ sky130_fd_sc_hd__dfrtp_1 CLK,Q 1 0.004377 0.084869 0.479424 0.479424 3.92059e-06 0 3.92059e-06 5.00911e-12 3.9206e-06
2 _300_ sky130_fd_sc_hd__xnor2_1 B,Y 2 0.003558 0.048539 0.088577 0.568001 0 2.39155e-09 2.39155e-09 2.50464e-14 2.39157e-09
3 _303_ sky130_fd_sc_hd__inv_1 A,Y 3 0.007128 0.100245 0.106763 0.674765 1.12824e-09 4.46957e-09 5.59782e-09 1.80735e-12 5.59963e-09
4 _308_ sky130_fd_sc_hd__nor2_1 A,Y 3 0.006136 0.047922 0.086759 0.761524 3.25811e-08 9.54017e-08 1.27983e-07 2.12739e-13 1.27983e-07
5 _663_ sky130_fd_sc_hd__dfrtp_1 D - - 0.047922 0 0.761524 4.06438e-06 2.5068e-08 4.08944e-06 3.24301e-12 4.08945e-06
OpenSTA targeted timing report:
Startpoint: _661_ (rising edge-triggered flip-flop clocked by core)
Endpoint: _663_ (rising edge-triggered flip-flop clocked by core)
Path Group: core
Path Type: min

Fanout         Cap        Slew       Delay        Time   Description
---------------------------------------------------------------------------------------------
                      0.000000    0.000000    0.000000   clock core (rise edge)
                                  0.000000    0.000000   clock network delay (ideal)
                      0.000000    0.000000    0.000000 ^ _661_/CLK (sky130_fd_sc_hd__dfrtp_1)
     1    0.004377    0.084869    0.479424    0.479424 ^ _661_/Q (sky130_fd_sc_hd__dfrtp_1)
                                                         u_gpio_core.gen_input_filter[3].u_filter.filter_q (net)
                      0.084869    0.000000    0.479424 ^ _300_/B (sky130_fd_sc_hd__xnor2_1)
     2    0.003558    0.048539    0.088577    0.568001 v _300_/Y (sky130_fd_sc_hd__xnor2_1)
                                                         _088_ (net)
                      0.048539    0.000000    0.568001 v _303_/A (sky130_fd_sc_hd__inv_1)
     3    0.007128    0.100245    0.106763    0.674765 ^ _303_/Y (sky130_fd_sc_hd__inv_1)
                                                         _090_ (net)
                      0.100245    0.000000    0.674765 ^ _308_/A (sky130_fd_sc_hd__nor2_1)
     3    0.006136    0.047922    0.086759    0.761524 v _308_/Y (sky130_fd_sc_hd__nor2_1)
                                                         u_gpio_core.gen_input_filter[3].u_filter.diff_ctr_d[1] (net)
                      0.047922    0.000000    0.761524 v _663_/D (sky130_fd_sc_hd__dfrtp_1)
                                              0.761524   data arrival time

                      0.000000    0.000000    0.000000   clock core (rise edge)
                                  0.000000    0.000000   clock network delay (ideal)
                                  0.000000    0.000000   clock reconvergence pessimism
                                              0.000000 ^ _663_/CLK (sky130_fd_sc_hd__dfrtp_1)
                                 -0.095126   -0.095126   library hold time
                                             -0.095126   data required time
---------------------------------------------------------------------------------------------
                                             -0.095126   data required time
                                             -0.761524   data arrival time
---------------------------------------------------------------------------------------------
                                              0.856650   slack (MET)

Hotspot 11: instance=_644_ selected_worst_paths=none internal=4.01826e-06 switching=5.89798e-08 dynamic=4.07724e-06 leakage=3.64639e-12 total=4.07724e-06
Worst path through hotspot: status=met slack=0.797473 type=min group=core
startpoint=_644_ (rising edge-triggered flip-flop clocked by core)
endpoint=_643_ (rising edge-triggered flip-flop clocked by core)
path_power_complete=true
path_average_power_sum internal=8.35306e-06 switching=1.80316e-07 dynamic=8.53338e-06 leakage=9.91998e-12 total=8.53339e-06
stage instance cell pins fanout capacitance slew delay arrival internal switching dynamic leakage total
1 _644_ sky130_fd_sc_hd__dfrtp_1 CLK,Q 4 0.009406 0.146441 0.530363 0.530363 4.01826e-06 5.89798e-08 4.07724e-06 3.64639e-12 4.07724e-06
2 _356_ sky130_fd_sc_hd__o31a_1 A2,X 1 0.001885 0.057592 0.198432 0.728795 1.96325e-07 4.60972e-08 2.42422e-07 2.6929e-12 2.42425e-07
3 _643_ sky130_fd_sc_hd__dfrtp_1 D - - 0.057592 0 0.728795 4.13848e-06 7.52391e-08 4.21372e-06 3.58069e-12 4.21372e-06
OpenSTA targeted timing report:
Startpoint: _644_ (rising edge-triggered flip-flop clocked by core)
Endpoint: _643_ (rising edge-triggered flip-flop clocked by core)
Path Group: core
Path Type: min

Fanout         Cap        Slew       Delay        Time   Description
---------------------------------------------------------------------------------------------
                      0.000000    0.000000    0.000000   clock core (rise edge)
                                  0.000000    0.000000   clock network delay (ideal)
                      0.000000    0.000000    0.000000 ^ _644_/CLK (sky130_fd_sc_hd__dfrtp_1)
     4    0.009406    0.146441    0.530363    0.530363 ^ _644_/Q (sky130_fd_sc_hd__dfrtp_1)
                                                         u_gpio_core.gen_input_filter[0].u_filter.diff_ctr_q[3] (net)
                      0.146441    0.000000    0.530363 ^ _356_/A2 (sky130_fd_sc_hd__o31a_1)
     1    0.001885    0.057592    0.198432    0.728795 ^ _356_/X (sky130_fd_sc_hd__o31a_1)
                                                         u_gpio_core.gen_input_filter[0].u_filter.diff_ctr_d[2] (net)
                      0.057592    0.000000    0.728795 ^ _643_/D (sky130_fd_sc_hd__dfrtp_1)
                                              0.728795   data arrival time

                      0.000000    0.000000    0.000000   clock core (rise edge)
                                  0.000000    0.000000   clock network delay (ideal)
                                  0.000000    0.000000   clock reconvergence pessimism
                                              0.000000 ^ _643_/CLK (sky130_fd_sc_hd__dfrtp_1)
                                 -0.068678   -0.068678   library hold time
                                             -0.068678   data required time
---------------------------------------------------------------------------------------------
                                             -0.068678   data required time
                                             -0.728795   data arrival time
---------------------------------------------------------------------------------------------
                                              0.797473   slack (MET)

Hotspot 12: instance=_618_ selected_worst_paths=none internal=3.96551e-06 switching=7.81297e-08 dynamic=4.04364e-06 leakage=4.49219e-12 total=4.04364e-06
Worst path through hotspot: status=met slack=1.03486 type=min group=core
startpoint=_618_ (rising edge-triggered flip-flop clocked by core)
endpoint=_618_ (rising edge-triggered flip-flop clocked by core)
path_power_complete=true
path_average_power_sum internal=4.01477e-06 switching=1.17575e-07 dynamic=4.13235e-06 leakage=4.74221e-12 total=4.13235e-06
stage instance cell pins fanout capacitance slew delay arrival internal switching dynamic leakage total
1 _618_ sky130_fd_sc_hd__dfrtp_1 CLK,Q 13 0.027741 0.18199 0.665684 0.665684 3.96551e-06 7.81297e-08 4.04364e-06 4.49219e-12 4.04364e-06
2 _407_ sky130_fd_sc_hd__nor2_1 A,Y 1 0.002374 0.115213 0.209438 0.875122 1.84665e-08 1.93518e-08 3.78184e-08 1.06367e-13 3.78185e-08
3 _416_ sky130_fd_sc_hd__nor2_1 A,Y 1 0.001762 0.032305 0.073038 0.94816 3.08001e-08 2.00936e-08 5.08938e-08 1.43656e-13 5.08939e-08
4 _618_ sky130_fd_sc_hd__dfrtp_1 D - - 0.032305 0 0.94816 3.96551e-06 7.81297e-08 4.04364e-06 4.49219e-12 4.04364e-06
OpenSTA targeted timing report:
Startpoint: _618_ (rising edge-triggered flip-flop clocked by core)
Endpoint: _618_ (rising edge-triggered flip-flop clocked by core)
Path Group: core
Path Type: min

Fanout         Cap        Slew       Delay        Time   Description
---------------------------------------------------------------------------------------------
                      0.000000    0.000000    0.000000   clock core (rise edge)
                                  0.000000    0.000000   clock network delay (ideal)
                      0.000000    0.000000    0.000000 ^ _618_/CLK (sky130_fd_sc_hd__dfrtp_1)
    13    0.027741    0.181990    0.665684    0.665684 v _618_/Q (sky130_fd_sc_hd__dfrtp_1)
                                                         u_gpio_reg.tl_o[36] (net)
                      0.181990    0.000000    0.665684 v _407_/A (sky130_fd_sc_hd__nor2_1)
     1    0.002374    0.115213    0.209438    0.875122 ^ _407_/Y (sky130_fd_sc_hd__nor2_1)
                                                         _167_ (net)
                      0.115213    0.000000    0.875122 ^ _416_/A (sky130_fd_sc_hd__nor2_1)
     1    0.001762    0.032305    0.073038    0.948160 v _416_/Y (sky130_fd_sc_hd__nor2_1)
                                                         _011_ (net)
                      0.032305    0.000000    0.948160 v _618_/D (sky130_fd_sc_hd__dfrtp_1)
                                              0.948160   data arrival time

                      0.000000    0.000000    0.000000   clock core (rise edge)
                                  0.000000    0.000000   clock network delay (ideal)
                                  0.000000    0.000000   clock reconvergence pessimism
                                              0.000000 ^ _618_/CLK (sky130_fd_sc_hd__dfrtp_1)
                                 -0.086701   -0.086701   library hold time
                                             -0.086701   data required time
---------------------------------------------------------------------------------------------
                                             -0.086701   data required time
                                             -0.948160   data arrival time
---------------------------------------------------------------------------------------------
                                              1.034861   slack (MET)

Hotspot 13: instance=_639_ selected_worst_paths=1,5 internal=3.96896e-06 switching=3.19642e-08 dynamic=4.00093e-06 leakage=3.98805e-12 total=4.00093e-06
Worst path through hotspot: status=met slack=0.519 type=min group=core
startpoint=_638_ (rising edge-triggered flip-flop clocked by core)
endpoint=_639_ (rising edge-triggered flip-flop clocked by core)
path_power_complete=true
path_average_power_sum internal=7.93648e-06 switching=3.90561e-08 dynamic=7.97554e-06 leakage=7.96005e-12 total=7.97555e-06
stage instance cell pins fanout capacitance slew delay arrival internal switching dynamic leakage total
1 _638_ sky130_fd_sc_hd__dfrtp_1 CLK,Q 1 0.001885 0.054557 0.451392 0.451392 3.96752e-06 7.09187e-09 3.97461e-06 3.972e-12 3.97462e-06
2 _639_ sky130_fd_sc_hd__dfrtp_1 D - - 0.054557 0 0.451392 3.96896e-06 3.19642e-08 4.00093e-06 3.98805e-12 4.00093e-06
OpenSTA targeted timing report:
Startpoint: _638_ (rising edge-triggered flip-flop clocked by core)
Endpoint: _639_ (rising edge-triggered flip-flop clocked by core)
Path Group: core
Path Type: min

Fanout         Cap        Slew       Delay        Time   Description
---------------------------------------------------------------------------------------------
                      0.000000    0.000000    0.000000   clock core (rise edge)
                                  0.000000    0.000000   clock network delay (ideal)
                      0.000000    0.000000    0.000000 ^ _638_/CLK (sky130_fd_sc_hd__dfrtp_1)
     1    0.001885    0.054557    0.451392    0.451392 ^ _638_/Q (sky130_fd_sc_hd__dfrtp_1)
                                                         u_gpio_core.gen_input_filter[0].u_filter.gen_async.prim_flop_2sync.intq (net)
                      0.054557    0.000000    0.451392 ^ _639_/D (sky130_fd_sc_hd__dfrtp_1)
                                              0.451392   data arrival time

                      0.000000    0.000000    0.000000   clock core (rise edge)
                                  0.000000    0.000000   clock network delay (ideal)
                                  0.000000    0.000000   clock reconvergence pessimism
                                              0.000000 ^ _639_/CLK (sky130_fd_sc_hd__dfrtp_1)
                                 -0.067608   -0.067608   library hold time
                                             -0.067608   data required time
---------------------------------------------------------------------------------------------
                                             -0.067608   data required time
                                             -0.451392   data arrival time
---------------------------------------------------------------------------------------------
                                              0.519000   slack (MET)

Hotspot 14: instance=_598_ selected_worst_paths=none internal=3.97661e-06 switching=1.79535e-08 dynamic=3.99456e-06 leakage=4.29699e-12 total=3.99456e-06
Worst path through hotspot: status=met slack=0.824368 type=min group=core
startpoint=_598_ (rising edge-triggered flip-flop clocked by core)
endpoint=_598_ (rising edge-triggered flip-flop clocked by core)
path_power_complete=true
path_average_power_sum internal=4.03045e-06 switching=5.18785e-08 dynamic=4.08233e-06 leakage=5.58979e-12 total=4.08234e-06
stage instance cell pins fanout capacitance slew delay arrival internal switching dynamic leakage total
1 _598_ sky130_fd_sc_hd__dfrtp_1 CLK,Q 2 0.004772 0.089626 0.483543 0.483543 3.97661e-06 1.79535e-08 3.99456e-06 4.29699e-12 3.99456e-06
2 _497_ sky130_fd_sc_hd__nor2_1 A,Y 1 0.002051 0.029557 0.064012 0.547555 1.72058e-08 1.61953e-08 3.34011e-08 1.16845e-13 3.34012e-08
3 _498_ sky130_fd_sc_hd__a31oi_1 B1,Y 1 0.001885 0.12077 0.185859 0.733414 3.66402e-08 1.77297e-08 5.43699e-08 1.17595e-12 5.4371e-08
4 _598_ sky130_fd_sc_hd__dfrtp_1 D - - 0.12077 0 0.733414 3.97661e-06 1.79535e-08 3.99456e-06 4.29699e-12 3.99456e-06
OpenSTA targeted timing report:
Startpoint: _598_ (rising edge-triggered flip-flop clocked by core)
Endpoint: _598_ (rising edge-triggered flip-flop clocked by core)
Path Group: core
Path Type: min

Fanout         Cap        Slew       Delay        Time   Description
---------------------------------------------------------------------------------------------
                      0.000000    0.000000    0.000000   clock core (rise edge)
                                  0.000000    0.000000   clock network delay (ideal)
                      0.000000    0.000000    0.000000 ^ _598_/CLK (sky130_fd_sc_hd__dfrtp_1)
     2    0.004772    0.089626    0.483543    0.483543 ^ _598_/Q (sky130_fd_sc_hd__dfrtp_1)
                                                         u_gpio_reg.tl_o[16] (net)
                      0.089626    0.000000    0.483543 ^ _497_/A (sky130_fd_sc_hd__nor2_1)
     1    0.002051    0.029557    0.064012    0.547555 v _497_/Y (sky130_fd_sc_hd__nor2_1)
                                                         _237_ (net)
                      0.029557    0.000000    0.547555 v _498_/B1 (sky130_fd_sc_hd__a31oi_1)
     1    0.001885    0.120770    0.185859    0.733414 ^ _498_/Y (sky130_fd_sc_hd__a31oi_1)
                                                         _031_ (net)
                      0.120770    0.000000    0.733414 ^ _598_/D (sky130_fd_sc_hd__dfrtp_1)
                                              0.733414   data arrival time

                      0.000000    0.000000    0.000000   clock core (rise edge)
                                  0.000000    0.000000   clock network delay (ideal)
                                  0.000000    0.000000   clock reconvergence pessimism
                                              0.000000 ^ _598_/CLK (sky130_fd_sc_hd__dfrtp_1)
                                 -0.090954   -0.090954   library hold time
                                             -0.090954   data required time
---------------------------------------------------------------------------------------------
                                             -0.090954   data required time
                                             -0.733414   data arrival time
---------------------------------------------------------------------------------------------
                                              0.824368   slack (MET)

Hotspot 15: instance=_650_ selected_worst_paths=none internal=3.97254e-06 switching=1.47631e-08 dynamic=3.9873e-06 leakage=3.2544e-12 total=3.98731e-06
Worst path through hotspot: status=met slack=0.806598 type=min group=core
startpoint=_651_ (rising edge-triggered flip-flop clocked by core)
endpoint=_650_ (rising edge-triggered flip-flop clocked by core)
path_power_complete=true
path_average_power_sum internal=7.9376e-06 switching=4.83533e-08 dynamic=7.98596e-06 leakage=8.40175e-12 total=7.98596e-06
stage instance cell pins fanout capacitance slew delay arrival internal switching dynamic leakage total
1 _651_ sky130_fd_sc_hd__dfrtp_1 CLK,Q 1 0.002221 0.058691 0.45549 0.45549 3.93705e-06 2.78533e-09 3.93984e-06 3.25459e-12 3.93984e-06
2 _335_ sky130_fd_sc_hd__inv_1 A,Y 4 0.008634 0.050918 0.071463 0.526953 3.61068e-09 1.7803e-08 2.14137e-08 1.58176e-12 2.14153e-08
3 _338_ sky130_fd_sc_hd__a21oi_1 A2,Y 1 0.001885 0.113669 0.191195 0.718148 2.44e-08 1.30018e-08 3.74018e-08 3.1101e-13 3.74021e-08
4 _650_ sky130_fd_sc_hd__dfrtp_1 D - - 0.113669 0 0.718148 3.97254e-06 1.47631e-08 3.9873e-06 3.2544e-12 3.98731e-06
OpenSTA targeted timing report:
Startpoint: _651_ (rising edge-triggered flip-flop clocked by core)
Endpoint: _650_ (rising edge-triggered flip-flop clocked by core)
Path Group: core
Path Type: min

Fanout         Cap        Slew       Delay        Time   Description
---------------------------------------------------------------------------------------------
                      0.000000    0.000000    0.000000   clock core (rise edge)
                                  0.000000    0.000000   clock network delay (ideal)
                      0.000000    0.000000    0.000000 ^ _651_/CLK (sky130_fd_sc_hd__dfrtp_1)
     1    0.002221    0.058691    0.455490    0.455490 ^ _651_/Q (sky130_fd_sc_hd__dfrtp_1)
                                                         u_gpio_core.gen_input_filter[1].u_filter.diff_ctr_q[3] (net)
                      0.058691    0.000000    0.455490 ^ _335_/A (sky130_fd_sc_hd__inv_1)
     4    0.008634    0.050918    0.071463    0.526953 v _335_/Y (sky130_fd_sc_hd__inv_1)
                                                         _115_ (net)
                      0.050918    0.000000    0.526953 v _338_/A2 (sky130_fd_sc_hd__a21oi_1)
     1    0.001885    0.113669    0.191195    0.718148 ^ _338_/Y (sky130_fd_sc_hd__a21oi_1)
                                                         u_gpio_core.gen_input_filter[1].u_filter.diff_ctr_d[2] (net)
                      0.113669    0.000000    0.718148 ^ _650_/D (sky130_fd_sc_hd__dfrtp_1)
                                              0.718148   data arrival time

                      0.000000    0.000000    0.000000   clock core (rise edge)
                                  0.000000    0.000000   clock network delay (ideal)
                                  0.000000    0.000000   clock reconvergence pessimism
                                              0.000000 ^ _650_/CLK (sky130_fd_sc_hd__dfrtp_1)
                                 -0.088451   -0.088451   library hold time
                                             -0.088451   data required time
---------------------------------------------------------------------------------------------
                                             -0.088451   data required time
                                             -0.718148   data arrival time
---------------------------------------------------------------------------------------------
                                              0.806598   slack (MET)

Hotspot 16: instance=_664_ selected_worst_paths=none internal=3.97254e-06 switching=1.47631e-08 dynamic=3.9873e-06 leakage=3.2544e-12 total=3.98731e-06
Worst path through hotspot: status=met slack=0.806598 type=min group=core
startpoint=_665_ (rising edge-triggered flip-flop clocked by core)
endpoint=_664_ (rising edge-triggered flip-flop clocked by core)
path_power_complete=true
path_average_power_sum internal=7.9376e-06 switching=4.83533e-08 dynamic=7.98596e-06 leakage=8.40175e-12 total=7.98596e-06
stage instance cell pins fanout capacitance slew delay arrival internal switching dynamic leakage total
1 _665_ sky130_fd_sc_hd__dfrtp_1 CLK,Q 1 0.002221 0.058691 0.45549 0.45549 3.93705e-06 2.78533e-09 3.93984e-06 3.25459e-12 3.93984e-06
2 _299_ sky130_fd_sc_hd__inv_1 A,Y 4 0.008634 0.050918 0.071463 0.526953 3.61068e-09 1.7803e-08 2.14137e-08 1.58176e-12 2.14153e-08
3 _302_ sky130_fd_sc_hd__a21oi_1 A2,Y 1 0.001885 0.113669 0.191195 0.718148 2.44e-08 1.30018e-08 3.74018e-08 3.1101e-13 3.74021e-08
4 _664_ sky130_fd_sc_hd__dfrtp_1 D - - 0.113669 0 0.718148 3.97254e-06 1.47631e-08 3.9873e-06 3.2544e-12 3.98731e-06
OpenSTA targeted timing report:
Startpoint: _665_ (rising edge-triggered flip-flop clocked by core)
Endpoint: _664_ (rising edge-triggered flip-flop clocked by core)
Path Group: core
Path Type: min

Fanout         Cap        Slew       Delay        Time   Description
---------------------------------------------------------------------------------------------
                      0.000000    0.000000    0.000000   clock core (rise edge)
                                  0.000000    0.000000   clock network delay (ideal)
                      0.000000    0.000000    0.000000 ^ _665_/CLK (sky130_fd_sc_hd__dfrtp_1)
     1    0.002221    0.058691    0.455490    0.455490 ^ _665_/Q (sky130_fd_sc_hd__dfrtp_1)
                                                         u_gpio_core.gen_input_filter[3].u_filter.diff_ctr_q[3] (net)
                      0.058691    0.000000    0.455490 ^ _299_/A (sky130_fd_sc_hd__inv_1)
     4    0.008634    0.050918    0.071463    0.526953 v _299_/Y (sky130_fd_sc_hd__inv_1)
                                                         _087_ (net)
                      0.050918    0.000000    0.526953 v _302_/A2 (sky130_fd_sc_hd__a21oi_1)
     1    0.001885    0.113669    0.191195    0.718148 ^ _302_/Y (sky130_fd_sc_hd__a21oi_1)
                                                         u_gpio_core.gen_input_filter[3].u_filter.diff_ctr_d[2] (net)
                      0.113669    0.000000    0.718148 ^ _664_/D (sky130_fd_sc_hd__dfrtp_1)
                                              0.718148   data arrival time

                      0.000000    0.000000    0.000000   clock core (rise edge)
                                  0.000000    0.000000   clock network delay (ideal)
                                  0.000000    0.000000   clock reconvergence pessimism
                                              0.000000 ^ _664_/CLK (sky130_fd_sc_hd__dfrtp_1)
                                 -0.088451   -0.088451   library hold time
                                             -0.088451   data required time
---------------------------------------------------------------------------------------------
                                             -0.088451   data required time
                                             -0.718148   data arrival time
---------------------------------------------------------------------------------------------
                                              0.806598   slack (MET)

Hotspot 17: instance=_640_ selected_worst_paths=5 internal=3.96787e-06 switching=1.64674e-08 dynamic=3.98433e-06 leakage=4.00424e-12 total=3.98434e-06
Worst path through hotspot: status=met slack=0.617565 type=min group=core
startpoint=_639_ (rising edge-triggered flip-flop clocked by core)
endpoint=_640_ (rising edge-triggered flip-flop clocked by core)
path_power_complete=true
path_average_power_sum internal=7.93683e-06 switching=4.84317e-08 dynamic=7.98526e-06 leakage=7.99229e-12 total=7.98527e-06
stage instance cell pins fanout capacitance slew delay arrival internal switching dynamic leakage total
1 _639_ sky130_fd_sc_hd__dfrtp_1 CLK,Q 3 0.008496 0.135 0.521593 0.521593 3.96896e-06 3.19642e-08 4.00093e-06 3.98805e-12 4.00093e-06
2 _640_ sky130_fd_sc_hd__dfrtp_1 D - - 0.135 0 0.521593 3.96787e-06 1.64674e-08 3.98433e-06 4.00424e-12 3.98434e-06
OpenSTA targeted timing report:
Startpoint: _639_ (rising edge-triggered flip-flop clocked by core)
Endpoint: _640_ (rising edge-triggered flip-flop clocked by core)
Path Group: core
Path Type: min

Fanout         Cap        Slew       Delay        Time   Description
---------------------------------------------------------------------------------------------
                      0.000000    0.000000    0.000000   clock core (rise edge)
                                  0.000000    0.000000   clock network delay (ideal)
                      0.000000    0.000000    0.000000 ^ _639_/CLK (sky130_fd_sc_hd__dfrtp_1)
     3    0.008496    0.135000    0.521593    0.521593 ^ _639_/Q (sky130_fd_sc_hd__dfrtp_1)
                                                         u_gpio_core.gen_input_filter[0].u_filter.filter_synced (net)
                      0.135000    0.000000    0.521593 ^ _640_/D (sky130_fd_sc_hd__dfrtp_1)
                                              0.521593   data arrival time

                      0.000000    0.000000    0.000000   clock core (rise edge)
                                  0.000000    0.000000   clock network delay (ideal)
                                  0.000000    0.000000   clock reconvergence pessimism
                                              0.000000 ^ _640_/CLK (sky130_fd_sc_hd__dfrtp_1)
                                 -0.095972   -0.095972   library hold time
                                             -0.095972   data required time
---------------------------------------------------------------------------------------------
                                             -0.095972   data required time
                                             -0.521593   data arrival time
---------------------------------------------------------------------------------------------
                                              0.617565   slack (MET)

Hotspot 18: instance=_657_ selected_worst_paths=none internal=3.97202e-06 switching=8.356e-09 dynamic=3.98037e-06 leakage=3.25441e-12 total=3.98038e-06
Worst path through hotspot: status=met slack=0.750381 type=min group=core
startpoint=_658_ (rising edge-triggered flip-flop clocked by core)
endpoint=_657_ (rising edge-triggered flip-flop clocked by core)
path_power_complete=true
path_average_power_sum internal=7.95934e-06 switching=3.00637e-08 dynamic=7.9894e-06 leakage=8.62568e-12 total=7.98941e-06
stage instance cell pins fanout capacitance slew delay arrival internal switching dynamic leakage total
1 _658_ sky130_fd_sc_hd__dfrtp_1 CLK,Q 3 0.006942 0.115761 0.506172 0.506172 3.93761e-06 8.70589e-09 3.94632e-06 3.25462e-12 3.94632e-06
2 _319_ sky130_fd_sc_hd__o21a_1 A1,X 1 0.001885 0.050999 0.177855 0.684027 4.97094e-08 1.30018e-08 6.27112e-08 2.11665e-12 6.27133e-08
3 _657_ sky130_fd_sc_hd__dfrtp_1 D - - 0.050999 0 0.684027 3.97202e-06 8.356e-09 3.98037e-06 3.25441e-12 3.98038e-06
OpenSTA targeted timing report:
Startpoint: _658_ (rising edge-triggered flip-flop clocked by core)
Endpoint: _657_ (rising edge-triggered flip-flop clocked by core)
Path Group: core
Path Type: min

Fanout         Cap        Slew       Delay        Time   Description
---------------------------------------------------------------------------------------------
                      0.000000    0.000000    0.000000   clock core (rise edge)
                                  0.000000    0.000000   clock network delay (ideal)
                      0.000000    0.000000    0.000000 ^ _658_/CLK (sky130_fd_sc_hd__dfrtp_1)
     3    0.006942    0.115761    0.506172    0.506172 ^ _658_/Q (sky130_fd_sc_hd__dfrtp_1)
                                                         u_gpio_core.gen_input_filter[2].u_filter.diff_ctr_q[3] (net)
                      0.115761    0.000000    0.506172 ^ _319_/A1 (sky130_fd_sc_hd__o21a_1)
     1    0.001885    0.050999    0.177855    0.684027 ^ _319_/X (sky130_fd_sc_hd__o21a_1)
                                                         u_gpio_core.gen_input_filter[2].u_filter.diff_ctr_d[2] (net)
                      0.050999    0.000000    0.684027 ^ _657_/D (sky130_fd_sc_hd__dfrtp_1)
                                              0.684027   data arrival time

                      0.000000    0.000000    0.000000   clock core (rise edge)
                                  0.000000    0.000000   clock network delay (ideal)
                                  0.000000    0.000000   clock reconvergence pessimism
                                              0.000000 ^ _657_/CLK (sky130_fd_sc_hd__dfrtp_1)
                                 -0.066354   -0.066354   library hold time
                                             -0.066354   data required time
---------------------------------------------------------------------------------------------
                                             -0.066354   data required time
                                             -0.684027   data arrival time
---------------------------------------------------------------------------------------------
                                              0.750381   slack (MET)

Hotspot 19: instance=_599_ selected_worst_paths=none internal=3.96469e-06 switching=1.1969e-08 dynamic=3.97665e-06 leakage=4.49209e-12 total=3.97666e-06
Worst path through hotspot: status=met slack=0.785684 type=min group=core
startpoint=_599_ (rising edge-triggered flip-flop clocked by core)
endpoint=_599_ (rising edge-triggered flip-flop clocked by core)
path_power_complete=true
path_average_power_sum internal=4.01652e-06 switching=5.14634e-08 dynamic=4.06799e-06 leakage=5.97961e-12 total=4.06799e-06
stage instance cell pins fanout capacitance slew delay arrival internal switching dynamic leakage total
1 _599_ sky130_fd_sc_hd__dfrtp_1 CLK,Q 2 0.004772 0.089626 0.483543 0.483543 3.96469e-06 1.1969e-08 3.97665e-06 4.49209e-12 3.97666e-06
2 _492_ sky130_fd_sc_hd__nor2_1 A,Y 1 0.002091 0.029753 0.064212 0.547755 1.86654e-08 1.94008e-08 3.80661e-08 1.06378e-13 3.80663e-08
3 _493_ sky130_fd_sc_hd__a21oi_1 B1,Y 1 0.001885 0.114086 0.149331 0.697086 3.31724e-08 2.00936e-08 5.32661e-08 1.38114e-12 5.32675e-08
4 _599_ sky130_fd_sc_hd__dfrtp_1 D - - 0.114086 0 0.697086 3.96469e-06 1.1969e-08 3.97665e-06 4.49209e-12 3.97666e-06
OpenSTA targeted timing report:
Startpoint: _599_ (rising edge-triggered flip-flop clocked by core)
Endpoint: _599_ (rising edge-triggered flip-flop clocked by core)
Path Group: core
Path Type: min

Fanout         Cap        Slew       Delay        Time   Description
---------------------------------------------------------------------------------------------
                      0.000000    0.000000    0.000000   clock core (rise edge)
                                  0.000000    0.000000   clock network delay (ideal)
                      0.000000    0.000000    0.000000 ^ _599_/CLK (sky130_fd_sc_hd__dfrtp_1)
     2    0.004772    0.089626    0.483543    0.483543 ^ _599_/Q (sky130_fd_sc_hd__dfrtp_1)
                                                         u_gpio_reg.tl_o[17] (net)
                      0.089626    0.000000    0.483543 ^ _492_/A (sky130_fd_sc_hd__nor2_1)
     1    0.002091    0.029753    0.064212    0.547755 v _492_/Y (sky130_fd_sc_hd__nor2_1)
                                                         _233_ (net)
                      0.029753    0.000000    0.547755 v _493_/B1 (sky130_fd_sc_hd__a21oi_1)
     1    0.001885    0.114086    0.149331    0.697086 ^ _493_/Y (sky130_fd_sc_hd__a21oi_1)
                                                         _030_ (net)
                      0.114086    0.000000    0.697086 ^ _599_/D (sky130_fd_sc_hd__dfrtp_1)
                                              0.697086   data arrival time

                      0.000000    0.000000    0.000000   clock core (rise edge)
                                  0.000000    0.000000   clock network delay (ideal)
                                  0.000000    0.000000   clock reconvergence pessimism
                                              0.000000 ^ _599_/CLK (sky130_fd_sc_hd__dfrtp_1)
                                 -0.088598   -0.088598   library hold time
                                             -0.088598   data required time
---------------------------------------------------------------------------------------------
                                             -0.088598   data required time
                                             -0.697086   data arrival time
---------------------------------------------------------------------------------------------
                                              0.785684   slack (MET)

Hotspot 20: instance=_601_ selected_worst_paths=none internal=3.96469e-06 switching=1.1969e-08 dynamic=3.97665e-06 leakage=4.49209e-12 total=3.97666e-06
Worst path through hotspot: status=met slack=0.785684 type=min group=core
startpoint=_601_ (rising edge-triggered flip-flop clocked by core)
endpoint=_601_ (rising edge-triggered flip-flop clocked by core)
path_power_complete=true
path_average_power_sum internal=4.0165e-06 switching=5.14634e-08 dynamic=4.06796e-06 leakage=5.97964e-12 total=4.06797e-06
stage instance cell pins fanout capacitance slew delay arrival internal switching dynamic leakage total
1 _601_ sky130_fd_sc_hd__dfrtp_1 CLK,Q 2 0.004772 0.089626 0.483543 0.483543 3.96469e-06 1.1969e-08 3.97665e-06 4.49209e-12 3.97666e-06
2 _480_ sky130_fd_sc_hd__nor2_1 A,Y 1 0.002091 0.029753 0.064212 0.547755 1.86654e-08 1.94008e-08 3.80661e-08 1.06378e-13 3.80663e-08
3 _481_ sky130_fd_sc_hd__a21oi_1 B1,Y 1 0.001885 0.114086 0.149331 0.697086 3.31478e-08 2.00936e-08 5.32415e-08 1.38117e-12 5.32429e-08
4 _601_ sky130_fd_sc_hd__dfrtp_1 D - - 0.114086 0 0.697086 3.96469e-06 1.1969e-08 3.97665e-06 4.49209e-12 3.97666e-06
OpenSTA targeted timing report:
Startpoint: _601_ (rising edge-triggered flip-flop clocked by core)
Endpoint: _601_ (rising edge-triggered flip-flop clocked by core)
Path Group: core
Path Type: min

Fanout         Cap        Slew       Delay        Time   Description
---------------------------------------------------------------------------------------------
                      0.000000    0.000000    0.000000   clock core (rise edge)
                                  0.000000    0.000000   clock network delay (ideal)
                      0.000000    0.000000    0.000000 ^ _601_/CLK (sky130_fd_sc_hd__dfrtp_1)
     2    0.004772    0.089626    0.483543    0.483543 ^ _601_/Q (sky130_fd_sc_hd__dfrtp_1)
                                                         u_gpio_reg.tl_o[19] (net)
                      0.089626    0.000000    0.483543 ^ _480_/A (sky130_fd_sc_hd__nor2_1)
     1    0.002091    0.029753    0.064212    0.547755 v _480_/Y (sky130_fd_sc_hd__nor2_1)
                                                         _223_ (net)
                      0.029753    0.000000    0.547755 v _481_/B1 (sky130_fd_sc_hd__a21oi_1)
     1    0.001885    0.114086    0.149331    0.697086 ^ _481_/Y (sky130_fd_sc_hd__a21oi_1)
                                                         _028_ (net)
                      0.114086    0.000000    0.697086 ^ _601_/D (sky130_fd_sc_hd__dfrtp_1)
                                              0.697086   data arrival time

                      0.000000    0.000000    0.000000   clock core (rise edge)
                                  0.000000    0.000000   clock network delay (ideal)
                                  0.000000    0.000000   clock reconvergence pessimism
                                              0.000000 ^ _601_/CLK (sky130_fd_sc_hd__dfrtp_1)
                                 -0.088598   -0.088598   library hold time
                                             -0.088598   data required time
---------------------------------------------------------------------------------------------
                                             -0.088598   data required time
                                             -0.697086   data arrival time
---------------------------------------------------------------------------------------------
                                              0.785684   slack (MET)
