analysis=fusion_analysis corner=ss mode=setup stage=post_syn
workload=reconfig_sv_ss
methodology=staged_public_opensta
path_power_semantics=average_instance_power_in_same_analysis_context
activity_file=/tmp/flexsoc-ip-v1-release-20260914/uart-reg_iface/runs/uart/release/signoff/ihp-sg13g2/power/activity/captures/uart_ihp-sg13g2_reconfig_sv_ss.vcd
activity_scope=uart_tb/u_uart
liberty=/home/eneadim/github/flexsoc/.flexsoc/pdks/ihp-sg13g2/ihp-sg13g2/libs.ref/sg13g2_stdcell/lib/sg13g2_stdcell_slow_1p35V_125C.lib
netlist=/tmp/flexsoc-ip-v1-release-20260914/uart-reg_iface/runs/uart/release/syn/ihp-sg13g2/uart_synth.v
sdc=/tmp/flexsoc-ip-v1-release-20260914/uart-reg_iface/runs/uart/release/constraints/uart.sdc
spef=

=== Units ===
 time 1ns
 capacitance 1pF
 resistance 1kohm
 voltage 1v
 current 1uA
 power 1pW
 distance 1um

=== Constraint validation ===

=== Timing summary ===
wns max 0.00
tns max 0.00

=== Activity annotation ===
annotated_percent=100.00%
Unannotated pins: none

=== Power summary ===
Group                  Internal  Switching    Leakage      Total
                          Power      Power      Power      Power (Watts)
----------------------------------------------------------------
Sequential             2.26e-03   2.49e-06   1.16e-06   2.26e-03  98.9%
Combinational          1.24e-05   1.10e-05   1.43e-06   2.49e-05   1.1%
Clock                  0.00e+00   0.00e+00   0.00e+00   0.00e+00   0.0%
Macro                  0.00e+00   0.00e+00   0.00e+00   0.00e+00   0.0%
Pad                    0.00e+00   0.00e+00   0.00e+00   0.00e+00   0.0%
----------------------------------------------------------------
Total                  2.27e-03   1.35e-05   2.59e-06   2.29e-03 100.0%
                          99.3%       0.6%       0.1%

=== Worst timing paths (violated or met) ===
Startpoint: reg_req_i[36] (input port clocked by core)
Endpoint: reg_rsp_o[1] (output port clocked by core)
Path Group: core
Path Type: max

Fanout         Cap        Slew       Delay        Time   Description
---------------------------------------------------------------------------------------------
                      0.000000    0.050000    0.050000   clock core (rise edge)
                                  0.050000    0.100000   clock network delay (ideal)
                                  2.000000    2.100000 v input external delay
     1    0.003358    0.000336    0.000336    2.100336 v reg_req_i[36] (in)
                                                         reg_req_i[36] (net)
                      0.000336    0.000000    2.100336 v _1359_/A (sg13g2_nor2_1)
     2    0.006278    0.072159    0.069034    2.169370 ^ _1359_/Y (sg13g2_nor2_1)
                                                         _1088_ (net)
                      0.072159    0.000000    2.169370 ^ _1361_/A (sg13g2_nand2_1)
     2    0.009306    0.076186    0.084231    2.253600 v _1361_/Y (sg13g2_nand2_1)
                                                         _1090_ (net)
                      0.076186    0.000000    2.253600 v _1365_/A (sg13g2_inv_2)
     4    0.012608    0.044630    0.049856    2.303456 ^ _1365_/Y (sg13g2_inv_2)
                                                         _1094_ (net)
                      0.044630    0.000000    2.303456 ^ _1508_/A (sg13g2_nand3_1)
     1    0.002389    0.051470    0.059797    2.363253 v _1508_/Y (sg13g2_nand3_1)
                                                         _1212_ (net)
                      0.051470    0.000000    2.363253 v gain289/A (sg13g2_buf_1)
     4    0.016250    0.066422    0.107718    2.470971 v gain289/X (sg13g2_buf_1)
                                                         net288 (net)
                      0.066422    0.000000    2.470971 v _1509_/A (sg13g2_inv_2)
     5    0.018099    0.054171    0.057605    2.528576 ^ _1509_/Y (sg13g2_inv_2)
                                                         _1213_ (net)
                      0.054171    0.000000    2.528576 ^ _1643_/A2 (sg13g2_o21ai_1)
     1    0.003444    0.049485    0.061417    2.589993 v _1643_/Y (sg13g2_o21ai_1)
                                                         _1339_ (net)
                      0.049485    0.000000    2.589993 v _1644_/B1 (sg13g2_o21ai_1)
     1    0.004142    0.084684    0.046414    2.636406 ^ _1644_/Y (sg13g2_o21ai_1)
                                                         _1340_ (net)
                      0.084684    0.000000    2.636406 ^ _1645_/A2 (sg13g2_o21ai_1)
     2    0.009991    0.090607    0.102441    2.738847 v _1645_/Y (sg13g2_o21ai_1)
                                                         _1341_ (net)
                      0.090607    0.000000    2.738847 v _2555_/A1 (sg13g2_a21oi_1)
     1    0.002476    0.053467    0.075781    2.814628 ^ _2555_/Y (sg13g2_a21oi_1)
                                                         u_uart_reg_reg_rsp_o_1_ (net)
                      0.053467    0.000000    2.814628 ^ _3022_/A (sg13g2_buf_1)
     1    0.010000    0.055296    0.091470    2.906098 ^ _3022_/X (sg13g2_buf_1)
                                                         reg_rsp_o[1] (net)
                      0.055296    0.000000    2.906098 ^ reg_rsp_o[1] (out)
                                              2.906098   data arrival time

                      0.000000   10.050000   10.050000   clock core (rise edge)
                                  0.050000   10.100000   clock network delay (ideal)
                                 -0.025000   10.075001   clock uncertainty
                                  0.000000   10.075001   clock reconvergence pessimism
                                 -2.000000    8.075001   output external delay
                                              8.075001   data required time
---------------------------------------------------------------------------------------------
                                              8.075001   data required time
                                             -2.906098   data arrival time
---------------------------------------------------------------------------------------------
                                              5.168902   slack (MET)


Startpoint: reg_req_i[36] (input port clocked by core)
Endpoint: reg_rsp_o[19] (output port clocked by core)
Path Group: core
Path Type: max

Fanout         Cap        Slew       Delay        Time   Description
---------------------------------------------------------------------------------------------
                      0.000000    0.050000    0.050000   clock core (rise edge)
                                  0.050000    0.100000   clock network delay (ideal)
                                  2.000000    2.100000 v input external delay
     1    0.003358    0.000336    0.000336    2.100336 v reg_req_i[36] (in)
                                                         reg_req_i[36] (net)
                      0.000336    0.000000    2.100336 v _1359_/A (sg13g2_nor2_1)
     2    0.006278    0.072159    0.069034    2.169370 ^ _1359_/Y (sg13g2_nor2_1)
                                                         _1088_ (net)
                      0.072159    0.000000    2.169370 ^ _1361_/A (sg13g2_nand2_1)
     2    0.009306    0.076186    0.084231    2.253600 v _1361_/Y (sg13g2_nand2_1)
                                                         _1090_ (net)
                      0.076186    0.000000    2.253600 v _1365_/A (sg13g2_inv_2)
     4    0.012608    0.044630    0.049856    2.303456 ^ _1365_/Y (sg13g2_inv_2)
                                                         _1094_ (net)
                      0.044630    0.000000    2.303456 ^ _1508_/A (sg13g2_nand3_1)
     1    0.002389    0.051470    0.059797    2.363253 v _1508_/Y (sg13g2_nand3_1)
                                                         _1212_ (net)
                      0.051470    0.000000    2.363253 v gain289/A (sg13g2_buf_1)
     4    0.016250    0.066422    0.107718    2.470971 v gain289/X (sg13g2_buf_1)
                                                         net288 (net)
                      0.066422    0.000000    2.470971 v _1509_/A (sg13g2_inv_2)
     5    0.018099    0.054171    0.057605    2.528576 ^ _1509_/Y (sg13g2_inv_2)
                                                         _1213_ (net)
                      0.054171    0.000000    2.528576 ^ _1514_/B (sg13g2_nand2_1)
     3    0.010033    0.078481    0.085847    2.614422 v _1514_/Y (sg13g2_nand2_1)
                                                         _1217_ (net)
                      0.078481    0.000000    2.614422 v _1525_/C (sg13g2_nor3_1)
     1    0.003632    0.099101    0.097300    2.711722 ^ _1525_/Y (sg13g2_nor3_1)
                                                         _1226_ (net)
                      0.099101    0.000000    2.711722 ^ _1526_/B (sg13g2_nor2_1)
     1    0.003444    0.035856    0.048471    2.760194 v _1526_/Y (sg13g2_nor2_1)
                                                         _1227_ (net)
                      0.035856    0.000000    2.760194 v _1527_/B1 (sg13g2_o21ai_1)
     1    0.002476    0.068184    0.036044    2.796238 ^ _1527_/Y (sg13g2_o21ai_1)
                                                         u_uart_reg_reg_rsp_o_19_ (net)
                      0.068184    0.000000    2.796238 ^ _3040_/A (sg13g2_buf_1)
     1    0.010000    0.055712    0.096788    2.893027 ^ _3040_/X (sg13g2_buf_1)
                                                         reg_rsp_o[19] (net)
                      0.055712    0.000000    2.893027 ^ reg_rsp_o[19] (out)
                                              2.893027   data arrival time

                      0.000000   10.050000   10.050000   clock core (rise edge)
                                  0.050000   10.100000   clock network delay (ideal)
                                 -0.025000   10.075001   clock uncertainty
                                  0.000000   10.075001   clock reconvergence pessimism
                                 -2.000000    8.075001   output external delay
                                              8.075001   data required time
---------------------------------------------------------------------------------------------
                                              8.075001   data required time
                                             -2.893027   data arrival time
---------------------------------------------------------------------------------------------
                                              5.181974   slack (MET)


Startpoint: reg_req_i[36] (input port clocked by core)
Endpoint: reg_rsp_o[32] (output port clocked by core)
Path Group: core
Path Type: max

Fanout         Cap        Slew       Delay        Time   Description
---------------------------------------------------------------------------------------------
                      0.000000    0.050000    0.050000   clock core (rise edge)
                                  0.050000    0.100000   clock network delay (ideal)
                                  2.000000    2.100000 v input external delay
     1    0.003358    0.000336    0.000336    2.100336 v reg_req_i[36] (in)
                                                         reg_req_i[36] (net)
                      0.000336    0.000000    2.100336 v _1359_/A (sg13g2_nor2_1)
     2    0.006278    0.072159    0.069034    2.169370 ^ _1359_/Y (sg13g2_nor2_1)
                                                         _1088_ (net)
                      0.072159    0.000000    2.169370 ^ _1367_/A (sg13g2_nand3_1)
     2    0.006465    0.088058    0.094505    2.263874 v _1367_/Y (sg13g2_nand3_1)
                                                         _1096_ (net)
                      0.088058    0.000000    2.263874 v _1368_/A (sg13g2_inv_1)
     3    0.010177    0.063867    0.070991    2.334865 ^ _1368_/Y (sg13g2_inv_1)
                                                         _1097_ (net)
                      0.063867    0.000000    2.334865 ^ _1369_/B (sg13g2_nor2_1)
     1    0.002389    0.026293    0.036522    2.371387 v _1369_/Y (sg13g2_nor2_1)
                                                         _1098_ (net)
                      0.026293    0.000000    2.371387 v _1370_/A (sg13g2_buf_1)
     5    0.016206    0.065821    0.098110    2.469497 v _1370_/X (sg13g2_buf_1)
                                                         u_uart_reg_reg_rsp_o_10_ (net)
                      0.065821    0.000000    2.469497 v _1371_/A (sg13g2_inv_1)
     2    0.007694    0.050192    0.054699    2.524196 ^ _1371_/Y (sg13g2_inv_1)
                                                         _1099_ (net)
                      0.050192    0.000000    2.524196 ^ gain265/A (sg13g2_buf_4)
     8    0.028950    0.049926    0.112493    2.636688 ^ gain265/X (sg13g2_buf_4)
                                                         net264 (net)
                      0.049926    0.000000    2.636688 ^ gain264/A (sg13g2_buf_4)
     8    0.032459    0.053412    0.115408    2.752097 ^ gain264/X (sg13g2_buf_4)
                                                         net263 (net)
                      0.053412    0.000000    2.752097 ^ _1372_/B1 (sg13g2_o21ai_1)
     1    0.002389    0.046635    0.046229    2.798326 v _1372_/Y (sg13g2_o21ai_1)
                                                         u_uart_reg_reg_rsp_o_32_ (net)
                      0.046635    0.000000    2.798326 v _3053_/A (sg13g2_buf_1)
     1    0.010000    0.045942    0.088243    2.886569 v _3053_/X (sg13g2_buf_1)
                                                         reg_rsp_o[32] (net)
                      0.045942    0.000000    2.886569 v reg_rsp_o[32] (out)
                                              2.886569   data arrival time

                      0.000000   10.050000   10.050000   clock core (rise edge)
                                  0.050000   10.100000   clock network delay (ideal)
                                 -0.025000   10.075001   clock uncertainty
                                  0.000000   10.075001   clock reconvergence pessimism
                                 -2.000000    8.075001   output external delay
                                              8.075001   data required time
---------------------------------------------------------------------------------------------
                                              8.075001   data required time
                                             -2.886569   data arrival time
---------------------------------------------------------------------------------------------
                                              5.188432   slack (MET)


Startpoint: reg_req_i[36] (input port clocked by core)
Endpoint: reg_rsp_o[26] (output port clocked by core)
Path Group: core
Path Type: max

Fanout         Cap        Slew       Delay        Time   Description
---------------------------------------------------------------------------------------------
                      0.000000    0.050000    0.050000   clock core (rise edge)
                                  0.050000    0.100000   clock network delay (ideal)
                                  2.000000    2.100000 v input external delay
     1    0.003358    0.000336    0.000336    2.100336 v reg_req_i[36] (in)
                                                         reg_req_i[36] (net)
                      0.000336    0.000000    2.100336 v _1359_/A (sg13g2_nor2_1)
     2    0.006278    0.072159    0.069034    2.169370 ^ _1359_/Y (sg13g2_nor2_1)
                                                         _1088_ (net)
                      0.072159    0.000000    2.169370 ^ _1367_/A (sg13g2_nand3_1)
     2    0.006465    0.088058    0.094505    2.263874 v _1367_/Y (sg13g2_nand3_1)
                                                         _1096_ (net)
                      0.088058    0.000000    2.263874 v _1368_/A (sg13g2_inv_1)
     3    0.010177    0.063867    0.070991    2.334865 ^ _1368_/Y (sg13g2_inv_1)
                                                         _1097_ (net)
                      0.063867    0.000000    2.334865 ^ _1369_/B (sg13g2_nor2_1)
     1    0.002389    0.026293    0.036522    2.371387 v _1369_/Y (sg13g2_nor2_1)
                                                         _1098_ (net)
                      0.026293    0.000000    2.371387 v _1370_/A (sg13g2_buf_1)
     5    0.016206    0.065821    0.098110    2.469497 v _1370_/X (sg13g2_buf_1)
                                                         u_uart_reg_reg_rsp_o_10_ (net)
                      0.065821    0.000000    2.469497 v _1371_/A (sg13g2_inv_1)
     2    0.007694    0.050192    0.054699    2.524196 ^ _1371_/Y (sg13g2_inv_1)
                                                         _1099_ (net)
                      0.050192    0.000000    2.524196 ^ gain265/A (sg13g2_buf_4)
     8    0.028950    0.049926    0.112493    2.636688 ^ gain265/X (sg13g2_buf_4)
                                                         net264 (net)
                      0.049926    0.000000    2.636688 ^ gain264/A (sg13g2_buf_4)
     8    0.032459    0.053412    0.115408    2.752097 ^ gain264/X (sg13g2_buf_4)
                                                         net263 (net)
                      0.053412    0.000000    2.752097 ^ _1468_/B1 (sg13g2_o21ai_1)
     1    0.002389    0.045012    0.046229    2.798326 v _1468_/Y (sg13g2_o21ai_1)
                                                         u_uart_reg_reg_rsp_o_26_ (net)
                      0.045012    0.000000    2.798326 v _3047_/A (sg13g2_buf_1)
     1    0.010000    0.045899    0.087639    2.885965 v _3047_/X (sg13g2_buf_1)
                                                         reg_rsp_o[26] (net)
                      0.045899    0.000000    2.885965 v reg_rsp_o[26] (out)
                                              2.885965   data arrival time

                      0.000000   10.050000   10.050000   clock core (rise edge)
                                  0.050000   10.100000   clock network delay (ideal)
                                 -0.025000   10.075001   clock uncertainty
                                  0.000000   10.075001   clock reconvergence pessimism
                                 -2.000000    8.075001   output external delay
                                              8.075001   data required time
---------------------------------------------------------------------------------------------
                                              8.075001   data required time
                                             -2.885965   data arrival time
---------------------------------------------------------------------------------------------
                                              5.189035   slack (MET)


Startpoint: reg_req_i[36] (input port clocked by core)
Endpoint: reg_rsp_o[28] (output port clocked by core)
Path Group: core
Path Type: max

Fanout         Cap        Slew       Delay        Time   Description
---------------------------------------------------------------------------------------------
                      0.000000    0.050000    0.050000   clock core (rise edge)
                                  0.050000    0.100000   clock network delay (ideal)
                                  2.000000    2.100000 v input external delay
     1    0.003358    0.000336    0.000336    2.100336 v reg_req_i[36] (in)
                                                         reg_req_i[36] (net)
                      0.000336    0.000000    2.100336 v _1359_/A (sg13g2_nor2_1)
     2    0.006278    0.072159    0.069034    2.169370 ^ _1359_/Y (sg13g2_nor2_1)
                                                         _1088_ (net)
                      0.072159    0.000000    2.169370 ^ _1367_/A (sg13g2_nand3_1)
     2    0.006465    0.088058    0.094505    2.263874 v _1367_/Y (sg13g2_nand3_1)
                                                         _1096_ (net)
                      0.088058    0.000000    2.263874 v _1368_/A (sg13g2_inv_1)
     3    0.010177    0.063867    0.070991    2.334865 ^ _1368_/Y (sg13g2_inv_1)
                                                         _1097_ (net)
                      0.063867    0.000000    2.334865 ^ _1369_/B (sg13g2_nor2_1)
     1    0.002389    0.026293    0.036522    2.371387 v _1369_/Y (sg13g2_nor2_1)
                                                         _1098_ (net)
                      0.026293    0.000000    2.371387 v _1370_/A (sg13g2_buf_1)
     5    0.016206    0.065821    0.098110    2.469497 v _1370_/X (sg13g2_buf_1)
                                                         u_uart_reg_reg_rsp_o_10_ (net)
                      0.065821    0.000000    2.469497 v _1371_/A (sg13g2_inv_1)
     2    0.007694    0.050192    0.054699    2.524196 ^ _1371_/Y (sg13g2_inv_1)
                                                         _1099_ (net)
                      0.050192    0.000000    2.524196 ^ gain265/A (sg13g2_buf_4)
     8    0.028950    0.049926    0.112493    2.636688 ^ gain265/X (sg13g2_buf_4)
                                                         net264 (net)
                      0.049926    0.000000    2.636688 ^ gain264/A (sg13g2_buf_4)
     8    0.032459    0.053412    0.115408    2.752097 ^ gain264/X (sg13g2_buf_4)
                                                         net263 (net)
                      0.053412    0.000000    2.752097 ^ _1457_/B1 (sg13g2_o21ai_1)
     1    0.002389    0.043936    0.046229    2.798326 v _1457_/Y (sg13g2_o21ai_1)
                                                         u_uart_reg_reg_rsp_o_28_ (net)
                      0.043936    0.000000    2.798326 v _3049_/A (sg13g2_buf_1)
     1    0.010000    0.045870    0.087238    2.885564 v _3049_/X (sg13g2_buf_1)
                                                         reg_rsp_o[28] (net)
                      0.045870    0.000000    2.885564 v reg_rsp_o[28] (out)
                                              2.885564   data arrival time

                      0.000000   10.050000   10.050000   clock core (rise edge)
                                  0.050000   10.100000   clock network delay (ideal)
                                 -0.025000   10.075001   clock uncertainty
                                  0.000000   10.075001   clock reconvergence pessimism
                                 -2.000000    8.075001   output external delay
                                              8.075001   data required time
---------------------------------------------------------------------------------------------
                                              8.075001   data required time
                                             -2.885564   data arrival time
---------------------------------------------------------------------------------------------
                                              5.189436   slack (MET)


Startpoint: reg_req_i[36] (input port clocked by core)
Endpoint: reg_rsp_o[30] (output port clocked by core)
Path Group: core
Path Type: max

Fanout         Cap        Slew       Delay        Time   Description
---------------------------------------------------------------------------------------------
                      0.000000    0.050000    0.050000   clock core (rise edge)
                                  0.050000    0.100000   clock network delay (ideal)
                                  2.000000    2.100000 v input external delay
     1    0.003358    0.000336    0.000336    2.100336 v reg_req_i[36] (in)
                                                         reg_req_i[36] (net)
                      0.000336    0.000000    2.100336 v _1359_/A (sg13g2_nor2_1)
     2    0.006278    0.072159    0.069034    2.169370 ^ _1359_/Y (sg13g2_nor2_1)
                                                         _1088_ (net)
                      0.072159    0.000000    2.169370 ^ _1367_/A (sg13g2_nand3_1)
     2    0.006465    0.088058    0.094505    2.263874 v _1367_/Y (sg13g2_nand3_1)
                                                         _1096_ (net)
                      0.088058    0.000000    2.263874 v _1368_/A (sg13g2_inv_1)
     3    0.010177    0.063867    0.070991    2.334865 ^ _1368_/Y (sg13g2_inv_1)
                                                         _1097_ (net)
                      0.063867    0.000000    2.334865 ^ _1369_/B (sg13g2_nor2_1)
     1    0.002389    0.026293    0.036522    2.371387 v _1369_/Y (sg13g2_nor2_1)
                                                         _1098_ (net)
                      0.026293    0.000000    2.371387 v _1370_/A (sg13g2_buf_1)
     5    0.016206    0.065821    0.098110    2.469497 v _1370_/X (sg13g2_buf_1)
                                                         u_uart_reg_reg_rsp_o_10_ (net)
                      0.065821    0.000000    2.469497 v _1371_/A (sg13g2_inv_1)
     2    0.007694    0.050192    0.054699    2.524196 ^ _1371_/Y (sg13g2_inv_1)
                                                         _1099_ (net)
                      0.050192    0.000000    2.524196 ^ gain265/A (sg13g2_buf_4)
     8    0.028950    0.049926    0.112493    2.636688 ^ gain265/X (sg13g2_buf_4)
                                                         net264 (net)
                      0.049926    0.000000    2.636688 ^ gain264/A (sg13g2_buf_4)
     8    0.032459    0.053412    0.115408    2.752097 ^ gain264/X (sg13g2_buf_4)
                                                         net263 (net)
                      0.053412    0.000000    2.752097 ^ _1376_/B1 (sg13g2_o21ai_1)
     1    0.002389    0.043936    0.046229    2.798326 v _1376_/Y (sg13g2_o21ai_1)
                                                         u_uart_reg_reg_rsp_o_30_ (net)
                      0.043936    0.000000    2.798326 v _3051_/A (sg13g2_buf_1)
     1    0.010000    0.045870    0.087238    2.885564 v _3051_/X (sg13g2_buf_1)
                                                         reg_rsp_o[30] (net)
                      0.045870    0.000000    2.885564 v reg_rsp_o[30] (out)
                                              2.885564   data arrival time

                      0.000000   10.050000   10.050000   clock core (rise edge)
                                  0.050000   10.100000   clock network delay (ideal)
                                 -0.025000   10.075001   clock uncertainty
                                  0.000000   10.075001   clock reconvergence pessimism
                                 -2.000000    8.075001   output external delay
                                              8.075001   data required time
---------------------------------------------------------------------------------------------
                                              8.075001   data required time
                                             -2.885564   data arrival time
---------------------------------------------------------------------------------------------
                                              5.189436   slack (MET)


Startpoint: reg_req_i[36] (input port clocked by core)
Endpoint: reg_rsp_o[27] (output port clocked by core)
Path Group: core
Path Type: max

Fanout         Cap        Slew       Delay        Time   Description
---------------------------------------------------------------------------------------------
                      0.000000    0.050000    0.050000   clock core (rise edge)
                                  0.050000    0.100000   clock network delay (ideal)
                                  2.000000    2.100000 v input external delay
     1    0.003358    0.000336    0.000336    2.100336 v reg_req_i[36] (in)
                                                         reg_req_i[36] (net)
                      0.000336    0.000000    2.100336 v _1359_/A (sg13g2_nor2_1)
     2    0.006278    0.072159    0.069034    2.169370 ^ _1359_/Y (sg13g2_nor2_1)
                                                         _1088_ (net)
                      0.072159    0.000000    2.169370 ^ _1367_/A (sg13g2_nand3_1)
     2    0.006465    0.088058    0.094505    2.263874 v _1367_/Y (sg13g2_nand3_1)
                                                         _1096_ (net)
                      0.088058    0.000000    2.263874 v _1368_/A (sg13g2_inv_1)
     3    0.010177    0.063867    0.070991    2.334865 ^ _1368_/Y (sg13g2_inv_1)
                                                         _1097_ (net)
                      0.063867    0.000000    2.334865 ^ _1369_/B (sg13g2_nor2_1)
     1    0.002389    0.026293    0.036522    2.371387 v _1369_/Y (sg13g2_nor2_1)
                                                         _1098_ (net)
                      0.026293    0.000000    2.371387 v _1370_/A (sg13g2_buf_1)
     5    0.016206    0.065821    0.098110    2.469497 v _1370_/X (sg13g2_buf_1)
                                                         u_uart_reg_reg_rsp_o_10_ (net)
                      0.065821    0.000000    2.469497 v _1371_/A (sg13g2_inv_1)
     2    0.007694    0.050192    0.054699    2.524196 ^ _1371_/Y (sg13g2_inv_1)
                                                         _1099_ (net)
                      0.050192    0.000000    2.524196 ^ gain265/A (sg13g2_buf_4)
     8    0.028950    0.049926    0.112493    2.636688 ^ gain265/X (sg13g2_buf_4)
                                                         net264 (net)
                      0.049926    0.000000    2.636688 ^ gain264/A (sg13g2_buf_4)
     8    0.032459    0.053412    0.115408    2.752097 ^ gain264/X (sg13g2_buf_4)
                                                         net263 (net)
                      0.053412    0.000000    2.752097 ^ _1463_/B1 (sg13g2_o21ai_1)
     1    0.002389    0.043655    0.046229    2.798326 v _1463_/Y (sg13g2_o21ai_1)
                                                         u_uart_reg_reg_rsp_o_27_ (net)
                      0.043655    0.000000    2.798326 v _3048_/A (sg13g2_buf_1)
     1    0.010000    0.045863    0.087134    2.885460 v _3048_/X (sg13g2_buf_1)
                                                         reg_rsp_o[27] (net)
                      0.045863    0.000000    2.885460 v reg_rsp_o[27] (out)
                                              2.885460   data arrival time

                      0.000000   10.050000   10.050000   clock core (rise edge)
                                  0.050000   10.100000   clock network delay (ideal)
                                 -0.025000   10.075001   clock uncertainty
                                  0.000000   10.075001   clock reconvergence pessimism
                                 -2.000000    8.075001   output external delay
                                              8.075001   data required time
---------------------------------------------------------------------------------------------
                                              8.075001   data required time
                                             -2.885460   data arrival time
---------------------------------------------------------------------------------------------
                                              5.189540   slack (MET)


Startpoint: reg_req_i[36] (input port clocked by core)
Endpoint: reg_rsp_o[29] (output port clocked by core)
Path Group: core
Path Type: max

Fanout         Cap        Slew       Delay        Time   Description
---------------------------------------------------------------------------------------------
                      0.000000    0.050000    0.050000   clock core (rise edge)
                                  0.050000    0.100000   clock network delay (ideal)
                                  2.000000    2.100000 v input external delay
     1    0.003358    0.000336    0.000336    2.100336 v reg_req_i[36] (in)
                                                         reg_req_i[36] (net)
                      0.000336    0.000000    2.100336 v _1359_/A (sg13g2_nor2_1)
     2    0.006278    0.072159    0.069034    2.169370 ^ _1359_/Y (sg13g2_nor2_1)
                                                         _1088_ (net)
                      0.072159    0.000000    2.169370 ^ _1367_/A (sg13g2_nand3_1)
     2    0.006465    0.088058    0.094505    2.263874 v _1367_/Y (sg13g2_nand3_1)
                                                         _1096_ (net)
                      0.088058    0.000000    2.263874 v _1368_/A (sg13g2_inv_1)
     3    0.010177    0.063867    0.070991    2.334865 ^ _1368_/Y (sg13g2_inv_1)
                                                         _1097_ (net)
                      0.063867    0.000000    2.334865 ^ _1369_/B (sg13g2_nor2_1)
     1    0.002389    0.026293    0.036522    2.371387 v _1369_/Y (sg13g2_nor2_1)
                                                         _1098_ (net)
                      0.026293    0.000000    2.371387 v _1370_/A (sg13g2_buf_1)
     5    0.016206    0.065821    0.098110    2.469497 v _1370_/X (sg13g2_buf_1)
                                                         u_uart_reg_reg_rsp_o_10_ (net)
                      0.065821    0.000000    2.469497 v _1371_/A (sg13g2_inv_1)
     2    0.007694    0.050192    0.054699    2.524196 ^ _1371_/Y (sg13g2_inv_1)
                                                         _1099_ (net)
                      0.050192    0.000000    2.524196 ^ gain265/A (sg13g2_buf_4)
     8    0.028950    0.049926    0.112493    2.636688 ^ gain265/X (sg13g2_buf_4)
                                                         net264 (net)
                      0.049926    0.000000    2.636688 ^ gain264/A (sg13g2_buf_4)
     8    0.032459    0.053412    0.115408    2.752097 ^ gain264/X (sg13g2_buf_4)
                                                         net263 (net)
                      0.053412    0.000000    2.752097 ^ _1452_/B1 (sg13g2_o21ai_1)
     1    0.002389    0.042259    0.046229    2.798326 v _1452_/Y (sg13g2_o21ai_1)
                                                         u_uart_reg_reg_rsp_o_29_ (net)
                      0.042259    0.000000    2.798326 v _3050_/A (sg13g2_buf_1)
     1    0.010000    0.045826    0.086614    2.884940 v _3050_/X (sg13g2_buf_1)
                                                         reg_rsp_o[29] (net)
                      0.045826    0.000000    2.884940 v reg_rsp_o[29] (out)
                                              2.884940   data arrival time

                      0.000000   10.050000   10.050000   clock core (rise edge)
                                  0.050000   10.100000   clock network delay (ideal)
                                 -0.025000   10.075001   clock uncertainty
                                  0.000000   10.075001   clock reconvergence pessimism
                                 -2.000000    8.075001   output external delay
                                              8.075001   data required time
---------------------------------------------------------------------------------------------
                                              8.075001   data required time
                                             -2.884940   data arrival time
---------------------------------------------------------------------------------------------
                                              5.190061   slack (MET)


Startpoint: reg_req_i[36] (input port clocked by core)
Endpoint: reg_rsp_o[31] (output port clocked by core)
Path Group: core
Path Type: max

Fanout         Cap        Slew       Delay        Time   Description
---------------------------------------------------------------------------------------------
                      0.000000    0.050000    0.050000   clock core (rise edge)
                                  0.050000    0.100000   clock network delay (ideal)
                                  2.000000    2.100000 v input external delay
     1    0.003358    0.000336    0.000336    2.100336 v reg_req_i[36] (in)
                                                         reg_req_i[36] (net)
                      0.000336    0.000000    2.100336 v _1359_/A (sg13g2_nor2_1)
     2    0.006278    0.072159    0.069034    2.169370 ^ _1359_/Y (sg13g2_nor2_1)
                                                         _1088_ (net)
                      0.072159    0.000000    2.169370 ^ _1367_/A (sg13g2_nand3_1)
     2    0.006465    0.088058    0.094505    2.263874 v _1367_/Y (sg13g2_nand3_1)
                                                         _1096_ (net)
                      0.088058    0.000000    2.263874 v _1368_/A (sg13g2_inv_1)
     3    0.010177    0.063867    0.070991    2.334865 ^ _1368_/Y (sg13g2_inv_1)
                                                         _1097_ (net)
                      0.063867    0.000000    2.334865 ^ _1369_/B (sg13g2_nor2_1)
     1    0.002389    0.026293    0.036522    2.371387 v _1369_/Y (sg13g2_nor2_1)
                                                         _1098_ (net)
                      0.026293    0.000000    2.371387 v _1370_/A (sg13g2_buf_1)
     5    0.016206    0.065821    0.098110    2.469497 v _1370_/X (sg13g2_buf_1)
                                                         u_uart_reg_reg_rsp_o_10_ (net)
                      0.065821    0.000000    2.469497 v _1371_/A (sg13g2_inv_1)
     2    0.007694    0.050192    0.054699    2.524196 ^ _1371_/Y (sg13g2_inv_1)
                                                         _1099_ (net)
                      0.050192    0.000000    2.524196 ^ gain265/A (sg13g2_buf_4)
     8    0.028950    0.049926    0.112493    2.636688 ^ gain265/X (sg13g2_buf_4)
                                                         net264 (net)
                      0.049926    0.000000    2.636688 ^ gain264/A (sg13g2_buf_4)
     8    0.032459    0.053412    0.115408    2.752097 ^ gain264/X (sg13g2_buf_4)
                                                         net263 (net)
                      0.053412    0.000000    2.752097 ^ _1374_/B1 (sg13g2_o21ai_1)
     1    0.002389    0.041680    0.046229    2.798326 v _1374_/Y (sg13g2_o21ai_1)
                                                         u_uart_reg_reg_rsp_o_31_ (net)
                      0.041680    0.000000    2.798326 v _3052_/A (sg13g2_buf_1)
     1    0.010000    0.045810    0.086399    2.884725 v _3052_/X (sg13g2_buf_1)
                                                         reg_rsp_o[31] (net)
                      0.045810    0.000000    2.884725 v reg_rsp_o[31] (out)
                                              2.884725   data arrival time

                      0.000000   10.050000   10.050000   clock core (rise edge)
                                  0.050000   10.100000   clock network delay (ideal)
                                 -0.025000   10.075001   clock uncertainty
                                  0.000000   10.075001   clock reconvergence pessimism
                                 -2.000000    8.075001   output external delay
                                              8.075001   data required time
---------------------------------------------------------------------------------------------
                                              8.075001   data required time
                                             -2.884725   data arrival time
---------------------------------------------------------------------------------------------
                                              5.190276   slack (MET)


Startpoint: reg_req_i[36] (input port clocked by core)
Endpoint: reg_rsp_o[9] (output port clocked by core)
Path Group: core
Path Type: max

Fanout         Cap        Slew       Delay        Time   Description
---------------------------------------------------------------------------------------------
                      0.000000    0.050000    0.050000   clock core (rise edge)
                                  0.050000    0.100000   clock network delay (ideal)
                                  2.000000    2.100000 v input external delay
     1    0.003358    0.000336    0.000336    2.100336 v reg_req_i[36] (in)
                                                         reg_req_i[36] (net)
                      0.000336    0.000000    2.100336 v _1359_/A (sg13g2_nor2_1)
     2    0.006278    0.072159    0.069034    2.169370 ^ _1359_/Y (sg13g2_nor2_1)
                                                         _1088_ (net)
                      0.072159    0.000000    2.169370 ^ _1367_/A (sg13g2_nand3_1)
     2    0.006465    0.088058    0.094505    2.263874 v _1367_/Y (sg13g2_nand3_1)
                                                         _1096_ (net)
                      0.088058    0.000000    2.263874 v _1368_/A (sg13g2_inv_1)
     3    0.010177    0.063867    0.070991    2.334865 ^ _1368_/Y (sg13g2_inv_1)
                                                         _1097_ (net)
                      0.063867    0.000000    2.334865 ^ _1562_/A (sg13g2_nand2_1)
     2    0.006228    0.057977    0.066435    2.401299 v _1562_/Y (sg13g2_nand2_1)
                                                         _1261_ (net)
                      0.057977    0.000000    2.401299 v _1563_/B1 (sg13g2_a21oi_1)
     1    0.004003    0.070777    0.076051    2.477350 ^ _1563_/Y (sg13g2_a21oi_1)
                                                         _1262_ (net)
                      0.070777    0.000000    2.477350 ^ gain259/A (sg13g2_buf_4)
     8    0.027752    0.049394    0.121065    2.598416 ^ gain259/X (sg13g2_buf_4)
                                                         net258 (net)
                      0.049394    0.000000    2.598416 ^ _2582_/B (sg13g2_nand2_1)
     1    0.003261    0.044265    0.053043    2.651459 v _2582_/Y (sg13g2_nand2_1)
                                                         _0971_ (net)
                      0.044265    0.000000    2.651459 v _2584_/A2 (sg13g2_o21ai_1)
     1    0.002476    0.069831    0.078576    2.730035 ^ _2584_/Y (sg13g2_o21ai_1)
                                                         u_uart_reg_reg_rsp_o_9_ (net)
                      0.069831    0.000000    2.730035 ^ _3030_/A (sg13g2_buf_1)
     1    0.010000    0.055759    0.097383    2.827418 ^ _3030_/X (sg13g2_buf_1)
                                                         reg_rsp_o[9] (net)
                      0.055759    0.000000    2.827418 ^ reg_rsp_o[9] (out)
                                              2.827418   data arrival time

                      0.000000   10.050000   10.050000   clock core (rise edge)
                                  0.050000   10.100000   clock network delay (ideal)
                                 -0.025000   10.075001   clock uncertainty
                                  0.000000   10.075001   clock reconvergence pessimism
                                 -2.000000    8.075001   output external delay
                                              8.075001   data required time
---------------------------------------------------------------------------------------------
                                              8.075001   data required time
                                             -2.827418   data arrival time
---------------------------------------------------------------------------------------------
                                              5.247582   slack (MET)


Startpoint: rst_ni (input port clocked by core)
Endpoint: _2769_ (recovery check against rising-edge clock core)
Path Group: asynchronous
Path Type: max

Fanout         Cap        Slew       Delay        Time   Description
---------------------------------------------------------------------------------------------
                      0.000000    0.050000    0.050000   clock core (rise edge)
                                  0.050000    0.100000   clock network delay (ideal)
                                  2.000000    2.100000 ^ input external delay
     4    0.021873    0.002187    0.002187    2.102187 ^ rst_ni (in)
                                                         rst_ni (net)
                      0.002187    0.000000    2.102187 ^ _2769_/RESET_B (sg13g2_dfrbpq_1)
                                              2.102187   data arrival time

                      0.000000   10.050000   10.050000   clock core (rise edge)
                                  0.050000   10.100000   clock network delay (ideal)
                                 -0.025000   10.075001   clock uncertainty
                                  0.000000   10.075001   clock reconvergence pessimism
                                             10.075001 ^ _2769_/CLK (sg13g2_dfrbpq_1)
                                 -0.115227    9.959774   library recovery time
                                              9.959774   data required time
---------------------------------------------------------------------------------------------
                                              9.959774   data required time
                                             -2.102187   data arrival time
---------------------------------------------------------------------------------------------
                                              7.857587   slack (MET)


Startpoint: rst_ni (input port clocked by core)
Endpoint: _2770_ (recovery check against rising-edge clock core)
Path Group: asynchronous
Path Type: max

Fanout         Cap        Slew       Delay        Time   Description
---------------------------------------------------------------------------------------------
                      0.000000    0.050000    0.050000   clock core (rise edge)
                                  0.050000    0.100000   clock network delay (ideal)
                                  2.000000    2.100000 ^ input external delay
     4    0.021873    0.002187    0.002187    2.102187 ^ rst_ni (in)
                                                         rst_ni (net)
                      0.002187    0.000000    2.102187 ^ _2770_/RESET_B (sg13g2_dfrbpq_1)
                                              2.102187   data arrival time

                      0.000000   10.050000   10.050000   clock core (rise edge)
                                  0.050000   10.100000   clock network delay (ideal)
                                 -0.025000   10.075001   clock uncertainty
                                  0.000000   10.075001   clock reconvergence pessimism
                                             10.075001 ^ _2770_/CLK (sg13g2_dfrbpq_1)
                                 -0.115227    9.959774   library recovery time
                                              9.959774   data required time
---------------------------------------------------------------------------------------------
                                              9.959774   data required time
                                             -2.102187   data arrival time
---------------------------------------------------------------------------------------------
                                              7.857587   slack (MET)


Startpoint: rst_ni (input port clocked by core)
Endpoint: _2771_ (recovery check against rising-edge clock core)
Path Group: asynchronous
Path Type: max

Fanout         Cap        Slew       Delay        Time   Description
---------------------------------------------------------------------------------------------
                      0.000000    0.050000    0.050000   clock core (rise edge)
                                  0.050000    0.100000   clock network delay (ideal)
                                  2.000000    2.100000 ^ input external delay
     4    0.021873    0.002187    0.002187    2.102187 ^ rst_ni (in)
                                                         rst_ni (net)
                      0.002187    0.000000    2.102187 ^ _2771_/RESET_B (sg13g2_dfrbpq_1)
                                              2.102187   data arrival time

                      0.000000   10.050000   10.050000   clock core (rise edge)
                                  0.050000   10.100000   clock network delay (ideal)
                                 -0.025000   10.075001   clock uncertainty
                                  0.000000   10.075001   clock reconvergence pessimism
                                             10.075001 ^ _2771_/CLK (sg13g2_dfrbpq_1)
                                 -0.115227    9.959774   library recovery time
                                              9.959774   data required time
---------------------------------------------------------------------------------------------
                                              9.959774   data required time
                                             -2.102187   data arrival time
---------------------------------------------------------------------------------------------
                                              7.857587   slack (MET)


Startpoint: rst_ni (input port clocked by core)
Endpoint: _2772_ (recovery check against rising-edge clock core)
Path Group: asynchronous
Path Type: max

Fanout         Cap        Slew       Delay        Time   Description
---------------------------------------------------------------------------------------------
                      0.000000    0.050000    0.050000   clock core (rise edge)
                                  0.050000    0.100000   clock network delay (ideal)
                                  2.000000    2.100000 ^ input external delay
     4    0.021873    0.002187    0.002187    2.102187 ^ rst_ni (in)
                                                         rst_ni (net)
                      0.002187    0.000000    2.102187 ^ _2772_/RESET_B (sg13g2_dfrbpq_1)
                                              2.102187   data arrival time

                      0.000000   10.050000   10.050000   clock core (rise edge)
                                  0.050000   10.100000   clock network delay (ideal)
                                 -0.025000   10.075001   clock uncertainty
                                  0.000000   10.075001   clock reconvergence pessimism
                                             10.075001 ^ _2772_/CLK (sg13g2_dfrbpq_1)
                                 -0.115227    9.959774   library recovery time
                                              9.959774   data required time
---------------------------------------------------------------------------------------------
                                              9.959774   data required time
                                             -2.102187   data arrival time
---------------------------------------------------------------------------------------------
                                              7.857587   slack (MET)


Startpoint: _2744_ (rising edge-triggered flip-flop clocked by core)
Endpoint: _2703_ (recovery check against rising-edge clock core)
Path Group: asynchronous
Path Type: max

Fanout         Cap        Slew       Delay        Time   Description
---------------------------------------------------------------------------------------------
                      0.000000    0.050000    0.050000   clock core (rise edge)
                                  0.050000    0.100000   clock network delay (ideal)
                      0.000000    0.000000    0.100000 ^ _2744_/CLK (sg13g2_dfrbpq_1)
     1    0.002476    0.024643    0.153546    0.253546 ^ _2744_/Q (sg13g2_dfrbpq_1)
                                                         u_uart_core_tx_rst_ni (net)
                      0.024643    0.000000    0.253546 ^ gain374/A (sg13g2_buf_1)
     2    0.018768    0.091551    0.108263    0.361808 ^ gain374/X (sg13g2_buf_1)
                                                         net373 (net)
                      0.091551    0.000000    0.361808 ^ gain373/A (sg13g2_buf_8)
     8    0.051578    0.044467    0.108554    0.470362 ^ gain373/X (sg13g2_buf_8)
                                                         net372 (net)
                      0.044467    0.000000    0.470362 ^ gain370/A (sg13g2_buf_8)
     8    0.043746    0.038643    0.085690    0.556052 ^ gain370/X (sg13g2_buf_8)
                                                         net369 (net)
                      0.038643    0.000000    0.556052 ^ _2703_/RESET_B (sg13g2_dfrbpq_1)
                                              0.556052   data arrival time

                      0.000000   10.050000   10.050000   clock core (rise edge)
                                  0.050000   10.100000   clock network delay (ideal)
                                 -0.025000   10.075001   clock uncertainty
                                  0.000000   10.075001   clock reconvergence pessimism
                                             10.075001 ^ _2703_/CLK (sg13g2_dfrbpq_1)
                                 -0.124734    9.950267   library recovery time
                                              9.950267   data required time
---------------------------------------------------------------------------------------------
                                              9.950267   data required time
                                             -0.556052   data arrival time
---------------------------------------------------------------------------------------------
                                              9.394215   slack (MET)


Startpoint: _2744_ (rising edge-triggered flip-flop clocked by core)
Endpoint: _2739_ (recovery check against rising-edge clock core)
Path Group: asynchronous
Path Type: max

Fanout         Cap        Slew       Delay        Time   Description
---------------------------------------------------------------------------------------------
                      0.000000    0.050000    0.050000   clock core (rise edge)
                                  0.050000    0.100000   clock network delay (ideal)
                      0.000000    0.000000    0.100000 ^ _2744_/CLK (sg13g2_dfrbpq_1)
     1    0.002476    0.024643    0.153546    0.253546 ^ _2744_/Q (sg13g2_dfrbpq_1)
                                                         u_uart_core_tx_rst_ni (net)
                      0.024643    0.000000    0.253546 ^ gain374/A (sg13g2_buf_1)
     2    0.018768    0.091551    0.108263    0.361808 ^ gain374/X (sg13g2_buf_1)
                                                         net373 (net)
                      0.091551    0.000000    0.361808 ^ gain373/A (sg13g2_buf_8)
     8    0.051578    0.044467    0.108554    0.470362 ^ gain373/X (sg13g2_buf_8)
                                                         net372 (net)
                      0.044467    0.000000    0.470362 ^ gain370/A (sg13g2_buf_8)
     8    0.043746    0.038643    0.085690    0.556052 ^ gain370/X (sg13g2_buf_8)
                                                         net369 (net)
                      0.038643    0.000000    0.556052 ^ _2739_/RESET_B (sg13g2_dfrbpq_1)
                                              0.556052   data arrival time

                      0.000000   10.050000   10.050000   clock core (rise edge)
                                  0.050000   10.100000   clock network delay (ideal)
                                 -0.025000   10.075001   clock uncertainty
                                  0.000000   10.075001   clock reconvergence pessimism
                                             10.075001 ^ _2739_/CLK (sg13g2_dfrbpq_1)
                                 -0.124734    9.950267   library recovery time
                                              9.950267   data required time
---------------------------------------------------------------------------------------------
                                              9.950267   data required time
                                             -0.556052   data arrival time
---------------------------------------------------------------------------------------------
                                              9.394215   slack (MET)


Startpoint: _2744_ (rising edge-triggered flip-flop clocked by core)
Endpoint: _2742_ (recovery check against rising-edge clock core)
Path Group: asynchronous
Path Type: max

Fanout         Cap        Slew       Delay        Time   Description
---------------------------------------------------------------------------------------------
                      0.000000    0.050000    0.050000   clock core (rise edge)
                                  0.050000    0.100000   clock network delay (ideal)
                      0.000000    0.000000    0.100000 ^ _2744_/CLK (sg13g2_dfrbpq_1)
     1    0.002476    0.024643    0.153546    0.253546 ^ _2744_/Q (sg13g2_dfrbpq_1)
                                                         u_uart_core_tx_rst_ni (net)
                      0.024643    0.000000    0.253546 ^ gain374/A (sg13g2_buf_1)
     2    0.018768    0.091551    0.108263    0.361808 ^ gain374/X (sg13g2_buf_1)
                                                         net373 (net)
                      0.091551    0.000000    0.361808 ^ gain373/A (sg13g2_buf_8)
     8    0.051578    0.044467    0.108554    0.470362 ^ gain373/X (sg13g2_buf_8)
                                                         net372 (net)
                      0.044467    0.000000    0.470362 ^ gain370/A (sg13g2_buf_8)
     8    0.043746    0.038643    0.085690    0.556052 ^ gain370/X (sg13g2_buf_8)
                                                         net369 (net)
                      0.038643    0.000000    0.556052 ^ _2742_/RESET_B (sg13g2_dfrbpq_1)
                                              0.556052   data arrival time

                      0.000000   10.050000   10.050000   clock core (rise edge)
                                  0.050000   10.100000   clock network delay (ideal)
                                 -0.025000   10.075001   clock uncertainty
                                  0.000000   10.075001   clock reconvergence pessimism
                                             10.075001 ^ _2742_/CLK (sg13g2_dfrbpq_1)
                                 -0.124734    9.950267   library recovery time
                                              9.950267   data required time
---------------------------------------------------------------------------------------------
                                              9.950267   data required time
                                             -0.556052   data arrival time
---------------------------------------------------------------------------------------------
                                              9.394215   slack (MET)


Startpoint: _2744_ (rising edge-triggered flip-flop clocked by core)
Endpoint: _2747_ (recovery check against rising-edge clock core)
Path Group: asynchronous
Path Type: max

Fanout         Cap        Slew       Delay        Time   Description
---------------------------------------------------------------------------------------------
                      0.000000    0.050000    0.050000   clock core (rise edge)
                                  0.050000    0.100000   clock network delay (ideal)
                      0.000000    0.000000    0.100000 ^ _2744_/CLK (sg13g2_dfrbpq_1)
     1    0.002476    0.024643    0.153546    0.253546 ^ _2744_/Q (sg13g2_dfrbpq_1)
                                                         u_uart_core_tx_rst_ni (net)
                      0.024643    0.000000    0.253546 ^ gain374/A (sg13g2_buf_1)
     2    0.018768    0.091551    0.108263    0.361808 ^ gain374/X (sg13g2_buf_1)
                                                         net373 (net)
                      0.091551    0.000000    0.361808 ^ gain373/A (sg13g2_buf_8)
     8    0.051578    0.044467    0.108554    0.470362 ^ gain373/X (sg13g2_buf_8)
                                                         net372 (net)
                      0.044467    0.000000    0.470362 ^ gain370/A (sg13g2_buf_8)
     8    0.043746    0.038643    0.085690    0.556052 ^ gain370/X (sg13g2_buf_8)
                                                         net369 (net)
                      0.038643    0.000000    0.556052 ^ _2747_/RESET_B (sg13g2_dfrbpq_1)
                                              0.556052   data arrival time

                      0.000000   10.050000   10.050000   clock core (rise edge)
                                  0.050000   10.100000   clock network delay (ideal)
                                 -0.025000   10.075001   clock uncertainty
                                  0.000000   10.075001   clock reconvergence pessimism
                                             10.075001 ^ _2747_/CLK (sg13g2_dfrbpq_1)
                                 -0.124734    9.950267   library recovery time
                                              9.950267   data required time
---------------------------------------------------------------------------------------------
                                              9.950267   data required time
                                             -0.556052   data arrival time
---------------------------------------------------------------------------------------------
                                              9.394215   slack (MET)


Startpoint: _2744_ (rising edge-triggered flip-flop clocked by core)
Endpoint: _2965_ (recovery check against rising-edge clock core)
Path Group: asynchronous
Path Type: max

Fanout         Cap        Slew       Delay        Time   Description
---------------------------------------------------------------------------------------------
                      0.000000    0.050000    0.050000   clock core (rise edge)
                                  0.050000    0.100000   clock network delay (ideal)
                      0.000000    0.000000    0.100000 ^ _2744_/CLK (sg13g2_dfrbpq_1)
     1    0.002476    0.024643    0.153546    0.253546 ^ _2744_/Q (sg13g2_dfrbpq_1)
                                                         u_uart_core_tx_rst_ni (net)
                      0.024643    0.000000    0.253546 ^ gain374/A (sg13g2_buf_1)
     2    0.018768    0.091551    0.108263    0.361808 ^ gain374/X (sg13g2_buf_1)
                                                         net373 (net)
                      0.091551    0.000000    0.361808 ^ gain373/A (sg13g2_buf_8)
     8    0.051578    0.044467    0.108554    0.470362 ^ gain373/X (sg13g2_buf_8)
                                                         net372 (net)
                      0.044467    0.000000    0.470362 ^ gain370/A (sg13g2_buf_8)
     8    0.043746    0.038643    0.085690    0.556052 ^ gain370/X (sg13g2_buf_8)
                                                         net369 (net)
                      0.038643    0.000000    0.556052 ^ _2965_/RESET_B (sg13g2_dfrbpq_1)
                                              0.556052   data arrival time

                      0.000000   10.050000   10.050000   clock core (rise edge)
                                  0.050000   10.100000   clock network delay (ideal)
                                 -0.025000   10.075001   clock uncertainty
                                  0.000000   10.075001   clock reconvergence pessimism
                                             10.075001 ^ _2965_/CLK (sg13g2_dfrbpq_1)
                                 -0.124734    9.950267   library recovery time
                                              9.950267   data required time
---------------------------------------------------------------------------------------------
                                              9.950267   data required time
                                             -0.556052   data arrival time
---------------------------------------------------------------------------------------------
                                              9.394215   slack (MET)


Startpoint: _2744_ (rising edge-triggered flip-flop clocked by core)
Endpoint: _2966_ (recovery check against rising-edge clock core)
Path Group: asynchronous
Path Type: max

Fanout         Cap        Slew       Delay        Time   Description
---------------------------------------------------------------------------------------------
                      0.000000    0.050000    0.050000   clock core (rise edge)
                                  0.050000    0.100000   clock network delay (ideal)
                      0.000000    0.000000    0.100000 ^ _2744_/CLK (sg13g2_dfrbpq_1)
     1    0.002476    0.024643    0.153546    0.253546 ^ _2744_/Q (sg13g2_dfrbpq_1)
                                                         u_uart_core_tx_rst_ni (net)
                      0.024643    0.000000    0.253546 ^ gain374/A (sg13g2_buf_1)
     2    0.018768    0.091551    0.108263    0.361808 ^ gain374/X (sg13g2_buf_1)
                                                         net373 (net)
                      0.091551    0.000000    0.361808 ^ gain373/A (sg13g2_buf_8)
     8    0.051578    0.044467    0.108554    0.470362 ^ gain373/X (sg13g2_buf_8)
                                                         net372 (net)
                      0.044467    0.000000    0.470362 ^ gain370/A (sg13g2_buf_8)
     8    0.043746    0.038643    0.085690    0.556052 ^ gain370/X (sg13g2_buf_8)
                                                         net369 (net)
                      0.038643    0.000000    0.556052 ^ _2966_/RESET_B (sg13g2_dfrbpq_1)
                                              0.556052   data arrival time

                      0.000000   10.050000   10.050000   clock core (rise edge)
                                  0.050000   10.100000   clock network delay (ideal)
                                 -0.025000   10.075001   clock uncertainty
                                  0.000000   10.075001   clock reconvergence pessimism
                                             10.075001 ^ _2966_/CLK (sg13g2_dfrbpq_1)
                                 -0.124734    9.950267   library recovery time
                                              9.950267   data required time
---------------------------------------------------------------------------------------------
                                              9.950267   data required time
                                             -0.556052   data arrival time
---------------------------------------------------------------------------------------------
                                              9.394215   slack (MET)

=== FlexSoC normalized power fields ===
dynamic_power_definition=internal_power+switching_power
power_unit=OpenSTA report unit; see Units section
internal_power=0.00227
switching_power=1.35e-05
dynamic_power=0.0022835
leakage_power=2.59e-06
total_power=0.00229

=== Gate-level timing/power fusion ===
power_semantics=average_instance_power_from_the_same_VCD_SAIF_context
path_power_sum=unique_instance_average_power_sum_not_incremental_path_energy
fanout_capacitance_source=OpenSTA_report_checks_output_pin_fields

Worst path 1: status=met slack=5.1689 type=max group=core
startpoint=reg_req_i[36] (input port clocked by core)
endpoint=reg_rsp_o[1] (output port clocked by core)
path_power_complete=true
path_average_power_sum internal=2.98956e-08 switching=5.96443e-08 dynamic=8.95399e-08 leakage=7.96162e-09 total=9.75015e-08
stage instance cell pins fanout capacitance slew delay arrival internal switching dynamic leakage total
1 _1359_ sg13g2_nor2_1 A,Y 2 0.006278 0.072159 0.069034 2.16937 0 3.12924e-10 3.12924e-10 4.11395e-10 7.24319e-10
2 _1361_ sg13g2_nand2_1 A,Y 2 0.009306 0.076186 0.084231 2.2536 3.40294e-09 8.36845e-09 1.17714e-08 3.9674e-10 1.21681e-08
3 _1365_ sg13g2_inv_2 A,Y 4 0.012608 0.04463 0.049856 2.30346 3.21698e-09 1.07172e-08 1.39341e-08 1.35002e-09 1.52842e-08
4 _1508_ sg13g2_nand3_1 A,Y 1 0.002389 0.05147 0.059797 2.36325 3.36484e-09 1.73656e-09 5.1014e-09 1.6652e-10 5.26792e-09
5 gain289 sg13g2_buf_1 A,X 4 0.01625 0.066422 0.107718 2.47097 5.71531e-09 1.28752e-08 1.85905e-08 7.87903e-10 1.93784e-08
6 _1509_ sg13g2_inv_2 A,Y 5 0.018099 0.054171 0.057605 2.52858 2.88163e-09 1.26919e-08 1.55735e-08 1.4116e-09 1.69851e-08
7 _1643_ sg13g2_o21ai_1 A2,Y 1 0.003444 0.049485 0.061417 2.58999 4.02382e-09 3.62372e-09 7.64754e-09 3.35571e-10 7.98311e-09
8 _1644_ sg13g2_o21ai_1 B1,Y 1 0.004142 0.084684 0.046414 2.63641 2.95909e-09 4.06676e-09 7.02584e-09 1.08091e-09 8.10676e-09
9 _1645_ sg13g2_o21ai_1 A2,Y 2 0.009991 0.090607 0.102441 2.73885 1.31992e-09 2.33535e-09 3.65527e-09 5.90935e-10 4.24621e-09
10 _2555_ sg13g2_a21oi_1 A1,Y 1 0.002476 0.053467 0.075781 2.81463 1.16101e-09 5.78852e-10 1.73986e-09 5.30255e-10 2.27012e-09
11 _3022_ sg13g2_buf_1 A,X 1 0.01 0.055296 0.09147 2.9061 1.85003e-09 2.33749e-09 4.18752e-09 8.99763e-10 5.08728e-09

Worst path 2: status=met slack=5.18197 type=max group=core
startpoint=reg_req_i[36] (input port clocked by core)
endpoint=reg_rsp_o[19] (output port clocked by core)
path_power_complete=true
path_average_power_sum internal=2.35043e-08 switching=5.68276e-08 dynamic=8.03319e-08 leakage=7.82924e-09 total=8.81612e-08
stage instance cell pins fanout capacitance slew delay arrival internal switching dynamic leakage total
1 _1359_ sg13g2_nor2_1 A,Y 2 0.006278 0.072159 0.069034 2.16937 0 3.12924e-10 3.12924e-10 4.11395e-10 7.24319e-10
2 _1361_ sg13g2_nand2_1 A,Y 2 0.009306 0.076186 0.084231 2.2536 3.40294e-09 8.36845e-09 1.17714e-08 3.9674e-10 1.21681e-08
3 _1365_ sg13g2_inv_2 A,Y 4 0.012608 0.04463 0.049856 2.30346 3.21698e-09 1.07172e-08 1.39341e-08 1.35002e-09 1.52842e-08
4 _1508_ sg13g2_nand3_1 A,Y 1 0.002389 0.05147 0.059797 2.36325 3.36484e-09 1.73656e-09 5.1014e-09 1.6652e-10 5.26792e-09
5 gain289 sg13g2_buf_1 A,X 4 0.01625 0.066422 0.107718 2.47097 5.71531e-09 1.28752e-08 1.85905e-08 7.87903e-10 1.93784e-08
6 _1509_ sg13g2_inv_2 A,Y 5 0.018099 0.054171 0.057605 2.52858 2.88163e-09 1.26919e-08 1.55735e-08 1.4116e-09 1.69851e-08
7 _1514_ sg13g2_nand2_1 B,Y 3 0.010033 0.078481 0.085847 2.61442 2.96551e-09 8.03331e-09 1.09988e-08 3.22523e-10 1.13213e-08
8 _1525_ sg13g2_nor3_1 C,Y 1 0.003632 0.099101 0.0973 2.71172 2.23853e-10 1.69778e-10 3.9363e-10 5.22284e-10 9.15915e-10
9 _1526_ sg13g2_nor2_1 B,Y 1 0.003444 0.035856 0.048471 2.76019 1.67025e-10 1.72558e-10 3.39583e-10 4.11395e-10 7.50978e-10
10 _1527_ sg13g2_o21ai_1 B1,Y 1 0.002476 0.068184 0.036044 2.79624 4.57177e-10 3.47311e-10 8.04488e-10 1.15144e-09 1.95592e-09
11 _3040_ sg13g2_buf_1 A,X 1 0.01 0.055712 0.096788 2.89303 1.10902e-09 1.40249e-09 2.51151e-09 8.97421e-10 3.40893e-09

Worst path 3: status=met slack=5.18843 type=max group=core
startpoint=reg_req_i[36] (input port clocked by core)
endpoint=reg_rsp_o[32] (output port clocked by core)
path_power_complete=true
path_average_power_sum internal=1.50831e-08 switching=2.29609e-08 dynamic=3.8044e-08 leakage=1.02132e-08 total=4.82572e-08
stage instance cell pins fanout capacitance slew delay arrival internal switching dynamic leakage total
1 _1359_ sg13g2_nor2_1 A,Y 2 0.006278 0.072159 0.069034 2.16937 0 3.12924e-10 3.12924e-10 4.11395e-10 7.24319e-10
2 _1367_ sg13g2_nand3_1 A,Y 2 0.006465 0.088058 0.094505 2.26387 4.6066e-09 5.37608e-09 9.98267e-09 1.76271e-09 1.17454e-08
3 _1368_ sg13g2_inv_1 A,Y 3 0.010177 0.063867 0.070991 2.33487 1.90636e-09 8.08826e-09 9.99462e-09 2.91646e-10 1.02863e-08
4 _1369_ sg13g2_nor2_1 B,Y 1 0.002389 0.026293 0.036522 2.37139 4.11739e-09 3.35734e-09 7.47473e-09 6.86981e-10 8.16171e-09
5 _1370_ sg13g2_buf_1 A,X 5 0.016206 0.065821 0.09811 2.4695 3.80702e-10 8.45938e-10 1.22664e-09 8.99763e-10 2.1264e-09
6 _1371_ sg13g2_inv_1 A,Y 2 0.007694 0.050192 0.054699 2.5242 1.09405e-10 3.59696e-10 4.69101e-10 2.0588e-10 6.74981e-10
7 gain265 sg13g2_buf_4 A,X 8 0.02895 0.049926 0.112493 2.63669 1.19752e-09 1.35342e-09 2.55094e-09 1.95297e-09 4.50391e-09
8 gain264 sg13g2_buf_4 A,X 8 0.032459 0.053412 0.115408 2.7521 1.20073e-09 1.51746e-09 2.71819e-09 1.95298e-09 4.67118e-09
9 _1372_ sg13g2_o21ai_1 B1,Y 1 0.002389 0.046635 0.046229 2.79833 4.56122e-10 3.47311e-10 8.03433e-10 1.15144e-09 1.95487e-09
10 _3053_ sg13g2_buf_1 A,X 1 0.01 0.045942 0.088243 2.88657 1.10829e-09 1.40249e-09 2.51078e-09 8.97421e-10 3.4082e-09

Worst path 4: status=met slack=5.18903 type=max group=core
startpoint=reg_req_i[36] (input port clocked by core)
endpoint=reg_rsp_o[26] (output port clocked by core)
path_power_complete=true
path_average_power_sum internal=1.50839e-08 switching=2.29609e-08 dynamic=3.80448e-08 leakage=1.02132e-08 total=4.8258e-08
stage instance cell pins fanout capacitance slew delay arrival internal switching dynamic leakage total
1 _1359_ sg13g2_nor2_1 A,Y 2 0.006278 0.072159 0.069034 2.16937 0 3.12924e-10 3.12924e-10 4.11395e-10 7.24319e-10
2 _1367_ sg13g2_nand3_1 A,Y 2 0.006465 0.088058 0.094505 2.26387 4.6066e-09 5.37608e-09 9.98267e-09 1.76271e-09 1.17454e-08
3 _1368_ sg13g2_inv_1 A,Y 3 0.010177 0.063867 0.070991 2.33487 1.90636e-09 8.08826e-09 9.99462e-09 2.91646e-10 1.02863e-08
4 _1369_ sg13g2_nor2_1 B,Y 1 0.002389 0.026293 0.036522 2.37139 4.11739e-09 3.35734e-09 7.47473e-09 6.86981e-10 8.16171e-09
5 _1370_ sg13g2_buf_1 A,X 5 0.016206 0.065821 0.09811 2.4695 3.80702e-10 8.45938e-10 1.22664e-09 8.99763e-10 2.1264e-09
6 _1371_ sg13g2_inv_1 A,Y 2 0.007694 0.050192 0.054699 2.5242 1.09405e-10 3.59696e-10 4.69101e-10 2.0588e-10 6.74981e-10
7 gain265 sg13g2_buf_4 A,X 8 0.02895 0.049926 0.112493 2.63669 1.19752e-09 1.35342e-09 2.55094e-09 1.95297e-09 4.50391e-09
8 gain264 sg13g2_buf_4 A,X 8 0.032459 0.053412 0.115408 2.7521 1.20073e-09 1.51746e-09 2.71819e-09 1.95298e-09 4.67118e-09
9 _1468_ sg13g2_o21ai_1 B1,Y 1 0.002389 0.045012 0.046229 2.79833 4.56519e-10 3.47311e-10 8.03831e-10 1.15144e-09 1.95527e-09
10 _3047_ sg13g2_buf_1 A,X 1 0.01 0.045899 0.087639 2.88597 1.10866e-09 1.40249e-09 2.51115e-09 8.97421e-10 3.40858e-09

Worst path 5: status=met slack=5.18944 type=max group=core
startpoint=reg_req_i[36] (input port clocked by core)
endpoint=reg_rsp_o[28] (output port clocked by core)
path_power_complete=true
path_average_power_sum internal=1.40287e-08 switching=2.17944e-08 dynamic=3.58231e-08 leakage=1.02185e-08 total=4.60416e-08
stage instance cell pins fanout capacitance slew delay arrival internal switching dynamic leakage total
1 _1359_ sg13g2_nor2_1 A,Y 2 0.006278 0.072159 0.069034 2.16937 0 3.12924e-10 3.12924e-10 4.11395e-10 7.24319e-10
2 _1367_ sg13g2_nand3_1 A,Y 2 0.006465 0.088058 0.094505 2.26387 4.6066e-09 5.37608e-09 9.98267e-09 1.76271e-09 1.17454e-08
3 _1368_ sg13g2_inv_1 A,Y 3 0.010177 0.063867 0.070991 2.33487 1.90636e-09 8.08826e-09 9.99462e-09 2.91646e-10 1.02863e-08
4 _1369_ sg13g2_nor2_1 B,Y 1 0.002389 0.026293 0.036522 2.37139 4.11739e-09 3.35734e-09 7.47473e-09 6.86981e-10 8.16171e-09
5 _1370_ sg13g2_buf_1 A,X 5 0.016206 0.065821 0.09811 2.4695 3.80702e-10 8.45938e-10 1.22664e-09 8.99763e-10 2.1264e-09
6 _1371_ sg13g2_inv_1 A,Y 2 0.007694 0.050192 0.054699 2.5242 1.09405e-10 3.59696e-10 4.69101e-10 2.0588e-10 6.74981e-10
7 gain265 sg13g2_buf_4 A,X 8 0.02895 0.049926 0.112493 2.63669 1.19752e-09 1.35342e-09 2.55094e-09 1.95297e-09 4.50391e-09
8 gain264 sg13g2_buf_4 A,X 8 0.032459 0.053412 0.115408 2.7521 1.20073e-09 1.51746e-09 2.71819e-09 1.95298e-09 4.67118e-09
9 _1457_ sg13g2_o21ai_1 B1,Y 1 0.002389 0.043936 0.046229 2.79833 1.40384e-10 1.1577e-10 2.56154e-10 1.15445e-09 1.4106e-09
10 _3049_ sg13g2_buf_1 A,X 1 0.01 0.04587 0.087238 2.88556 3.69608e-10 4.67497e-10 8.37105e-10 8.99765e-10 1.73687e-09

Worst path 6: status=met slack=5.18944 type=max group=core
startpoint=reg_req_i[36] (input port clocked by core)
endpoint=reg_rsp_o[30] (output port clocked by core)
path_power_complete=true
path_average_power_sum internal=1.40287e-08 switching=2.17944e-08 dynamic=3.58231e-08 leakage=1.02185e-08 total=4.60416e-08
stage instance cell pins fanout capacitance slew delay arrival internal switching dynamic leakage total
1 _1359_ sg13g2_nor2_1 A,Y 2 0.006278 0.072159 0.069034 2.16937 0 3.12924e-10 3.12924e-10 4.11395e-10 7.24319e-10
2 _1367_ sg13g2_nand3_1 A,Y 2 0.006465 0.088058 0.094505 2.26387 4.6066e-09 5.37608e-09 9.98267e-09 1.76271e-09 1.17454e-08
3 _1368_ sg13g2_inv_1 A,Y 3 0.010177 0.063867 0.070991 2.33487 1.90636e-09 8.08826e-09 9.99462e-09 2.91646e-10 1.02863e-08
4 _1369_ sg13g2_nor2_1 B,Y 1 0.002389 0.026293 0.036522 2.37139 4.11739e-09 3.35734e-09 7.47473e-09 6.86981e-10 8.16171e-09
5 _1370_ sg13g2_buf_1 A,X 5 0.016206 0.065821 0.09811 2.4695 3.80702e-10 8.45938e-10 1.22664e-09 8.99763e-10 2.1264e-09
6 _1371_ sg13g2_inv_1 A,Y 2 0.007694 0.050192 0.054699 2.5242 1.09405e-10 3.59696e-10 4.69101e-10 2.0588e-10 6.74981e-10
7 gain265 sg13g2_buf_4 A,X 8 0.02895 0.049926 0.112493 2.63669 1.19752e-09 1.35342e-09 2.55094e-09 1.95297e-09 4.50391e-09
8 gain264 sg13g2_buf_4 A,X 8 0.032459 0.053412 0.115408 2.7521 1.20073e-09 1.51746e-09 2.71819e-09 1.95298e-09 4.67118e-09
9 _1376_ sg13g2_o21ai_1 B1,Y 1 0.002389 0.043936 0.046229 2.79833 1.40384e-10 1.1577e-10 2.56154e-10 1.15445e-09 1.4106e-09
10 _3051_ sg13g2_buf_1 A,X 1 0.01 0.04587 0.087238 2.88556 3.69608e-10 4.67497e-10 8.37105e-10 8.99765e-10 1.73687e-09

Worst path 7: status=met slack=5.18954 type=max group=core
startpoint=reg_req_i[36] (input port clocked by core)
endpoint=reg_rsp_o[27] (output port clocked by core)
path_power_complete=true
path_average_power_sum internal=1.50844e-08 switching=2.29609e-08 dynamic=3.80454e-08 leakage=1.02132e-08 total=4.82586e-08
stage instance cell pins fanout capacitance slew delay arrival internal switching dynamic leakage total
1 _1359_ sg13g2_nor2_1 A,Y 2 0.006278 0.072159 0.069034 2.16937 0 3.12924e-10 3.12924e-10 4.11395e-10 7.24319e-10
2 _1367_ sg13g2_nand3_1 A,Y 2 0.006465 0.088058 0.094505 2.26387 4.6066e-09 5.37608e-09 9.98267e-09 1.76271e-09 1.17454e-08
3 _1368_ sg13g2_inv_1 A,Y 3 0.010177 0.063867 0.070991 2.33487 1.90636e-09 8.08826e-09 9.99462e-09 2.91646e-10 1.02863e-08
4 _1369_ sg13g2_nor2_1 B,Y 1 0.002389 0.026293 0.036522 2.37139 4.11739e-09 3.35734e-09 7.47473e-09 6.86981e-10 8.16171e-09
5 _1370_ sg13g2_buf_1 A,X 5 0.016206 0.065821 0.09811 2.4695 3.80702e-10 8.45938e-10 1.22664e-09 8.99763e-10 2.1264e-09
6 _1371_ sg13g2_inv_1 A,Y 2 0.007694 0.050192 0.054699 2.5242 1.09405e-10 3.59696e-10 4.69101e-10 2.0588e-10 6.74981e-10
7 gain265 sg13g2_buf_4 A,X 8 0.02895 0.049926 0.112493 2.63669 1.19752e-09 1.35342e-09 2.55094e-09 1.95297e-09 4.50391e-09
8 gain264 sg13g2_buf_4 A,X 8 0.032459 0.053412 0.115408 2.7521 1.20073e-09 1.51746e-09 2.71819e-09 1.95298e-09 4.67118e-09
9 _1463_ sg13g2_o21ai_1 B1,Y 1 0.002389 0.043655 0.046229 2.79833 4.56889e-10 3.47311e-10 8.042e-10 1.15144e-09 1.95564e-09
10 _3048_ sg13g2_buf_1 A,X 1 0.01 0.045863 0.087134 2.88546 1.10886e-09 1.40249e-09 2.51135e-09 8.97421e-10 3.40877e-09

Worst path 8: status=met slack=5.19006 type=max group=core
startpoint=reg_req_i[36] (input port clocked by core)
endpoint=reg_rsp_o[29] (output port clocked by core)
path_power_complete=true
path_average_power_sum internal=1.50849e-08 switching=2.29609e-08 dynamic=3.80459e-08 leakage=1.02132e-08 total=4.8259e-08
stage instance cell pins fanout capacitance slew delay arrival internal switching dynamic leakage total
1 _1359_ sg13g2_nor2_1 A,Y 2 0.006278 0.072159 0.069034 2.16937 0 3.12924e-10 3.12924e-10 4.11395e-10 7.24319e-10
2 _1367_ sg13g2_nand3_1 A,Y 2 0.006465 0.088058 0.094505 2.26387 4.6066e-09 5.37608e-09 9.98267e-09 1.76271e-09 1.17454e-08
3 _1368_ sg13g2_inv_1 A,Y 3 0.010177 0.063867 0.070991 2.33487 1.90636e-09 8.08826e-09 9.99462e-09 2.91646e-10 1.02863e-08
4 _1369_ sg13g2_nor2_1 B,Y 1 0.002389 0.026293 0.036522 2.37139 4.11739e-09 3.35734e-09 7.47473e-09 6.86981e-10 8.16171e-09
5 _1370_ sg13g2_buf_1 A,X 5 0.016206 0.065821 0.09811 2.4695 3.80702e-10 8.45938e-10 1.22664e-09 8.99763e-10 2.1264e-09
6 _1371_ sg13g2_inv_1 A,Y 2 0.007694 0.050192 0.054699 2.5242 1.09405e-10 3.59696e-10 4.69101e-10 2.0588e-10 6.74981e-10
7 gain265 sg13g2_buf_4 A,X 8 0.02895 0.049926 0.112493 2.63669 1.19752e-09 1.35342e-09 2.55094e-09 1.95297e-09 4.50391e-09
8 gain264 sg13g2_buf_4 A,X 8 0.032459 0.053412 0.115408 2.7521 1.20073e-09 1.51746e-09 2.71819e-09 1.95298e-09 4.67118e-09
9 _1452_ sg13g2_o21ai_1 B1,Y 1 0.002389 0.042259 0.046229 2.79833 4.57202e-10 3.47311e-10 8.04513e-10 1.15144e-09 1.95595e-09
10 _3050_ sg13g2_buf_1 A,X 1 0.01 0.045826 0.086614 2.88494 1.10904e-09 1.40249e-09 2.51153e-09 8.97421e-10 3.40895e-09

Worst path 9: status=met slack=5.19028 type=max group=core
startpoint=reg_req_i[36] (input port clocked by core)
endpoint=reg_rsp_o[31] (output port clocked by core)
path_power_complete=true
path_average_power_sum internal=1.40289e-08 switching=2.17944e-08 dynamic=3.58232e-08 leakage=1.02185e-08 total=4.60418e-08
stage instance cell pins fanout capacitance slew delay arrival internal switching dynamic leakage total
1 _1359_ sg13g2_nor2_1 A,Y 2 0.006278 0.072159 0.069034 2.16937 0 3.12924e-10 3.12924e-10 4.11395e-10 7.24319e-10
2 _1367_ sg13g2_nand3_1 A,Y 2 0.006465 0.088058 0.094505 2.26387 4.6066e-09 5.37608e-09 9.98267e-09 1.76271e-09 1.17454e-08
3 _1368_ sg13g2_inv_1 A,Y 3 0.010177 0.063867 0.070991 2.33487 1.90636e-09 8.08826e-09 9.99462e-09 2.91646e-10 1.02863e-08
4 _1369_ sg13g2_nor2_1 B,Y 1 0.002389 0.026293 0.036522 2.37139 4.11739e-09 3.35734e-09 7.47473e-09 6.86981e-10 8.16171e-09
5 _1370_ sg13g2_buf_1 A,X 5 0.016206 0.065821 0.09811 2.4695 3.80702e-10 8.45938e-10 1.22664e-09 8.99763e-10 2.1264e-09
6 _1371_ sg13g2_inv_1 A,Y 2 0.007694 0.050192 0.054699 2.5242 1.09405e-10 3.59696e-10 4.69101e-10 2.0588e-10 6.74981e-10
7 gain265 sg13g2_buf_4 A,X 8 0.02895 0.049926 0.112493 2.63669 1.19752e-09 1.35342e-09 2.55094e-09 1.95297e-09 4.50391e-09
8 gain264 sg13g2_buf_4 A,X 8 0.032459 0.053412 0.115408 2.7521 1.20073e-09 1.51746e-09 2.71819e-09 1.95298e-09 4.67118e-09
9 _1374_ sg13g2_o21ai_1 B1,Y 1 0.002389 0.04168 0.046229 2.79833 1.40452e-10 1.1577e-10 2.56222e-10 1.15445e-09 1.41067e-09
10 _3052_ sg13g2_buf_1 A,X 1 0.01 0.04581 0.086399 2.88472 3.69705e-10 4.67497e-10 8.37202e-10 8.99765e-10 1.73697e-09

Worst path 10: status=met slack=5.24758 type=max group=core
startpoint=reg_req_i[36] (input port clocked by core)
endpoint=reg_rsp_o[9] (output port clocked by core)
path_power_complete=true
path_average_power_sum internal=2.9226e-08 switching=3.94787e-08 dynamic=6.87047e-08 leakage=8.96625e-09 total=7.7671e-08
stage instance cell pins fanout capacitance slew delay arrival internal switching dynamic leakage total
1 _1359_ sg13g2_nor2_1 A,Y 2 0.006278 0.072159 0.069034 2.16937 0 3.12924e-10 3.12924e-10 4.11395e-10 7.24319e-10
2 _1367_ sg13g2_nand3_1 A,Y 2 0.006465 0.088058 0.094505 2.26387 4.6066e-09 5.37608e-09 9.98267e-09 1.76271e-09 1.17454e-08
3 _1368_ sg13g2_inv_1 A,Y 3 0.010177 0.063867 0.070991 2.33487 1.90636e-09 8.08826e-09 9.99462e-09 2.91646e-10 1.02863e-08
4 _1562_ sg13g2_nand2_1 A,Y 2 0.006228 0.057977 0.066435 2.4013 1.72645e-09 3.01516e-09 4.74162e-09 2.39906e-10 4.98152e-09
5 _1563_ sg13g2_a21oi_1 B1,Y 1 0.004003 0.070777 0.076051 2.47735 1.3401e-09 1.68424e-09 3.02433e-09 5.59992e-10 3.58433e-09
6 gain259 sg13g2_buf_4 A,X 8 0.027752 0.049394 0.121065 2.59842 1.07489e-08 1.16767e-08 2.24255e-08 3.25431e-09 2.56798e-08
7 _2582_ sg13g2_nand2_1 B,Y 1 0.003261 0.044265 0.053043 2.65146 1.74808e-09 1.7429e-09 3.49098e-09 1.9384e-10 3.68482e-09
8 _2584_ sg13g2_o21ai_1 A2,Y 1 0.002476 0.069831 0.078576 2.73003 2.34769e-09 1.50502e-09 3.85271e-09 1.35512e-09 5.20782e-09
9 _3030_ sg13g2_buf_1 A,X 1 0.01 0.055759 0.097383 2.82742 4.80187e-09 6.07746e-09 1.08793e-08 8.97343e-10 1.17767e-08

Worst path 11: status=met slack=7.85759 type=max group=asynchronous
startpoint=rst_ni (input port clocked by core)
endpoint=_2769_ (recovery check against rising-edge clock core)
path_power_complete=true
path_average_power_sum internal=8.6328e-06 switching=2.19352e-09 dynamic=8.635e-06 leakage=3.97525e-09 total=8.63897e-06
stage instance cell pins fanout capacitance slew delay arrival internal switching dynamic leakage total
1 _2769_ sg13g2_dfrbpq_1 RESET_B - - 0.002187 0 2.10219 8.6328e-06 2.19352e-09 8.635e-06 3.97525e-09 8.63897e-06

Worst path 12: status=met slack=7.85759 type=max group=asynchronous
startpoint=rst_ni (input port clocked by core)
endpoint=_2770_ (recovery check against rising-edge clock core)
path_power_complete=true
path_average_power_sum internal=8.63936e-06 switching=4.07538e-10 dynamic=8.63976e-06 leakage=3.97404e-09 total=8.64374e-06
stage instance cell pins fanout capacitance slew delay arrival internal switching dynamic leakage total
1 _2770_ sg13g2_dfrbpq_1 RESET_B - - 0.002187 0 2.10219 8.63936e-06 4.07538e-10 8.63976e-06 3.97404e-09 8.64374e-06

Worst path 13: status=met slack=7.85759 type=max group=asynchronous
startpoint=rst_ni (input port clocked by core)
endpoint=_2771_ (recovery check against rising-edge clock core)
path_power_complete=true
path_average_power_sum internal=8.63278e-06 switching=5.78852e-10 dynamic=8.63336e-06 leakage=3.97525e-09 total=8.63733e-06
stage instance cell pins fanout capacitance slew delay arrival internal switching dynamic leakage total
1 _2771_ sg13g2_dfrbpq_1 RESET_B - - 0.002187 0 2.10219 8.63278e-06 5.78852e-10 8.63336e-06 3.97525e-09 8.63733e-06

Worst path 14: status=met slack=7.85759 type=max group=asynchronous
startpoint=rst_ni (input port clocked by core)
endpoint=_2772_ (recovery check against rising-edge clock core)
path_power_complete=true
path_average_power_sum internal=8.63936e-06 switching=4.07538e-10 dynamic=8.63976e-06 leakage=3.97404e-09 total=8.64374e-06
stage instance cell pins fanout capacitance slew delay arrival internal switching dynamic leakage total
1 _2772_ sg13g2_dfrbpq_1 RESET_B - - 0.002187 0 2.10219 8.63936e-06 4.07538e-10 8.63976e-06 3.97404e-09 8.64374e-06

Worst path 15: status=met slack=9.39422 type=max group=asynchronous
startpoint=_2744_ (rising edge-triggered flip-flop clocked by core)
endpoint=_2703_ (recovery check against rising-edge clock core)
path_power_complete=true
path_average_power_sum internal=1.58291e-05 switching=2.02525e-08 dynamic=1.58493e-05 leakage=1.65334e-08 total=1.58659e-05
stage instance cell pins fanout capacitance slew delay arrival internal switching dynamic leakage total
1 _2744_ sg13g2_dfrbpq_1 CLK,Q 1 0.002476 0.024643 0.153546 0.253546 8.61731e-06 3.47311e-10 8.61766e-06 3.97507e-09 8.62163e-06
2 gain374 sg13g2_buf_1 A,X 2 0.018768 0.091551 0.108263 0.361808 1.15093e-09 2.63223e-09 3.78316e-09 7.76755e-10 4.55991e-09
3 gain373 sg13g2_buf_8 A,X 8 0.051578 0.044467 0.108554 0.470362 7.22504e-09 7.23371e-09 1.44587e-08 3.95359e-09 1.84123e-08
4 gain370 sg13g2_buf_8 A,X 8 0.043746 0.038643 0.08569 0.556052 7.20267e-09 6.1353e-09 1.3338e-08 3.95362e-09 1.72916e-08
5 _2703_ sg13g2_dfrbpq_1 RESET_B - - 0.038643 0 0.556052 7.1962e-06 3.90394e-09 7.20011e-06 3.87433e-09 7.20398e-06

Worst path 16: status=met slack=9.39422 type=max group=asynchronous
startpoint=_2744_ (rising edge-triggered flip-flop clocked by core)
endpoint=_2739_ (recovery check against rising-edge clock core)
path_power_complete=true
path_average_power_sum internal=1.56745e-05 switching=3.51211e-08 dynamic=1.57096e-05 leakage=1.62195e-08 total=1.57258e-05
stage instance cell pins fanout capacitance slew delay arrival internal switching dynamic leakage total
1 _2744_ sg13g2_dfrbpq_1 CLK,Q 1 0.002476 0.024643 0.153546 0.253546 8.61731e-06 3.47311e-10 8.61766e-06 3.97507e-09 8.62163e-06
2 gain374 sg13g2_buf_1 A,X 2 0.018768 0.091551 0.108263 0.361808 1.15093e-09 2.63223e-09 3.78316e-09 7.76755e-10 4.55991e-09
3 gain373 sg13g2_buf_8 A,X 8 0.051578 0.044467 0.108554 0.470362 7.22504e-09 7.23371e-09 1.44587e-08 3.95359e-09 1.84123e-08
4 gain370 sg13g2_buf_8 A,X 8 0.043746 0.038643 0.08569 0.556052 7.20267e-09 6.1353e-09 1.3338e-08 3.95362e-09 1.72916e-08
5 _2739_ sg13g2_dfrbpq_1 RESET_B - - 0.038643 0 0.556052 7.04161e-06 1.87726e-08 7.06038e-06 3.56047e-09 7.06394e-06

Worst path 17: status=met slack=9.39422 type=max group=asynchronous
startpoint=_2744_ (rising edge-triggered flip-flop clocked by core)
endpoint=_2742_ (recovery check against rising-edge clock core)
path_power_complete=true
path_average_power_sum internal=1.72398e-05 switching=1.77827e-08 dynamic=1.72576e-05 leakage=1.66342e-08 total=1.72742e-05
stage instance cell pins fanout capacitance slew delay arrival internal switching dynamic leakage total
1 _2744_ sg13g2_dfrbpq_1 CLK,Q 1 0.002476 0.024643 0.153546 0.253546 8.61731e-06 3.47311e-10 8.61766e-06 3.97507e-09 8.62163e-06
2 gain374 sg13g2_buf_1 A,X 2 0.018768 0.091551 0.108263 0.361808 1.15093e-09 2.63223e-09 3.78316e-09 7.76755e-10 4.55991e-09
3 gain373 sg13g2_buf_8 A,X 8 0.051578 0.044467 0.108554 0.470362 7.22504e-09 7.23371e-09 1.44587e-08 3.95359e-09 1.84123e-08
4 gain370 sg13g2_buf_8 A,X 8 0.043746 0.038643 0.08569 0.556052 7.20267e-09 6.1353e-09 1.3338e-08 3.95362e-09 1.72916e-08
5 _2742_ sg13g2_dfrbpq_1 RESET_B - - 0.038643 0 0.556052 8.6069e-06 1.43413e-09 8.60833e-06 3.97517e-09 8.61231e-06

Worst path 18: status=met slack=9.39422 type=max group=asynchronous
startpoint=_2744_ (rising edge-triggered flip-flop clocked by core)
endpoint=_2747_ (recovery check against rising-edge clock core)
path_power_complete=true
path_average_power_sum internal=1.53402e-05 switching=1.65422e-08 dynamic=1.53567e-05 leakage=1.61795e-08 total=1.53729e-05
stage instance cell pins fanout capacitance slew delay arrival internal switching dynamic leakage total
1 _2744_ sg13g2_dfrbpq_1 CLK,Q 1 0.002476 0.024643 0.153546 0.253546 8.61731e-06 3.47311e-10 8.61766e-06 3.97507e-09 8.62163e-06
2 gain374 sg13g2_buf_1 A,X 2 0.018768 0.091551 0.108263 0.361808 1.15093e-09 2.63223e-09 3.78316e-09 7.76755e-10 4.55991e-09
3 gain373 sg13g2_buf_8 A,X 8 0.051578 0.044467 0.108554 0.470362 7.22504e-09 7.23371e-09 1.44587e-08 3.95359e-09 1.84123e-08
4 gain370 sg13g2_buf_8 A,X 8 0.043746 0.038643 0.08569 0.556052 7.20267e-09 6.1353e-09 1.3338e-08 3.95362e-09 1.72916e-08
5 _2747_ sg13g2_dfrbpq_1 RESET_B - - 0.038643 0 0.556052 6.70731e-06 1.93655e-10 6.7075e-06 3.52045e-09 6.71102e-06

Worst path 19: status=met slack=9.39422 type=max group=asynchronous
startpoint=_2744_ (rising edge-triggered flip-flop clocked by core)
endpoint=_2965_ (recovery check against rising-edge clock core)
path_power_complete=true
path_average_power_sum internal=1.57951e-05 switching=2.42139e-08 dynamic=1.58193e-05 leakage=1.6512e-08 total=1.58358e-05
stage instance cell pins fanout capacitance slew delay arrival internal switching dynamic leakage total
1 _2744_ sg13g2_dfrbpq_1 CLK,Q 1 0.002476 0.024643 0.153546 0.253546 8.61731e-06 3.47311e-10 8.61766e-06 3.97507e-09 8.62163e-06
2 gain374 sg13g2_buf_1 A,X 2 0.018768 0.091551 0.108263 0.361808 1.15093e-09 2.63223e-09 3.78316e-09 7.76755e-10 4.55991e-09
3 gain373 sg13g2_buf_8 A,X 8 0.051578 0.044467 0.108554 0.470362 7.22504e-09 7.23371e-09 1.44587e-08 3.95359e-09 1.84123e-08
4 gain370 sg13g2_buf_8 A,X 8 0.043746 0.038643 0.08569 0.556052 7.20267e-09 6.1353e-09 1.3338e-08 3.95362e-09 1.72916e-08
5 _2965_ sg13g2_dfrbpq_1 RESET_B - - 0.038643 0 0.556052 7.16217e-06 7.86534e-09 7.17004e-06 3.853e-09 7.17389e-06

Worst path 20: status=met slack=9.39422 type=max group=asynchronous
startpoint=_2744_ (rising edge-triggered flip-flop clocked by core)
endpoint=_2966_ (recovery check against rising-edge clock core)
path_power_complete=true
path_average_power_sum internal=1.56927e-05 switching=2.34837e-08 dynamic=1.57162e-05 leakage=1.64599e-08 total=1.57326e-05
stage instance cell pins fanout capacitance slew delay arrival internal switching dynamic leakage total
1 _2744_ sg13g2_dfrbpq_1 CLK,Q 1 0.002476 0.024643 0.153546 0.253546 8.61731e-06 3.47311e-10 8.61766e-06 3.97507e-09 8.62163e-06
2 gain374 sg13g2_buf_1 A,X 2 0.018768 0.091551 0.108263 0.361808 1.15093e-09 2.63223e-09 3.78316e-09 7.76755e-10 4.55991e-09
3 gain373 sg13g2_buf_8 A,X 8 0.051578 0.044467 0.108554 0.470362 7.22504e-09 7.23371e-09 1.44587e-08 3.95359e-09 1.84123e-08
4 gain370 sg13g2_buf_8 A,X 8 0.043746 0.038643 0.08569 0.556052 7.20267e-09 6.1353e-09 1.3338e-08 3.95362e-09 1.72916e-08
5 _2966_ sg13g2_dfrbpq_1 RESET_B - - 0.038643 0 0.556052 7.05981e-06 7.13511e-09 7.06695e-06 3.8009e-09 7.07075e-06

=== Highest-power instances and worst path through each ===

Hotspot 1: instance=_2767_ selected_worst_paths=none internal=1.15037e-05 switching=6.34366e-07 dynamic=1.21381e-05 leakage=3.97682e-09 total=1.2142e-05
Worst path through hotspot: status=met slack=8.08332 type=max group=core
startpoint=_2706_ (rising edge-triggered flip-flop clocked by core)
endpoint=_2767_ (rising edge-triggered flip-flop clocked by core)
path_power_complete=true
path_average_power_sum internal=2.09502e-05 switching=8.66409e-07 dynamic=2.18166e-05 leakage=2.51591e-08 total=2.18418e-05
stage instance cell pins fanout capacitance slew delay arrival internal switching dynamic leakage total
1 _2706_ sg13g2_dfrbpq_1 CLK,Q 3 0.009759 0.044354 0.171979 0.271979 8.58701e-06 1.51652e-09 8.58852e-06 3.98074e-09 8.5925e-06
2 _1391_ sg13g2_inv_1 A,Y 2 0.007467 0.045489 0.047551 0.31953 3.2739e-10 1.04729e-09 1.37468e-09 7.49915e-10 2.12459e-09
3 _1392_ sg13g2_nor2_1 B,Y 1 0.003013 0.027113 0.034086 0.353616 5.72643e-10 5.09333e-10 1.08198e-09 4.21733e-10 1.50371e-09
4 _1393_ sg13g2_nor2_1 B,Y 2 0.00908 0.099493 0.087664 0.44128 1.57959e-09 4.66914e-09 6.24873e-09 7.68768e-10 7.0175e-09
5 _1397_ sg13g2_a21oi_1 A1,Y 2 0.008655 0.086242 0.10415 0.54543 3.20505e-09 9.33309e-09 1.25381e-08 2.93932e-10 1.28321e-08
6 _1399_ sg13g2_nor2b_1 A,Y 1 0.00307 0.059653 0.066734 0.612165 5.32588e-09 1.29169e-09 6.61757e-09 1.33832e-09 7.95588e-09
7 _1400_ sg13g2_a21o_1 B1,X 2 0.00908 0.055913 0.095162 0.707327 7.38021e-09 7.21594e-09 1.45962e-08 1.12911e-09 1.57253e-08
8 _1404_ sg13g2_a21oi_1 A1,Y 2 0.008655 0.079847 0.088293 0.79562 7.69141e-10 2.22217e-09 2.99131e-09 2.97331e-10 3.28864e-09
9 _1406_ sg13g2_nor2b_1 A,Y 1 0.003584 0.062589 0.068313 0.863933 2.42936e-09 1.67548e-10 2.59691e-09 1.33433e-09 3.93124e-09
10 _1407_ sg13g2_a21oi_1 B1,Y 2 0.0089 0.081479 0.058119 0.922052 9.73118e-10 2.34029e-09 3.31341e-09 4.43307e-10 3.75671e-09
11 _1409_ sg13g2_o21ai_1 A2,Y 3 0.012211 0.16861 0.163486 1.08554 8.83208e-10 2.88994e-09 3.77315e-09 1.37947e-09 5.15262e-09
12 _1415_ sg13g2_nand3_1 A,Y 1 0.006596 0.104578 0.120195 1.20573 2.30973e-10 3.08383e-10 5.39356e-10 1.06279e-10 6.45635e-10
13 _1421_ sg13g2_nand2_2 A,Y 4 0.015312 0.058304 0.066415 1.27215 7.81587e-09 1.55749e-08 2.33908e-08 3.01708e-09 2.64079e-08
14 _1433_ sg13g2_nand4_1 A,Y 1 0.002777 0.085086 0.082277 1.35443 1.12769e-09 6.49208e-10 1.77689e-09 9.10817e-11 1.86798e-09
15 _1444_ sg13g2_and3_1 A,X 1 0.002389 0.023611 0.090366 1.44479 8.32541e-09 1.9681e-09 1.02935e-08 1.91412e-09 1.22076e-08
16 gain205 sg13g2_buf_1 A,X 3 0.011916 0.051642 0.085053 1.52984 6.41016e-09 1.08475e-08 1.72577e-08 7.76708e-10 1.80344e-08
17 _1447_ sg13g2_o21ai_1 A2,Y 2 0.009125 0.136 0.129816 1.65966 2.0403e-09 3.83947e-09 5.87977e-09 1.38906e-09 7.26883e-09
18 _1450_ sg13g2_a21oi_1 A1,Y 2 0.009033 0.094936 0.116177 1.77584 3.20591e-09 8.91381e-09 1.21197e-08 2.92927e-10 1.24126e-08
19 _1451_ sg13g2_xnor2_1 B,Y 1 0.001743 0.039613 0.102502 1.87834 8.06935e-07 1.56739e-07 9.63674e-07 1.4581e-09 9.65132e-07
20 _2767_ sg13g2_dfrbpq_1 D - - 0.039613 0 1.87834 1.15037e-05 6.34366e-07 1.21381e-05 3.97682e-09 1.2142e-05
OpenSTA targeted timing report:
Startpoint: _2706_ (rising edge-triggered flip-flop clocked by core)
Endpoint: _2767_ (rising edge-triggered flip-flop clocked by core)
Path Group: core
Path Type: max

Fanout         Cap        Slew       Delay        Time   Description
---------------------------------------------------------------------------------------------
                      0.000000    0.050000    0.050000   clock core (rise edge)
                                  0.050000    0.100000   clock network delay (ideal)
                      0.000000    0.000000    0.100000 ^ _2706_/CLK (sg13g2_dfrbpq_1)
     3    0.009759    0.044354    0.171979    0.271979 v _2706_/Q (sg13g2_dfrbpq_1)
                                                         _0027_ (net)
                      0.044354    0.000000    0.271979 v _1391_/A (sg13g2_inv_1)
     2    0.007467    0.045489    0.047551    0.319530 ^ _1391_/Y (sg13g2_inv_1)
                                                         _1116_ (net)
                      0.045489    0.000000    0.319530 ^ _1392_/B (sg13g2_nor2_1)
     1    0.003013    0.027113    0.034086    0.353616 v _1392_/Y (sg13g2_nor2_1)
                                                         _1117_ (net)
                      0.027113    0.000000    0.353616 v _1393_/B (sg13g2_nor2_1)
     2    0.009080    0.099493    0.087664    0.441280 ^ _1393_/Y (sg13g2_nor2_1)
                                                         _1118_ (net)
                      0.099493    0.000000    0.441280 ^ _1397_/A1 (sg13g2_a21oi_1)
     2    0.008655    0.086242    0.104150    0.545430 v _1397_/Y (sg13g2_a21oi_1)
                                                         _1122_ (net)
                      0.086242    0.000000    0.545430 v _1399_/A (sg13g2_nor2b_1)
     1    0.003070    0.059653    0.066734    0.612165 ^ _1399_/Y (sg13g2_nor2b_1)
                                                         _1124_ (net)
                      0.059653    0.000000    0.612165 ^ _1400_/B1 (sg13g2_a21o_1)
     2    0.009080    0.055913    0.095162    0.707327 ^ _1400_/X (sg13g2_a21o_1)
                                                         _1125_ (net)
                      0.055913    0.000000    0.707327 ^ _1404_/A1 (sg13g2_a21oi_1)
     2    0.008655    0.079847    0.088293    0.795620 v _1404_/Y (sg13g2_a21oi_1)
                                                         _1129_ (net)
                      0.079847    0.000000    0.795620 v _1406_/A (sg13g2_nor2b_1)
     1    0.003584    0.062589    0.068313    0.863933 ^ _1406_/Y (sg13g2_nor2b_1)
                                                         _1131_ (net)
                      0.062589    0.000000    0.863933 ^ _1407_/B1 (sg13g2_a21oi_1)
     2    0.008900    0.081479    0.058119    0.922052 v _1407_/Y (sg13g2_a21oi_1)
                                                         _1132_ (net)
                      0.081479    0.000000    0.922052 v _1409_/A2 (sg13g2_o21ai_1)
     3    0.012211    0.168610    0.163486    1.085538 ^ _1409_/Y (sg13g2_o21ai_1)
                                                         _1134_ (net)
                      0.168610    0.000000    1.085538 ^ _1415_/A (sg13g2_nand3_1)
     1    0.006596    0.104578    0.120195    1.205734 v _1415_/Y (sg13g2_nand3_1)
                                                         _1140_ (net)
                      0.104578    0.000000    1.205734 v _1421_/A (sg13g2_nand2_2)
     4    0.015312    0.058304    0.066415    1.272149 ^ _1421_/Y (sg13g2_nand2_2)
                                                         _1146_ (net)
                      0.058304    0.000000    1.272149 ^ _1433_/A (sg13g2_nand4_1)
     1    0.002777    0.085086    0.082277    1.354426 v _1433_/Y (sg13g2_nand4_1)
                                                         _1158_ (net)
                      0.085086    0.000000    1.354426 v _1444_/A (sg13g2_and3_1)
     1    0.002389    0.023611    0.090366    1.444791 v _1444_/X (sg13g2_and3_1)
                                                         _1169_ (net)
                      0.023611    0.000000    1.444791 v gain205/A (sg13g2_buf_1)
     3    0.011916    0.051642    0.085053    1.529844 v gain205/X (sg13g2_buf_1)
                                                         net204 (net)
                      0.051642    0.000000    1.529844 v _1447_/A2 (sg13g2_o21ai_1)
     2    0.009125    0.136000    0.129816    1.659660 ^ _1447_/Y (sg13g2_o21ai_1)
                                                         _1172_ (net)
                      0.136000    0.000000    1.659660 ^ _1450_/A1 (sg13g2_a21oi_1)
     2    0.009033    0.094936    0.116177    1.775838 v _1450_/Y (sg13g2_a21oi_1)
                                                         _1175_ (net)
                      0.094936    0.000000    1.775838 v _1451_/B (sg13g2_xnor2_1)
     1    0.001743    0.039613    0.102502    1.878340 v _1451_/Y (sg13g2_xnor2_1)
                                                         _0008_ (net)
                      0.039613    0.000000    1.878340 v _2767_/D (sg13g2_dfrbpq_1)
                                              1.878340   data arrival time

                      0.000000   10.050000   10.050000   clock core (rise edge)
                                  0.050000   10.100000   clock network delay (ideal)
                                 -0.025000   10.075001   clock uncertainty
                                  0.000000   10.075001   clock reconvergence pessimism
                                             10.075001 ^ _2767_/CLK (sg13g2_dfrbpq_1)
                                 -0.113343    9.961658   library setup time
                                              9.961658   data required time
---------------------------------------------------------------------------------------------
                                              9.961658   data required time
                                             -1.878340   data arrival time
---------------------------------------------------------------------------------------------
                                              8.083318   slack (MET)

Hotspot 2: instance=_2768_ selected_worst_paths=none internal=1.14897e-05 switching=2.22164e-07 dynamic=1.17119e-05 leakage=3.97521e-09 total=1.17159e-05
Worst path through hotspot: status=met slack=8.10945 type=max group=core
startpoint=_2706_ (rising edge-triggered flip-flop clocked by core)
endpoint=_2768_ (rising edge-triggered flip-flop clocked by core)
path_power_complete=true
path_average_power_sum internal=2.07114e-05 switching=4.54696e-07 dynamic=2.11661e-05 leakage=2.45555e-08 total=2.11907e-05
stage instance cell pins fanout capacitance slew delay arrival internal switching dynamic leakage total
1 _2706_ sg13g2_dfrbpq_1 CLK,Q 3 0.009759 0.044354 0.171979 0.271979 8.58701e-06 1.51652e-09 8.58852e-06 3.98074e-09 8.5925e-06
2 _1391_ sg13g2_inv_1 A,Y 2 0.007467 0.045489 0.047551 0.31953 3.2739e-10 1.04729e-09 1.37468e-09 7.49915e-10 2.12459e-09
3 _1392_ sg13g2_nor2_1 B,Y 1 0.003013 0.027113 0.034086 0.353616 5.72643e-10 5.09333e-10 1.08198e-09 4.21733e-10 1.50371e-09
4 _1393_ sg13g2_nor2_1 B,Y 2 0.00908 0.099493 0.087664 0.44128 1.57959e-09 4.66914e-09 6.24873e-09 7.68768e-10 7.0175e-09
5 _1397_ sg13g2_a21oi_1 A1,Y 2 0.008655 0.086242 0.10415 0.54543 3.20505e-09 9.33309e-09 1.25381e-08 2.93932e-10 1.28321e-08
6 _1399_ sg13g2_nor2b_1 A,Y 1 0.00307 0.059653 0.066734 0.612165 5.32588e-09 1.29169e-09 6.61757e-09 1.33832e-09 7.95588e-09
7 _1400_ sg13g2_a21o_1 B1,X 2 0.00908 0.055913 0.095162 0.707327 7.38021e-09 7.21594e-09 1.45962e-08 1.12911e-09 1.57253e-08
8 _1404_ sg13g2_a21oi_1 A1,Y 2 0.008655 0.079847 0.088293 0.79562 7.69141e-10 2.22217e-09 2.99131e-09 2.97331e-10 3.28864e-09
9 _1406_ sg13g2_nor2b_1 A,Y 1 0.003584 0.062589 0.068313 0.863933 2.42936e-09 1.67548e-10 2.59691e-09 1.33433e-09 3.93124e-09
10 _1407_ sg13g2_a21oi_1 B1,Y 2 0.0089 0.081479 0.058119 0.922052 9.73118e-10 2.34029e-09 3.31341e-09 4.43307e-10 3.75671e-09
11 _1409_ sg13g2_o21ai_1 A2,Y 3 0.012211 0.16861 0.163486 1.08554 8.83208e-10 2.88994e-09 3.77315e-09 1.37947e-09 5.15262e-09
12 _1415_ sg13g2_nand3_1 A,Y 1 0.006596 0.104578 0.120195 1.20573 2.30973e-10 3.08383e-10 5.39356e-10 1.06279e-10 6.45635e-10
13 _1421_ sg13g2_nand2_2 A,Y 4 0.015312 0.058304 0.066415 1.27215 7.81587e-09 1.55749e-08 2.33908e-08 3.01708e-09 2.64079e-08
14 _1433_ sg13g2_nand4_1 A,Y 1 0.002777 0.085086 0.082277 1.35443 1.12769e-09 6.49208e-10 1.77689e-09 9.10817e-11 1.86798e-09
15 _1444_ sg13g2_and3_1 A,X 1 0.002389 0.023611 0.090366 1.44479 8.32541e-09 1.9681e-09 1.02935e-08 1.91412e-09 1.22076e-08
16 gain205 sg13g2_buf_1 A,X 3 0.011916 0.051642 0.085053 1.52984 6.41016e-09 1.08475e-08 1.72577e-08 7.76708e-10 1.80344e-08
17 _1447_ sg13g2_o21ai_1 A2,Y 2 0.009125 0.136 0.129816 1.65966 2.0403e-09 3.83947e-09 5.87977e-09 1.38906e-09 7.26883e-09
18 _1450_ sg13g2_a21oi_1 A1,Y 2 0.009033 0.094936 0.116177 1.77584 3.20591e-09 8.91381e-09 1.21197e-08 2.92927e-10 1.24126e-08
19 _2295_ sg13g2_a21oi_1 A1,Y 1 0.001629 0.048099 0.071548 1.84739 5.82087e-07 1.57228e-07 7.39315e-07 8.56041e-10 7.40171e-07
20 _2768_ sg13g2_dfrbpq_1 D - - 0.048099 0 1.84739 1.14897e-05 2.22164e-07 1.17119e-05 3.97521e-09 1.17159e-05
OpenSTA targeted timing report:
Startpoint: _2706_ (rising edge-triggered flip-flop clocked by core)
Endpoint: _2768_ (rising edge-triggered flip-flop clocked by core)
Path Group: core
Path Type: max

Fanout         Cap        Slew       Delay        Time   Description
---------------------------------------------------------------------------------------------
                      0.000000    0.050000    0.050000   clock core (rise edge)
                                  0.050000    0.100000   clock network delay (ideal)
                      0.000000    0.000000    0.100000 ^ _2706_/CLK (sg13g2_dfrbpq_1)
     3    0.009759    0.044354    0.171979    0.271979 v _2706_/Q (sg13g2_dfrbpq_1)
                                                         _0027_ (net)
                      0.044354    0.000000    0.271979 v _1391_/A (sg13g2_inv_1)
     2    0.007467    0.045489    0.047551    0.319530 ^ _1391_/Y (sg13g2_inv_1)
                                                         _1116_ (net)
                      0.045489    0.000000    0.319530 ^ _1392_/B (sg13g2_nor2_1)
     1    0.003013    0.027113    0.034086    0.353616 v _1392_/Y (sg13g2_nor2_1)
                                                         _1117_ (net)
                      0.027113    0.000000    0.353616 v _1393_/B (sg13g2_nor2_1)
     2    0.009080    0.099493    0.087664    0.441280 ^ _1393_/Y (sg13g2_nor2_1)
                                                         _1118_ (net)
                      0.099493    0.000000    0.441280 ^ _1397_/A1 (sg13g2_a21oi_1)
     2    0.008655    0.086242    0.104150    0.545430 v _1397_/Y (sg13g2_a21oi_1)
                                                         _1122_ (net)
                      0.086242    0.000000    0.545430 v _1399_/A (sg13g2_nor2b_1)
     1    0.003070    0.059653    0.066734    0.612165 ^ _1399_/Y (sg13g2_nor2b_1)
                                                         _1124_ (net)
                      0.059653    0.000000    0.612165 ^ _1400_/B1 (sg13g2_a21o_1)
     2    0.009080    0.055913    0.095162    0.707327 ^ _1400_/X (sg13g2_a21o_1)
                                                         _1125_ (net)
                      0.055913    0.000000    0.707327 ^ _1404_/A1 (sg13g2_a21oi_1)
     2    0.008655    0.079847    0.088293    0.795620 v _1404_/Y (sg13g2_a21oi_1)
                                                         _1129_ (net)
                      0.079847    0.000000    0.795620 v _1406_/A (sg13g2_nor2b_1)
     1    0.003584    0.062589    0.068313    0.863933 ^ _1406_/Y (sg13g2_nor2b_1)
                                                         _1131_ (net)
                      0.062589    0.000000    0.863933 ^ _1407_/B1 (sg13g2_a21oi_1)
     2    0.008900    0.081479    0.058119    0.922052 v _1407_/Y (sg13g2_a21oi_1)
                                                         _1132_ (net)
                      0.081479    0.000000    0.922052 v _1409_/A2 (sg13g2_o21ai_1)
     3    0.012211    0.168610    0.163486    1.085538 ^ _1409_/Y (sg13g2_o21ai_1)
                                                         _1134_ (net)
                      0.168610    0.000000    1.085538 ^ _1415_/A (sg13g2_nand3_1)
     1    0.006596    0.104578    0.120195    1.205734 v _1415_/Y (sg13g2_nand3_1)
                                                         _1140_ (net)
                      0.104578    0.000000    1.205734 v _1421_/A (sg13g2_nand2_2)
     4    0.015312    0.058304    0.066415    1.272149 ^ _1421_/Y (sg13g2_nand2_2)
                                                         _1146_ (net)
                      0.058304    0.000000    1.272149 ^ _1433_/A (sg13g2_nand4_1)
     1    0.002777    0.085086    0.082277    1.354426 v _1433_/Y (sg13g2_nand4_1)
                                                         _1158_ (net)
                      0.085086    0.000000    1.354426 v _1444_/A (sg13g2_and3_1)
     1    0.002389    0.023611    0.090366    1.444791 v _1444_/X (sg13g2_and3_1)
                                                         _1169_ (net)
                      0.023611    0.000000    1.444791 v gain205/A (sg13g2_buf_1)
     3    0.011916    0.051642    0.085053    1.529844 v gain205/X (sg13g2_buf_1)
                                                         net204 (net)
                      0.051642    0.000000    1.529844 v _1447_/A2 (sg13g2_o21ai_1)
     2    0.009125    0.136000    0.129816    1.659660 ^ _1447_/Y (sg13g2_o21ai_1)
                                                         _1172_ (net)
                      0.136000    0.000000    1.659660 ^ _1450_/A1 (sg13g2_a21oi_1)
     2    0.009033    0.094936    0.116177    1.775838 v _1450_/Y (sg13g2_a21oi_1)
                                                         _1175_ (net)
                      0.094936    0.000000    1.775838 v _2295_/A1 (sg13g2_a21oi_1)
     1    0.001629    0.048099    0.071548    1.847386 ^ _2295_/Y (sg13g2_a21oi_1)
                                                         _0001_ (net)
                      0.048099    0.000000    1.847386 ^ _2768_/D (sg13g2_dfrbpq_1)
                                              1.847386   data arrival time

                      0.000000   10.050000   10.050000   clock core (rise edge)
                                  0.050000   10.100000   clock network delay (ideal)
                                 -0.025000   10.075001   clock uncertainty
                                  0.000000   10.075001   clock reconvergence pessimism
                                             10.075001 ^ _2768_/CLK (sg13g2_dfrbpq_1)
                                 -0.118165    9.956837   library setup time
                                              9.956837   data required time
---------------------------------------------------------------------------------------------
                                              9.956837   data required time
                                             -1.847386   data arrival time
---------------------------------------------------------------------------------------------
                                              8.109451   slack (MET)

Hotspot 3: instance=_3012_ selected_worst_paths=none internal=1.03701e-05 switching=4.51758e-07 dynamic=1.08219e-05 leakage=3.97609e-09 total=1.08259e-05
Worst path through hotspot: status=met slack=9.32247 type=max group=core
startpoint=_3012_ (rising edge-triggered flip-flop clocked by core)
endpoint=_3015_ (rising edge-triggered flip-flop clocked by core)
path_power_complete=true
path_average_power_sum internal=1.88023e-05 switching=1.37497e-06 dynamic=2.01773e-05 leakage=1.11023e-08 total=2.01884e-05
stage instance cell pins fanout capacitance slew delay arrival internal switching dynamic leakage total
1 _3012_ sg13g2_dfrbpq_1 CLK,Q 2 0.009743 0.054494 0.176074 0.276074 1.03701e-05 4.51758e-07 1.08219e-05 3.97609e-09 1.08259e-05
2 _1725_ sg13g2_nand2_1 A,Y 2 0.008655 0.070095 0.07539 0.351464 1.68975e-07 4.26211e-07 5.95187e-07 4.94662e-10 5.95681e-07
3 _1726_ sg13g2_nor2b_1 A,Y 2 0.009108 0.105502 0.101313 0.452777 2.69185e-07 2.03962e-07 4.73146e-07 9.69615e-10 4.74116e-07
4 _2526_ sg13g2_nand2_1 A,Y 2 0.008655 0.078033 0.090793 0.543571 6.92653e-08 2.12883e-07 2.82149e-07 2.37352e-10 2.82386e-07
5 _2527_ sg13g2_xnor2_1 B,Y 1 0.001743 0.03699 0.096471 0.640042 1.46e-07 2.94243e-08 1.75424e-07 1.449e-09 1.76873e-07
6 _3015_ sg13g2_dfrbpq_1 D - - 0.03699 0 0.640042 7.77879e-06 5.07313e-08 7.82952e-06 3.97563e-09 7.83349e-06
OpenSTA targeted timing report:
Startpoint: _3012_ (rising edge-triggered flip-flop clocked by core)
Endpoint: _3015_ (rising edge-triggered flip-flop clocked by core)
Path Group: core
Path Type: max

Fanout         Cap        Slew       Delay        Time   Description
---------------------------------------------------------------------------------------------
                      0.000000    0.050000    0.050000   clock core (rise edge)
                                  0.050000    0.100000   clock network delay (ideal)
                      0.000000    0.000000    0.100000 ^ _3012_/CLK (sg13g2_dfrbpq_1)
     2    0.009743    0.054494    0.176074    0.276074 ^ _3012_/Q (sg13g2_dfrbpq_1)
                                                         u_uart_core_uart_tx_baud_div_q_0_ (net)
                      0.054494    0.000000    0.276074 ^ _1725_/A (sg13g2_nand2_1)
     2    0.008655    0.070095    0.075390    0.351464 v _1725_/Y (sg13g2_nand2_1)
                                                         _0379_ (net)
                      0.070095    0.000000    0.351464 v _1726_/A (sg13g2_nor2b_1)
     2    0.009108    0.105502    0.101313    0.452777 ^ _1726_/Y (sg13g2_nor2b_1)
                                                         _0380_ (net)
                      0.105502    0.000000    0.452777 ^ _2526_/A (sg13g2_nand2_1)
     2    0.008655    0.078033    0.090793    0.543571 v _2526_/Y (sg13g2_nand2_1)
                                                         _0933_ (net)
                      0.078033    0.000000    0.543571 v _2527_/B (sg13g2_xnor2_1)
     1    0.001743    0.036990    0.096471    0.640042 v _2527_/Y (sg13g2_xnor2_1)
                                                         _0320_ (net)
                      0.036990    0.000000    0.640042 v _3015_/D (sg13g2_dfrbpq_1)
                                              0.640042   data arrival time

                      0.000000   10.050000   10.050000   clock core (rise edge)
                                  0.050000   10.100000   clock network delay (ideal)
                                 -0.025000   10.075001   clock uncertainty
                                  0.000000   10.075001   clock reconvergence pessimism
                                             10.075001 ^ _3015_/CLK (sg13g2_dfrbpq_1)
                                 -0.112492    9.962508   library setup time
                                              9.962508   data required time
---------------------------------------------------------------------------------------------
                                              9.962508   data required time
                                             -0.640042   data arrival time
---------------------------------------------------------------------------------------------
                                              9.322467   slack (MET)

Hotspot 4: instance=_2993_ selected_worst_paths=none internal=9.44856e-06 switching=2.72355e-07 dynamic=9.72092e-06 leakage=3.9768e-09 total=9.72489e-06
Worst path through hotspot: status=met slack=9.14496 type=max group=core
startpoint=_2721_ (rising edge-triggered flip-flop clocked by core)
endpoint=_2993_ (rising edge-triggered flip-flop clocked by core)
path_power_complete=true
path_average_power_sum internal=1.64452e-05 switching=3.78068e-07 dynamic=1.68233e-05 leakage=1.36532e-08 total=1.68369e-05
stage instance cell pins fanout capacitance slew delay arrival internal switching dynamic leakage total
1 _2721_ sg13g2_dfrbpq_1 CLK,Q 3 0.009468 0.043412 0.171169 0.271169 6.70804e-06 4.48058e-10 6.70848e-06 3.52074e-09 6.712e-06
2 _1734_ sg13g2_inv_1 A,Y 2 0.007978 0.047434 0.048984 0.320153 1.09641e-10 3.72973e-10 4.82614e-10 2.06333e-10 6.88947e-10
3 _1735_ sg13g2_o21ai_1 A2,Y 1 0.003192 0.047886 0.058507 0.37866 1.37401e-10 1.62405e-10 2.99806e-10 4.08007e-10 7.07812e-10
4 _1736_ sg13g2_nand2b_1 B,Y 1 0.003022 0.034989 0.041489 0.420149 3.9716e-10 1.60682e-10 5.57843e-10 1.6591e-09 2.21695e-09
5 _1739_ sg13g2_nand4_1 A,Y 1 0.003444 0.082029 0.080767 0.500917 0 1.72558e-10 1.72558e-10 8.26766e-11 2.55235e-10
6 _1740_ sg13g2_o21ai_1 B1,Y 3 0.008121 0.125788 0.073097 0.574014 7.70571e-09 9.4911e-09 1.71968e-08 1.14804e-09 1.83448e-08
7 _1741_ sg13g2_nand2_1 A,Y 3 0.012948 0.104749 0.119551 0.693565 1.40869e-09 5.63272e-09 7.04141e-09 2.99022e-10 7.34043e-09
8 _1742_ sg13g2_inv_2 A,Y 7 0.025623 0.075347 0.084142 0.777707 1.78963e-09 1.07809e-08 1.25706e-08 1.51838e-09 1.40889e-08
9 _1806_ sg13g2_nor3_1 C,Y 1 0.001743 0.034596 0.040619 0.818326 2.77062e-07 7.84919e-08 3.55554e-07 8.34122e-10 3.56388e-07
10 _2993_ sg13g2_dfrbpq_1 D - - 0.034596 0 0.818326 9.44856e-06 2.72355e-07 9.72092e-06 3.9768e-09 9.72489e-06
OpenSTA targeted timing report:
Startpoint: _2721_ (rising edge-triggered flip-flop clocked by core)
Endpoint: _2993_ (rising edge-triggered flip-flop clocked by core)
Path Group: core
Path Type: max

Fanout         Cap        Slew       Delay        Time   Description
---------------------------------------------------------------------------------------------
                      0.000000    0.050000    0.050000   clock core (rise edge)
                                  0.050000    0.100000   clock network delay (ideal)
                      0.000000    0.000000    0.100000 ^ _2721_/CLK (sg13g2_dfrbpq_1)
     3    0.009468    0.043412    0.171169    0.271169 v _2721_/Q (sg13g2_dfrbpq_1)
                                                         reg2hw_36_ (net)
                      0.043412    0.000000    0.271169 v _1734_/A (sg13g2_inv_1)
     2    0.007978    0.047434    0.048984    0.320153 ^ _1734_/Y (sg13g2_inv_1)
                                                         _0385_ (net)
                      0.047434    0.000000    0.320153 ^ _1735_/A2 (sg13g2_o21ai_1)
     1    0.003192    0.047886    0.058507    0.378660 v _1735_/Y (sg13g2_o21ai_1)
                                                         _0386_ (net)
                      0.047886    0.000000    0.378660 v _1736_/B (sg13g2_nand2b_1)
     1    0.003022    0.034989    0.041489    0.420149 ^ _1736_/Y (sg13g2_nand2b_1)
                                                         _0387_ (net)
                      0.034989    0.000000    0.420149 ^ _1739_/A (sg13g2_nand4_1)
     1    0.003444    0.082029    0.080767    0.500917 v _1739_/Y (sg13g2_nand4_1)
                                                         _0390_ (net)
                      0.082029    0.000000    0.500917 v _1740_/B1 (sg13g2_o21ai_1)
     3    0.008121    0.125788    0.073097    0.574014 ^ _1740_/Y (sg13g2_o21ai_1)
                                                         _0391_ (net)
                      0.125788    0.000000    0.574014 ^ _1741_/A (sg13g2_nand2_1)
     3    0.012948    0.104749    0.119551    0.693565 v _1741_/Y (sg13g2_nand2_1)
                                                         _0392_ (net)
                      0.104749    0.000000    0.693565 v _1742_/A (sg13g2_inv_2)
     7    0.025623    0.075347    0.084142    0.777707 ^ _1742_/Y (sg13g2_inv_2)
                                                         _0393_ (net)
                      0.075347    0.000000    0.777707 ^ _1806_/C (sg13g2_nor3_1)
     1    0.001743    0.034596    0.040619    0.818326 v _1806_/Y (sg13g2_nor3_1)
                                                         _0095_ (net)
                      0.034596    0.000000    0.818326 v _2993_/D (sg13g2_dfrbpq_1)
                                              0.818326   data arrival time

                      0.000000   10.050000   10.050000   clock core (rise edge)
                                  0.050000   10.100000   clock network delay (ideal)
                                 -0.025000   10.075001   clock uncertainty
                                  0.000000   10.075001   clock reconvergence pessimism
                                             10.075001 ^ _2993_/CLK (sg13g2_dfrbpq_1)
                                 -0.111715    9.963285   library setup time
                                              9.963285   data required time
---------------------------------------------------------------------------------------------
                                              9.963285   data required time
                                             -0.818326   data arrival time
---------------------------------------------------------------------------------------------
                                              9.144959   slack (MET)

Hotspot 5: instance=_2716_ selected_worst_paths=none internal=9.22121e-06 switching=1.95799e-09 dynamic=9.22317e-06 leakage=4.11962e-09 total=9.22729e-06
Worst path through hotspot: status=met slack=6.63299 type=max group=core
startpoint=reg_req_i[36] (input port clocked by core)
endpoint=_2716_ (rising edge-triggered flip-flop clocked by core)
path_power_complete=true
path_average_power_sum internal=9.28278e-06 switching=9.0006e-08 dynamic=9.37278e-06 leakage=2.2535e-08 total=9.39532e-06
stage instance cell pins fanout capacitance slew delay arrival internal switching dynamic leakage total
1 _1359_ sg13g2_nor2_1 A,Y 2 0.006278 0.072159 0.069034 2.16937 0 3.12924e-10 3.12924e-10 4.11395e-10 7.24319e-10
2 _1367_ sg13g2_nand3_1 A,Y 2 0.006465 0.088058 0.094505 2.26387 4.6066e-09 5.37608e-09 9.98267e-09 1.76271e-09 1.17454e-08
3 _1368_ sg13g2_inv_1 A,Y 3 0.010177 0.063867 0.070991 2.33487 1.90636e-09 8.08826e-09 9.99462e-09 2.91646e-10 1.02863e-08
4 _1369_ sg13g2_nor2_1 B,Y 1 0.002389 0.026293 0.036522 2.37139 4.11739e-09 3.35734e-09 7.47473e-09 6.86981e-10 8.16171e-09
5 _1370_ sg13g2_buf_1 A,X 5 0.016206 0.065821 0.09811 2.4695 3.80702e-10 8.45938e-10 1.22664e-09 8.99763e-10 2.1264e-09
6 _1371_ sg13g2_inv_1 A,Y 2 0.007694 0.050192 0.054699 2.5242 1.09405e-10 3.59696e-10 4.69101e-10 2.0588e-10 6.74981e-10
7 gain265 sg13g2_buf_4 A,X 8 0.02895 0.049926 0.112493 2.63669 1.19752e-09 1.35342e-09 2.55094e-09 1.95297e-09 4.50391e-09
8 gain264 sg13g2_buf_4 A,X 8 0.032459 0.053412 0.115408 2.7521 1.20073e-09 1.51746e-09 2.71819e-09 1.95298e-09 4.67118e-09
9 _1646_ sg13g2_nand2_2 B,Y 3 0.011272 0.067348 0.066486 2.81858 1.4149e-09 3.50424e-09 4.91914e-09 3.03949e-09 7.95863e-09
10 _1657_ sg13g2_nor3_1 C,Y 1 0.002476 0.083251 0.083202 2.90178 4.3862e-09 1.9681e-09 6.3543e-09 7.31235e-10 7.08554e-09
11 _1658_ sg13g2_buf_1 A,X 5 0.017806 0.088341 0.126615 3.0284 6.40937e-09 1.41515e-08 2.05608e-08 8.99512e-10 2.14604e-08
12 _1659_ sg13g2_buf_2 A,X 6 0.024314 0.066502 0.12432 3.15272 1.08312e-08 1.93235e-08 3.01547e-08 1.69067e-09 3.18453e-08
13 gain239 sg13g2_buf_4 A,X 8 0.033139 0.054585 0.123746 3.27647 2.0394e-08 2.63371e-08 4.67311e-08 3.25447e-09 4.99856e-08
14 _1668_ sg13g2_o21ai_1 A2,Y 1 0.001748 0.036463 0.053218 3.32968 4.60927e-09 1.55247e-09 6.16174e-09 6.35672e-10 6.79742e-09
15 _2716_ sg13g2_dfrbpq_2 D - - 0.036463 0 3.32968 9.22121e-06 1.95799e-09 9.22317e-06 4.11962e-09 9.22729e-06
OpenSTA targeted timing report:
Startpoint: reg_req_i[36] (input port clocked by core)
Endpoint: _2716_ (rising edge-triggered flip-flop clocked by core)
Path Group: core
Path Type: max

Fanout         Cap        Slew       Delay        Time   Description
---------------------------------------------------------------------------------------------
                      0.000000    0.050000    0.050000   clock core (rise edge)
                                  0.050000    0.100000   clock network delay (ideal)
                                  2.000000    2.100000 v input external delay
     1    0.003358    0.000336    0.000336    2.100336 v reg_req_i[36] (in)
                                                         reg_req_i[36] (net)
                      0.000336    0.000000    2.100336 v _1359_/A (sg13g2_nor2_1)
     2    0.006278    0.072159    0.069034    2.169370 ^ _1359_/Y (sg13g2_nor2_1)
                                                         _1088_ (net)
                      0.072159    0.000000    2.169370 ^ _1367_/A (sg13g2_nand3_1)
     2    0.006465    0.088058    0.094505    2.263874 v _1367_/Y (sg13g2_nand3_1)
                                                         _1096_ (net)
                      0.088058    0.000000    2.263874 v _1368_/A (sg13g2_inv_1)
     3    0.010177    0.063867    0.070991    2.334865 ^ _1368_/Y (sg13g2_inv_1)
                                                         _1097_ (net)
                      0.063867    0.000000    2.334865 ^ _1369_/B (sg13g2_nor2_1)
     1    0.002389    0.026293    0.036522    2.371387 v _1369_/Y (sg13g2_nor2_1)
                                                         _1098_ (net)
                      0.026293    0.000000    2.371387 v _1370_/A (sg13g2_buf_1)
     5    0.016206    0.065821    0.098110    2.469497 v _1370_/X (sg13g2_buf_1)
                                                         u_uart_reg_reg_rsp_o_10_ (net)
                      0.065821    0.000000    2.469497 v _1371_/A (sg13g2_inv_1)
     2    0.007694    0.050192    0.054699    2.524196 ^ _1371_/Y (sg13g2_inv_1)
                                                         _1099_ (net)
                      0.050192    0.000000    2.524196 ^ gain265/A (sg13g2_buf_4)
     8    0.028950    0.049926    0.112493    2.636688 ^ gain265/X (sg13g2_buf_4)
                                                         net264 (net)
                      0.049926    0.000000    2.636688 ^ gain264/A (sg13g2_buf_4)
     8    0.032459    0.053412    0.115408    2.752097 ^ gain264/X (sg13g2_buf_4)
                                                         net263 (net)
                      0.053412    0.000000    2.752097 ^ _1646_/B (sg13g2_nand2_2)
     3    0.011272    0.067348    0.066486    2.818583 v _1646_/Y (sg13g2_nand2_2)
                                                         _1342_ (net)
                      0.067348    0.000000    2.818583 v _1657_/C (sg13g2_nor3_1)
     1    0.002476    0.083251    0.083202    2.901785 ^ _1657_/Y (sg13g2_nor3_1)
                                                         _1345_ (net)
                      0.083251    0.000000    2.901785 ^ _1658_/A (sg13g2_buf_1)
     5    0.017806    0.088341    0.126615    3.028400 ^ _1658_/X (sg13g2_buf_1)
                                                         _1346_ (net)
                      0.088341    0.000000    3.028400 ^ _1659_/A (sg13g2_buf_2)
     6    0.024314    0.066502    0.124320    3.152720 ^ _1659_/X (sg13g2_buf_2)
                                                         _1347_ (net)
                      0.066502    0.000000    3.152720 ^ gain239/A (sg13g2_buf_4)
     8    0.033139    0.054585    0.123746    3.276466 ^ gain239/X (sg13g2_buf_4)
                                                         net238 (net)
                      0.054585    0.000000    3.276466 ^ _1668_/A2 (sg13g2_o21ai_1)
     1    0.001748    0.036463    0.053218    3.329684 v _1668_/Y (sg13g2_o21ai_1)
                                                         _0063_ (net)
                      0.036463    0.000000    3.329684 v _2716_/D (sg13g2_dfrbpq_2)
                                              3.329684   data arrival time

                      0.000000   10.050000   10.050000   clock core (rise edge)
                                  0.050000   10.100000   clock network delay (ideal)
                                 -0.025000   10.075001   clock uncertainty
                                  0.000000   10.075001   clock reconvergence pessimism
                                             10.075001 ^ _2716_/CLK (sg13g2_dfrbpq_2)
                                 -0.112324    9.962676   library setup time
                                              9.962676   data required time
---------------------------------------------------------------------------------------------
                                              9.962676   data required time
                                             -3.329684   data arrival time
---------------------------------------------------------------------------------------------
                                              6.632992   slack (MET)

Hotspot 6: instance=_2994_ selected_worst_paths=none internal=8.8846e-06 switching=2.23353e-07 dynamic=9.10795e-06 leakage=3.97579e-09 total=9.11192e-06
Worst path through hotspot: status=met slack=9.14682 type=max group=core
startpoint=_2721_ (rising edge-triggered flip-flop clocked by core)
endpoint=_2994_ (rising edge-triggered flip-flop clocked by core)
path_power_complete=true
path_average_power_sum internal=1.60286e-05 switching=3.67212e-07 dynamic=1.63959e-05 leakage=1.36349e-08 total=1.64095e-05
stage instance cell pins fanout capacitance slew delay arrival internal switching dynamic leakage total
1 _2721_ sg13g2_dfrbpq_1 CLK,Q 3 0.009468 0.043412 0.171169 0.271169 6.70804e-06 4.48058e-10 6.70848e-06 3.52074e-09 6.712e-06
2 _1734_ sg13g2_inv_1 A,Y 2 0.007978 0.047434 0.048984 0.320153 1.09641e-10 3.72973e-10 4.82614e-10 2.06333e-10 6.88947e-10
3 _1735_ sg13g2_o21ai_1 A2,Y 1 0.003192 0.047886 0.058507 0.37866 1.37401e-10 1.62405e-10 2.99806e-10 4.08007e-10 7.07812e-10
4 _1736_ sg13g2_nand2b_1 B,Y 1 0.003022 0.034989 0.041489 0.420149 3.9716e-10 1.60682e-10 5.57843e-10 1.6591e-09 2.21695e-09
5 _1739_ sg13g2_nand4_1 A,Y 1 0.003444 0.082029 0.080767 0.500917 0 1.72558e-10 1.72558e-10 8.26766e-11 2.55235e-10
6 _1740_ sg13g2_o21ai_1 B1,Y 3 0.008121 0.125788 0.073097 0.574014 7.70571e-09 9.4911e-09 1.71968e-08 1.14804e-09 1.83448e-08
7 _1741_ sg13g2_nand2_1 A,Y 3 0.012948 0.104749 0.119551 0.693565 1.40869e-09 5.63272e-09 7.04141e-09 2.99022e-10 7.34043e-09
8 _1742_ sg13g2_inv_2 A,Y 7 0.025623 0.075347 0.084142 0.777707 1.78963e-09 1.07809e-08 1.25706e-08 1.51838e-09 1.40889e-08
9 _1804_ sg13g2_nor3_1 C,Y 1 0.001743 0.028862 0.040619 0.818326 4.24469e-07 1.16637e-07 5.41106e-07 8.16772e-10 5.41923e-07
10 _2994_ sg13g2_dfrbpq_1 D - - 0.028862 0 0.818326 8.8846e-06 2.23353e-07 9.10795e-06 3.97579e-09 9.11192e-06
OpenSTA targeted timing report:
Startpoint: _2721_ (rising edge-triggered flip-flop clocked by core)
Endpoint: _2994_ (rising edge-triggered flip-flop clocked by core)
Path Group: core
Path Type: max

Fanout         Cap        Slew       Delay        Time   Description
---------------------------------------------------------------------------------------------
                      0.000000    0.050000    0.050000   clock core (rise edge)
                                  0.050000    0.100000   clock network delay (ideal)
                      0.000000    0.000000    0.100000 ^ _2721_/CLK (sg13g2_dfrbpq_1)
     3    0.009468    0.043412    0.171169    0.271169 v _2721_/Q (sg13g2_dfrbpq_1)
                                                         reg2hw_36_ (net)
                      0.043412    0.000000    0.271169 v _1734_/A (sg13g2_inv_1)
     2    0.007978    0.047434    0.048984    0.320153 ^ _1734_/Y (sg13g2_inv_1)
                                                         _0385_ (net)
                      0.047434    0.000000    0.320153 ^ _1735_/A2 (sg13g2_o21ai_1)
     1    0.003192    0.047886    0.058507    0.378660 v _1735_/Y (sg13g2_o21ai_1)
                                                         _0386_ (net)
                      0.047886    0.000000    0.378660 v _1736_/B (sg13g2_nand2b_1)
     1    0.003022    0.034989    0.041489    0.420149 ^ _1736_/Y (sg13g2_nand2b_1)
                                                         _0387_ (net)
                      0.034989    0.000000    0.420149 ^ _1739_/A (sg13g2_nand4_1)
     1    0.003444    0.082029    0.080767    0.500917 v _1739_/Y (sg13g2_nand4_1)
                                                         _0390_ (net)
                      0.082029    0.000000    0.500917 v _1740_/B1 (sg13g2_o21ai_1)
     3    0.008121    0.125788    0.073097    0.574014 ^ _1740_/Y (sg13g2_o21ai_1)
                                                         _0391_ (net)
                      0.125788    0.000000    0.574014 ^ _1741_/A (sg13g2_nand2_1)
     3    0.012948    0.104749    0.119551    0.693565 v _1741_/Y (sg13g2_nand2_1)
                                                         _0392_ (net)
                      0.104749    0.000000    0.693565 v _1742_/A (sg13g2_inv_2)
     7    0.025623    0.075347    0.084142    0.777707 ^ _1742_/Y (sg13g2_inv_2)
                                                         _0393_ (net)
                      0.075347    0.000000    0.777707 ^ _1804_/C (sg13g2_nor3_1)
     1    0.001743    0.028862    0.040619    0.818326 v _1804_/Y (sg13g2_nor3_1)
                                                         _0094_ (net)
                      0.028862    0.000000    0.818326 v _2994_/D (sg13g2_dfrbpq_1)
                                              0.818326   data arrival time

                      0.000000   10.050000   10.050000   clock core (rise edge)
                                  0.050000   10.100000   clock network delay (ideal)
                                 -0.025000   10.075001   clock uncertainty
                                  0.000000   10.075001   clock reconvergence pessimism
                                             10.075001 ^ _2994_/CLK (sg13g2_dfrbpq_1)
                                 -0.109856    9.965145   library setup time
                                              9.965145   data required time
---------------------------------------------------------------------------------------------
                                              9.965145   data required time
                                             -0.818326   data arrival time
---------------------------------------------------------------------------------------------
                                              9.146819   slack (MET)

Hotspot 7: instance=_3013_ selected_worst_paths=none internal=8.66412e-06 switching=2.04204e-07 dynamic=8.86833e-06 leakage=3.97637e-09 total=8.8723e-06
Worst path through hotspot: status=met slack=9.36664 type=max group=core
startpoint=_3013_ (rising edge-triggered flip-flop clocked by core)
endpoint=_3015_ (rising edge-triggered flip-flop clocked by core)
path_power_complete=true
path_average_power_sum internal=1.69274e-05 switching=7.01205e-07 dynamic=1.76286e-05 leakage=1.0608e-08 total=1.76392e-05
stage instance cell pins fanout capacitance slew delay arrival internal switching dynamic leakage total
1 _3013_ sg13g2_dfrbpq_1 CLK,Q 2 0.009119 0.05193 0.174139 0.274139 8.66412e-06 2.04204e-07 8.86833e-06 3.97637e-09 8.8723e-06
2 _1726_ sg13g2_nor2b_1 B_N,Y 2 0.009108 0.105502 0.134467 0.408606 2.69185e-07 2.03962e-07 4.73146e-07 9.69615e-10 4.74116e-07
3 _2526_ sg13g2_nand2_1 A,Y 2 0.008655 0.078033 0.090793 0.4994 6.92653e-08 2.12883e-07 2.82149e-07 2.37352e-10 2.82386e-07
4 _2527_ sg13g2_xnor2_1 B,Y 1 0.001743 0.03699 0.096471 0.595871 1.46e-07 2.94243e-08 1.75424e-07 1.449e-09 1.76873e-07
5 _3015_ sg13g2_dfrbpq_1 D - - 0.03699 0 0.595871 7.77879e-06 5.07313e-08 7.82952e-06 3.97563e-09 7.83349e-06
OpenSTA targeted timing report:
Startpoint: _3013_ (rising edge-triggered flip-flop clocked by core)
Endpoint: _3015_ (rising edge-triggered flip-flop clocked by core)
Path Group: core
Path Type: max

Fanout         Cap        Slew       Delay        Time   Description
---------------------------------------------------------------------------------------------
                      0.000000    0.050000    0.050000   clock core (rise edge)
                                  0.050000    0.100000   clock network delay (ideal)
                      0.000000    0.000000    0.100000 ^ _3013_/CLK (sg13g2_dfrbpq_1)
     2    0.009119    0.051930    0.174139    0.274139 ^ _3013_/Q (sg13g2_dfrbpq_1)
                                                         u_uart_core_uart_tx_baud_div_q_1_ (net)
                      0.051930    0.000000    0.274139 ^ _1726_/B_N (sg13g2_nor2b_1)
     2    0.009108    0.105502    0.134467    0.408606 ^ _1726_/Y (sg13g2_nor2b_1)
                                                         _0380_ (net)
                      0.105502    0.000000    0.408606 ^ _2526_/A (sg13g2_nand2_1)
     2    0.008655    0.078033    0.090793    0.499400 v _2526_/Y (sg13g2_nand2_1)
                                                         _0933_ (net)
                      0.078033    0.000000    0.499400 v _2527_/B (sg13g2_xnor2_1)
     1    0.001743    0.036990    0.096471    0.595871 v _2527_/Y (sg13g2_xnor2_1)
                                                         _0320_ (net)
                      0.036990    0.000000    0.595871 v _3015_/D (sg13g2_dfrbpq_1)
                                              0.595871   data arrival time

                      0.000000   10.050000   10.050000   clock core (rise edge)
                                  0.050000   10.100000   clock network delay (ideal)
                                 -0.025000   10.075001   clock uncertainty
                                  0.000000   10.075001   clock reconvergence pessimism
                                             10.075001 ^ _3015_/CLK (sg13g2_dfrbpq_1)
                                 -0.112492    9.962508   library setup time
                                              9.962508   data required time
---------------------------------------------------------------------------------------------
                                              9.962508   data required time
                                             -0.595871   data arrival time
---------------------------------------------------------------------------------------------
                                              9.366637   slack (MET)

Hotspot 8: instance=_2752_ selected_worst_paths=none internal=8.63395e-06 switching=1.00016e-08 dynamic=8.64395e-06 leakage=3.97767e-09 total=8.64793e-06
Worst path through hotspot: status=met slack=8.14505 type=max group=core
startpoint=_2752_ (rising edge-triggered flip-flop clocked by core)
endpoint=_2767_ (rising edge-triggered flip-flop clocked by core)
path_power_complete=true
path_average_power_sum internal=2.1e-05 switching=8.81812e-07 dynamic=2.18818e-05 leakage=2.42258e-08 total=2.19061e-05
stage instance cell pins fanout capacitance slew delay arrival internal switching dynamic leakage total
1 _2752_ sg13g2_dfrbpq_1 CLK,Q 2 0.009302 0.05268 0.174705 0.274705 8.63395e-06 1.00016e-08 8.64395e-06 3.97767e-09 8.64793e-06
2 _1395_ sg13g2_nand2_1 B,Y 2 0.009558 0.075329 0.08318 0.357885 3.08041e-09 9.80196e-09 1.28824e-08 2.52599e-10 1.3135e-08
3 _1396_ sg13g2_inv_1 A,Y 1 0.003404 0.034733 0.04148 0.399365 2.25009e-09 3.3419e-09 5.59199e-09 7.57549e-10 6.34954e-09
4 _1397_ sg13g2_a21oi_1 A2,Y 2 0.008655 0.086242 0.084336 0.483701 3.20505e-09 9.33309e-09 1.25381e-08 2.93932e-10 1.28321e-08
5 _1399_ sg13g2_nor2b_1 A,Y 1 0.00307 0.059653 0.066734 0.550436 5.32588e-09 1.29169e-09 6.61757e-09 1.33832e-09 7.95588e-09
6 _1400_ sg13g2_a21o_1 B1,X 2 0.00908 0.055913 0.095162 0.645598 7.38021e-09 7.21594e-09 1.45962e-08 1.12911e-09 1.57253e-08
7 _1404_ sg13g2_a21oi_1 A1,Y 2 0.008655 0.079847 0.088293 0.733891 7.69141e-10 2.22217e-09 2.99131e-09 2.97331e-10 3.28864e-09
8 _1406_ sg13g2_nor2b_1 A,Y 1 0.003584 0.062589 0.068313 0.802204 2.42936e-09 1.67548e-10 2.59691e-09 1.33433e-09 3.93124e-09
9 _1407_ sg13g2_a21oi_1 B1,Y 2 0.0089 0.081479 0.058119 0.860323 9.73118e-10 2.34029e-09 3.31341e-09 4.43307e-10 3.75671e-09
10 _1409_ sg13g2_o21ai_1 A2,Y 3 0.012211 0.16861 0.163486 1.02381 8.83208e-10 2.88994e-09 3.77315e-09 1.37947e-09 5.15262e-09
11 _1415_ sg13g2_nand3_1 A,Y 1 0.006596 0.104578 0.120195 1.144 2.30973e-10 3.08383e-10 5.39356e-10 1.06279e-10 6.45635e-10
12 _1421_ sg13g2_nand2_2 A,Y 4 0.015312 0.058304 0.066415 1.21042 7.81587e-09 1.55749e-08 2.33908e-08 3.01708e-09 2.64079e-08
13 _1433_ sg13g2_nand4_1 A,Y 1 0.002777 0.085086 0.082277 1.2927 1.12769e-09 6.49208e-10 1.77689e-09 9.10817e-11 1.86798e-09
14 _1444_ sg13g2_and3_1 A,X 1 0.002389 0.023611 0.090365 1.38306 8.32541e-09 1.9681e-09 1.02935e-08 1.91412e-09 1.22076e-08
15 gain205 sg13g2_buf_1 A,X 3 0.011916 0.051642 0.085053 1.46812 6.41016e-09 1.08475e-08 1.72577e-08 7.76708e-10 1.80344e-08
16 _1447_ sg13g2_o21ai_1 A2,Y 2 0.009125 0.136 0.129816 1.59793 2.0403e-09 3.83947e-09 5.87977e-09 1.38906e-09 7.26883e-09
17 _1450_ sg13g2_a21oi_1 A1,Y 2 0.009033 0.094936 0.116177 1.71411 3.20591e-09 8.91381e-09 1.21197e-08 2.92927e-10 1.24126e-08
18 _1451_ sg13g2_xnor2_1 B,Y 1 0.001743 0.039613 0.102502 1.81661 8.06935e-07 1.56739e-07 9.63674e-07 1.4581e-09 9.65132e-07
19 _2767_ sg13g2_dfrbpq_1 D - - 0.039613 0 1.81661 1.15037e-05 6.34366e-07 1.21381e-05 3.97682e-09 1.2142e-05
OpenSTA targeted timing report:
Startpoint: _2752_ (rising edge-triggered flip-flop clocked by core)
Endpoint: _2767_ (rising edge-triggered flip-flop clocked by core)
Path Group: core
Path Type: max

Fanout         Cap        Slew       Delay        Time   Description
---------------------------------------------------------------------------------------------
                      0.000000    0.050000    0.050000   clock core (rise edge)
                                  0.050000    0.100000   clock network delay (ideal)
                      0.000000    0.000000    0.100000 ^ _2752_/CLK (sg13g2_dfrbpq_1)
     2    0.009302    0.052680    0.174705    0.274705 ^ _2752_/Q (sg13g2_dfrbpq_1)
                                                         u_uart_core_nco_sum_q_0_ (net)
                      0.052680    0.000000    0.274705 ^ _1395_/B (sg13g2_nand2_1)
     2    0.009558    0.075329    0.083180    0.357885 v _1395_/Y (sg13g2_nand2_1)
                                                         _1120_ (net)
                      0.075329    0.000000    0.357885 v _1396_/A (sg13g2_inv_1)
     1    0.003404    0.034733    0.041480    0.399365 ^ _1396_/Y (sg13g2_inv_1)
                                                         _1121_ (net)
                      0.034733    0.000000    0.399365 ^ _1397_/A2 (sg13g2_a21oi_1)
     2    0.008655    0.086242    0.084336    0.483701 v _1397_/Y (sg13g2_a21oi_1)
                                                         _1122_ (net)
                      0.086242    0.000000    0.483701 v _1399_/A (sg13g2_nor2b_1)
     1    0.003070    0.059653    0.066734    0.550436 ^ _1399_/Y (sg13g2_nor2b_1)
                                                         _1124_ (net)
                      0.059653    0.000000    0.550436 ^ _1400_/B1 (sg13g2_a21o_1)
     2    0.009080    0.055913    0.095162    0.645598 ^ _1400_/X (sg13g2_a21o_1)
                                                         _1125_ (net)
                      0.055913    0.000000    0.645598 ^ _1404_/A1 (sg13g2_a21oi_1)
     2    0.008655    0.079847    0.088293    0.733891 v _1404_/Y (sg13g2_a21oi_1)
                                                         _1129_ (net)
                      0.079847    0.000000    0.733891 v _1406_/A (sg13g2_nor2b_1)
     1    0.003584    0.062589    0.068313    0.802204 ^ _1406_/Y (sg13g2_nor2b_1)
                                                         _1131_ (net)
                      0.062589    0.000000    0.802204 ^ _1407_/B1 (sg13g2_a21oi_1)
     2    0.008900    0.081479    0.058119    0.860323 v _1407_/Y (sg13g2_a21oi_1)
                                                         _1132_ (net)
                      0.081479    0.000000    0.860323 v _1409_/A2 (sg13g2_o21ai_1)
     3    0.012211    0.168610    0.163486    1.023809 ^ _1409_/Y (sg13g2_o21ai_1)
                                                         _1134_ (net)
                      0.168610    0.000000    1.023809 ^ _1415_/A (sg13g2_nand3_1)
     1    0.006596    0.104578    0.120195    1.144004 v _1415_/Y (sg13g2_nand3_1)
                                                         _1140_ (net)
                      0.104578    0.000000    1.144004 v _1421_/A (sg13g2_nand2_2)
     4    0.015312    0.058304    0.066415    1.210420 ^ _1421_/Y (sg13g2_nand2_2)
                                                         _1146_ (net)
                      0.058304    0.000000    1.210420 ^ _1433_/A (sg13g2_nand4_1)
     1    0.002777    0.085086    0.082277    1.292697 v _1433_/Y (sg13g2_nand4_1)
                                                         _1158_ (net)
                      0.085086    0.000000    1.292697 v _1444_/A (sg13g2_and3_1)
     1    0.002389    0.023611    0.090365    1.383062 v _1444_/X (sg13g2_and3_1)
                                                         _1169_ (net)
                      0.023611    0.000000    1.383062 v gain205/A (sg13g2_buf_1)
     3    0.011916    0.051642    0.085053    1.468115 v gain205/X (sg13g2_buf_1)
                                                         net204 (net)
                      0.051642    0.000000    1.468115 v _1447_/A2 (sg13g2_o21ai_1)
     2    0.009125    0.136000    0.129816    1.597931 ^ _1447_/Y (sg13g2_o21ai_1)
                                                         _1172_ (net)
                      0.136000    0.000000    1.597931 ^ _1450_/A1 (sg13g2_a21oi_1)
     2    0.009033    0.094936    0.116177    1.714108 v _1450_/Y (sg13g2_a21oi_1)
                                                         _1175_ (net)
                      0.094936    0.000000    1.714108 v _1451_/B (sg13g2_xnor2_1)
     1    0.001743    0.039613    0.102502    1.816611 v _1451_/Y (sg13g2_xnor2_1)
                                                         _0008_ (net)
                      0.039613    0.000000    1.816611 v _2767_/D (sg13g2_dfrbpq_1)
                                              1.816611   data arrival time

                      0.000000   10.050000   10.050000   clock core (rise edge)
                                  0.050000   10.100000   clock network delay (ideal)
                                 -0.025000   10.075001   clock uncertainty
                                  0.000000   10.075001   clock reconvergence pessimism
                                             10.075001 ^ _2767_/CLK (sg13g2_dfrbpq_1)
                                 -0.113343    9.961658   library setup time
                                              9.961658   data required time
---------------------------------------------------------------------------------------------
                                              9.961658   data required time
                                             -1.816611   data arrival time
---------------------------------------------------------------------------------------------
                                              8.145046   slack (MET)

Hotspot 9: instance=_2770_ selected_worst_paths=12 internal=8.63936e-06 switching=4.07538e-10 dynamic=8.63976e-06 leakage=3.97404e-09 total=8.64374e-06
Worst path through hotspot: status=met slack=7.85759 type=max group=asynchronous
startpoint=rst_ni (input port clocked by core)
endpoint=_2770_ (recovery check against rising-edge clock core)
path_power_complete=true
path_average_power_sum internal=8.63936e-06 switching=4.07538e-10 dynamic=8.63976e-06 leakage=3.97404e-09 total=8.64374e-06
stage instance cell pins fanout capacitance slew delay arrival internal switching dynamic leakage total
1 _2770_ sg13g2_dfrbpq_1 RESET_B - - 0.002187 0 2.10219 8.63936e-06 4.07538e-10 8.63976e-06 3.97404e-09 8.64374e-06
OpenSTA targeted timing report:
Startpoint: rst_ni (input port clocked by core)
Endpoint: _2770_ (recovery check against rising-edge clock core)
Path Group: asynchronous
Path Type: max

Fanout         Cap        Slew       Delay        Time   Description
---------------------------------------------------------------------------------------------
                      0.000000    0.050000    0.050000   clock core (rise edge)
                                  0.050000    0.100000   clock network delay (ideal)
                                  2.000000    2.100000 ^ input external delay
     4    0.021873    0.002187    0.002187    2.102187 ^ rst_ni (in)
                                                         rst_ni (net)
                      0.002187    0.000000    2.102187 ^ _2770_/RESET_B (sg13g2_dfrbpq_1)
                                              2.102187   data arrival time

                      0.000000   10.050000   10.050000   clock core (rise edge)
                                  0.050000   10.100000   clock network delay (ideal)
                                 -0.025000   10.075001   clock uncertainty
                                  0.000000   10.075001   clock reconvergence pessimism
                                             10.075001 ^ _2770_/CLK (sg13g2_dfrbpq_1)
                                 -0.115227    9.959774   library recovery time
                                              9.959774   data required time
---------------------------------------------------------------------------------------------
                                              9.959774   data required time
                                             -2.102187   data arrival time
---------------------------------------------------------------------------------------------
                                              7.857587   slack (MET)

Hotspot 10: instance=_2772_ selected_worst_paths=14 internal=8.63936e-06 switching=4.07538e-10 dynamic=8.63976e-06 leakage=3.97404e-09 total=8.64374e-06
Worst path through hotspot: status=met slack=7.85759 type=max group=asynchronous
startpoint=rst_ni (input port clocked by core)
endpoint=_2772_ (recovery check against rising-edge clock core)
path_power_complete=true
path_average_power_sum internal=8.63936e-06 switching=4.07538e-10 dynamic=8.63976e-06 leakage=3.97404e-09 total=8.64374e-06
stage instance cell pins fanout capacitance slew delay arrival internal switching dynamic leakage total
1 _2772_ sg13g2_dfrbpq_1 RESET_B - - 0.002187 0 2.10219 8.63936e-06 4.07538e-10 8.63976e-06 3.97404e-09 8.64374e-06
OpenSTA targeted timing report:
Startpoint: rst_ni (input port clocked by core)
Endpoint: _2772_ (recovery check against rising-edge clock core)
Path Group: asynchronous
Path Type: max

Fanout         Cap        Slew       Delay        Time   Description
---------------------------------------------------------------------------------------------
                      0.000000    0.050000    0.050000   clock core (rise edge)
                                  0.050000    0.100000   clock network delay (ideal)
                                  2.000000    2.100000 ^ input external delay
     4    0.021873    0.002187    0.002187    2.102187 ^ rst_ni (in)
                                                         rst_ni (net)
                      0.002187    0.000000    2.102187 ^ _2772_/RESET_B (sg13g2_dfrbpq_1)
                                              2.102187   data arrival time

                      0.000000   10.050000   10.050000   clock core (rise edge)
                                  0.050000   10.100000   clock network delay (ideal)
                                 -0.025000   10.075001   clock uncertainty
                                  0.000000   10.075001   clock reconvergence pessimism
                                             10.075001 ^ _2772_/CLK (sg13g2_dfrbpq_1)
                                 -0.115227    9.959774   library recovery time
                                              9.959774   data required time
---------------------------------------------------------------------------------------------
                                              9.959774   data required time
                                             -2.102187   data arrival time
---------------------------------------------------------------------------------------------
                                              7.857587   slack (MET)

Hotspot 11: instance=_2769_ selected_worst_paths=11 internal=8.6328e-06 switching=2.19352e-09 dynamic=8.635e-06 leakage=3.97525e-09 total=8.63897e-06
Worst path through hotspot: status=met slack=7.85759 type=max group=asynchronous
startpoint=rst_ni (input port clocked by core)
endpoint=_2769_ (recovery check against rising-edge clock core)
path_power_complete=true
path_average_power_sum internal=8.6328e-06 switching=2.19352e-09 dynamic=8.635e-06 leakage=3.97525e-09 total=8.63897e-06
stage instance cell pins fanout capacitance slew delay arrival internal switching dynamic leakage total
1 _2769_ sg13g2_dfrbpq_1 RESET_B - - 0.002187 0 2.10219 8.6328e-06 2.19352e-09 8.635e-06 3.97525e-09 8.63897e-06
OpenSTA targeted timing report:
Startpoint: rst_ni (input port clocked by core)
Endpoint: _2769_ (recovery check against rising-edge clock core)
Path Group: asynchronous
Path Type: max

Fanout         Cap        Slew       Delay        Time   Description
---------------------------------------------------------------------------------------------
                      0.000000    0.050000    0.050000   clock core (rise edge)
                                  0.050000    0.100000   clock network delay (ideal)
                                  2.000000    2.100000 ^ input external delay
     4    0.021873    0.002187    0.002187    2.102187 ^ rst_ni (in)
                                                         rst_ni (net)
                      0.002187    0.000000    2.102187 ^ _2769_/RESET_B (sg13g2_dfrbpq_1)
                                              2.102187   data arrival time

                      0.000000   10.050000   10.050000   clock core (rise edge)
                                  0.050000   10.100000   clock network delay (ideal)
                                 -0.025000   10.075001   clock uncertainty
                                  0.000000   10.075001   clock reconvergence pessimism
                                             10.075001 ^ _2769_/CLK (sg13g2_dfrbpq_1)
                                 -0.115227    9.959774   library recovery time
                                              9.959774   data required time
---------------------------------------------------------------------------------------------
                                              9.959774   data required time
                                             -2.102187   data arrival time
---------------------------------------------------------------------------------------------
                                              7.857587   slack (MET)

Hotspot 12: instance=_2771_ selected_worst_paths=13 internal=8.63278e-06 switching=5.78852e-10 dynamic=8.63336e-06 leakage=3.97525e-09 total=8.63733e-06
Worst path through hotspot: status=met slack=7.85759 type=max group=asynchronous
startpoint=rst_ni (input port clocked by core)
endpoint=_2771_ (recovery check against rising-edge clock core)
path_power_complete=true
path_average_power_sum internal=8.63278e-06 switching=5.78852e-10 dynamic=8.63336e-06 leakage=3.97525e-09 total=8.63733e-06
stage instance cell pins fanout capacitance slew delay arrival internal switching dynamic leakage total
1 _2771_ sg13g2_dfrbpq_1 RESET_B - - 0.002187 0 2.10219 8.63278e-06 5.78852e-10 8.63336e-06 3.97525e-09 8.63733e-06
OpenSTA targeted timing report:
Startpoint: rst_ni (input port clocked by core)
Endpoint: _2771_ (recovery check against rising-edge clock core)
Path Group: asynchronous
Path Type: max

Fanout         Cap        Slew       Delay        Time   Description
---------------------------------------------------------------------------------------------
                      0.000000    0.050000    0.050000   clock core (rise edge)
                                  0.050000    0.100000   clock network delay (ideal)
                                  2.000000    2.100000 ^ input external delay
     4    0.021873    0.002187    0.002187    2.102187 ^ rst_ni (in)
                                                         rst_ni (net)
                      0.002187    0.000000    2.102187 ^ _2771_/RESET_B (sg13g2_dfrbpq_1)
                                              2.102187   data arrival time

                      0.000000   10.050000   10.050000   clock core (rise edge)
                                  0.050000   10.100000   clock network delay (ideal)
                                 -0.025000   10.075001   clock uncertainty
                                  0.000000   10.075001   clock reconvergence pessimism
                                             10.075001 ^ _2771_/CLK (sg13g2_dfrbpq_1)
                                 -0.115227    9.959774   library recovery time
                                              9.959774   data required time
---------------------------------------------------------------------------------------------
                                              9.959774   data required time
                                             -2.102187   data arrival time
---------------------------------------------------------------------------------------------
                                              7.857587   slack (MET)

Hotspot 13: instance=_2762_ selected_worst_paths=none internal=8.62078e-06 switching=7.45282e-09 dynamic=8.62823e-06 leakage=3.97854e-09 total=8.63221e-06
Worst path through hotspot: status=met slack=8.47501 type=max group=core
startpoint=_2753_ (rising edge-triggered flip-flop clocked by core)
endpoint=_2762_ (rising edge-triggered flip-flop clocked by core)
path_power_complete=true
path_average_power_sum internal=1.54195e-05 switching=6.74241e-08 dynamic=1.54869e-05 leakage=1.98821e-08 total=1.55068e-05
stage instance cell pins fanout capacitance slew delay arrival internal switching dynamic leakage total
1 _2753_ sg13g2_dfrbpq_1 CLK,Q 2 0.005828 0.03841 0.163936 0.263936 6.74674e-06 3.54184e-09 6.75028e-06 3.53545e-09 6.75382e-06
2 _1390_ sg13g2_nor2b_1 B_N,Y 2 0.006937 0.083978 0.116341 0.380277 8.92639e-09 4.21572e-09 1.31421e-08 5.63524e-10 1.37056e-08
3 _1393_ sg13g2_nor2_1 A,Y 2 0.009033 0.055564 0.07084 0.451116 1.57959e-09 4.66914e-09 6.24873e-09 7.68768e-10 7.0175e-09
4 _1397_ sg13g2_a21oi_1 A1,Y 2 0.009507 0.114209 0.110134 0.56125 3.20505e-09 9.33309e-09 1.25381e-08 2.93932e-10 1.28321e-08
5 _1399_ sg13g2_nor2b_1 A,Y 1 0.002717 0.036017 0.047599 0.60885 5.32588e-09 1.29169e-09 6.61757e-09 1.33832e-09 7.95588e-09
6 _1400_ sg13g2_a21o_1 B1,X 2 0.009033 0.04964 0.121811 0.73066 7.38021e-09 7.21594e-09 1.45962e-08 1.12911e-09 1.57253e-08
7 _1404_ sg13g2_a21oi_1 A1,Y 2 0.009507 0.114216 0.108358 0.839019 7.69141e-10 2.22217e-09 2.99131e-09 2.97331e-10 3.28864e-09
8 _1406_ sg13g2_nor2b_1 A,Y 1 0.003054 0.037124 0.048925 0.887944 2.42936e-09 1.67548e-10 2.59691e-09 1.33433e-09 3.93124e-09
9 _1407_ sg13g2_a21oi_1 B1,Y 2 0.010012 0.118325 0.1069 0.994844 9.73118e-10 2.34029e-09 3.31341e-09 4.43307e-10 3.75671e-09
10 _1409_ sg13g2_o21ai_1 A2,Y 3 0.012363 0.106087 0.123134 1.11798 8.83208e-10 2.88994e-09 3.77315e-09 1.37947e-09 5.15262e-09
11 _1415_ sg13g2_nand3_1 A,Y 1 0.006209 0.064245 0.067982 1.18596 2.30973e-10 3.08383e-10 5.39356e-10 1.06279e-10 6.45635e-10
12 _1421_ sg13g2_nand2_2 A,Y 4 0.015865 0.068712 0.075565 1.26153 7.81587e-09 1.55749e-08 2.33908e-08 3.01708e-09 2.64079e-08
13 _1458_ sg13g2_a21oi_1 A1,Y 2 0.009507 0.114346 0.114075 1.3756 1.38823e-09 3.9999e-09 5.38813e-09 2.95219e-10 5.68335e-09
14 _1467_ sg13g2_xnor2_1 B,Y 1 0.001629 0.065116 0.101359 1.47696 1.10902e-08 2.20071e-09 1.32909e-08 1.40144e-09 1.46924e-08
15 _2762_ sg13g2_dfrbpq_1 D - - 0.065116 0 1.47696 8.62078e-06 7.45282e-09 8.62823e-06 3.97854e-09 8.63221e-06
OpenSTA targeted timing report:
Startpoint: _2753_ (rising edge-triggered flip-flop clocked by core)
Endpoint: _2762_ (rising edge-triggered flip-flop clocked by core)
Path Group: core
Path Type: max

Fanout         Cap        Slew       Delay        Time   Description
---------------------------------------------------------------------------------------------
                      0.000000    0.050000    0.050000   clock core (rise edge)
                                  0.050000    0.100000   clock network delay (ideal)
                      0.000000    0.000000    0.100000 ^ _2753_/CLK (sg13g2_dfrbpq_1)
     2    0.005828    0.038410    0.163936    0.263936 ^ _2753_/Q (sg13g2_dfrbpq_1)
                                                         u_uart_core_nco_sum_q_1_ (net)
                      0.038410    0.000000    0.263936 ^ _1390_/B_N (sg13g2_nor2b_1)
     2    0.006937    0.083978    0.116341    0.380277 ^ _1390_/Y (sg13g2_nor2b_1)
                                                         _1115_ (net)
                      0.083978    0.000000    0.380277 ^ _1393_/A (sg13g2_nor2_1)
     2    0.009033    0.055564    0.070840    0.451116 v _1393_/Y (sg13g2_nor2_1)
                                                         _1118_ (net)
                      0.055564    0.000000    0.451116 v _1397_/A1 (sg13g2_a21oi_1)
     2    0.009507    0.114209    0.110134    0.561250 ^ _1397_/Y (sg13g2_a21oi_1)
                                                         _1122_ (net)
                      0.114209    0.000000    0.561250 ^ _1399_/A (sg13g2_nor2b_1)
     1    0.002717    0.036017    0.047599    0.608850 v _1399_/Y (sg13g2_nor2b_1)
                                                         _1124_ (net)
                      0.036017    0.000000    0.608850 v _1400_/B1 (sg13g2_a21o_1)
     2    0.009033    0.049640    0.121811    0.730660 v _1400_/X (sg13g2_a21o_1)
                                                         _1125_ (net)
                      0.049640    0.000000    0.730660 v _1404_/A1 (sg13g2_a21oi_1)
     2    0.009507    0.114216    0.108358    0.839019 ^ _1404_/Y (sg13g2_a21oi_1)
                                                         _1129_ (net)
                      0.114216    0.000000    0.839019 ^ _1406_/A (sg13g2_nor2b_1)
     1    0.003054    0.037124    0.048925    0.887944 v _1406_/Y (sg13g2_nor2b_1)
                                                         _1131_ (net)
                      0.037124    0.000000    0.887944 v _1407_/B1 (sg13g2_a21oi_1)
     2    0.010012    0.118325    0.106900    0.994844 ^ _1407_/Y (sg13g2_a21oi_1)
                                                         _1132_ (net)
                      0.118325    0.000000    0.994844 ^ _1409_/A2 (sg13g2_o21ai_1)
     3    0.012363    0.106087    0.123134    1.117977 v _1409_/Y (sg13g2_o21ai_1)
                                                         _1134_ (net)
                      0.106087    0.000000    1.117977 v _1415_/A (sg13g2_nand3_1)
     1    0.006209    0.064245    0.067982    1.185959 ^ _1415_/Y (sg13g2_nand3_1)
                                                         _1140_ (net)
                      0.064245    0.000000    1.185959 ^ _1421_/A (sg13g2_nand2_2)
     4    0.015865    0.068712    0.075565    1.261525 v _1421_/Y (sg13g2_nand2_2)
                                                         _1146_ (net)
                      0.068712    0.000000    1.261525 v _1458_/A1 (sg13g2_a21oi_1)
     2    0.009507    0.114346    0.114075    1.375600 ^ _1458_/Y (sg13g2_a21oi_1)
                                                         _1178_ (net)
                      0.114346    0.000000    1.375600 ^ _1467_/B (sg13g2_xnor2_1)
     1    0.001629    0.065116    0.101359    1.476959 ^ _1467_/Y (sg13g2_xnor2_1)
                                                         _0003_ (net)
                      0.065116    0.000000    1.476959 ^ _2762_/D (sg13g2_dfrbpq_1)
                                              1.476959   data arrival time

                      0.000000   10.050000   10.050000   clock core (rise edge)
                                  0.050000   10.100000   clock network delay (ideal)
                                 -0.025000   10.075001   clock uncertainty
                                  0.000000   10.075001   clock reconvergence pessimism
                                             10.075001 ^ _2762_/CLK (sg13g2_dfrbpq_1)
                                 -0.123028    9.951973   library setup time
                                              9.951973   data required time
---------------------------------------------------------------------------------------------
                                              9.951973   data required time
                                             -1.476959   data arrival time
---------------------------------------------------------------------------------------------
                                              8.475014   slack (MET)

Hotspot 14: instance=_2763_ selected_worst_paths=none internal=8.6234e-06 switching=2.34236e-09 dynamic=8.62574e-06 leakage=3.97814e-09 total=8.62972e-06
Worst path through hotspot: status=met slack=8.36993 type=max group=core
startpoint=_2753_ (rising edge-triggered flip-flop clocked by core)
endpoint=_2763_ (rising edge-triggered flip-flop clocked by core)
path_power_complete=true
path_average_power_sum internal=1.54392e-05 switching=7.21304e-08 dynamic=1.55114e-05 leakage=2.16266e-08 total=1.5533e-05
stage instance cell pins fanout capacitance slew delay arrival internal switching dynamic leakage total
1 _2753_ sg13g2_dfrbpq_1 CLK,Q 2 0.005828 0.03841 0.163936 0.263936 6.74674e-06 3.54184e-09 6.75028e-06 3.53545e-09 6.75382e-06
2 _1390_ sg13g2_nor2b_1 B_N,Y 2 0.006937 0.083978 0.116341 0.380277 8.92639e-09 4.21572e-09 1.31421e-08 5.63524e-10 1.37056e-08
3 _1393_ sg13g2_nor2_1 A,Y 2 0.009033 0.055564 0.07084 0.451116 1.57959e-09 4.66914e-09 6.24873e-09 7.68768e-10 7.0175e-09
4 _1397_ sg13g2_a21oi_1 A1,Y 2 0.009507 0.114209 0.110134 0.56125 3.20505e-09 9.33309e-09 1.25381e-08 2.93932e-10 1.28321e-08
5 _1399_ sg13g2_nor2b_1 A,Y 1 0.002717 0.036017 0.047599 0.60885 5.32588e-09 1.29169e-09 6.61757e-09 1.33832e-09 7.95588e-09
6 _1400_ sg13g2_a21o_1 B1,X 2 0.009033 0.04964 0.121811 0.73066 7.38021e-09 7.21594e-09 1.45962e-08 1.12911e-09 1.57253e-08
7 _1404_ sg13g2_a21oi_1 A1,Y 2 0.009507 0.114216 0.108358 0.839019 7.69141e-10 2.22217e-09 2.99131e-09 2.97331e-10 3.28864e-09
8 _1406_ sg13g2_nor2b_1 A,Y 1 0.003054 0.037124 0.048925 0.887944 2.42936e-09 1.67548e-10 2.59691e-09 1.33433e-09 3.93124e-09
9 _1407_ sg13g2_a21oi_1 B1,Y 2 0.010012 0.118325 0.1069 0.994844 9.73118e-10 2.34029e-09 3.31341e-09 4.43307e-10 3.75671e-09
10 _1409_ sg13g2_o21ai_1 A2,Y 3 0.012363 0.106087 0.123134 1.11798 8.83208e-10 2.88994e-09 3.77315e-09 1.37947e-09 5.15262e-09
11 _1415_ sg13g2_nand3_1 A,Y 1 0.006209 0.064245 0.067982 1.18596 2.30973e-10 3.08383e-10 5.39356e-10 1.06279e-10 6.45635e-10
12 _1421_ sg13g2_nand2_2 A,Y 4 0.015865 0.068712 0.075565 1.26153 7.81587e-09 1.55749e-08 2.33908e-08 3.01708e-09 2.64079e-08
13 _1458_ sg13g2_a21oi_1 A1,Y 2 0.009507 0.114346 0.114075 1.3756 1.38823e-09 3.9999e-09 5.38813e-09 2.95219e-10 5.68335e-09
14 _1459_ sg13g2_nor2b_1 A,Y 1 0.003013 0.03701 0.04878 1.42438 1.17541e-08 3.56533e-09 1.53194e-08 1.33112e-09 1.66506e-08
15 _1460_ sg13g2_nor2_1 B,Y 1 0.00587 0.073705 0.070676 1.49506 2.88178e-09 5.76245e-09 8.64423e-09 4.12897e-10 9.05713e-09
16 _1461_ sg13g2_xnor2_1 B,Y 1 0.001629 0.05732 0.089211 1.58427 1.35477e-08 2.68975e-09 1.62374e-08 1.40227e-09 1.76397e-08
17 _2763_ sg13g2_dfrbpq_1 D - - 0.05732 0 1.58427 8.6234e-06 2.34236e-09 8.62574e-06 3.97814e-09 8.62972e-06
OpenSTA targeted timing report:
Startpoint: _2753_ (rising edge-triggered flip-flop clocked by core)
Endpoint: _2763_ (rising edge-triggered flip-flop clocked by core)
Path Group: core
Path Type: max

Fanout         Cap        Slew       Delay        Time   Description
---------------------------------------------------------------------------------------------
                      0.000000    0.050000    0.050000   clock core (rise edge)
                                  0.050000    0.100000   clock network delay (ideal)
                      0.000000    0.000000    0.100000 ^ _2753_/CLK (sg13g2_dfrbpq_1)
     2    0.005828    0.038410    0.163936    0.263936 ^ _2753_/Q (sg13g2_dfrbpq_1)
                                                         u_uart_core_nco_sum_q_1_ (net)
                      0.038410    0.000000    0.263936 ^ _1390_/B_N (sg13g2_nor2b_1)
     2    0.006937    0.083978    0.116341    0.380277 ^ _1390_/Y (sg13g2_nor2b_1)
                                                         _1115_ (net)
                      0.083978    0.000000    0.380277 ^ _1393_/A (sg13g2_nor2_1)
     2    0.009033    0.055564    0.070840    0.451116 v _1393_/Y (sg13g2_nor2_1)
                                                         _1118_ (net)
                      0.055564    0.000000    0.451116 v _1397_/A1 (sg13g2_a21oi_1)
     2    0.009507    0.114209    0.110134    0.561250 ^ _1397_/Y (sg13g2_a21oi_1)
                                                         _1122_ (net)
                      0.114209    0.000000    0.561250 ^ _1399_/A (sg13g2_nor2b_1)
     1    0.002717    0.036017    0.047599    0.608850 v _1399_/Y (sg13g2_nor2b_1)
                                                         _1124_ (net)
                      0.036017    0.000000    0.608850 v _1400_/B1 (sg13g2_a21o_1)
     2    0.009033    0.049640    0.121811    0.730660 v _1400_/X (sg13g2_a21o_1)
                                                         _1125_ (net)
                      0.049640    0.000000    0.730660 v _1404_/A1 (sg13g2_a21oi_1)
     2    0.009507    0.114216    0.108358    0.839019 ^ _1404_/Y (sg13g2_a21oi_1)
                                                         _1129_ (net)
                      0.114216    0.000000    0.839019 ^ _1406_/A (sg13g2_nor2b_1)
     1    0.003054    0.037124    0.048925    0.887944 v _1406_/Y (sg13g2_nor2b_1)
                                                         _1131_ (net)
                      0.037124    0.000000    0.887944 v _1407_/B1 (sg13g2_a21oi_1)
     2    0.010012    0.118325    0.106900    0.994844 ^ _1407_/Y (sg13g2_a21oi_1)
                                                         _1132_ (net)
                      0.118325    0.000000    0.994844 ^ _1409_/A2 (sg13g2_o21ai_1)
     3    0.012363    0.106087    0.123134    1.117977 v _1409_/Y (sg13g2_o21ai_1)
                                                         _1134_ (net)
                      0.106087    0.000000    1.117977 v _1415_/A (sg13g2_nand3_1)
     1    0.006209    0.064245    0.067982    1.185959 ^ _1415_/Y (sg13g2_nand3_1)
                                                         _1140_ (net)
                      0.064245    0.000000    1.185959 ^ _1421_/A (sg13g2_nand2_2)
     4    0.015865    0.068712    0.075565    1.261525 v _1421_/Y (sg13g2_nand2_2)
                                                         _1146_ (net)
                      0.068712    0.000000    1.261525 v _1458_/A1 (sg13g2_a21oi_1)
     2    0.009507    0.114346    0.114075    1.375600 ^ _1458_/Y (sg13g2_a21oi_1)
                                                         _1178_ (net)
                      0.114346    0.000000    1.375600 ^ _1459_/A (sg13g2_nor2b_1)
     1    0.003013    0.037010    0.048780    1.424380 v _1459_/Y (sg13g2_nor2b_1)
                                                         _1179_ (net)
                      0.037010    0.000000    1.424380 v _1460_/B (sg13g2_nor2_1)
     1    0.005870    0.073705    0.070676    1.495057 ^ _1460_/Y (sg13g2_nor2_1)
                                                         _1180_ (net)
                      0.073705    0.000000    1.495057 ^ _1461_/B (sg13g2_xnor2_1)
     1    0.001629    0.057320    0.089211    1.584268 ^ _1461_/Y (sg13g2_xnor2_1)
                                                         _0004_ (net)
                      0.057320    0.000000    1.584268 ^ _2763_/D (sg13g2_dfrbpq_1)
                                              1.584268   data arrival time

                      0.000000   10.050000   10.050000   clock core (rise edge)
                                  0.050000   10.100000   clock network delay (ideal)
                                 -0.025000   10.075001   clock uncertainty
                                  0.000000   10.075001   clock reconvergence pessimism
                                             10.075001 ^ _2763_/CLK (sg13g2_dfrbpq_1)
                                 -0.120800    9.954201   library setup time
                                              9.954201   data required time
---------------------------------------------------------------------------------------------
                                              9.954201   data required time
                                             -1.584268   data arrival time
---------------------------------------------------------------------------------------------
                                              8.369932   slack (MET)

Hotspot 15: instance=_2764_ selected_worst_paths=none internal=8.61892e-06 switching=5.88381e-09 dynamic=8.6248e-06 leakage=3.97808e-09 total=8.62878e-06
Worst path through hotspot: status=met slack=8.34266 type=max group=core
startpoint=_2706_ (rising edge-triggered flip-flop clocked by core)
endpoint=_2764_ (rising edge-triggered flip-flop clocked by core)
path_power_complete=true
path_average_power_sum internal=1.7266e-05 switching=7.09616e-08 dynamic=1.73369e-05 leakage=2.34219e-08 total=1.73604e-05
stage instance cell pins fanout capacitance slew delay arrival internal switching dynamic leakage total
1 _2706_ sg13g2_dfrbpq_1 CLK,Q 3 0.009759 0.044354 0.171979 0.271979 8.58701e-06 1.51652e-09 8.58852e-06 3.98074e-09 8.5925e-06
2 _1391_ sg13g2_inv_1 A,Y 2 0.007467 0.045489 0.047551 0.31953 3.2739e-10 1.04729e-09 1.37468e-09 7.49915e-10 2.12459e-09
3 _1392_ sg13g2_nor2_1 B,Y 1 0.003013 0.027113 0.034086 0.353616 5.72643e-10 5.09333e-10 1.08198e-09 4.21733e-10 1.50371e-09
4 _1393_ sg13g2_nor2_1 B,Y 2 0.00908 0.099493 0.087664 0.44128 1.57959e-09 4.66914e-09 6.24873e-09 7.68768e-10 7.0175e-09
5 _1397_ sg13g2_a21oi_1 A1,Y 2 0.008655 0.086242 0.10415 0.54543 3.20505e-09 9.33309e-09 1.25381e-08 2.93932e-10 1.28321e-08
6 _1399_ sg13g2_nor2b_1 A,Y 1 0.00307 0.059653 0.066734 0.612165 5.32588e-09 1.29169e-09 6.61757e-09 1.33832e-09 7.95588e-09
7 _1400_ sg13g2_a21o_1 B1,X 2 0.00908 0.055913 0.095162 0.707327 7.38021e-09 7.21594e-09 1.45962e-08 1.12911e-09 1.57253e-08
8 _1404_ sg13g2_a21oi_1 A1,Y 2 0.008655 0.079847 0.088293 0.79562 7.69141e-10 2.22217e-09 2.99131e-09 2.97331e-10 3.28864e-09
9 _1406_ sg13g2_nor2b_1 A,Y 1 0.003584 0.062589 0.068313 0.863933 2.42936e-09 1.67548e-10 2.59691e-09 1.33433e-09 3.93124e-09
10 _1407_ sg13g2_a21oi_1 B1,Y 2 0.0089 0.081479 0.058119 0.922052 9.73118e-10 2.34029e-09 3.31341e-09 4.43307e-10 3.75671e-09
11 _1409_ sg13g2_o21ai_1 A2,Y 3 0.012211 0.16861 0.163486 1.08554 8.83208e-10 2.88994e-09 3.77315e-09 1.37947e-09 5.15262e-09
12 _1415_ sg13g2_nand3_1 A,Y 1 0.006596 0.104578 0.120195 1.20573 2.30973e-10 3.08383e-10 5.39356e-10 1.06279e-10 6.45635e-10
13 _1421_ sg13g2_nand2_2 A,Y 4 0.015312 0.058304 0.066415 1.27215 7.81587e-09 1.55749e-08 2.33908e-08 3.01708e-09 2.64079e-08
14 _1433_ sg13g2_nand4_1 A,Y 1 0.002777 0.085086 0.082277 1.35443 1.12769e-09 6.49208e-10 1.77689e-09 9.10817e-11 1.86798e-09
15 _1444_ sg13g2_and3_1 A,X 1 0.002389 0.023611 0.090366 1.44479 8.32541e-09 1.9681e-09 1.02935e-08 1.91412e-09 1.22076e-08
16 gain205 sg13g2_buf_1 A,X 3 0.011916 0.051642 0.085053 1.52984 6.41016e-09 1.08475e-08 1.72577e-08 7.76708e-10 1.80344e-08
17 _1462_ sg13g2_xnor2_1 B,Y 1 0.001743 0.0461 0.087054 1.6169 1.26899e-08 2.52674e-09 1.52166e-08 1.40159e-09 1.66182e-08
18 _2764_ sg13g2_dfrbpq_1 D - - 0.0461 0 1.6169 8.61892e-06 5.88381e-09 8.6248e-06 3.97808e-09 8.62878e-06
OpenSTA targeted timing report:
Startpoint: _2706_ (rising edge-triggered flip-flop clocked by core)
Endpoint: _2764_ (rising edge-triggered flip-flop clocked by core)
Path Group: core
Path Type: max

Fanout         Cap        Slew       Delay        Time   Description
---------------------------------------------------------------------------------------------
                      0.000000    0.050000    0.050000   clock core (rise edge)
                                  0.050000    0.100000   clock network delay (ideal)
                      0.000000    0.000000    0.100000 ^ _2706_/CLK (sg13g2_dfrbpq_1)
     3    0.009759    0.044354    0.171979    0.271979 v _2706_/Q (sg13g2_dfrbpq_1)
                                                         _0027_ (net)
                      0.044354    0.000000    0.271979 v _1391_/A (sg13g2_inv_1)
     2    0.007467    0.045489    0.047551    0.319530 ^ _1391_/Y (sg13g2_inv_1)
                                                         _1116_ (net)
                      0.045489    0.000000    0.319530 ^ _1392_/B (sg13g2_nor2_1)
     1    0.003013    0.027113    0.034086    0.353616 v _1392_/Y (sg13g2_nor2_1)
                                                         _1117_ (net)
                      0.027113    0.000000    0.353616 v _1393_/B (sg13g2_nor2_1)
     2    0.009080    0.099493    0.087664    0.441280 ^ _1393_/Y (sg13g2_nor2_1)
                                                         _1118_ (net)
                      0.099493    0.000000    0.441280 ^ _1397_/A1 (sg13g2_a21oi_1)
     2    0.008655    0.086242    0.104150    0.545430 v _1397_/Y (sg13g2_a21oi_1)
                                                         _1122_ (net)
                      0.086242    0.000000    0.545430 v _1399_/A (sg13g2_nor2b_1)
     1    0.003070    0.059653    0.066734    0.612165 ^ _1399_/Y (sg13g2_nor2b_1)
                                                         _1124_ (net)
                      0.059653    0.000000    0.612165 ^ _1400_/B1 (sg13g2_a21o_1)
     2    0.009080    0.055913    0.095162    0.707327 ^ _1400_/X (sg13g2_a21o_1)
                                                         _1125_ (net)
                      0.055913    0.000000    0.707327 ^ _1404_/A1 (sg13g2_a21oi_1)
     2    0.008655    0.079847    0.088293    0.795620 v _1404_/Y (sg13g2_a21oi_1)
                                                         _1129_ (net)
                      0.079847    0.000000    0.795620 v _1406_/A (sg13g2_nor2b_1)
     1    0.003584    0.062589    0.068313    0.863933 ^ _1406_/Y (sg13g2_nor2b_1)
                                                         _1131_ (net)
                      0.062589    0.000000    0.863933 ^ _1407_/B1 (sg13g2_a21oi_1)
     2    0.008900    0.081479    0.058119    0.922052 v _1407_/Y (sg13g2_a21oi_1)
                                                         _1132_ (net)
                      0.081479    0.000000    0.922052 v _1409_/A2 (sg13g2_o21ai_1)
     3    0.012211    0.168610    0.163486    1.085538 ^ _1409_/Y (sg13g2_o21ai_1)
                                                         _1134_ (net)
                      0.168610    0.000000    1.085538 ^ _1415_/A (sg13g2_nand3_1)
     1    0.006596    0.104578    0.120195    1.205734 v _1415_/Y (sg13g2_nand3_1)
                                                         _1140_ (net)
                      0.104578    0.000000    1.205734 v _1421_/A (sg13g2_nand2_2)
     4    0.015312    0.058304    0.066415    1.272149 ^ _1421_/Y (sg13g2_nand2_2)
                                                         _1146_ (net)
                      0.058304    0.000000    1.272149 ^ _1433_/A (sg13g2_nand4_1)
     1    0.002777    0.085086    0.082277    1.354426 v _1433_/Y (sg13g2_nand4_1)
                                                         _1158_ (net)
                      0.085086    0.000000    1.354426 v _1444_/A (sg13g2_and3_1)
     1    0.002389    0.023611    0.090366    1.444791 v _1444_/X (sg13g2_and3_1)
                                                         _1169_ (net)
                      0.023611    0.000000    1.444791 v gain205/A (sg13g2_buf_1)
     3    0.011916    0.051642    0.085053    1.529844 v gain205/X (sg13g2_buf_1)
                                                         net204 (net)
                      0.051642    0.000000    1.529844 v _1462_/B (sg13g2_xnor2_1)
     1    0.001743    0.046100    0.087054    1.616899 v _1462_/Y (sg13g2_xnor2_1)
                                                         _0005_ (net)
                      0.046100    0.000000    1.616899 v _2764_/D (sg13g2_dfrbpq_1)
                                              1.616899   data arrival time

                      0.000000   10.050000   10.050000   clock core (rise edge)
                                  0.050000   10.100000   clock network delay (ideal)
                                 -0.025000   10.075001   clock uncertainty
                                  0.000000   10.075001   clock reconvergence pessimism
                                             10.075001 ^ _2764_/CLK (sg13g2_dfrbpq_1)
                                 -0.115448    9.959554   library setup time
                                              9.959554   data required time
---------------------------------------------------------------------------------------------
                                              9.959554   data required time
                                             -1.616899   data arrival time
---------------------------------------------------------------------------------------------
                                              8.342655   slack (MET)

Hotspot 16: instance=_2746_ selected_worst_paths=none internal=8.61733e-06 switching=1.31611e-09 dynamic=8.61864e-06 leakage=3.97507e-09 total=8.62262e-06
Worst path through hotspot: status=met slack=9.4928 type=max group=asynchronous
startpoint=_2746_ (rising edge-triggered flip-flop clocked by core)
endpoint=_2740_ (recovery check against rising-edge clock core)
path_power_complete=true
path_average_power_sum internal=1.56251e-05 switching=3.46786e-08 dynamic=1.56598e-05 leakage=1.54433e-08 total=1.56752e-05
stage instance cell pins fanout capacitance slew delay arrival internal switching dynamic leakage total
1 _2746_ sg13g2_dfrbpq_1 CLK,Q 1 0.009384 0.053018 0.174961 0.274961 8.61733e-06 1.31611e-09 8.61864e-06 3.97507e-09 8.62262e-06
2 gain366 sg13g2_buf_8 A,X 8 0.059409 0.046954 0.095756 0.370716 7.25063e-09 8.33211e-09 1.55827e-08 3.95357e-09 1.95363e-08
3 gain362 sg13g2_buf_8 A,X 8 0.043746 0.038745 0.086724 0.457441 7.2029e-09 6.1353e-09 1.33382e-08 3.9536e-09 1.72918e-08
4 _2740_ sg13g2_dfrbpq_1 RESET_B - - 0.038745 0 0.457441 6.99332e-06 1.88951e-08 7.01222e-06 3.56107e-09 7.01578e-06
OpenSTA targeted timing report:
Startpoint: _2746_ (rising edge-triggered flip-flop clocked by core)
Endpoint: _2740_ (recovery check against rising-edge clock core)
Path Group: asynchronous
Path Type: max

Fanout         Cap        Slew       Delay        Time   Description
---------------------------------------------------------------------------------------------
                      0.000000    0.050000    0.050000   clock core (rise edge)
                                  0.050000    0.100000   clock network delay (ideal)
                      0.000000    0.000000    0.100000 ^ _2746_/CLK (sg13g2_dfrbpq_1)
     1    0.009384    0.053018    0.174961    0.274961 ^ _2746_/Q (sg13g2_dfrbpq_1)
                                                         u_uart_core_rx_rst_ni (net)
                      0.053018    0.000000    0.274961 ^ gain366/A (sg13g2_buf_8)
     8    0.059409    0.046954    0.095756    0.370716 ^ gain366/X (sg13g2_buf_8)
                                                         net365 (net)
                      0.046954    0.000000    0.370716 ^ gain362/A (sg13g2_buf_8)
     8    0.043746    0.038745    0.086724    0.457441 ^ gain362/X (sg13g2_buf_8)
                                                         net361 (net)
                      0.038745    0.000000    0.457441 ^ _2740_/RESET_B (sg13g2_dfrbpq_1)
                                              0.457441   data arrival time

                      0.000000   10.050000   10.050000   clock core (rise edge)
                                  0.050000   10.100000   clock network delay (ideal)
                                 -0.025000   10.075001   clock uncertainty
                                  0.000000   10.075001   clock reconvergence pessimism
                                             10.075001 ^ _2740_/CLK (sg13g2_dfrbpq_1)
                                 -0.124760    9.950240   library recovery time
                                              9.950240   data required time
---------------------------------------------------------------------------------------------
                                              9.950240   data required time
                                             -0.457441   data arrival time
---------------------------------------------------------------------------------------------
                                              9.492799   slack (MET)

Hotspot 17: instance=_2745_ selected_worst_paths=none internal=8.61731e-06 switching=4.00065e-10 dynamic=8.61771e-06 leakage=3.97507e-09 total=8.62168e-06
Worst path through hotspot: status=met slack=9.50284 type=max group=asynchronous
startpoint=_2745_ (rising edge-triggered flip-flop clocked by core)
endpoint=_2752_ (recovery check against rising-edge clock core)
path_power_complete=true
path_average_power_sum internal=1.72604e-05 switching=1.99361e-08 dynamic=1.72803e-05 leakage=1.30021e-08 total=1.72933e-05
stage instance cell pins fanout capacitance slew delay arrival internal switching dynamic leakage total
1 _2745_ sg13g2_dfrbpq_1 CLK,Q 1 0.002853 0.026188 0.154712 0.254712 8.61731e-06 4.00065e-10 8.61771e-06 3.97507e-09 8.62168e-06
2 gain369 sg13g2_buf_2 A,X 3 0.024236 0.064669 0.098403 0.353115 1.93339e-09 3.39914e-09 5.33253e-09 1.09574e-09 6.42828e-09
3 gain367 sg13g2_buf_8 A,X 8 0.043746 0.039465 0.094094 0.447209 7.20465e-09 6.1353e-09 1.33399e-08 3.95359e-09 1.72935e-08
4 _2752_ sg13g2_dfrbpq_1 RESET_B - - 0.039465 0 0.447209 8.63395e-06 1.00016e-08 8.64395e-06 3.97767e-09 8.64793e-06
OpenSTA targeted timing report:
Startpoint: _2745_ (rising edge-triggered flip-flop clocked by core)
Endpoint: _2752_ (recovery check against rising-edge clock core)
Path Group: asynchronous
Path Type: max

Fanout         Cap        Slew       Delay        Time   Description
---------------------------------------------------------------------------------------------
                      0.000000    0.050000    0.050000   clock core (rise edge)
                                  0.050000    0.100000   clock network delay (ideal)
                      0.000000    0.000000    0.100000 ^ _2745_/CLK (sg13g2_dfrbpq_1)
     1    0.002853    0.026188    0.154712    0.254712 ^ _2745_/Q (sg13g2_dfrbpq_1)
                                                         u_uart_core_timing_rst_ni (net)
                      0.026188    0.000000    0.254712 ^ gain369/A (sg13g2_buf_2)
     3    0.024236    0.064669    0.098403    0.353115 ^ gain369/X (sg13g2_buf_2)
                                                         net368 (net)
                      0.064669    0.000000    0.353115 ^ gain367/A (sg13g2_buf_8)
     8    0.043746    0.039465    0.094094    0.447209 ^ gain367/X (sg13g2_buf_8)
                                                         net366 (net)
                      0.039465    0.000000    0.447209 ^ _2752_/RESET_B (sg13g2_dfrbpq_1)
                                              0.447209   data arrival time

                      0.000000   10.050000   10.050000   clock core (rise edge)
                                  0.050000   10.100000   clock network delay (ideal)
                                 -0.025000   10.075001   clock uncertainty
                                  0.000000   10.075001   clock reconvergence pessimism
                                             10.075001 ^ _2752_/CLK (sg13g2_dfrbpq_1)
                                 -0.124948    9.950052   library recovery time
                                              9.950052   data required time
---------------------------------------------------------------------------------------------
                                              9.950052   data required time
                                             -0.447209   data arrival time
---------------------------------------------------------------------------------------------
                                              9.502843   slack (MET)

Hotspot 18: instance=_2744_ selected_worst_paths=15,16,17,18,19,20 internal=8.61731e-06 switching=3.47311e-10 dynamic=8.61766e-06 leakage=3.97507e-09 total=8.62163e-06
Worst path through hotspot: status=met slack=9.39422 type=max group=asynchronous
startpoint=_2744_ (rising edge-triggered flip-flop clocked by core)
endpoint=_2703_ (recovery check against rising-edge clock core)
path_power_complete=true
path_average_power_sum internal=1.58291e-05 switching=2.02525e-08 dynamic=1.58493e-05 leakage=1.65334e-08 total=1.58659e-05
stage instance cell pins fanout capacitance slew delay arrival internal switching dynamic leakage total
1 _2744_ sg13g2_dfrbpq_1 CLK,Q 1 0.002476 0.024643 0.153546 0.253546 8.61731e-06 3.47311e-10 8.61766e-06 3.97507e-09 8.62163e-06
2 gain374 sg13g2_buf_1 A,X 2 0.018768 0.091551 0.108263 0.361808 1.15093e-09 2.63223e-09 3.78316e-09 7.76755e-10 4.55991e-09
3 gain373 sg13g2_buf_8 A,X 8 0.051578 0.044467 0.108554 0.470362 7.22504e-09 7.23371e-09 1.44587e-08 3.95359e-09 1.84123e-08
4 gain370 sg13g2_buf_8 A,X 8 0.043746 0.038643 0.08569 0.556052 7.20267e-09 6.1353e-09 1.3338e-08 3.95362e-09 1.72916e-08
5 _2703_ sg13g2_dfrbpq_1 RESET_B - - 0.038643 0 0.556052 7.1962e-06 3.90394e-09 7.20011e-06 3.87433e-09 7.20398e-06
OpenSTA targeted timing report:
Startpoint: _2744_ (rising edge-triggered flip-flop clocked by core)
Endpoint: _2703_ (recovery check against rising-edge clock core)
Path Group: asynchronous
Path Type: max

Fanout         Cap        Slew       Delay        Time   Description
---------------------------------------------------------------------------------------------
                      0.000000    0.050000    0.050000   clock core (rise edge)
                                  0.050000    0.100000   clock network delay (ideal)
                      0.000000    0.000000    0.100000 ^ _2744_/CLK (sg13g2_dfrbpq_1)
     1    0.002476    0.024643    0.153546    0.253546 ^ _2744_/Q (sg13g2_dfrbpq_1)
                                                         u_uart_core_tx_rst_ni (net)
                      0.024643    0.000000    0.253546 ^ gain374/A (sg13g2_buf_1)
     2    0.018768    0.091551    0.108263    0.361808 ^ gain374/X (sg13g2_buf_1)
                                                         net373 (net)
                      0.091551    0.000000    0.361808 ^ gain373/A (sg13g2_buf_8)
     8    0.051578    0.044467    0.108554    0.470362 ^ gain373/X (sg13g2_buf_8)
                                                         net372 (net)
                      0.044467    0.000000    0.470362 ^ gain370/A (sg13g2_buf_8)
     8    0.043746    0.038643    0.085690    0.556052 ^ gain370/X (sg13g2_buf_8)
                                                         net369 (net)
                      0.038643    0.000000    0.556052 ^ _2703_/RESET_B (sg13g2_dfrbpq_1)
                                              0.556052   data arrival time

                      0.000000   10.050000   10.050000   clock core (rise edge)
                                  0.050000   10.100000   clock network delay (ideal)
                                 -0.025000   10.075001   clock uncertainty
                                  0.000000   10.075001   clock reconvergence pessimism
                                             10.075001 ^ _2703_/CLK (sg13g2_dfrbpq_1)
                                 -0.124734    9.950267   library recovery time
                                              9.950267   data required time
---------------------------------------------------------------------------------------------
                                              9.950267   data required time
                                             -0.556052   data arrival time
---------------------------------------------------------------------------------------------
                                              9.394215   slack (MET)

Hotspot 19: instance=_2761_ selected_worst_paths=none internal=8.61222e-06 switching=1.90715e-09 dynamic=8.61413e-06 leakage=3.9772e-09 total=8.6181e-06
Worst path through hotspot: status=met slack=8.5081 type=max group=core
startpoint=_2753_ (rising edge-triggered flip-flop clocked by core)
endpoint=_2761_ (rising edge-triggered flip-flop clocked by core)
path_power_complete=true
path_average_power_sum internal=1.54124e-05 switching=6.45755e-08 dynamic=1.5477e-05 leakage=1.98802e-08 total=1.54968e-05
stage instance cell pins fanout capacitance slew delay arrival internal switching dynamic leakage total
1 _2753_ sg13g2_dfrbpq_1 CLK,Q 2 0.005828 0.03841 0.163936 0.263936 6.74674e-06 3.54184e-09 6.75028e-06 3.53545e-09 6.75382e-06
2 _1390_ sg13g2_nor2b_1 B_N,Y 2 0.006937 0.083978 0.116341 0.380277 8.92639e-09 4.21572e-09 1.31421e-08 5.63524e-10 1.37056e-08
3 _1393_ sg13g2_nor2_1 A,Y 2 0.009033 0.055564 0.07084 0.451116 1.57959e-09 4.66914e-09 6.24873e-09 7.68768e-10 7.0175e-09
4 _1397_ sg13g2_a21oi_1 A1,Y 2 0.009507 0.114209 0.110134 0.56125 3.20505e-09 9.33309e-09 1.25381e-08 2.93932e-10 1.28321e-08
5 _1399_ sg13g2_nor2b_1 A,Y 1 0.002717 0.036017 0.047599 0.60885 5.32588e-09 1.29169e-09 6.61757e-09 1.33832e-09 7.95588e-09
6 _1400_ sg13g2_a21o_1 B1,X 2 0.009033 0.04964 0.121811 0.73066 7.38021e-09 7.21594e-09 1.45962e-08 1.12911e-09 1.57253e-08
7 _1404_ sg13g2_a21oi_1 A1,Y 2 0.009507 0.114216 0.108358 0.839019 7.69141e-10 2.22217e-09 2.99131e-09 2.97331e-10 3.28864e-09
8 _1406_ sg13g2_nor2b_1 A,Y 1 0.003054 0.037124 0.048925 0.887944 2.42936e-09 1.67548e-10 2.59691e-09 1.33433e-09 3.93124e-09
9 _1407_ sg13g2_a21oi_1 B1,Y 2 0.010012 0.118325 0.1069 0.994844 9.73118e-10 2.34029e-09 3.31341e-09 4.43307e-10 3.75671e-09
10 _1409_ sg13g2_o21ai_1 A2,Y 3 0.012363 0.106087 0.123134 1.11798 8.83208e-10 2.88994e-09 3.77315e-09 1.37947e-09 5.15262e-09
11 _1415_ sg13g2_nand3_1 A,Y 1 0.006209 0.064245 0.067982 1.18596 2.30973e-10 3.08383e-10 5.39356e-10 1.06279e-10 6.45635e-10
12 _1421_ sg13g2_nand2_2 A,Y 4 0.015865 0.068712 0.075565 1.26153 7.81587e-09 1.55749e-08 2.33908e-08 3.01708e-09 2.64079e-08
13 _1465_ sg13g2_a21oi_1 A1,Y 1 0.00587 0.084307 0.091155 1.35268 3.77017e-09 6.86006e-09 1.06302e-08 2.9399e-10 1.09242e-08
14 _1466_ sg13g2_xnor2_1 B,Y 1 0.001629 0.059087 0.092914 1.44559 1.01422e-08 2.03769e-09 1.21799e-08 1.40209e-09 1.3582e-08
15 _2761_ sg13g2_dfrbpq_1 D - - 0.059087 0 1.44559 8.61222e-06 1.90715e-09 8.61413e-06 3.9772e-09 8.6181e-06
OpenSTA targeted timing report:
Startpoint: _2753_ (rising edge-triggered flip-flop clocked by core)
Endpoint: _2761_ (rising edge-triggered flip-flop clocked by core)
Path Group: core
Path Type: max

Fanout         Cap        Slew       Delay        Time   Description
---------------------------------------------------------------------------------------------
                      0.000000    0.050000    0.050000   clock core (rise edge)
                                  0.050000    0.100000   clock network delay (ideal)
                      0.000000    0.000000    0.100000 ^ _2753_/CLK (sg13g2_dfrbpq_1)
     2    0.005828    0.038410    0.163936    0.263936 ^ _2753_/Q (sg13g2_dfrbpq_1)
                                                         u_uart_core_nco_sum_q_1_ (net)
                      0.038410    0.000000    0.263936 ^ _1390_/B_N (sg13g2_nor2b_1)
     2    0.006937    0.083978    0.116341    0.380277 ^ _1390_/Y (sg13g2_nor2b_1)
                                                         _1115_ (net)
                      0.083978    0.000000    0.380277 ^ _1393_/A (sg13g2_nor2_1)
     2    0.009033    0.055564    0.070840    0.451116 v _1393_/Y (sg13g2_nor2_1)
                                                         _1118_ (net)
                      0.055564    0.000000    0.451116 v _1397_/A1 (sg13g2_a21oi_1)
     2    0.009507    0.114209    0.110134    0.561250 ^ _1397_/Y (sg13g2_a21oi_1)
                                                         _1122_ (net)
                      0.114209    0.000000    0.561250 ^ _1399_/A (sg13g2_nor2b_1)
     1    0.002717    0.036017    0.047599    0.608850 v _1399_/Y (sg13g2_nor2b_1)
                                                         _1124_ (net)
                      0.036017    0.000000    0.608850 v _1400_/B1 (sg13g2_a21o_1)
     2    0.009033    0.049640    0.121811    0.730660 v _1400_/X (sg13g2_a21o_1)
                                                         _1125_ (net)
                      0.049640    0.000000    0.730660 v _1404_/A1 (sg13g2_a21oi_1)
     2    0.009507    0.114216    0.108358    0.839019 ^ _1404_/Y (sg13g2_a21oi_1)
                                                         _1129_ (net)
                      0.114216    0.000000    0.839019 ^ _1406_/A (sg13g2_nor2b_1)
     1    0.003054    0.037124    0.048925    0.887944 v _1406_/Y (sg13g2_nor2b_1)
                                                         _1131_ (net)
                      0.037124    0.000000    0.887944 v _1407_/B1 (sg13g2_a21oi_1)
     2    0.010012    0.118325    0.106900    0.994844 ^ _1407_/Y (sg13g2_a21oi_1)
                                                         _1132_ (net)
                      0.118325    0.000000    0.994844 ^ _1409_/A2 (sg13g2_o21ai_1)
     3    0.012363    0.106087    0.123134    1.117977 v _1409_/Y (sg13g2_o21ai_1)
                                                         _1134_ (net)
                      0.106087    0.000000    1.117977 v _1415_/A (sg13g2_nand3_1)
     1    0.006209    0.064245    0.067982    1.185959 ^ _1415_/Y (sg13g2_nand3_1)
                                                         _1140_ (net)
                      0.064245    0.000000    1.185959 ^ _1421_/A (sg13g2_nand2_2)
     4    0.015865    0.068712    0.075565    1.261525 v _1421_/Y (sg13g2_nand2_2)
                                                         _1146_ (net)
                      0.068712    0.000000    1.261525 v _1465_/A1 (sg13g2_a21oi_1)
     1    0.005870    0.084307    0.091155    1.352680 ^ _1465_/Y (sg13g2_a21oi_1)
                                                         _1182_ (net)
                      0.084307    0.000000    1.352680 ^ _1466_/B (sg13g2_xnor2_1)
     1    0.001629    0.059087    0.092914    1.445594 ^ _1466_/Y (sg13g2_xnor2_1)
                                                         _0017_ (net)
                      0.059087    0.000000    1.445594 ^ _2761_/D (sg13g2_dfrbpq_1)
                                              1.445594   data arrival time

                      0.000000   10.050000   10.050000   clock core (rise edge)
                                  0.050000   10.100000   clock network delay (ideal)
                                 -0.025000   10.075001   clock uncertainty
                                  0.000000   10.075001   clock reconvergence pessimism
                                             10.075001 ^ _2761_/CLK (sg13g2_dfrbpq_1)
                                 -0.121305    9.953696   library setup time
                                              9.953696   data required time
---------------------------------------------------------------------------------------------
                                              9.953696   data required time
                                             -1.445594   data arrival time
---------------------------------------------------------------------------------------------
                                              8.508102   slack (MET)

Hotspot 20: instance=_2754_ selected_worst_paths=none internal=8.61037e-06 switching=2.93245e-09 dynamic=8.6133e-06 leakage=3.97719e-09 total=8.61728e-06
Worst path through hotspot: status=met slack=8.19404 type=max group=core
startpoint=_2754_ (rising edge-triggered flip-flop clocked by core)
endpoint=_2767_ (rising edge-triggered flip-flop clocked by core)
path_power_complete=true
path_average_power_sum internal=2.09716e-05 switching=8.56103e-07 dynamic=2.18277e-05 leakage=2.43225e-08 total=2.1852e-05
stage instance cell pins fanout capacitance slew delay arrival internal switching dynamic leakage total
1 _2754_ sg13g2_dfrbpq_1 CLK,Q 2 0.008961 0.05128 0.173649 0.273649 8.61037e-06 2.93245e-09 8.6133e-06 3.97719e-09 8.61728e-06
2 _1398_ sg13g2_xnor2_1 B,Y 2 0.009119 0.115723 0.109752 0.383401 3.70169e-09 3.83682e-09 7.53851e-09 1.40127e-09 8.93978e-09
3 _1399_ sg13g2_nor2b_1 B_N,Y 1 0.00307 0.059653 0.11804 0.501442 5.32588e-09 1.29169e-09 6.61757e-09 1.33832e-09 7.95588e-09
4 _1400_ sg13g2_a21o_1 B1,X 2 0.00908 0.055913 0.095162 0.596604 7.38021e-09 7.21594e-09 1.45962e-08 1.12911e-09 1.57253e-08
5 _1404_ sg13g2_a21oi_1 A1,Y 2 0.008655 0.079847 0.088293 0.684897 7.69141e-10 2.22217e-09 2.99131e-09 2.97331e-10 3.28864e-09
6 _1406_ sg13g2_nor2b_1 A,Y 1 0.003584 0.062589 0.068313 0.75321 2.42936e-09 1.67548e-10 2.59691e-09 1.33433e-09 3.93124e-09
7 _1407_ sg13g2_a21oi_1 B1,Y 2 0.0089 0.081479 0.058119 0.811329 9.73118e-10 2.34029e-09 3.31341e-09 4.43307e-10 3.75671e-09
8 _1409_ sg13g2_o21ai_1 A2,Y 3 0.012211 0.16861 0.163486 0.974815 8.83208e-10 2.88994e-09 3.77315e-09 1.37947e-09 5.15262e-09
9 _1415_ sg13g2_nand3_1 A,Y 1 0.006596 0.104578 0.120195 1.09501 2.30973e-10 3.08383e-10 5.39356e-10 1.06279e-10 6.45635e-10
10 _1421_ sg13g2_nand2_2 A,Y 4 0.015312 0.058304 0.066415 1.16143 7.81587e-09 1.55749e-08 2.33908e-08 3.01708e-09 2.64079e-08
11 _1433_ sg13g2_nand4_1 A,Y 1 0.002777 0.085086 0.082277 1.2437 1.12769e-09 6.49208e-10 1.77689e-09 9.10817e-11 1.86798e-09
12 _1444_ sg13g2_and3_1 A,X 1 0.002389 0.023611 0.090366 1.33407 8.32541e-09 1.9681e-09 1.02935e-08 1.91412e-09 1.22076e-08
13 gain205 sg13g2_buf_1 A,X 3 0.011916 0.051642 0.085053 1.41912 6.41016e-09 1.08475e-08 1.72577e-08 7.76708e-10 1.80344e-08
14 _1447_ sg13g2_o21ai_1 A2,Y 2 0.009125 0.136 0.129816 1.54894 2.0403e-09 3.83947e-09 5.87977e-09 1.38906e-09 7.26883e-09
15 _1450_ sg13g2_a21oi_1 A1,Y 2 0.009033 0.094936 0.116177 1.66511 3.20591e-09 8.91381e-09 1.21197e-08 2.92927e-10 1.24126e-08
16 _1451_ sg13g2_xnor2_1 B,Y 1 0.001743 0.039613 0.102502 1.76762 8.06935e-07 1.56739e-07 9.63674e-07 1.4581e-09 9.65132e-07
17 _2767_ sg13g2_dfrbpq_1 D - - 0.039613 0 1.76762 1.15037e-05 6.34366e-07 1.21381e-05 3.97682e-09 1.2142e-05
OpenSTA targeted timing report:
Startpoint: _2754_ (rising edge-triggered flip-flop clocked by core)
Endpoint: _2767_ (rising edge-triggered flip-flop clocked by core)
Path Group: core
Path Type: max

Fanout         Cap        Slew       Delay        Time   Description
---------------------------------------------------------------------------------------------
                      0.000000    0.050000    0.050000   clock core (rise edge)
                                  0.050000    0.100000   clock network delay (ideal)
                      0.000000    0.000000    0.100000 ^ _2754_/CLK (sg13g2_dfrbpq_1)
     2    0.008961    0.051280    0.173649    0.273649 ^ _2754_/Q (sg13g2_dfrbpq_1)
                                                         u_uart_core_nco_sum_q_2_ (net)
                      0.051280    0.000000    0.273649 ^ _1398_/B (sg13g2_xnor2_1)
     2    0.009119    0.115723    0.109752    0.383401 ^ _1398_/Y (sg13g2_xnor2_1)
                                                         _1123_ (net)
                      0.115723    0.000000    0.383401 ^ _1399_/B_N (sg13g2_nor2b_1)
     1    0.003070    0.059653    0.118040    0.501442 ^ _1399_/Y (sg13g2_nor2b_1)
                                                         _1124_ (net)
                      0.059653    0.000000    0.501442 ^ _1400_/B1 (sg13g2_a21o_1)
     2    0.009080    0.055913    0.095162    0.596604 ^ _1400_/X (sg13g2_a21o_1)
                                                         _1125_ (net)
                      0.055913    0.000000    0.596604 ^ _1404_/A1 (sg13g2_a21oi_1)
     2    0.008655    0.079847    0.088293    0.684897 v _1404_/Y (sg13g2_a21oi_1)
                                                         _1129_ (net)
                      0.079847    0.000000    0.684897 v _1406_/A (sg13g2_nor2b_1)
     1    0.003584    0.062589    0.068313    0.753210 ^ _1406_/Y (sg13g2_nor2b_1)
                                                         _1131_ (net)
                      0.062589    0.000000    0.753210 ^ _1407_/B1 (sg13g2_a21oi_1)
     2    0.008900    0.081479    0.058119    0.811329 v _1407_/Y (sg13g2_a21oi_1)
                                                         _1132_ (net)
                      0.081479    0.000000    0.811329 v _1409_/A2 (sg13g2_o21ai_1)
     3    0.012211    0.168610    0.163486    0.974815 ^ _1409_/Y (sg13g2_o21ai_1)
                                                         _1134_ (net)
                      0.168610    0.000000    0.974815 ^ _1415_/A (sg13g2_nand3_1)
     1    0.006596    0.104578    0.120195    1.095010 v _1415_/Y (sg13g2_nand3_1)
                                                         _1140_ (net)
                      0.104578    0.000000    1.095010 v _1421_/A (sg13g2_nand2_2)
     4    0.015312    0.058304    0.066415    1.161426 ^ _1421_/Y (sg13g2_nand2_2)
                                                         _1146_ (net)
                      0.058304    0.000000    1.161426 ^ _1433_/A (sg13g2_nand4_1)
     1    0.002777    0.085086    0.082277    1.243703 v _1433_/Y (sg13g2_nand4_1)
                                                         _1158_ (net)
                      0.085086    0.000000    1.243703 v _1444_/A (sg13g2_and3_1)
     1    0.002389    0.023611    0.090366    1.334068 v _1444_/X (sg13g2_and3_1)
                                                         _1169_ (net)
                      0.023611    0.000000    1.334068 v gain205/A (sg13g2_buf_1)
     3    0.011916    0.051642    0.085053    1.419121 v gain205/X (sg13g2_buf_1)
                                                         net204 (net)
                      0.051642    0.000000    1.419121 v _1447_/A2 (sg13g2_o21ai_1)
     2    0.009125    0.136000    0.129816    1.548937 ^ _1447_/Y (sg13g2_o21ai_1)
                                                         _1172_ (net)
                      0.136000    0.000000    1.548937 ^ _1450_/A1 (sg13g2_a21oi_1)
     2    0.009033    0.094936    0.116177    1.665114 v _1450_/Y (sg13g2_a21oi_1)
                                                         _1175_ (net)
                      0.094936    0.000000    1.665114 v _1451_/B (sg13g2_xnor2_1)
     1    0.001743    0.039613    0.102502    1.767617 v _1451_/Y (sg13g2_xnor2_1)
                                                         _0008_ (net)
                      0.039613    0.000000    1.767617 v _2767_/D (sg13g2_dfrbpq_1)
                                              1.767617   data arrival time

                      0.000000   10.050000   10.050000   clock core (rise edge)
                                  0.050000   10.100000   clock network delay (ideal)
                                 -0.025000   10.075001   clock uncertainty
                                  0.000000   10.075001   clock reconvergence pessimism
                                             10.075001 ^ _2767_/CLK (sg13g2_dfrbpq_1)
                                 -0.113343    9.961658   library setup time
                                              9.961658   data required time
---------------------------------------------------------------------------------------------
                                              9.961658   data required time
                                             -1.767617   data arrival time
---------------------------------------------------------------------------------------------
                                              8.194041   slack (MET)
