analysis=fusion_analysis corner=ff mode=setup stage=post_syn
workload=interrupt_levels_sv_ff
methodology=staged_public_opensta
path_power_semantics=average_instance_power_in_same_analysis_context
activity_file=/tmp/flexsoc-repack/gpio/runs/gpio/dev/signoff/ihp-sg13g2/power/activity/captures/gpio_ihp-sg13g2_interrupt_levels_sv_ff.vcd
activity_scope=gpio_tb/u_gpio
liberty=/home/eneadim/github/flexsoc/.flexsoc/pdks/ihp-sg13g2/ihp-sg13g2/libs.ref/sg13g2_stdcell/lib/sg13g2_stdcell_fast_1p65V_m40C.lib
netlist=/tmp/flexsoc-repack/gpio/runs/gpio/dev/syn/ihp-sg13g2/gpio_synth.v
sdc=/tmp/flexsoc-repack/gpio/runs/gpio/dev/constraints/gpio.sdc
spef=

=== Units ===
 time 1ns
 capacitance 1pF
 resistance 1kohm
 voltage 1v
 current 1uA
 power 1pW
 distance 1um

=== Constraint validation ===

=== Timing summary ===
wns max 0.00
tns max 0.00

=== Power summary ===
Group                  Internal  Switching    Leakage      Total
                          Power      Power      Power      Power (Watts)
----------------------------------------------------------------
Sequential             1.06e-03   1.13e-05   4.52e-07   1.07e-03  96.8%
Combinational          1.64e-05   1.85e-05   4.04e-07   3.53e-05   3.2%
Clock                  0.00e+00   0.00e+00   0.00e+00   0.00e+00   0.0%
Macro                  0.00e+00   0.00e+00   0.00e+00   0.00e+00   0.0%
Pad                    0.00e+00   0.00e+00   0.00e+00   0.00e+00   0.0%
----------------------------------------------------------------
Total                  1.08e-03   2.99e-05   8.56e-07   1.11e-03 100.0%
                          97.2%       2.7%       0.1%

=== Worst timing paths (violated or met) ===
Startpoint: tl_i[107] (input port clocked by core)
Endpoint: _553_ (rising edge-triggered flip-flop clocked by core)
Path Group: core
Path Type: max

Fanout         Cap        Slew       Delay        Time   Description
---------------------------------------------------------------------------------------------
                      0.000000    0.000000    0.000000   clock core (rise edge)
                                  0.000000    0.000000   clock network delay (ideal)
                                  2.000000    2.000000 v input external delay
     1    0.003698    0.000370    0.000370    2.000370 v tl_i[107] (in)
                                                         tl_i[107] (net)
                      0.000370    0.000000    2.000370 v _339_/A (sg13g2_inv_1)
     2    0.011993    0.025503    0.023143    2.023513 ^ _339_/Y (sg13g2_inv_1)
                                                         _133_ (net)
                      0.025503    0.000000    2.023513 ^ _340_/B (sg13g2_nand2b_2)
     3    0.012457    0.028063    0.029372    2.052884 v _340_/Y (sg13g2_nand2b_2)
                                                         _134_ (net)
                      0.028063    0.000000    2.052884 v _341_/B (sg13g2_nor2_2)
     2    0.007486    0.026864    0.027452    2.080336 ^ _341_/Y (sg13g2_nor2_2)
                                                         _135_ (net)
                      0.026864    0.000000    2.080336 ^ _343_/A (sg13g2_nand2_1)
     4    0.015019    0.051057    0.048776    2.129112 v _343_/Y (sg13g2_nand2_1)
                                                         _137_ (net)
                      0.051057    0.000000    2.129112 v _351_/A2 (sg13g2_o21ai_1)
     3    0.012915    0.086220    0.080693    2.209805 ^ _351_/Y (sg13g2_o21ai_1)
                                                         _145_ (net)
                      0.086220    0.000000    2.209805 ^ _375_/A (sg13g2_and2_1)
     1    0.004675    0.018798    0.054186    2.263991 ^ _375_/X (sg13g2_and2_1)
                                                         _155_ (net)
                      0.018798    0.000000    2.263991 ^ _376_/B (sg13g2_nor2_1)
     3    0.010286    0.024892    0.024127    2.288118 v _376_/Y (sg13g2_nor2_1)
                                                         _156_ (net)
                      0.024892    0.000000    2.288118 v _377_/A (sg13g2_and3_1)
     1    0.004722    0.014544    0.037109    2.325227 v _377_/X (sg13g2_and3_1)
                                                         _157_ (net)
                      0.014544    0.000000    2.325227 v _378_/A (sg13g2_buf_4)
    13    0.050122    0.026750    0.048661    2.373888 v _378_/X (sg13g2_buf_4)
                                                         _158_ (net)
                      0.026750    0.000000    2.373888 v _415_/B2 (sg13g2_a22oi_1)
     1    0.001901    0.039065    0.029506    2.403394 ^ _415_/Y (sg13g2_a22oi_1)
                                                         _026_ (net)
                      0.039065    0.000000    2.403394 ^ _553_/D (sg13g2_dfrbpq_1)
                                              2.403394   data arrival time

                      0.000000   10.000000   10.000000   clock core (rise edge)
                                  0.000000   10.000000   clock network delay (ideal)
                                  0.000000   10.000000   clock reconvergence pessimism
                                             10.000000 ^ _553_/CLK (sg13g2_dfrbpq_1)
                                 -0.053016    9.946984   library setup time
                                              9.946984   data required time
---------------------------------------------------------------------------------------------
                                              9.946984   data required time
                                             -2.403394   data arrival time
---------------------------------------------------------------------------------------------
                                              7.543589   slack (MET)


Startpoint: tl_i[107] (input port clocked by core)
Endpoint: _554_ (rising edge-triggered flip-flop clocked by core)
Path Group: core
Path Type: max

Fanout         Cap        Slew       Delay        Time   Description
---------------------------------------------------------------------------------------------
                      0.000000    0.000000    0.000000   clock core (rise edge)
                                  0.000000    0.000000   clock network delay (ideal)
                                  2.000000    2.000000 v input external delay
     1    0.003698    0.000370    0.000370    2.000370 v tl_i[107] (in)
                                                         tl_i[107] (net)
                      0.000370    0.000000    2.000370 v _339_/A (sg13g2_inv_1)
     2    0.011993    0.025503    0.023143    2.023513 ^ _339_/Y (sg13g2_inv_1)
                                                         _133_ (net)
                      0.025503    0.000000    2.023513 ^ _340_/B (sg13g2_nand2b_2)
     3    0.012457    0.028063    0.029372    2.052884 v _340_/Y (sg13g2_nand2b_2)
                                                         _134_ (net)
                      0.028063    0.000000    2.052884 v _341_/B (sg13g2_nor2_2)
     2    0.007486    0.026864    0.027452    2.080336 ^ _341_/Y (sg13g2_nor2_2)
                                                         _135_ (net)
                      0.026864    0.000000    2.080336 ^ _343_/A (sg13g2_nand2_1)
     4    0.015019    0.051057    0.048776    2.129112 v _343_/Y (sg13g2_nand2_1)
                                                         _137_ (net)
                      0.051057    0.000000    2.129112 v _351_/A2 (sg13g2_o21ai_1)
     3    0.012915    0.086220    0.080693    2.209805 ^ _351_/Y (sg13g2_o21ai_1)
                                                         _145_ (net)
                      0.086220    0.000000    2.209805 ^ _375_/A (sg13g2_and2_1)
     1    0.004675    0.018798    0.054186    2.263991 ^ _375_/X (sg13g2_and2_1)
                                                         _155_ (net)
                      0.018798    0.000000    2.263991 ^ _376_/B (sg13g2_nor2_1)
     3    0.010286    0.024892    0.024127    2.288118 v _376_/Y (sg13g2_nor2_1)
                                                         _156_ (net)
                      0.024892    0.000000    2.288118 v _377_/A (sg13g2_and3_1)
     1    0.004722    0.014544    0.037109    2.325227 v _377_/X (sg13g2_and3_1)
                                                         _157_ (net)
                      0.014544    0.000000    2.325227 v _378_/A (sg13g2_buf_4)
    13    0.050122    0.026750    0.048661    2.373888 v _378_/X (sg13g2_buf_4)
                                                         _158_ (net)
                      0.026750    0.000000    2.373888 v _412_/B2 (sg13g2_a22oi_1)
     1    0.001901    0.039065    0.029506    2.403394 ^ _412_/Y (sg13g2_a22oi_1)
                                                         _025_ (net)
                      0.039065    0.000000    2.403394 ^ _554_/D (sg13g2_dfrbpq_1)
                                              2.403394   data arrival time

                      0.000000   10.000000   10.000000   clock core (rise edge)
                                  0.000000   10.000000   clock network delay (ideal)
                                  0.000000   10.000000   clock reconvergence pessimism
                                             10.000000 ^ _554_/CLK (sg13g2_dfrbpq_1)
                                 -0.053016    9.946984   library setup time
                                              9.946984   data required time
---------------------------------------------------------------------------------------------
                                              9.946984   data required time
                                             -2.403394   data arrival time
---------------------------------------------------------------------------------------------
                                              7.543589   slack (MET)


Startpoint: tl_i[107] (input port clocked by core)
Endpoint: _555_ (rising edge-triggered flip-flop clocked by core)
Path Group: core
Path Type: max

Fanout         Cap        Slew       Delay        Time   Description
---------------------------------------------------------------------------------------------
                      0.000000    0.000000    0.000000   clock core (rise edge)
                                  0.000000    0.000000   clock network delay (ideal)
                                  2.000000    2.000000 v input external delay
     1    0.003698    0.000370    0.000370    2.000370 v tl_i[107] (in)
                                                         tl_i[107] (net)
                      0.000370    0.000000    2.000370 v _339_/A (sg13g2_inv_1)
     2    0.011993    0.025503    0.023143    2.023513 ^ _339_/Y (sg13g2_inv_1)
                                                         _133_ (net)
                      0.025503    0.000000    2.023513 ^ _340_/B (sg13g2_nand2b_2)
     3    0.012457    0.028063    0.029372    2.052884 v _340_/Y (sg13g2_nand2b_2)
                                                         _134_ (net)
                      0.028063    0.000000    2.052884 v _341_/B (sg13g2_nor2_2)
     2    0.007486    0.026864    0.027452    2.080336 ^ _341_/Y (sg13g2_nor2_2)
                                                         _135_ (net)
                      0.026864    0.000000    2.080336 ^ _343_/A (sg13g2_nand2_1)
     4    0.015019    0.051057    0.048776    2.129112 v _343_/Y (sg13g2_nand2_1)
                                                         _137_ (net)
                      0.051057    0.000000    2.129112 v _351_/A2 (sg13g2_o21ai_1)
     3    0.012915    0.086220    0.080693    2.209805 ^ _351_/Y (sg13g2_o21ai_1)
                                                         _145_ (net)
                      0.086220    0.000000    2.209805 ^ _375_/A (sg13g2_and2_1)
     1    0.004675    0.018798    0.054186    2.263991 ^ _375_/X (sg13g2_and2_1)
                                                         _155_ (net)
                      0.018798    0.000000    2.263991 ^ _376_/B (sg13g2_nor2_1)
     3    0.010286    0.024892    0.024127    2.288118 v _376_/Y (sg13g2_nor2_1)
                                                         _156_ (net)
                      0.024892    0.000000    2.288118 v _377_/A (sg13g2_and3_1)
     1    0.004722    0.014544    0.037109    2.325227 v _377_/X (sg13g2_and3_1)
                                                         _157_ (net)
                      0.014544    0.000000    2.325227 v _378_/A (sg13g2_buf_4)
    13    0.050122    0.026750    0.048661    2.373888 v _378_/X (sg13g2_buf_4)
                                                         _158_ (net)
                      0.026750    0.000000    2.373888 v _409_/B2 (sg13g2_a22oi_1)
     1    0.001901    0.039065    0.029506    2.403394 ^ _409_/Y (sg13g2_a22oi_1)
                                                         _024_ (net)
                      0.039065    0.000000    2.403394 ^ _555_/D (sg13g2_dfrbpq_1)
                                              2.403394   data arrival time

                      0.000000   10.000000   10.000000   clock core (rise edge)
                                  0.000000   10.000000   clock network delay (ideal)
                                  0.000000   10.000000   clock reconvergence pessimism
                                             10.000000 ^ _555_/CLK (sg13g2_dfrbpq_1)
                                 -0.053016    9.946984   library setup time
                                              9.946984   data required time
---------------------------------------------------------------------------------------------
                                              9.946984   data required time
                                             -2.403394   data arrival time
---------------------------------------------------------------------------------------------
                                              7.543589   slack (MET)


Startpoint: tl_i[107] (input port clocked by core)
Endpoint: _556_ (rising edge-triggered flip-flop clocked by core)
Path Group: core
Path Type: max

Fanout         Cap        Slew       Delay        Time   Description
---------------------------------------------------------------------------------------------
                      0.000000    0.000000    0.000000   clock core (rise edge)
                                  0.000000    0.000000   clock network delay (ideal)
                                  2.000000    2.000000 v input external delay
     1    0.003698    0.000370    0.000370    2.000370 v tl_i[107] (in)
                                                         tl_i[107] (net)
                      0.000370    0.000000    2.000370 v _339_/A (sg13g2_inv_1)
     2    0.011993    0.025503    0.023143    2.023513 ^ _339_/Y (sg13g2_inv_1)
                                                         _133_ (net)
                      0.025503    0.000000    2.023513 ^ _340_/B (sg13g2_nand2b_2)
     3    0.012457    0.028063    0.029372    2.052884 v _340_/Y (sg13g2_nand2b_2)
                                                         _134_ (net)
                      0.028063    0.000000    2.052884 v _341_/B (sg13g2_nor2_2)
     2    0.007486    0.026864    0.027452    2.080336 ^ _341_/Y (sg13g2_nor2_2)
                                                         _135_ (net)
                      0.026864    0.000000    2.080336 ^ _343_/A (sg13g2_nand2_1)
     4    0.015019    0.051057    0.048776    2.129112 v _343_/Y (sg13g2_nand2_1)
                                                         _137_ (net)
                      0.051057    0.000000    2.129112 v _351_/A2 (sg13g2_o21ai_1)
     3    0.012915    0.086220    0.080693    2.209805 ^ _351_/Y (sg13g2_o21ai_1)
                                                         _145_ (net)
                      0.086220    0.000000    2.209805 ^ _375_/A (sg13g2_and2_1)
     1    0.004675    0.018798    0.054186    2.263991 ^ _375_/X (sg13g2_and2_1)
                                                         _155_ (net)
                      0.018798    0.000000    2.263991 ^ _376_/B (sg13g2_nor2_1)
     3    0.010286    0.024892    0.024127    2.288118 v _376_/Y (sg13g2_nor2_1)
                                                         _156_ (net)
                      0.024892    0.000000    2.288118 v _377_/A (sg13g2_and3_1)
     1    0.004722    0.014544    0.037109    2.325227 v _377_/X (sg13g2_and3_1)
                                                         _157_ (net)
                      0.014544    0.000000    2.325227 v _378_/A (sg13g2_buf_4)
    13    0.050122    0.026750    0.048661    2.373888 v _378_/X (sg13g2_buf_4)
                                                         _158_ (net)
                      0.026750    0.000000    2.373888 v _406_/B2 (sg13g2_a22oi_1)
     1    0.001901    0.039065    0.029506    2.403394 ^ _406_/Y (sg13g2_a22oi_1)
                                                         _023_ (net)
                      0.039065    0.000000    2.403394 ^ _556_/D (sg13g2_dfrbpq_1)
                                              2.403394   data arrival time

                      0.000000   10.000000   10.000000   clock core (rise edge)
                                  0.000000   10.000000   clock network delay (ideal)
                                  0.000000   10.000000   clock reconvergence pessimism
                                             10.000000 ^ _556_/CLK (sg13g2_dfrbpq_1)
                                 -0.053016    9.946984   library setup time
                                              9.946984   data required time
---------------------------------------------------------------------------------------------
                                              9.946984   data required time
                                             -2.403394   data arrival time
---------------------------------------------------------------------------------------------
                                              7.543589   slack (MET)


Startpoint: tl_i[107] (input port clocked by core)
Endpoint: _557_ (rising edge-triggered flip-flop clocked by core)
Path Group: core
Path Type: max

Fanout         Cap        Slew       Delay        Time   Description
---------------------------------------------------------------------------------------------
                      0.000000    0.000000    0.000000   clock core (rise edge)
                                  0.000000    0.000000   clock network delay (ideal)
                                  2.000000    2.000000 v input external delay
     1    0.003698    0.000370    0.000370    2.000370 v tl_i[107] (in)
                                                         tl_i[107] (net)
                      0.000370    0.000000    2.000370 v _339_/A (sg13g2_inv_1)
     2    0.011993    0.025503    0.023143    2.023513 ^ _339_/Y (sg13g2_inv_1)
                                                         _133_ (net)
                      0.025503    0.000000    2.023513 ^ _340_/B (sg13g2_nand2b_2)
     3    0.012457    0.028063    0.029372    2.052884 v _340_/Y (sg13g2_nand2b_2)
                                                         _134_ (net)
                      0.028063    0.000000    2.052884 v _341_/B (sg13g2_nor2_2)
     2    0.007486    0.026864    0.027452    2.080336 ^ _341_/Y (sg13g2_nor2_2)
                                                         _135_ (net)
                      0.026864    0.000000    2.080336 ^ _343_/A (sg13g2_nand2_1)
     4    0.015019    0.051057    0.048776    2.129112 v _343_/Y (sg13g2_nand2_1)
                                                         _137_ (net)
                      0.051057    0.000000    2.129112 v _351_/A2 (sg13g2_o21ai_1)
     3    0.012915    0.086220    0.080693    2.209805 ^ _351_/Y (sg13g2_o21ai_1)
                                                         _145_ (net)
                      0.086220    0.000000    2.209805 ^ _375_/A (sg13g2_and2_1)
     1    0.004675    0.018798    0.054186    2.263991 ^ _375_/X (sg13g2_and2_1)
                                                         _155_ (net)
                      0.018798    0.000000    2.263991 ^ _376_/B (sg13g2_nor2_1)
     3    0.010286    0.024892    0.024127    2.288118 v _376_/Y (sg13g2_nor2_1)
                                                         _156_ (net)
                      0.024892    0.000000    2.288118 v _377_/A (sg13g2_and3_1)
     1    0.004722    0.014544    0.037109    2.325227 v _377_/X (sg13g2_and3_1)
                                                         _157_ (net)
                      0.014544    0.000000    2.325227 v _378_/A (sg13g2_buf_4)
    13    0.050122    0.026750    0.048661    2.373888 v _378_/X (sg13g2_buf_4)
                                                         _158_ (net)
                      0.026750    0.000000    2.373888 v _403_/B2 (sg13g2_a22oi_1)
     1    0.001901    0.039065    0.029506    2.403394 ^ _403_/Y (sg13g2_a22oi_1)
                                                         _022_ (net)
                      0.039065    0.000000    2.403394 ^ _557_/D (sg13g2_dfrbpq_1)
                                              2.403394   data arrival time

                      0.000000   10.000000   10.000000   clock core (rise edge)
                                  0.000000   10.000000   clock network delay (ideal)
                                  0.000000   10.000000   clock reconvergence pessimism
                                             10.000000 ^ _557_/CLK (sg13g2_dfrbpq_1)
                                 -0.053016    9.946984   library setup time
                                              9.946984   data required time
---------------------------------------------------------------------------------------------
                                              9.946984   data required time
                                             -2.403394   data arrival time
---------------------------------------------------------------------------------------------
                                              7.543589   slack (MET)


Startpoint: tl_i[107] (input port clocked by core)
Endpoint: _558_ (rising edge-triggered flip-flop clocked by core)
Path Group: core
Path Type: max

Fanout         Cap        Slew       Delay        Time   Description
---------------------------------------------------------------------------------------------
                      0.000000    0.000000    0.000000   clock core (rise edge)
                                  0.000000    0.000000   clock network delay (ideal)
                                  2.000000    2.000000 v input external delay
     1    0.003698    0.000370    0.000370    2.000370 v tl_i[107] (in)
                                                         tl_i[107] (net)
                      0.000370    0.000000    2.000370 v _339_/A (sg13g2_inv_1)
     2    0.011993    0.025503    0.023143    2.023513 ^ _339_/Y (sg13g2_inv_1)
                                                         _133_ (net)
                      0.025503    0.000000    2.023513 ^ _340_/B (sg13g2_nand2b_2)
     3    0.012457    0.028063    0.029372    2.052884 v _340_/Y (sg13g2_nand2b_2)
                                                         _134_ (net)
                      0.028063    0.000000    2.052884 v _341_/B (sg13g2_nor2_2)
     2    0.007486    0.026864    0.027452    2.080336 ^ _341_/Y (sg13g2_nor2_2)
                                                         _135_ (net)
                      0.026864    0.000000    2.080336 ^ _343_/A (sg13g2_nand2_1)
     4    0.015019    0.051057    0.048776    2.129112 v _343_/Y (sg13g2_nand2_1)
                                                         _137_ (net)
                      0.051057    0.000000    2.129112 v _351_/A2 (sg13g2_o21ai_1)
     3    0.012915    0.086220    0.080693    2.209805 ^ _351_/Y (sg13g2_o21ai_1)
                                                         _145_ (net)
                      0.086220    0.000000    2.209805 ^ _375_/A (sg13g2_and2_1)
     1    0.004675    0.018798    0.054186    2.263991 ^ _375_/X (sg13g2_and2_1)
                                                         _155_ (net)
                      0.018798    0.000000    2.263991 ^ _376_/B (sg13g2_nor2_1)
     3    0.010286    0.024892    0.024127    2.288118 v _376_/Y (sg13g2_nor2_1)
                                                         _156_ (net)
                      0.024892    0.000000    2.288118 v _377_/A (sg13g2_and3_1)
     1    0.004722    0.014544    0.037109    2.325227 v _377_/X (sg13g2_and3_1)
                                                         _157_ (net)
                      0.014544    0.000000    2.325227 v _378_/A (sg13g2_buf_4)
    13    0.050122    0.026750    0.048661    2.373888 v _378_/X (sg13g2_buf_4)
                                                         _158_ (net)
                      0.026750    0.000000    2.373888 v _400_/B2 (sg13g2_a22oi_1)
     1    0.001901    0.039065    0.029506    2.403394 ^ _400_/Y (sg13g2_a22oi_1)
                                                         _021_ (net)
                      0.039065    0.000000    2.403394 ^ _558_/D (sg13g2_dfrbpq_1)
                                              2.403394   data arrival time

                      0.000000   10.000000   10.000000   clock core (rise edge)
                                  0.000000   10.000000   clock network delay (ideal)
                                  0.000000   10.000000   clock reconvergence pessimism
                                             10.000000 ^ _558_/CLK (sg13g2_dfrbpq_1)
                                 -0.053016    9.946984   library setup time
                                              9.946984   data required time
---------------------------------------------------------------------------------------------
                                              9.946984   data required time
                                             -2.403394   data arrival time
---------------------------------------------------------------------------------------------
                                              7.543589   slack (MET)


Startpoint: tl_i[107] (input port clocked by core)
Endpoint: _559_ (rising edge-triggered flip-flop clocked by core)
Path Group: core
Path Type: max

Fanout         Cap        Slew       Delay        Time   Description
---------------------------------------------------------------------------------------------
                      0.000000    0.000000    0.000000   clock core (rise edge)
                                  0.000000    0.000000   clock network delay (ideal)
                                  2.000000    2.000000 v input external delay
     1    0.003698    0.000370    0.000370    2.000370 v tl_i[107] (in)
                                                         tl_i[107] (net)
                      0.000370    0.000000    2.000370 v _339_/A (sg13g2_inv_1)
     2    0.011993    0.025503    0.023143    2.023513 ^ _339_/Y (sg13g2_inv_1)
                                                         _133_ (net)
                      0.025503    0.000000    2.023513 ^ _340_/B (sg13g2_nand2b_2)
     3    0.012457    0.028063    0.029372    2.052884 v _340_/Y (sg13g2_nand2b_2)
                                                         _134_ (net)
                      0.028063    0.000000    2.052884 v _341_/B (sg13g2_nor2_2)
     2    0.007486    0.026864    0.027452    2.080336 ^ _341_/Y (sg13g2_nor2_2)
                                                         _135_ (net)
                      0.026864    0.000000    2.080336 ^ _343_/A (sg13g2_nand2_1)
     4    0.015019    0.051057    0.048776    2.129112 v _343_/Y (sg13g2_nand2_1)
                                                         _137_ (net)
                      0.051057    0.000000    2.129112 v _351_/A2 (sg13g2_o21ai_1)
     3    0.012915    0.086220    0.080693    2.209805 ^ _351_/Y (sg13g2_o21ai_1)
                                                         _145_ (net)
                      0.086220    0.000000    2.209805 ^ _375_/A (sg13g2_and2_1)
     1    0.004675    0.018798    0.054186    2.263991 ^ _375_/X (sg13g2_and2_1)
                                                         _155_ (net)
                      0.018798    0.000000    2.263991 ^ _376_/B (sg13g2_nor2_1)
     3    0.010286    0.024892    0.024127    2.288118 v _376_/Y (sg13g2_nor2_1)
                                                         _156_ (net)
                      0.024892    0.000000    2.288118 v _377_/A (sg13g2_and3_1)
     1    0.004722    0.014544    0.037109    2.325227 v _377_/X (sg13g2_and3_1)
                                                         _157_ (net)
                      0.014544    0.000000    2.325227 v _378_/A (sg13g2_buf_4)
    13    0.050122    0.026750    0.048661    2.373888 v _378_/X (sg13g2_buf_4)
                                                         _158_ (net)
                      0.026750    0.000000    2.373888 v _397_/B2 (sg13g2_a22oi_1)
     1    0.001901    0.039065    0.029506    2.403394 ^ _397_/Y (sg13g2_a22oi_1)
                                                         _020_ (net)
                      0.039065    0.000000    2.403394 ^ _559_/D (sg13g2_dfrbpq_1)
                                              2.403394   data arrival time

                      0.000000   10.000000   10.000000   clock core (rise edge)
                                  0.000000   10.000000   clock network delay (ideal)
                                  0.000000   10.000000   clock reconvergence pessimism
                                             10.000000 ^ _559_/CLK (sg13g2_dfrbpq_1)
                                 -0.053016    9.946984   library setup time
                                              9.946984   data required time
---------------------------------------------------------------------------------------------
                                              9.946984   data required time
                                             -2.403394   data arrival time
---------------------------------------------------------------------------------------------
                                              7.543589   slack (MET)


Startpoint: tl_i[107] (input port clocked by core)
Endpoint: _560_ (rising edge-triggered flip-flop clocked by core)
Path Group: core
Path Type: max

Fanout         Cap        Slew       Delay        Time   Description
---------------------------------------------------------------------------------------------
                      0.000000    0.000000    0.000000   clock core (rise edge)
                                  0.000000    0.000000   clock network delay (ideal)
                                  2.000000    2.000000 v input external delay
     1    0.003698    0.000370    0.000370    2.000370 v tl_i[107] (in)
                                                         tl_i[107] (net)
                      0.000370    0.000000    2.000370 v _339_/A (sg13g2_inv_1)
     2    0.011993    0.025503    0.023143    2.023513 ^ _339_/Y (sg13g2_inv_1)
                                                         _133_ (net)
                      0.025503    0.000000    2.023513 ^ _340_/B (sg13g2_nand2b_2)
     3    0.012457    0.028063    0.029372    2.052884 v _340_/Y (sg13g2_nand2b_2)
                                                         _134_ (net)
                      0.028063    0.000000    2.052884 v _341_/B (sg13g2_nor2_2)
     2    0.007486    0.026864    0.027452    2.080336 ^ _341_/Y (sg13g2_nor2_2)
                                                         _135_ (net)
                      0.026864    0.000000    2.080336 ^ _343_/A (sg13g2_nand2_1)
     4    0.015019    0.051057    0.048776    2.129112 v _343_/Y (sg13g2_nand2_1)
                                                         _137_ (net)
                      0.051057    0.000000    2.129112 v _351_/A2 (sg13g2_o21ai_1)
     3    0.012915    0.086220    0.080693    2.209805 ^ _351_/Y (sg13g2_o21ai_1)
                                                         _145_ (net)
                      0.086220    0.000000    2.209805 ^ _375_/A (sg13g2_and2_1)
     1    0.004675    0.018798    0.054186    2.263991 ^ _375_/X (sg13g2_and2_1)
                                                         _155_ (net)
                      0.018798    0.000000    2.263991 ^ _376_/B (sg13g2_nor2_1)
     3    0.010286    0.024892    0.024127    2.288118 v _376_/Y (sg13g2_nor2_1)
                                                         _156_ (net)
                      0.024892    0.000000    2.288118 v _377_/A (sg13g2_and3_1)
     1    0.004722    0.014544    0.037109    2.325227 v _377_/X (sg13g2_and3_1)
                                                         _157_ (net)
                      0.014544    0.000000    2.325227 v _378_/A (sg13g2_buf_4)
    13    0.050122    0.026750    0.048661    2.373888 v _378_/X (sg13g2_buf_4)
                                                         _158_ (net)
                      0.026750    0.000000    2.373888 v _394_/B2 (sg13g2_a22oi_1)
     1    0.001901    0.039065    0.029506    2.403394 ^ _394_/Y (sg13g2_a22oi_1)
                                                         _019_ (net)
                      0.039065    0.000000    2.403394 ^ _560_/D (sg13g2_dfrbpq_1)
                                              2.403394   data arrival time

                      0.000000   10.000000   10.000000   clock core (rise edge)
                                  0.000000   10.000000   clock network delay (ideal)
                                  0.000000   10.000000   clock reconvergence pessimism
                                             10.000000 ^ _560_/CLK (sg13g2_dfrbpq_1)
                                 -0.053016    9.946984   library setup time
                                              9.946984   data required time
---------------------------------------------------------------------------------------------
                                              9.946984   data required time
                                             -2.403394   data arrival time
---------------------------------------------------------------------------------------------
                                              7.543589   slack (MET)


Startpoint: tl_i[107] (input port clocked by core)
Endpoint: _561_ (rising edge-triggered flip-flop clocked by core)
Path Group: core
Path Type: max

Fanout         Cap        Slew       Delay        Time   Description
---------------------------------------------------------------------------------------------
                      0.000000    0.000000    0.000000   clock core (rise edge)
                                  0.000000    0.000000   clock network delay (ideal)
                                  2.000000    2.000000 v input external delay
     1    0.003698    0.000370    0.000370    2.000370 v tl_i[107] (in)
                                                         tl_i[107] (net)
                      0.000370    0.000000    2.000370 v _339_/A (sg13g2_inv_1)
     2    0.011993    0.025503    0.023143    2.023513 ^ _339_/Y (sg13g2_inv_1)
                                                         _133_ (net)
                      0.025503    0.000000    2.023513 ^ _340_/B (sg13g2_nand2b_2)
     3    0.012457    0.028063    0.029372    2.052884 v _340_/Y (sg13g2_nand2b_2)
                                                         _134_ (net)
                      0.028063    0.000000    2.052884 v _341_/B (sg13g2_nor2_2)
     2    0.007486    0.026864    0.027452    2.080336 ^ _341_/Y (sg13g2_nor2_2)
                                                         _135_ (net)
                      0.026864    0.000000    2.080336 ^ _343_/A (sg13g2_nand2_1)
     4    0.015019    0.051057    0.048776    2.129112 v _343_/Y (sg13g2_nand2_1)
                                                         _137_ (net)
                      0.051057    0.000000    2.129112 v _351_/A2 (sg13g2_o21ai_1)
     3    0.012915    0.086220    0.080693    2.209805 ^ _351_/Y (sg13g2_o21ai_1)
                                                         _145_ (net)
                      0.086220    0.000000    2.209805 ^ _375_/A (sg13g2_and2_1)
     1    0.004675    0.018798    0.054186    2.263991 ^ _375_/X (sg13g2_and2_1)
                                                         _155_ (net)
                      0.018798    0.000000    2.263991 ^ _376_/B (sg13g2_nor2_1)
     3    0.010286    0.024892    0.024127    2.288118 v _376_/Y (sg13g2_nor2_1)
                                                         _156_ (net)
                      0.024892    0.000000    2.288118 v _377_/A (sg13g2_and3_1)
     1    0.004722    0.014544    0.037109    2.325227 v _377_/X (sg13g2_and3_1)
                                                         _157_ (net)
                      0.014544    0.000000    2.325227 v _378_/A (sg13g2_buf_4)
    13    0.050122    0.026750    0.048661    2.373888 v _378_/X (sg13g2_buf_4)
                                                         _158_ (net)
                      0.026750    0.000000    2.373888 v _391_/B2 (sg13g2_a22oi_1)
     1    0.001901    0.039065    0.029506    2.403394 ^ _391_/Y (sg13g2_a22oi_1)
                                                         _018_ (net)
                      0.039065    0.000000    2.403394 ^ _561_/D (sg13g2_dfrbpq_1)
                                              2.403394   data arrival time

                      0.000000   10.000000   10.000000   clock core (rise edge)
                                  0.000000   10.000000   clock network delay (ideal)
                                  0.000000   10.000000   clock reconvergence pessimism
                                             10.000000 ^ _561_/CLK (sg13g2_dfrbpq_1)
                                 -0.053016    9.946984   library setup time
                                              9.946984   data required time
---------------------------------------------------------------------------------------------
                                              9.946984   data required time
                                             -2.403394   data arrival time
---------------------------------------------------------------------------------------------
                                              7.543589   slack (MET)


Startpoint: tl_i[107] (input port clocked by core)
Endpoint: _562_ (rising edge-triggered flip-flop clocked by core)
Path Group: core
Path Type: max

Fanout         Cap        Slew       Delay        Time   Description
---------------------------------------------------------------------------------------------
                      0.000000    0.000000    0.000000   clock core (rise edge)
                                  0.000000    0.000000   clock network delay (ideal)
                                  2.000000    2.000000 v input external delay
     1    0.003698    0.000370    0.000370    2.000370 v tl_i[107] (in)
                                                         tl_i[107] (net)
                      0.000370    0.000000    2.000370 v _339_/A (sg13g2_inv_1)
     2    0.011993    0.025503    0.023143    2.023513 ^ _339_/Y (sg13g2_inv_1)
                                                         _133_ (net)
                      0.025503    0.000000    2.023513 ^ _340_/B (sg13g2_nand2b_2)
     3    0.012457    0.028063    0.029372    2.052884 v _340_/Y (sg13g2_nand2b_2)
                                                         _134_ (net)
                      0.028063    0.000000    2.052884 v _341_/B (sg13g2_nor2_2)
     2    0.007486    0.026864    0.027452    2.080336 ^ _341_/Y (sg13g2_nor2_2)
                                                         _135_ (net)
                      0.026864    0.000000    2.080336 ^ _343_/A (sg13g2_nand2_1)
     4    0.015019    0.051057    0.048776    2.129112 v _343_/Y (sg13g2_nand2_1)
                                                         _137_ (net)
                      0.051057    0.000000    2.129112 v _351_/A2 (sg13g2_o21ai_1)
     3    0.012915    0.086220    0.080693    2.209805 ^ _351_/Y (sg13g2_o21ai_1)
                                                         _145_ (net)
                      0.086220    0.000000    2.209805 ^ _375_/A (sg13g2_and2_1)
     1    0.004675    0.018798    0.054186    2.263991 ^ _375_/X (sg13g2_and2_1)
                                                         _155_ (net)
                      0.018798    0.000000    2.263991 ^ _376_/B (sg13g2_nor2_1)
     3    0.010286    0.024892    0.024127    2.288118 v _376_/Y (sg13g2_nor2_1)
                                                         _156_ (net)
                      0.024892    0.000000    2.288118 v _377_/A (sg13g2_and3_1)
     1    0.004722    0.014544    0.037109    2.325227 v _377_/X (sg13g2_and3_1)
                                                         _157_ (net)
                      0.014544    0.000000    2.325227 v _378_/A (sg13g2_buf_4)
    13    0.050122    0.026750    0.048661    2.373888 v _378_/X (sg13g2_buf_4)
                                                         _158_ (net)
                      0.026750    0.000000    2.373888 v _388_/B2 (sg13g2_a22oi_1)
     1    0.001901    0.039065    0.029506    2.403394 ^ _388_/Y (sg13g2_a22oi_1)
                                                         _017_ (net)
                      0.039065    0.000000    2.403394 ^ _562_/D (sg13g2_dfrbpq_1)
                                              2.403394   data arrival time

                      0.000000   10.000000   10.000000   clock core (rise edge)
                                  0.000000   10.000000   clock network delay (ideal)
                                  0.000000   10.000000   clock reconvergence pessimism
                                             10.000000 ^ _562_/CLK (sg13g2_dfrbpq_1)
                                 -0.053016    9.946984   library setup time
                                              9.946984   data required time
---------------------------------------------------------------------------------------------
                                              9.946984   data required time
                                             -2.403394   data arrival time
---------------------------------------------------------------------------------------------
                                              7.543589   slack (MET)


Startpoint: rst_ni (input port clocked by core)
Endpoint: _587_ (recovery check against rising-edge clock core)
Path Group: asynchronous
Path Type: max

Fanout         Cap        Slew       Delay        Time   Description
---------------------------------------------------------------------------------------------
                      0.000000    0.000000    0.000000   clock core (rise edge)
                                  0.000000    0.000000   clock network delay (ideal)
                                  2.000000    2.000000 ^ input external delay
     2    0.013193    0.001319    0.001319    2.001319 ^ rst_ni (in)
                                                         rst_ni (net)
                      0.001319    0.000000    2.001319 ^ _587_/RESET_B (sg13g2_dfrbpq_1)
                                              2.001319   data arrival time

                      0.000000   10.000000   10.000000   clock core (rise edge)
                                  0.000000   10.000000   clock network delay (ideal)
                                  0.000000   10.000000   clock reconvergence pessimism
                                             10.000000 ^ _587_/CLK (sg13g2_dfrbpq_1)
                                 -0.049426    9.950574   library recovery time
                                              9.950574   data required time
---------------------------------------------------------------------------------------------
                                              9.950574   data required time
                                             -2.001319   data arrival time
---------------------------------------------------------------------------------------------
                                              7.949255   slack (MET)


Startpoint: rst_ni (input port clocked by core)
Endpoint: _588_ (recovery check against rising-edge clock core)
Path Group: asynchronous
Path Type: max

Fanout         Cap        Slew       Delay        Time   Description
---------------------------------------------------------------------------------------------
                      0.000000    0.000000    0.000000   clock core (rise edge)
                                  0.000000    0.000000   clock network delay (ideal)
                                  2.000000    2.000000 ^ input external delay
     2    0.013193    0.001319    0.001319    2.001319 ^ rst_ni (in)
                                                         rst_ni (net)
                      0.001319    0.000000    2.001319 ^ _588_/RESET_B (sg13g2_dfrbpq_1)
                                              2.001319   data arrival time

                      0.000000   10.000000   10.000000   clock core (rise edge)
                                  0.000000   10.000000   clock network delay (ideal)
                                  0.000000   10.000000   clock reconvergence pessimism
                                             10.000000 ^ _588_/CLK (sg13g2_dfrbpq_1)
                                 -0.049426    9.950574   library recovery time
                                              9.950574   data required time
---------------------------------------------------------------------------------------------
                                              9.950574   data required time
                                             -2.001319   data arrival time
---------------------------------------------------------------------------------------------
                                              7.949255   slack (MET)


Startpoint: _588_ (rising edge-triggered flip-flop clocked by core)
Endpoint: _521_ (recovery check against rising-edge clock core)
Path Group: asynchronous
Path Type: max

Fanout         Cap        Slew       Delay        Time   Description
---------------------------------------------------------------------------------------------
                      0.000000    0.000000    0.000000   clock core (rise edge)
                                  0.000000    0.000000   clock network delay (ideal)
                      0.000000    0.000000    0.000000 ^ _588_/CLK (sg13g2_dfrbpq_1)
    98    0.646447    1.272945    0.916983    0.916983 ^ _588_/Q (sg13g2_dfrbpq_1)
                                                         core_rst_sync_ni (net)
                      1.272945    0.000000    0.916983 ^ _521_/RESET_B (sg13g2_dfrbpq_1)
                                              0.916983   data arrival time

                      0.000000   10.000000   10.000000   clock core (rise edge)
                                  0.000000   10.000000   clock network delay (ideal)
                                  0.000000   10.000000   clock reconvergence pessimism
                                             10.000000 ^ _521_/CLK (sg13g2_dfrbpq_1)
                                 -0.213610    9.786389   library recovery time
                                              9.786389   data required time
---------------------------------------------------------------------------------------------
                                              9.786389   data required time
                                             -0.916983   data arrival time
---------------------------------------------------------------------------------------------
                                              8.869406   slack (MET)


Startpoint: _588_ (rising edge-triggered flip-flop clocked by core)
Endpoint: _522_ (recovery check against rising-edge clock core)
Path Group: asynchronous
Path Type: max

Fanout         Cap        Slew       Delay        Time   Description
---------------------------------------------------------------------------------------------
                      0.000000    0.000000    0.000000   clock core (rise edge)
                                  0.000000    0.000000   clock network delay (ideal)
                      0.000000    0.000000    0.000000 ^ _588_/CLK (sg13g2_dfrbpq_1)
    98    0.646447    1.272945    0.916983    0.916983 ^ _588_/Q (sg13g2_dfrbpq_1)
                                                         core_rst_sync_ni (net)
                      1.272945    0.000000    0.916983 ^ _522_/RESET_B (sg13g2_dfrbpq_1)
                                              0.916983   data arrival time

                      0.000000   10.000000   10.000000   clock core (rise edge)
                                  0.000000   10.000000   clock network delay (ideal)
                                  0.000000   10.000000   clock reconvergence pessimism
                                             10.000000 ^ _522_/CLK (sg13g2_dfrbpq_1)
                                 -0.213610    9.786389   library recovery time
                                              9.786389   data required time
---------------------------------------------------------------------------------------------
                                              9.786389   data required time
                                             -0.916983   data arrival time
---------------------------------------------------------------------------------------------
                                              8.869406   slack (MET)


Startpoint: _588_ (rising edge-triggered flip-flop clocked by core)
Endpoint: _523_ (recovery check against rising-edge clock core)
Path Group: asynchronous
Path Type: max

Fanout         Cap        Slew       Delay        Time   Description
---------------------------------------------------------------------------------------------
                      0.000000    0.000000    0.000000   clock core (rise edge)
                                  0.000000    0.000000   clock network delay (ideal)
                      0.000000    0.000000    0.000000 ^ _588_/CLK (sg13g2_dfrbpq_1)
    98    0.646447    1.272945    0.916983    0.916983 ^ _588_/Q (sg13g2_dfrbpq_1)
                                                         core_rst_sync_ni (net)
                      1.272945    0.000000    0.916983 ^ _523_/RESET_B (sg13g2_dfrbpq_1)
                                              0.916983   data arrival time

                      0.000000   10.000000   10.000000   clock core (rise edge)
                                  0.000000   10.000000   clock network delay (ideal)
                                  0.000000   10.000000   clock reconvergence pessimism
                                             10.000000 ^ _523_/CLK (sg13g2_dfrbpq_1)
                                 -0.213610    9.786389   library recovery time
                                              9.786389   data required time
---------------------------------------------------------------------------------------------
                                              9.786389   data required time
                                             -0.916983   data arrival time
---------------------------------------------------------------------------------------------
                                              8.869406   slack (MET)


Startpoint: _588_ (rising edge-triggered flip-flop clocked by core)
Endpoint: _524_ (recovery check against rising-edge clock core)
Path Group: asynchronous
Path Type: max

Fanout         Cap        Slew       Delay        Time   Description
---------------------------------------------------------------------------------------------
                      0.000000    0.000000    0.000000   clock core (rise edge)
                                  0.000000    0.000000   clock network delay (ideal)
                      0.000000    0.000000    0.000000 ^ _588_/CLK (sg13g2_dfrbpq_1)
    98    0.646447    1.272945    0.916983    0.916983 ^ _588_/Q (sg13g2_dfrbpq_1)
                                                         core_rst_sync_ni (net)
                      1.272945    0.000000    0.916983 ^ _524_/RESET_B (sg13g2_dfrbpq_1)
                                              0.916983   data arrival time

                      0.000000   10.000000   10.000000   clock core (rise edge)
                                  0.000000   10.000000   clock network delay (ideal)
                                  0.000000   10.000000   clock reconvergence pessimism
                                             10.000000 ^ _524_/CLK (sg13g2_dfrbpq_1)
                                 -0.213610    9.786389   library recovery time
                                              9.786389   data required time
---------------------------------------------------------------------------------------------
                                              9.786389   data required time
                                             -0.916983   data arrival time
---------------------------------------------------------------------------------------------
                                              8.869406   slack (MET)


Startpoint: _588_ (rising edge-triggered flip-flop clocked by core)
Endpoint: _525_ (recovery check against rising-edge clock core)
Path Group: asynchronous
Path Type: max

Fanout         Cap        Slew       Delay        Time   Description
---------------------------------------------------------------------------------------------
                      0.000000    0.000000    0.000000   clock core (rise edge)
                                  0.000000    0.000000   clock network delay (ideal)
                      0.000000    0.000000    0.000000 ^ _588_/CLK (sg13g2_dfrbpq_1)
    98    0.646447    1.272945    0.916983    0.916983 ^ _588_/Q (sg13g2_dfrbpq_1)
                                                         core_rst_sync_ni (net)
                      1.272945    0.000000    0.916983 ^ _525_/RESET_B (sg13g2_dfrbpq_1)
                                              0.916983   data arrival time

                      0.000000   10.000000   10.000000   clock core (rise edge)
                                  0.000000   10.000000   clock network delay (ideal)
                                  0.000000   10.000000   clock reconvergence pessimism
                                             10.000000 ^ _525_/CLK (sg13g2_dfrbpq_1)
                                 -0.213610    9.786389   library recovery time
                                              9.786389   data required time
---------------------------------------------------------------------------------------------
                                              9.786389   data required time
                                             -0.916983   data arrival time
---------------------------------------------------------------------------------------------
                                              8.869406   slack (MET)


Startpoint: _588_ (rising edge-triggered flip-flop clocked by core)
Endpoint: _526_ (recovery check against rising-edge clock core)
Path Group: asynchronous
Path Type: max

Fanout         Cap        Slew       Delay        Time   Description
---------------------------------------------------------------------------------------------
                      0.000000    0.000000    0.000000   clock core (rise edge)
                                  0.000000    0.000000   clock network delay (ideal)
                      0.000000    0.000000    0.000000 ^ _588_/CLK (sg13g2_dfrbpq_1)
    98    0.646447    1.272945    0.916983    0.916983 ^ _588_/Q (sg13g2_dfrbpq_1)
                                                         core_rst_sync_ni (net)
                      1.272945    0.000000    0.916983 ^ _526_/RESET_B (sg13g2_dfrbpq_1)
                                              0.916983   data arrival time

                      0.000000   10.000000   10.000000   clock core (rise edge)
                                  0.000000   10.000000   clock network delay (ideal)
                                  0.000000   10.000000   clock reconvergence pessimism
                                             10.000000 ^ _526_/CLK (sg13g2_dfrbpq_1)
                                 -0.213610    9.786389   library recovery time
                                              9.786389   data required time
---------------------------------------------------------------------------------------------
                                              9.786389   data required time
                                             -0.916983   data arrival time
---------------------------------------------------------------------------------------------
                                              8.869406   slack (MET)


Startpoint: _588_ (rising edge-triggered flip-flop clocked by core)
Endpoint: _527_ (recovery check against rising-edge clock core)
Path Group: asynchronous
Path Type: max

Fanout         Cap        Slew       Delay        Time   Description
---------------------------------------------------------------------------------------------
                      0.000000    0.000000    0.000000   clock core (rise edge)
                                  0.000000    0.000000   clock network delay (ideal)
                      0.000000    0.000000    0.000000 ^ _588_/CLK (sg13g2_dfrbpq_1)
    98    0.646447    1.272945    0.916983    0.916983 ^ _588_/Q (sg13g2_dfrbpq_1)
                                                         core_rst_sync_ni (net)
                      1.272945    0.000000    0.916983 ^ _527_/RESET_B (sg13g2_dfrbpq_1)
                                              0.916983   data arrival time

                      0.000000   10.000000   10.000000   clock core (rise edge)
                                  0.000000   10.000000   clock network delay (ideal)
                                  0.000000   10.000000   clock reconvergence pessimism
                                             10.000000 ^ _527_/CLK (sg13g2_dfrbpq_1)
                                 -0.213610    9.786389   library recovery time
                                              9.786389   data required time
---------------------------------------------------------------------------------------------
                                              9.786389   data required time
                                             -0.916983   data arrival time
---------------------------------------------------------------------------------------------
                                              8.869406   slack (MET)


Startpoint: _588_ (rising edge-triggered flip-flop clocked by core)
Endpoint: _528_ (recovery check against rising-edge clock core)
Path Group: asynchronous
Path Type: max

Fanout         Cap        Slew       Delay        Time   Description
---------------------------------------------------------------------------------------------
                      0.000000    0.000000    0.000000   clock core (rise edge)
                                  0.000000    0.000000   clock network delay (ideal)
                      0.000000    0.000000    0.000000 ^ _588_/CLK (sg13g2_dfrbpq_1)
    98    0.646447    1.272945    0.916983    0.916983 ^ _588_/Q (sg13g2_dfrbpq_1)
                                                         core_rst_sync_ni (net)
                      1.272945    0.000000    0.916983 ^ _528_/RESET_B (sg13g2_dfrbpq_1)
                                              0.916983   data arrival time

                      0.000000   10.000000   10.000000   clock core (rise edge)
                                  0.000000   10.000000   clock network delay (ideal)
                                  0.000000   10.000000   clock reconvergence pessimism
                                             10.000000 ^ _528_/CLK (sg13g2_dfrbpq_1)
                                 -0.213610    9.786389   library recovery time
                                              9.786389   data required time
---------------------------------------------------------------------------------------------
                                              9.786389   data required time
                                             -0.916983   data arrival time
---------------------------------------------------------------------------------------------
                                              8.869406   slack (MET)

=== FlexSoC normalized power fields ===
dynamic_power_definition=internal_power+switching_power
power_unit=OpenSTA report unit; see Units section
internal_power=0.00108
switching_power=2.99e-05
dynamic_power=0.0011099
leakage_power=8.56e-07
total_power=0.00111

=== Gate-level timing/power fusion ===
power_semantics=average_instance_power_from_the_same_VCD_SAIF_context
path_power_sum=unique_instance_average_power_sum_not_incremental_path_energy
fanout_capacitance_source=OpenSTA_report_checks_output_pin_fields

Worst path 1: status=met slack=7.54359 type=max group=core
startpoint=tl_i[107] (input port clocked by core)
endpoint=_553_ (rising edge-triggered flip-flop clocked by core)
path_power_complete=true
path_average_power_sum internal=1.12649e-05 switching=8.89511e-07 dynamic=1.21544e-05 leakage=2.14462e-08 total=1.21759e-05
stage instance cell pins fanout capacitance slew delay arrival internal switching dynamic leakage total
1 _339_ sg13g2_inv_1 A,Y 2 0.011993 0.025503 0.023143 2.02351 1.2404e-08 7.16037e-08 8.40077e-08 7.11381e-10 8.47191e-08
2 _340_ sg13g2_nand2b_2 B,Y 3 0.012457 0.028063 0.029372 2.05288 3.36301e-08 9.32698e-08 1.269e-07 1.87308e-09 1.28773e-07
3 _341_ sg13g2_nor2_2 B,Y 2 0.007486 0.026864 0.027452 2.08034 4.80448e-08 4.71809e-08 9.52257e-08 2.60949e-09 9.78352e-08
4 _343_ sg13g2_nand2_1 A,Y 4 0.015019 0.051057 0.048776 2.12911 1.89043e-08 1.04313e-07 1.23217e-07 8.71091e-10 1.24088e-07
5 _351_ sg13g2_o21ai_1 A2,Y 3 0.012915 0.08622 0.080693 2.2098 5.71783e-09 1.54212e-08 2.11391e-08 2.1967e-09 2.33358e-08
6 _375_ sg13g2_and2_1 A,X 1 0.004675 0.018798 0.054186 2.26399 1.13937e-08 5.58215e-09 1.69758e-08 1.02389e-09 1.79997e-08
7 _376_ sg13g2_nor2_1 B,Y 3 0.010286 0.024892 0.024127 2.28812 4.91838e-08 1.21136e-07 1.7032e-07 7.00149e-10 1.7102e-07
8 _377_ sg13g2_and3_1 A,X 1 0.004722 0.014544 0.037109 2.32523 5.92578e-08 2.81915e-08 8.74493e-08 1.95536e-09 8.94046e-08
9 _378_ sg13g2_buf_4 A,X 13 0.050122 0.02675 0.048661 2.37389 1.70328e-07 3.49822e-07 5.2015e-07 3.18756e-09 5.23337e-07
10 _415_ sg13g2_a22oi_1 B2,Y 1 0.001901 0.039065 0.029506 2.40339 7.83925e-08 2.04293e-08 9.88218e-08 1.79478e-09 1.00617e-07
11 _553_ sg13g2_dfrbpq_1 D - - 0.039065 0 2.40339 1.07777e-05 3.25619e-08 1.08102e-05 4.52273e-09 1.08148e-05

Worst path 2: status=met slack=7.54359 type=max group=core
startpoint=tl_i[107] (input port clocked by core)
endpoint=_554_ (rising edge-triggered flip-flop clocked by core)
path_power_complete=true
path_average_power_sum internal=1.12649e-05 switching=8.89511e-07 dynamic=1.21544e-05 leakage=2.14542e-08 total=1.21758e-05
stage instance cell pins fanout capacitance slew delay arrival internal switching dynamic leakage total
1 _339_ sg13g2_inv_1 A,Y 2 0.011993 0.025503 0.023143 2.02351 1.2404e-08 7.16037e-08 8.40077e-08 7.11381e-10 8.47191e-08
2 _340_ sg13g2_nand2b_2 B,Y 3 0.012457 0.028063 0.029372 2.05288 3.36301e-08 9.32698e-08 1.269e-07 1.87308e-09 1.28773e-07
3 _341_ sg13g2_nor2_2 B,Y 2 0.007486 0.026864 0.027452 2.08034 4.80448e-08 4.71809e-08 9.52257e-08 2.60949e-09 9.78352e-08
4 _343_ sg13g2_nand2_1 A,Y 4 0.015019 0.051057 0.048776 2.12911 1.89043e-08 1.04313e-07 1.23217e-07 8.71091e-10 1.24088e-07
5 _351_ sg13g2_o21ai_1 A2,Y 3 0.012915 0.08622 0.080693 2.2098 5.71783e-09 1.54212e-08 2.11391e-08 2.1967e-09 2.33358e-08
6 _375_ sg13g2_and2_1 A,X 1 0.004675 0.018798 0.054186 2.26399 1.13937e-08 5.58215e-09 1.69758e-08 1.02389e-09 1.79997e-08
7 _376_ sg13g2_nor2_1 B,Y 3 0.010286 0.024892 0.024127 2.28812 4.91838e-08 1.21136e-07 1.7032e-07 7.00149e-10 1.7102e-07
8 _377_ sg13g2_and3_1 A,X 1 0.004722 0.014544 0.037109 2.32523 5.92578e-08 2.81915e-08 8.74493e-08 1.95536e-09 8.94046e-08
9 _378_ sg13g2_buf_4 A,X 13 0.050122 0.02675 0.048661 2.37389 1.70328e-07 3.49822e-07 5.2015e-07 3.18756e-09 5.23337e-07
10 _412_ sg13g2_a22oi_1 B2,Y 1 0.001901 0.039065 0.029506 2.40339 7.83212e-08 2.04293e-08 9.87505e-08 1.80281e-09 1.00553e-07
11 _554_ sg13g2_dfrbpq_1 D - - 0.039065 0 2.40339 1.07777e-05 3.25619e-08 1.08102e-05 4.52273e-09 1.08148e-05

Worst path 3: status=met slack=7.54359 type=max group=core
startpoint=tl_i[107] (input port clocked by core)
endpoint=_555_ (rising edge-triggered flip-flop clocked by core)
path_power_complete=true
path_average_power_sum internal=1.12649e-05 switching=8.89511e-07 dynamic=1.21544e-05 leakage=2.14462e-08 total=1.21759e-05
stage instance cell pins fanout capacitance slew delay arrival internal switching dynamic leakage total
1 _339_ sg13g2_inv_1 A,Y 2 0.011993 0.025503 0.023143 2.02351 1.2404e-08 7.16037e-08 8.40077e-08 7.11381e-10 8.47191e-08
2 _340_ sg13g2_nand2b_2 B,Y 3 0.012457 0.028063 0.029372 2.05288 3.36301e-08 9.32698e-08 1.269e-07 1.87308e-09 1.28773e-07
3 _341_ sg13g2_nor2_2 B,Y 2 0.007486 0.026864 0.027452 2.08034 4.80448e-08 4.71809e-08 9.52257e-08 2.60949e-09 9.78352e-08
4 _343_ sg13g2_nand2_1 A,Y 4 0.015019 0.051057 0.048776 2.12911 1.89043e-08 1.04313e-07 1.23217e-07 8.71091e-10 1.24088e-07
5 _351_ sg13g2_o21ai_1 A2,Y 3 0.012915 0.08622 0.080693 2.2098 5.71783e-09 1.54212e-08 2.11391e-08 2.1967e-09 2.33358e-08
6 _375_ sg13g2_and2_1 A,X 1 0.004675 0.018798 0.054186 2.26399 1.13937e-08 5.58215e-09 1.69758e-08 1.02389e-09 1.79997e-08
7 _376_ sg13g2_nor2_1 B,Y 3 0.010286 0.024892 0.024127 2.28812 4.91838e-08 1.21136e-07 1.7032e-07 7.00149e-10 1.7102e-07
8 _377_ sg13g2_and3_1 A,X 1 0.004722 0.014544 0.037109 2.32523 5.92578e-08 2.81915e-08 8.74493e-08 1.95536e-09 8.94046e-08
9 _378_ sg13g2_buf_4 A,X 13 0.050122 0.02675 0.048661 2.37389 1.70328e-07 3.49822e-07 5.2015e-07 3.18756e-09 5.23337e-07
10 _409_ sg13g2_a22oi_1 B2,Y 1 0.001901 0.039065 0.029506 2.40339 7.83925e-08 2.04293e-08 9.88218e-08 1.79478e-09 1.00617e-07
11 _555_ sg13g2_dfrbpq_1 D - - 0.039065 0 2.40339 1.07777e-05 3.25619e-08 1.08102e-05 4.52273e-09 1.08148e-05

Worst path 4: status=met slack=7.54359 type=max group=core
startpoint=tl_i[107] (input port clocked by core)
endpoint=_556_ (rising edge-triggered flip-flop clocked by core)
path_power_complete=true
path_average_power_sum internal=1.12649e-05 switching=8.89511e-07 dynamic=1.21544e-05 leakage=2.14542e-08 total=1.21758e-05
stage instance cell pins fanout capacitance slew delay arrival internal switching dynamic leakage total
1 _339_ sg13g2_inv_1 A,Y 2 0.011993 0.025503 0.023143 2.02351 1.2404e-08 7.16037e-08 8.40077e-08 7.11381e-10 8.47191e-08
2 _340_ sg13g2_nand2b_2 B,Y 3 0.012457 0.028063 0.029372 2.05288 3.36301e-08 9.32698e-08 1.269e-07 1.87308e-09 1.28773e-07
3 _341_ sg13g2_nor2_2 B,Y 2 0.007486 0.026864 0.027452 2.08034 4.80448e-08 4.71809e-08 9.52257e-08 2.60949e-09 9.78352e-08
4 _343_ sg13g2_nand2_1 A,Y 4 0.015019 0.051057 0.048776 2.12911 1.89043e-08 1.04313e-07 1.23217e-07 8.71091e-10 1.24088e-07
5 _351_ sg13g2_o21ai_1 A2,Y 3 0.012915 0.08622 0.080693 2.2098 5.71783e-09 1.54212e-08 2.11391e-08 2.1967e-09 2.33358e-08
6 _375_ sg13g2_and2_1 A,X 1 0.004675 0.018798 0.054186 2.26399 1.13937e-08 5.58215e-09 1.69758e-08 1.02389e-09 1.79997e-08
7 _376_ sg13g2_nor2_1 B,Y 3 0.010286 0.024892 0.024127 2.28812 4.91838e-08 1.21136e-07 1.7032e-07 7.00149e-10 1.7102e-07
8 _377_ sg13g2_and3_1 A,X 1 0.004722 0.014544 0.037109 2.32523 5.92578e-08 2.81915e-08 8.74493e-08 1.95536e-09 8.94046e-08
9 _378_ sg13g2_buf_4 A,X 13 0.050122 0.02675 0.048661 2.37389 1.70328e-07 3.49822e-07 5.2015e-07 3.18756e-09 5.23337e-07
10 _406_ sg13g2_a22oi_1 B2,Y 1 0.001901 0.039065 0.029506 2.40339 7.83212e-08 2.04293e-08 9.87505e-08 1.80281e-09 1.00553e-07
11 _556_ sg13g2_dfrbpq_1 D - - 0.039065 0 2.40339 1.07777e-05 3.25619e-08 1.08102e-05 4.52273e-09 1.08148e-05

Worst path 5: status=met slack=7.54359 type=max group=core
startpoint=tl_i[107] (input port clocked by core)
endpoint=_557_ (rising edge-triggered flip-flop clocked by core)
path_power_complete=true
path_average_power_sum internal=1.12649e-05 switching=8.89511e-07 dynamic=1.21544e-05 leakage=2.14542e-08 total=1.21758e-05
stage instance cell pins fanout capacitance slew delay arrival internal switching dynamic leakage total
1 _339_ sg13g2_inv_1 A,Y 2 0.011993 0.025503 0.023143 2.02351 1.2404e-08 7.16037e-08 8.40077e-08 7.11381e-10 8.47191e-08
2 _340_ sg13g2_nand2b_2 B,Y 3 0.012457 0.028063 0.029372 2.05288 3.36301e-08 9.32698e-08 1.269e-07 1.87308e-09 1.28773e-07
3 _341_ sg13g2_nor2_2 B,Y 2 0.007486 0.026864 0.027452 2.08034 4.80448e-08 4.71809e-08 9.52257e-08 2.60949e-09 9.78352e-08
4 _343_ sg13g2_nand2_1 A,Y 4 0.015019 0.051057 0.048776 2.12911 1.89043e-08 1.04313e-07 1.23217e-07 8.71091e-10 1.24088e-07
5 _351_ sg13g2_o21ai_1 A2,Y 3 0.012915 0.08622 0.080693 2.2098 5.71783e-09 1.54212e-08 2.11391e-08 2.1967e-09 2.33358e-08
6 _375_ sg13g2_and2_1 A,X 1 0.004675 0.018798 0.054186 2.26399 1.13937e-08 5.58215e-09 1.69758e-08 1.02389e-09 1.79997e-08
7 _376_ sg13g2_nor2_1 B,Y 3 0.010286 0.024892 0.024127 2.28812 4.91838e-08 1.21136e-07 1.7032e-07 7.00149e-10 1.7102e-07
8 _377_ sg13g2_and3_1 A,X 1 0.004722 0.014544 0.037109 2.32523 5.92578e-08 2.81915e-08 8.74493e-08 1.95536e-09 8.94046e-08
9 _378_ sg13g2_buf_4 A,X 13 0.050122 0.02675 0.048661 2.37389 1.70328e-07 3.49822e-07 5.2015e-07 3.18756e-09 5.23337e-07
10 _403_ sg13g2_a22oi_1 B2,Y 1 0.001901 0.039065 0.029506 2.40339 7.83212e-08 2.04293e-08 9.87505e-08 1.80281e-09 1.00553e-07
11 _557_ sg13g2_dfrbpq_1 D - - 0.039065 0 2.40339 1.07777e-05 3.25619e-08 1.08102e-05 4.52273e-09 1.08148e-05

Worst path 6: status=met slack=7.54359 type=max group=core
startpoint=tl_i[107] (input port clocked by core)
endpoint=_558_ (rising edge-triggered flip-flop clocked by core)
path_power_complete=true
path_average_power_sum internal=1.12649e-05 switching=8.89511e-07 dynamic=1.21544e-05 leakage=2.14462e-08 total=1.21759e-05
stage instance cell pins fanout capacitance slew delay arrival internal switching dynamic leakage total
1 _339_ sg13g2_inv_1 A,Y 2 0.011993 0.025503 0.023143 2.02351 1.2404e-08 7.16037e-08 8.40077e-08 7.11381e-10 8.47191e-08
2 _340_ sg13g2_nand2b_2 B,Y 3 0.012457 0.028063 0.029372 2.05288 3.36301e-08 9.32698e-08 1.269e-07 1.87308e-09 1.28773e-07
3 _341_ sg13g2_nor2_2 B,Y 2 0.007486 0.026864 0.027452 2.08034 4.80448e-08 4.71809e-08 9.52257e-08 2.60949e-09 9.78352e-08
4 _343_ sg13g2_nand2_1 A,Y 4 0.015019 0.051057 0.048776 2.12911 1.89043e-08 1.04313e-07 1.23217e-07 8.71091e-10 1.24088e-07
5 _351_ sg13g2_o21ai_1 A2,Y 3 0.012915 0.08622 0.080693 2.2098 5.71783e-09 1.54212e-08 2.11391e-08 2.1967e-09 2.33358e-08
6 _375_ sg13g2_and2_1 A,X 1 0.004675 0.018798 0.054186 2.26399 1.13937e-08 5.58215e-09 1.69758e-08 1.02389e-09 1.79997e-08
7 _376_ sg13g2_nor2_1 B,Y 3 0.010286 0.024892 0.024127 2.28812 4.91838e-08 1.21136e-07 1.7032e-07 7.00149e-10 1.7102e-07
8 _377_ sg13g2_and3_1 A,X 1 0.004722 0.014544 0.037109 2.32523 5.92578e-08 2.81915e-08 8.74493e-08 1.95536e-09 8.94046e-08
9 _378_ sg13g2_buf_4 A,X 13 0.050122 0.02675 0.048661 2.37389 1.70328e-07 3.49822e-07 5.2015e-07 3.18756e-09 5.23337e-07
10 _400_ sg13g2_a22oi_1 B2,Y 1 0.001901 0.039065 0.029506 2.40339 7.83925e-08 2.04293e-08 9.88218e-08 1.79478e-09 1.00617e-07
11 _558_ sg13g2_dfrbpq_1 D - - 0.039065 0 2.40339 1.07777e-05 3.25619e-08 1.08102e-05 4.52273e-09 1.08148e-05

Worst path 7: status=met slack=7.54359 type=max group=core
startpoint=tl_i[107] (input port clocked by core)
endpoint=_559_ (rising edge-triggered flip-flop clocked by core)
path_power_complete=true
path_average_power_sum internal=1.12649e-05 switching=8.89511e-07 dynamic=1.21544e-05 leakage=2.14542e-08 total=1.21758e-05
stage instance cell pins fanout capacitance slew delay arrival internal switching dynamic leakage total
1 _339_ sg13g2_inv_1 A,Y 2 0.011993 0.025503 0.023143 2.02351 1.2404e-08 7.16037e-08 8.40077e-08 7.11381e-10 8.47191e-08
2 _340_ sg13g2_nand2b_2 B,Y 3 0.012457 0.028063 0.029372 2.05288 3.36301e-08 9.32698e-08 1.269e-07 1.87308e-09 1.28773e-07
3 _341_ sg13g2_nor2_2 B,Y 2 0.007486 0.026864 0.027452 2.08034 4.80448e-08 4.71809e-08 9.52257e-08 2.60949e-09 9.78352e-08
4 _343_ sg13g2_nand2_1 A,Y 4 0.015019 0.051057 0.048776 2.12911 1.89043e-08 1.04313e-07 1.23217e-07 8.71091e-10 1.24088e-07
5 _351_ sg13g2_o21ai_1 A2,Y 3 0.012915 0.08622 0.080693 2.2098 5.71783e-09 1.54212e-08 2.11391e-08 2.1967e-09 2.33358e-08
6 _375_ sg13g2_and2_1 A,X 1 0.004675 0.018798 0.054186 2.26399 1.13937e-08 5.58215e-09 1.69758e-08 1.02389e-09 1.79997e-08
7 _376_ sg13g2_nor2_1 B,Y 3 0.010286 0.024892 0.024127 2.28812 4.91838e-08 1.21136e-07 1.7032e-07 7.00149e-10 1.7102e-07
8 _377_ sg13g2_and3_1 A,X 1 0.004722 0.014544 0.037109 2.32523 5.92578e-08 2.81915e-08 8.74493e-08 1.95536e-09 8.94046e-08
9 _378_ sg13g2_buf_4 A,X 13 0.050122 0.02675 0.048661 2.37389 1.70328e-07 3.49822e-07 5.2015e-07 3.18756e-09 5.23337e-07
10 _397_ sg13g2_a22oi_1 B2,Y 1 0.001901 0.039065 0.029506 2.40339 7.83212e-08 2.04293e-08 9.87505e-08 1.80281e-09 1.00553e-07
11 _559_ sg13g2_dfrbpq_1 D - - 0.039065 0 2.40339 1.07777e-05 3.25619e-08 1.08102e-05 4.52273e-09 1.08148e-05

Worst path 8: status=met slack=7.54359 type=max group=core
startpoint=tl_i[107] (input port clocked by core)
endpoint=_560_ (rising edge-triggered flip-flop clocked by core)
path_power_complete=true
path_average_power_sum internal=1.12649e-05 switching=8.89511e-07 dynamic=1.21544e-05 leakage=2.14462e-08 total=1.21759e-05
stage instance cell pins fanout capacitance slew delay arrival internal switching dynamic leakage total
1 _339_ sg13g2_inv_1 A,Y 2 0.011993 0.025503 0.023143 2.02351 1.2404e-08 7.16037e-08 8.40077e-08 7.11381e-10 8.47191e-08
2 _340_ sg13g2_nand2b_2 B,Y 3 0.012457 0.028063 0.029372 2.05288 3.36301e-08 9.32698e-08 1.269e-07 1.87308e-09 1.28773e-07
3 _341_ sg13g2_nor2_2 B,Y 2 0.007486 0.026864 0.027452 2.08034 4.80448e-08 4.71809e-08 9.52257e-08 2.60949e-09 9.78352e-08
4 _343_ sg13g2_nand2_1 A,Y 4 0.015019 0.051057 0.048776 2.12911 1.89043e-08 1.04313e-07 1.23217e-07 8.71091e-10 1.24088e-07
5 _351_ sg13g2_o21ai_1 A2,Y 3 0.012915 0.08622 0.080693 2.2098 5.71783e-09 1.54212e-08 2.11391e-08 2.1967e-09 2.33358e-08
6 _375_ sg13g2_and2_1 A,X 1 0.004675 0.018798 0.054186 2.26399 1.13937e-08 5.58215e-09 1.69758e-08 1.02389e-09 1.79997e-08
7 _376_ sg13g2_nor2_1 B,Y 3 0.010286 0.024892 0.024127 2.28812 4.91838e-08 1.21136e-07 1.7032e-07 7.00149e-10 1.7102e-07
8 _377_ sg13g2_and3_1 A,X 1 0.004722 0.014544 0.037109 2.32523 5.92578e-08 2.81915e-08 8.74493e-08 1.95536e-09 8.94046e-08
9 _378_ sg13g2_buf_4 A,X 13 0.050122 0.02675 0.048661 2.37389 1.70328e-07 3.49822e-07 5.2015e-07 3.18756e-09 5.23337e-07
10 _394_ sg13g2_a22oi_1 B2,Y 1 0.001901 0.039065 0.029506 2.40339 7.83925e-08 2.04293e-08 9.88218e-08 1.79478e-09 1.00617e-07
11 _560_ sg13g2_dfrbpq_1 D - - 0.039065 0 2.40339 1.07777e-05 3.25619e-08 1.08102e-05 4.52273e-09 1.08148e-05

Worst path 9: status=met slack=7.54359 type=max group=core
startpoint=tl_i[107] (input port clocked by core)
endpoint=_561_ (rising edge-triggered flip-flop clocked by core)
path_power_complete=true
path_average_power_sum internal=1.12649e-05 switching=8.89511e-07 dynamic=1.21544e-05 leakage=2.14542e-08 total=1.21758e-05
stage instance cell pins fanout capacitance slew delay arrival internal switching dynamic leakage total
1 _339_ sg13g2_inv_1 A,Y 2 0.011993 0.025503 0.023143 2.02351 1.2404e-08 7.16037e-08 8.40077e-08 7.11381e-10 8.47191e-08
2 _340_ sg13g2_nand2b_2 B,Y 3 0.012457 0.028063 0.029372 2.05288 3.36301e-08 9.32698e-08 1.269e-07 1.87308e-09 1.28773e-07
3 _341_ sg13g2_nor2_2 B,Y 2 0.007486 0.026864 0.027452 2.08034 4.80448e-08 4.71809e-08 9.52257e-08 2.60949e-09 9.78352e-08
4 _343_ sg13g2_nand2_1 A,Y 4 0.015019 0.051057 0.048776 2.12911 1.89043e-08 1.04313e-07 1.23217e-07 8.71091e-10 1.24088e-07
5 _351_ sg13g2_o21ai_1 A2,Y 3 0.012915 0.08622 0.080693 2.2098 5.71783e-09 1.54212e-08 2.11391e-08 2.1967e-09 2.33358e-08
6 _375_ sg13g2_and2_1 A,X 1 0.004675 0.018798 0.054186 2.26399 1.13937e-08 5.58215e-09 1.69758e-08 1.02389e-09 1.79997e-08
7 _376_ sg13g2_nor2_1 B,Y 3 0.010286 0.024892 0.024127 2.28812 4.91838e-08 1.21136e-07 1.7032e-07 7.00149e-10 1.7102e-07
8 _377_ sg13g2_and3_1 A,X 1 0.004722 0.014544 0.037109 2.32523 5.92578e-08 2.81915e-08 8.74493e-08 1.95536e-09 8.94046e-08
9 _378_ sg13g2_buf_4 A,X 13 0.050122 0.02675 0.048661 2.37389 1.70328e-07 3.49822e-07 5.2015e-07 3.18756e-09 5.23337e-07
10 _391_ sg13g2_a22oi_1 B2,Y 1 0.001901 0.039065 0.029506 2.40339 7.83212e-08 2.04293e-08 9.87505e-08 1.80281e-09 1.00553e-07
11 _561_ sg13g2_dfrbpq_1 D - - 0.039065 0 2.40339 1.07777e-05 3.25619e-08 1.08102e-05 4.52273e-09 1.08148e-05

Worst path 10: status=met slack=7.54359 type=max group=core
startpoint=tl_i[107] (input port clocked by core)
endpoint=_562_ (rising edge-triggered flip-flop clocked by core)
path_power_complete=true
path_average_power_sum internal=1.12649e-05 switching=8.89511e-07 dynamic=1.21544e-05 leakage=2.14542e-08 total=1.21758e-05
stage instance cell pins fanout capacitance slew delay arrival internal switching dynamic leakage total
1 _339_ sg13g2_inv_1 A,Y 2 0.011993 0.025503 0.023143 2.02351 1.2404e-08 7.16037e-08 8.40077e-08 7.11381e-10 8.47191e-08
2 _340_ sg13g2_nand2b_2 B,Y 3 0.012457 0.028063 0.029372 2.05288 3.36301e-08 9.32698e-08 1.269e-07 1.87308e-09 1.28773e-07
3 _341_ sg13g2_nor2_2 B,Y 2 0.007486 0.026864 0.027452 2.08034 4.80448e-08 4.71809e-08 9.52257e-08 2.60949e-09 9.78352e-08
4 _343_ sg13g2_nand2_1 A,Y 4 0.015019 0.051057 0.048776 2.12911 1.89043e-08 1.04313e-07 1.23217e-07 8.71091e-10 1.24088e-07
5 _351_ sg13g2_o21ai_1 A2,Y 3 0.012915 0.08622 0.080693 2.2098 5.71783e-09 1.54212e-08 2.11391e-08 2.1967e-09 2.33358e-08
6 _375_ sg13g2_and2_1 A,X 1 0.004675 0.018798 0.054186 2.26399 1.13937e-08 5.58215e-09 1.69758e-08 1.02389e-09 1.79997e-08
7 _376_ sg13g2_nor2_1 B,Y 3 0.010286 0.024892 0.024127 2.28812 4.91838e-08 1.21136e-07 1.7032e-07 7.00149e-10 1.7102e-07
8 _377_ sg13g2_and3_1 A,X 1 0.004722 0.014544 0.037109 2.32523 5.92578e-08 2.81915e-08 8.74493e-08 1.95536e-09 8.94046e-08
9 _378_ sg13g2_buf_4 A,X 13 0.050122 0.02675 0.048661 2.37389 1.70328e-07 3.49822e-07 5.2015e-07 3.18756e-09 5.23337e-07
10 _388_ sg13g2_a22oi_1 B2,Y 1 0.001901 0.039065 0.029506 2.40339 7.83212e-08 2.04293e-08 9.87505e-08 1.80281e-09 1.00553e-07
11 _562_ sg13g2_dfrbpq_1 D - - 0.039065 0 2.40339 1.07777e-05 3.25619e-08 1.08102e-05 4.52273e-09 1.08148e-05

Worst path 11: status=met slack=7.94925 type=max group=asynchronous
startpoint=rst_ni (input port clocked by core)
endpoint=_587_ (recovery check against rising-edge clock core)
path_power_complete=true
path_average_power_sum internal=1.13449e-05 switching=1.36195e-08 dynamic=1.13585e-05 leakage=4.59002e-09 total=1.13631e-05
stage instance cell pins fanout capacitance slew delay arrival internal switching dynamic leakage total
1 _587_ sg13g2_dfrbpq_1 RESET_B - - 0.001319 0 2.00132 1.13449e-05 1.36195e-08 1.13585e-05 4.59002e-09 1.13631e-05

Worst path 12: status=met slack=7.94925 type=max group=asynchronous
startpoint=rst_ni (input port clocked by core)
endpoint=_588_ (recovery check against rising-edge clock core)
path_power_complete=true
path_average_power_sum internal=1.1445e-05 switching=4.63145e-06 dynamic=1.60765e-05 leakage=4.57393e-09 total=1.6081e-05
stage instance cell pins fanout capacitance slew delay arrival internal switching dynamic leakage total
1 _588_ sg13g2_dfrbpq_1 RESET_B - - 0.001319 0 2.00132 1.1445e-05 4.63145e-06 1.60765e-05 4.57393e-09 1.6081e-05

Worst path 13: status=met slack=8.86941 type=max group=asynchronous
startpoint=_588_ (rising edge-triggered flip-flop clocked by core)
endpoint=_521_ (recovery check against rising-edge clock core)
path_power_complete=true
path_average_power_sum internal=2.19232e-05 switching=4.64773e-06 dynamic=2.65709e-05 leakage=9.0936e-09 total=2.658e-05
stage instance cell pins fanout capacitance slew delay arrival internal switching dynamic leakage total
1 _588_ sg13g2_dfrbpq_1 CLK,Q 98 0.646447 1.27294 0.916983 0.916983 1.1445e-05 4.63145e-06 1.60765e-05 4.57393e-09 1.6081e-05
2 _521_ sg13g2_dfrbpq_1 RESET_B - - 1.27294 0 0.916983 1.04782e-05 1.6281e-08 1.04945e-05 4.51967e-09 1.0499e-05

Worst path 14: status=met slack=8.86941 type=max group=asynchronous
startpoint=_588_ (rising edge-triggered flip-flop clocked by core)
endpoint=_522_ (recovery check against rising-edge clock core)
path_power_complete=true
path_average_power_sum internal=2.12591e-05 switching=4.63145e-06 dynamic=2.58905e-05 leakage=9.06496e-09 total=2.58996e-05
stage instance cell pins fanout capacitance slew delay arrival internal switching dynamic leakage total
1 _588_ sg13g2_dfrbpq_1 CLK,Q 98 0.646447 1.27294 0.916983 0.916983 1.1445e-05 4.63145e-06 1.60765e-05 4.57393e-09 1.6081e-05
2 _522_ sg13g2_dfrbpq_1 RESET_B - - 1.27294 0 0.916983 9.81407e-06 0 9.81407e-06 4.49103e-09 9.81857e-06

Worst path 15: status=met slack=8.86941 type=max group=asynchronous
startpoint=_588_ (rising edge-triggered flip-flop clocked by core)
endpoint=_523_ (recovery check against rising-edge clock core)
path_power_complete=true
path_average_power_sum internal=2.12591e-05 switching=4.63145e-06 dynamic=2.58905e-05 leakage=9.06496e-09 total=2.58996e-05
stage instance cell pins fanout capacitance slew delay arrival internal switching dynamic leakage total
1 _588_ sg13g2_dfrbpq_1 CLK,Q 98 0.646447 1.27294 0.916983 0.916983 1.1445e-05 4.63145e-06 1.60765e-05 4.57393e-09 1.6081e-05
2 _523_ sg13g2_dfrbpq_1 RESET_B - - 1.27294 0 0.916983 9.81407e-06 0 9.81407e-06 4.49103e-09 9.81857e-06

Worst path 16: status=met slack=8.86941 type=max group=asynchronous
startpoint=_588_ (rising edge-triggered flip-flop clocked by core)
endpoint=_524_ (recovery check against rising-edge clock core)
path_power_complete=true
path_average_power_sum internal=2.12591e-05 switching=4.63145e-06 dynamic=2.58905e-05 leakage=9.06496e-09 total=2.58996e-05
stage instance cell pins fanout capacitance slew delay arrival internal switching dynamic leakage total
1 _588_ sg13g2_dfrbpq_1 CLK,Q 98 0.646447 1.27294 0.916983 0.916983 1.1445e-05 4.63145e-06 1.60765e-05 4.57393e-09 1.6081e-05
2 _524_ sg13g2_dfrbpq_1 RESET_B - - 1.27294 0 0.916983 9.81407e-06 0 9.81407e-06 4.49103e-09 9.81857e-06

Worst path 17: status=met slack=8.86941 type=max group=asynchronous
startpoint=_588_ (rising edge-triggered flip-flop clocked by core)
endpoint=_525_ (recovery check against rising-edge clock core)
path_power_complete=true
path_average_power_sum internal=2.12591e-05 switching=4.63145e-06 dynamic=2.58905e-05 leakage=9.06496e-09 total=2.58996e-05
stage instance cell pins fanout capacitance slew delay arrival internal switching dynamic leakage total
1 _588_ sg13g2_dfrbpq_1 CLK,Q 98 0.646447 1.27294 0.916983 0.916983 1.1445e-05 4.63145e-06 1.60765e-05 4.57393e-09 1.6081e-05
2 _525_ sg13g2_dfrbpq_1 RESET_B - - 1.27294 0 0.916983 9.81404e-06 0 9.81404e-06 4.49103e-09 9.81853e-06

Worst path 18: status=met slack=8.86941 type=max group=asynchronous
startpoint=_588_ (rising edge-triggered flip-flop clocked by core)
endpoint=_526_ (recovery check against rising-edge clock core)
path_power_complete=true
path_average_power_sum internal=2.12588e-05 switching=4.63145e-06 dynamic=2.58903e-05 leakage=9.06496e-09 total=2.58993e-05
stage instance cell pins fanout capacitance slew delay arrival internal switching dynamic leakage total
1 _588_ sg13g2_dfrbpq_1 CLK,Q 98 0.646447 1.27294 0.916983 0.916983 1.1445e-05 4.63145e-06 1.60765e-05 4.57393e-09 1.6081e-05
2 _526_ sg13g2_dfrbpq_1 RESET_B - - 1.27294 0 0.916983 9.8138e-06 0 9.8138e-06 4.49103e-09 9.8183e-06

Worst path 19: status=met slack=8.86941 type=max group=asynchronous
startpoint=_588_ (rising edge-triggered flip-flop clocked by core)
endpoint=_527_ (recovery check against rising-edge clock core)
path_power_complete=true
path_average_power_sum internal=2.12588e-05 switching=4.63145e-06 dynamic=2.58903e-05 leakage=9.06496e-09 total=2.58993e-05
stage instance cell pins fanout capacitance slew delay arrival internal switching dynamic leakage total
1 _588_ sg13g2_dfrbpq_1 CLK,Q 98 0.646447 1.27294 0.916983 0.916983 1.1445e-05 4.63145e-06 1.60765e-05 4.57393e-09 1.6081e-05
2 _527_ sg13g2_dfrbpq_1 RESET_B - - 1.27294 0 0.916983 9.8138e-06 0 9.8138e-06 4.49103e-09 9.8183e-06

Worst path 20: status=met slack=8.86941 type=max group=asynchronous
startpoint=_588_ (rising edge-triggered flip-flop clocked by core)
endpoint=_528_ (recovery check against rising-edge clock core)
path_power_complete=true
path_average_power_sum internal=2.12588e-05 switching=4.63145e-06 dynamic=2.58903e-05 leakage=9.06496e-09 total=2.58993e-05
stage instance cell pins fanout capacitance slew delay arrival internal switching dynamic leakage total
1 _588_ sg13g2_dfrbpq_1 CLK,Q 98 0.646447 1.27294 0.916983 0.916983 1.1445e-05 4.63145e-06 1.60765e-05 4.57393e-09 1.6081e-05
2 _528_ sg13g2_dfrbpq_1 RESET_B - - 1.27294 0 0.916983 9.8138e-06 0 9.8138e-06 4.49103e-09 9.8183e-06

=== Highest-power instances and worst path through each ===

Hotspot 1: instance=_588_ selected_worst_paths=12,13,14,15,16,17,18,19,20 internal=1.1445e-05 switching=4.63145e-06 dynamic=1.60765e-05 leakage=4.57393e-09 total=1.6081e-05
Worst path through hotspot: status=met slack=7.94925 type=max group=asynchronous
startpoint=rst_ni (input port clocked by core)
endpoint=_588_ (recovery check against rising-edge clock core)
path_power_complete=true
path_average_power_sum internal=1.1445e-05 switching=4.63145e-06 dynamic=1.60765e-05 leakage=4.57393e-09 total=1.6081e-05
stage instance cell pins fanout capacitance slew delay arrival internal switching dynamic leakage total
1 _588_ sg13g2_dfrbpq_1 RESET_B - - 0.001319 0 2.00132 1.1445e-05 4.63145e-06 1.60765e-05 4.57393e-09 1.6081e-05
OpenSTA targeted timing report:
Startpoint: rst_ni (input port clocked by core)
Endpoint: _588_ (recovery check against rising-edge clock core)
Path Group: asynchronous
Path Type: max

Fanout         Cap        Slew       Delay        Time   Description
---------------------------------------------------------------------------------------------
                      0.000000    0.000000    0.000000   clock core (rise edge)
                                  0.000000    0.000000   clock network delay (ideal)
                                  2.000000    2.000000 ^ input external delay
     2    0.013193    0.001319    0.001319    2.001319 ^ rst_ni (in)
                                                         rst_ni (net)
                      0.001319    0.000000    2.001319 ^ _588_/RESET_B (sg13g2_dfrbpq_1)
                                              2.001319   data arrival time

                      0.000000   10.000000   10.000000   clock core (rise edge)
                                  0.000000   10.000000   clock network delay (ideal)
                                  0.000000   10.000000   clock reconvergence pessimism
                                             10.000000 ^ _588_/CLK (sg13g2_dfrbpq_1)
                                 -0.049426    9.950574   library recovery time
                                              9.950574   data required time
---------------------------------------------------------------------------------------------
                                              9.950574   data required time
                                             -2.001319   data arrival time
---------------------------------------------------------------------------------------------
                                              7.949255   slack (MET)

Hotspot 2: instance=_596_ selected_worst_paths=none internal=1.38555e-05 switching=1.27048e-06 dynamic=1.5126e-05 leakage=4.58524e-09 total=1.51306e-05
Worst path through hotspot: status=met slack=8.86941 type=max group=asynchronous
startpoint=_588_ (rising edge-triggered flip-flop clocked by core)
endpoint=_596_ (recovery check against rising-edge clock core)
path_power_complete=true
path_average_power_sum internal=2.53006e-05 switching=5.90193e-06 dynamic=3.12025e-05 leakage=9.15917e-09 total=3.12117e-05
stage instance cell pins fanout capacitance slew delay arrival internal switching dynamic leakage total
1 _588_ sg13g2_dfrbpq_1 CLK,Q 98 0.646447 1.27294 0.916983 0.916983 1.1445e-05 4.63145e-06 1.60765e-05 4.57393e-09 1.6081e-05
2 _596_ sg13g2_dfrbpq_1 RESET_B - - 1.27294 0 0.916983 1.38555e-05 1.27048e-06 1.5126e-05 4.58524e-09 1.51306e-05
OpenSTA targeted timing report:
Startpoint: _588_ (rising edge-triggered flip-flop clocked by core)
Endpoint: _596_ (recovery check against rising-edge clock core)
Path Group: asynchronous
Path Type: max

Fanout         Cap        Slew       Delay        Time   Description
---------------------------------------------------------------------------------------------
                      0.000000    0.000000    0.000000   clock core (rise edge)
                                  0.000000    0.000000   clock network delay (ideal)
                      0.000000    0.000000    0.000000 ^ _588_/CLK (sg13g2_dfrbpq_1)
    98    0.646447    1.272945    0.916983    0.916983 ^ _588_/Q (sg13g2_dfrbpq_1)
                                                         core_rst_sync_ni (net)
                      1.272945    0.000000    0.916983 ^ _596_/RESET_B (sg13g2_dfrbpq_1)
                                              0.916983   data arrival time

                      0.000000   10.000000   10.000000   clock core (rise edge)
                                  0.000000   10.000000   clock network delay (ideal)
                                  0.000000   10.000000   clock reconvergence pessimism
                                             10.000000 ^ _596_/CLK (sg13g2_dfrbpq_1)
                                 -0.213610    9.786389   library recovery time
                                              9.786389   data required time
---------------------------------------------------------------------------------------------
                                              9.786389   data required time
                                             -0.916983   data arrival time
---------------------------------------------------------------------------------------------
                                              8.869406   slack (MET)

Hotspot 3: instance=_610_ selected_worst_paths=none internal=1.38488e-05 switching=9.79774e-07 dynamic=1.48286e-05 leakage=4.58535e-09 total=1.48332e-05
Worst path through hotspot: status=met slack=8.86941 type=max group=asynchronous
startpoint=_588_ (rising edge-triggered flip-flop clocked by core)
endpoint=_610_ (recovery check against rising-edge clock core)
path_power_complete=true
path_average_power_sum internal=2.52938e-05 switching=5.61122e-06 dynamic=3.09051e-05 leakage=9.15928e-09 total=3.09142e-05
stage instance cell pins fanout capacitance slew delay arrival internal switching dynamic leakage total
1 _588_ sg13g2_dfrbpq_1 CLK,Q 98 0.646447 1.27294 0.916983 0.916983 1.1445e-05 4.63145e-06 1.60765e-05 4.57393e-09 1.6081e-05
2 _610_ sg13g2_dfrbpq_1 RESET_B - - 1.27294 0 0.916983 1.38488e-05 9.79774e-07 1.48286e-05 4.58535e-09 1.48332e-05
OpenSTA targeted timing report:
Startpoint: _588_ (rising edge-triggered flip-flop clocked by core)
Endpoint: _610_ (recovery check against rising-edge clock core)
Path Group: asynchronous
Path Type: max

Fanout         Cap        Slew       Delay        Time   Description
---------------------------------------------------------------------------------------------
                      0.000000    0.000000    0.000000   clock core (rise edge)
                                  0.000000    0.000000   clock network delay (ideal)
                      0.000000    0.000000    0.000000 ^ _588_/CLK (sg13g2_dfrbpq_1)
    98    0.646447    1.272945    0.916983    0.916983 ^ _588_/Q (sg13g2_dfrbpq_1)
                                                         core_rst_sync_ni (net)
                      1.272945    0.000000    0.916983 ^ _610_/RESET_B (sg13g2_dfrbpq_1)
                                              0.916983   data arrival time

                      0.000000   10.000000   10.000000   clock core (rise edge)
                                  0.000000   10.000000   clock network delay (ideal)
                                  0.000000   10.000000   clock reconvergence pessimism
                                             10.000000 ^ _610_/CLK (sg13g2_dfrbpq_1)
                                 -0.213610    9.786389   library recovery time
                                              9.786389   data required time
---------------------------------------------------------------------------------------------
                                              9.786389   data required time
                                             -0.916983   data arrival time
---------------------------------------------------------------------------------------------
                                              8.869406   slack (MET)

Hotspot 4: instance=_617_ selected_worst_paths=none internal=1.26187e-05 switching=7.14087e-07 dynamic=1.33328e-05 leakage=4.5881e-09 total=1.33374e-05
Worst path through hotspot: status=met slack=8.86941 type=max group=asynchronous
startpoint=_588_ (rising edge-triggered flip-flop clocked by core)
endpoint=_617_ (recovery check against rising-edge clock core)
path_power_complete=true
path_average_power_sum internal=2.40637e-05 switching=5.34554e-06 dynamic=2.94092e-05 leakage=9.16203e-09 total=2.94184e-05
stage instance cell pins fanout capacitance slew delay arrival internal switching dynamic leakage total
1 _588_ sg13g2_dfrbpq_1 CLK,Q 98 0.646447 1.27294 0.916983 0.916983 1.1445e-05 4.63145e-06 1.60765e-05 4.57393e-09 1.6081e-05
2 _617_ sg13g2_dfrbpq_1 RESET_B - - 1.27294 0 0.916983 1.26187e-05 7.14087e-07 1.33328e-05 4.5881e-09 1.33374e-05
OpenSTA targeted timing report:
Startpoint: _588_ (rising edge-triggered flip-flop clocked by core)
Endpoint: _617_ (recovery check against rising-edge clock core)
Path Group: asynchronous
Path Type: max

Fanout         Cap        Slew       Delay        Time   Description
---------------------------------------------------------------------------------------------
                      0.000000    0.000000    0.000000   clock core (rise edge)
                                  0.000000    0.000000   clock network delay (ideal)
                      0.000000    0.000000    0.000000 ^ _588_/CLK (sg13g2_dfrbpq_1)
    98    0.646447    1.272945    0.916983    0.916983 ^ _588_/Q (sg13g2_dfrbpq_1)
                                                         core_rst_sync_ni (net)
                      1.272945    0.000000    0.916983 ^ _617_/RESET_B (sg13g2_dfrbpq_1)
                                              0.916983   data arrival time

                      0.000000   10.000000   10.000000   clock core (rise edge)
                                  0.000000   10.000000   clock network delay (ideal)
                                  0.000000   10.000000   clock reconvergence pessimism
                                             10.000000 ^ _617_/CLK (sg13g2_dfrbpq_1)
                                 -0.213610    9.786389   library recovery time
                                              9.786389   data required time
---------------------------------------------------------------------------------------------
                                              9.786389   data required time
                                             -0.916983   data arrival time
---------------------------------------------------------------------------------------------
                                              8.869406   slack (MET)

Hotspot 5: instance=_603_ selected_worst_paths=none internal=1.26185e-05 switching=7.05821e-07 dynamic=1.33243e-05 leakage=4.58811e-09 total=1.33289e-05
Worst path through hotspot: status=met slack=8.86941 type=max group=asynchronous
startpoint=_588_ (rising edge-triggered flip-flop clocked by core)
endpoint=_603_ (recovery check against rising-edge clock core)
path_power_complete=true
path_average_power_sum internal=2.40635e-05 switching=5.33727e-06 dynamic=2.94008e-05 leakage=9.16204e-09 total=2.94099e-05
stage instance cell pins fanout capacitance slew delay arrival internal switching dynamic leakage total
1 _588_ sg13g2_dfrbpq_1 CLK,Q 98 0.646447 1.27294 0.916983 0.916983 1.1445e-05 4.63145e-06 1.60765e-05 4.57393e-09 1.6081e-05
2 _603_ sg13g2_dfrbpq_1 RESET_B - - 1.27294 0 0.916983 1.26185e-05 7.05821e-07 1.33243e-05 4.58811e-09 1.33289e-05
OpenSTA targeted timing report:
Startpoint: _588_ (rising edge-triggered flip-flop clocked by core)
Endpoint: _603_ (recovery check against rising-edge clock core)
Path Group: asynchronous
Path Type: max

Fanout         Cap        Slew       Delay        Time   Description
---------------------------------------------------------------------------------------------
                      0.000000    0.000000    0.000000   clock core (rise edge)
                                  0.000000    0.000000   clock network delay (ideal)
                      0.000000    0.000000    0.000000 ^ _588_/CLK (sg13g2_dfrbpq_1)
    98    0.646447    1.272945    0.916983    0.916983 ^ _588_/Q (sg13g2_dfrbpq_1)
                                                         core_rst_sync_ni (net)
                      1.272945    0.000000    0.916983 ^ _603_/RESET_B (sg13g2_dfrbpq_1)
                                              0.916983   data arrival time

                      0.000000   10.000000   10.000000   clock core (rise edge)
                                  0.000000   10.000000   clock network delay (ideal)
                                  0.000000   10.000000   clock reconvergence pessimism
                                             10.000000 ^ _603_/CLK (sg13g2_dfrbpq_1)
                                 -0.213610    9.786389   library recovery time
                                              9.786389   data required time
---------------------------------------------------------------------------------------------
                                              9.786389   data required time
                                             -0.916983   data arrival time
---------------------------------------------------------------------------------------------
                                              8.869406   slack (MET)

Hotspot 6: instance=_611_ selected_worst_paths=none internal=1.24887e-05 switching=4.53409e-07 dynamic=1.29422e-05 leakage=4.54731e-09 total=1.29467e-05
Worst path through hotspot: status=met slack=8.86941 type=max group=asynchronous
startpoint=_588_ (rising edge-triggered flip-flop clocked by core)
endpoint=_611_ (recovery check against rising-edge clock core)
path_power_complete=true
path_average_power_sum internal=2.39338e-05 switching=5.08486e-06 dynamic=2.90186e-05 leakage=9.12125e-09 total=2.90277e-05
stage instance cell pins fanout capacitance slew delay arrival internal switching dynamic leakage total
1 _588_ sg13g2_dfrbpq_1 CLK,Q 98 0.646447 1.27294 0.916983 0.916983 1.1445e-05 4.63145e-06 1.60765e-05 4.57393e-09 1.6081e-05
2 _611_ sg13g2_dfrbpq_1 RESET_B - - 1.27294 0 0.916983 1.24887e-05 4.53409e-07 1.29422e-05 4.54731e-09 1.29467e-05
OpenSTA targeted timing report:
Startpoint: _588_ (rising edge-triggered flip-flop clocked by core)
Endpoint: _611_ (recovery check against rising-edge clock core)
Path Group: asynchronous
Path Type: max

Fanout         Cap        Slew       Delay        Time   Description
---------------------------------------------------------------------------------------------
                      0.000000    0.000000    0.000000   clock core (rise edge)
                                  0.000000    0.000000   clock network delay (ideal)
                      0.000000    0.000000    0.000000 ^ _588_/CLK (sg13g2_dfrbpq_1)
    98    0.646447    1.272945    0.916983    0.916983 ^ _588_/Q (sg13g2_dfrbpq_1)
                                                         core_rst_sync_ni (net)
                      1.272945    0.000000    0.916983 ^ _611_/RESET_B (sg13g2_dfrbpq_1)
                                              0.916983   data arrival time

                      0.000000   10.000000   10.000000   clock core (rise edge)
                                  0.000000   10.000000   clock network delay (ideal)
                                  0.000000   10.000000   clock reconvergence pessimism
                                             10.000000 ^ _611_/CLK (sg13g2_dfrbpq_1)
                                 -0.213610    9.786389   library recovery time
                                              9.786389   data required time
---------------------------------------------------------------------------------------------
                                              9.786389   data required time
                                             -0.916983   data arrival time
---------------------------------------------------------------------------------------------
                                              8.869406   slack (MET)

Hotspot 7: instance=_597_ selected_worst_paths=none internal=1.24083e-05 switching=3.32286e-07 dynamic=1.27406e-05 leakage=4.5473e-09 total=1.27452e-05
Worst path through hotspot: status=met slack=8.86941 type=max group=asynchronous
startpoint=_588_ (rising edge-triggered flip-flop clocked by core)
endpoint=_597_ (recovery check against rising-edge clock core)
path_power_complete=true
path_average_power_sum internal=2.38533e-05 switching=4.96373e-06 dynamic=2.88171e-05 leakage=9.12123e-09 total=2.88262e-05
stage instance cell pins fanout capacitance slew delay arrival internal switching dynamic leakage total
1 _588_ sg13g2_dfrbpq_1 CLK,Q 98 0.646447 1.27294 0.916983 0.916983 1.1445e-05 4.63145e-06 1.60765e-05 4.57393e-09 1.6081e-05
2 _597_ sg13g2_dfrbpq_1 RESET_B - - 1.27294 0 0.916983 1.24083e-05 3.32286e-07 1.27406e-05 4.5473e-09 1.27452e-05
OpenSTA targeted timing report:
Startpoint: _588_ (rising edge-triggered flip-flop clocked by core)
Endpoint: _597_ (recovery check against rising-edge clock core)
Path Group: asynchronous
Path Type: max

Fanout         Cap        Slew       Delay        Time   Description
---------------------------------------------------------------------------------------------
                      0.000000    0.000000    0.000000   clock core (rise edge)
                                  0.000000    0.000000   clock network delay (ideal)
                      0.000000    0.000000    0.000000 ^ _588_/CLK (sg13g2_dfrbpq_1)
    98    0.646447    1.272945    0.916983    0.916983 ^ _588_/Q (sg13g2_dfrbpq_1)
                                                         core_rst_sync_ni (net)
                      1.272945    0.000000    0.916983 ^ _597_/RESET_B (sg13g2_dfrbpq_1)
                                              0.916983   data arrival time

                      0.000000   10.000000   10.000000   clock core (rise edge)
                                  0.000000   10.000000   clock network delay (ideal)
                                  0.000000   10.000000   clock reconvergence pessimism
                                             10.000000 ^ _597_/CLK (sg13g2_dfrbpq_1)
                                 -0.213610    9.786389   library recovery time
                                              9.786389   data required time
---------------------------------------------------------------------------------------------
                                              9.786389   data required time
                                             -0.916983   data arrival time
---------------------------------------------------------------------------------------------
                                              8.869406   slack (MET)

Hotspot 8: instance=_618_ selected_worst_paths=none internal=1.18825e-05 switching=1.89315e-07 dynamic=1.20718e-05 leakage=4.55165e-09 total=1.20764e-05
Worst path through hotspot: status=met slack=8.86941 type=max group=asynchronous
startpoint=_588_ (rising edge-triggered flip-flop clocked by core)
endpoint=_618_ (recovery check against rising-edge clock core)
path_power_complete=true
path_average_power_sum internal=2.33275e-05 switching=4.82076e-06 dynamic=2.81483e-05 leakage=9.12558e-09 total=2.81574e-05
stage instance cell pins fanout capacitance slew delay arrival internal switching dynamic leakage total
1 _588_ sg13g2_dfrbpq_1 CLK,Q 98 0.646447 1.27294 0.916983 0.916983 1.1445e-05 4.63145e-06 1.60765e-05 4.57393e-09 1.6081e-05
2 _618_ sg13g2_dfrbpq_1 RESET_B - - 1.27294 0 0.916983 1.18825e-05 1.89315e-07 1.20718e-05 4.55165e-09 1.20764e-05
OpenSTA targeted timing report:
Startpoint: _588_ (rising edge-triggered flip-flop clocked by core)
Endpoint: _618_ (recovery check against rising-edge clock core)
Path Group: asynchronous
Path Type: max

Fanout         Cap        Slew       Delay        Time   Description
---------------------------------------------------------------------------------------------
                      0.000000    0.000000    0.000000   clock core (rise edge)
                                  0.000000    0.000000   clock network delay (ideal)
                      0.000000    0.000000    0.000000 ^ _588_/CLK (sg13g2_dfrbpq_1)
    98    0.646447    1.272945    0.916983    0.916983 ^ _588_/Q (sg13g2_dfrbpq_1)
                                                         core_rst_sync_ni (net)
                      1.272945    0.000000    0.916983 ^ _618_/RESET_B (sg13g2_dfrbpq_1)
                                              0.916983   data arrival time

                      0.000000   10.000000   10.000000   clock core (rise edge)
                                  0.000000   10.000000   clock network delay (ideal)
                                  0.000000   10.000000   clock reconvergence pessimism
                                             10.000000 ^ _618_/CLK (sg13g2_dfrbpq_1)
                                 -0.213610    9.786389   library recovery time
                                              9.786389   data required time
---------------------------------------------------------------------------------------------
                                              9.786389   data required time
                                             -0.916983   data arrival time
---------------------------------------------------------------------------------------------
                                              8.869406   slack (MET)

Hotspot 9: instance=_604_ selected_worst_paths=none internal=1.18823e-05 switching=1.78923e-07 dynamic=1.20612e-05 leakage=4.55166e-09 total=1.20658e-05
Worst path through hotspot: status=met slack=8.86941 type=max group=asynchronous
startpoint=_588_ (rising edge-triggered flip-flop clocked by core)
endpoint=_604_ (recovery check against rising-edge clock core)
path_power_complete=true
path_average_power_sum internal=2.33273e-05 switching=4.81037e-06 dynamic=2.81377e-05 leakage=9.12559e-09 total=2.81468e-05
stage instance cell pins fanout capacitance slew delay arrival internal switching dynamic leakage total
1 _588_ sg13g2_dfrbpq_1 CLK,Q 98 0.646447 1.27294 0.916983 0.916983 1.1445e-05 4.63145e-06 1.60765e-05 4.57393e-09 1.6081e-05
2 _604_ sg13g2_dfrbpq_1 RESET_B - - 1.27294 0 0.916983 1.18823e-05 1.78923e-07 1.20612e-05 4.55166e-09 1.20658e-05
OpenSTA targeted timing report:
Startpoint: _588_ (rising edge-triggered flip-flop clocked by core)
Endpoint: _604_ (recovery check against rising-edge clock core)
Path Group: asynchronous
Path Type: max

Fanout         Cap        Slew       Delay        Time   Description
---------------------------------------------------------------------------------------------
                      0.000000    0.000000    0.000000   clock core (rise edge)
                                  0.000000    0.000000   clock network delay (ideal)
                      0.000000    0.000000    0.000000 ^ _588_/CLK (sg13g2_dfrbpq_1)
    98    0.646447    1.272945    0.916983    0.916983 ^ _588_/Q (sg13g2_dfrbpq_1)
                                                         core_rst_sync_ni (net)
                      1.272945    0.000000    0.916983 ^ _604_/RESET_B (sg13g2_dfrbpq_1)
                                              0.916983   data arrival time

                      0.000000   10.000000   10.000000   clock core (rise edge)
                                  0.000000   10.000000   clock network delay (ideal)
                                  0.000000   10.000000   clock reconvergence pessimism
                                             10.000000 ^ _604_/CLK (sg13g2_dfrbpq_1)
                                 -0.213610    9.786389   library recovery time
                                              9.786389   data required time
---------------------------------------------------------------------------------------------
                                              9.786389   data required time
                                             -0.916983   data arrival time
---------------------------------------------------------------------------------------------
                                              8.869406   slack (MET)

Hotspot 10: instance=_598_ selected_worst_paths=none internal=1.17983e-05 switching=1.41025e-07 dynamic=1.19394e-05 leakage=4.54661e-09 total=1.19439e-05
Worst path through hotspot: status=met slack=8.86941 type=max group=asynchronous
startpoint=_588_ (rising edge-triggered flip-flop clocked by core)
endpoint=_598_ (recovery check against rising-edge clock core)
path_power_complete=true
path_average_power_sum internal=2.32433e-05 switching=4.77247e-06 dynamic=2.80158e-05 leakage=9.12054e-09 total=2.80249e-05
stage instance cell pins fanout capacitance slew delay arrival internal switching dynamic leakage total
1 _588_ sg13g2_dfrbpq_1 CLK,Q 98 0.646447 1.27294 0.916983 0.916983 1.1445e-05 4.63145e-06 1.60765e-05 4.57393e-09 1.6081e-05
2 _598_ sg13g2_dfrbpq_1 RESET_B - - 1.27294 0 0.916983 1.17983e-05 1.41025e-07 1.19394e-05 4.54661e-09 1.19439e-05
OpenSTA targeted timing report:
Startpoint: _588_ (rising edge-triggered flip-flop clocked by core)
Endpoint: _598_ (recovery check against rising-edge clock core)
Path Group: asynchronous
Path Type: max

Fanout         Cap        Slew       Delay        Time   Description
---------------------------------------------------------------------------------------------
                      0.000000    0.000000    0.000000   clock core (rise edge)
                                  0.000000    0.000000   clock network delay (ideal)
                      0.000000    0.000000    0.000000 ^ _588_/CLK (sg13g2_dfrbpq_1)
    98    0.646447    1.272945    0.916983    0.916983 ^ _588_/Q (sg13g2_dfrbpq_1)
                                                         core_rst_sync_ni (net)
                      1.272945    0.000000    0.916983 ^ _598_/RESET_B (sg13g2_dfrbpq_1)
                                              0.916983   data arrival time

                      0.000000   10.000000   10.000000   clock core (rise edge)
                                  0.000000   10.000000   clock network delay (ideal)
                                  0.000000   10.000000   clock reconvergence pessimism
                                             10.000000 ^ _598_/CLK (sg13g2_dfrbpq_1)
                                 -0.213610    9.786389   library recovery time
                                              9.786389   data required time
---------------------------------------------------------------------------------------------
                                              9.786389   data required time
                                             -0.916983   data arrival time
---------------------------------------------------------------------------------------------
                                              8.869406   slack (MET)

Hotspot 11: instance=_612_ selected_worst_paths=none internal=1.1791e-05 switching=6.56576e-08 dynamic=1.18567e-05 leakage=4.54657e-09 total=1.18612e-05
Worst path through hotspot: status=met slack=8.86941 type=max group=asynchronous
startpoint=_588_ (rising edge-triggered flip-flop clocked by core)
endpoint=_612_ (recovery check against rising-edge clock core)
path_power_complete=true
path_average_power_sum internal=2.3236e-05 switching=4.69711e-06 dynamic=2.79331e-05 leakage=9.1205e-09 total=2.79422e-05
stage instance cell pins fanout capacitance slew delay arrival internal switching dynamic leakage total
1 _588_ sg13g2_dfrbpq_1 CLK,Q 98 0.646447 1.27294 0.916983 0.916983 1.1445e-05 4.63145e-06 1.60765e-05 4.57393e-09 1.6081e-05
2 _612_ sg13g2_dfrbpq_1 RESET_B - - 1.27294 0 0.916983 1.1791e-05 6.56576e-08 1.18567e-05 4.54657e-09 1.18612e-05
OpenSTA targeted timing report:
Startpoint: _588_ (rising edge-triggered flip-flop clocked by core)
Endpoint: _612_ (recovery check against rising-edge clock core)
Path Group: asynchronous
Path Type: max

Fanout         Cap        Slew       Delay        Time   Description
---------------------------------------------------------------------------------------------
                      0.000000    0.000000    0.000000   clock core (rise edge)
                                  0.000000    0.000000   clock network delay (ideal)
                      0.000000    0.000000    0.000000 ^ _588_/CLK (sg13g2_dfrbpq_1)
    98    0.646447    1.272945    0.916983    0.916983 ^ _588_/Q (sg13g2_dfrbpq_1)
                                                         core_rst_sync_ni (net)
                      1.272945    0.000000    0.916983 ^ _612_/RESET_B (sg13g2_dfrbpq_1)
                                              0.916983   data arrival time

                      0.000000   10.000000   10.000000   clock core (rise edge)
                                  0.000000   10.000000   clock network delay (ideal)
                                  0.000000   10.000000   clock reconvergence pessimism
                                             10.000000 ^ _612_/CLK (sg13g2_dfrbpq_1)
                                 -0.213610    9.786389   library recovery time
                                              9.786389   data required time
---------------------------------------------------------------------------------------------
                                              9.786389   data required time
                                             -0.916983   data arrival time
---------------------------------------------------------------------------------------------
                                              8.869406   slack (MET)

Hotspot 12: instance=_605_ selected_worst_paths=none internal=1.14972e-05 switching=6.03629e-08 dynamic=1.15576e-05 leakage=4.5517e-09 total=1.15622e-05
Worst path through hotspot: status=met slack=8.86941 type=max group=asynchronous
startpoint=_588_ (rising edge-triggered flip-flop clocked by core)
endpoint=_605_ (recovery check against rising-edge clock core)
path_power_complete=true
path_average_power_sum internal=2.29423e-05 switching=4.69181e-06 dynamic=2.76341e-05 leakage=9.12563e-09 total=2.76432e-05
stage instance cell pins fanout capacitance slew delay arrival internal switching dynamic leakage total
1 _588_ sg13g2_dfrbpq_1 CLK,Q 98 0.646447 1.27294 0.916983 0.916983 1.1445e-05 4.63145e-06 1.60765e-05 4.57393e-09 1.6081e-05
2 _605_ sg13g2_dfrbpq_1 RESET_B - - 1.27294 0 0.916983 1.14972e-05 6.03629e-08 1.15576e-05 4.5517e-09 1.15622e-05
OpenSTA targeted timing report:
Startpoint: _588_ (rising edge-triggered flip-flop clocked by core)
Endpoint: _605_ (recovery check against rising-edge clock core)
Path Group: asynchronous
Path Type: max

Fanout         Cap        Slew       Delay        Time   Description
---------------------------------------------------------------------------------------------
                      0.000000    0.000000    0.000000   clock core (rise edge)
                                  0.000000    0.000000   clock network delay (ideal)
                      0.000000    0.000000    0.000000 ^ _588_/CLK (sg13g2_dfrbpq_1)
    98    0.646447    1.272945    0.916983    0.916983 ^ _588_/Q (sg13g2_dfrbpq_1)
                                                         core_rst_sync_ni (net)
                      1.272945    0.000000    0.916983 ^ _605_/RESET_B (sg13g2_dfrbpq_1)
                                              0.916983   data arrival time

                      0.000000   10.000000   10.000000   clock core (rise edge)
                                  0.000000   10.000000   clock network delay (ideal)
                                  0.000000   10.000000   clock reconvergence pessimism
                                             10.000000 ^ _605_/CLK (sg13g2_dfrbpq_1)
                                 -0.213610    9.786389   library recovery time
                                              9.786389   data required time
---------------------------------------------------------------------------------------------
                                              9.786389   data required time
                                             -0.916983   data arrival time
---------------------------------------------------------------------------------------------
                                              8.869406   slack (MET)

Hotspot 13: instance=_619_ selected_worst_paths=none internal=1.14614e-05 switching=6.04395e-08 dynamic=1.15219e-05 leakage=4.55172e-09 total=1.15264e-05
Worst path through hotspot: status=met slack=8.86941 type=max group=asynchronous
startpoint=_588_ (rising edge-triggered flip-flop clocked by core)
endpoint=_619_ (recovery check against rising-edge clock core)
path_power_complete=true
path_average_power_sum internal=2.29065e-05 switching=4.69189e-06 dynamic=2.75983e-05 leakage=9.12566e-09 total=2.76075e-05
stage instance cell pins fanout capacitance slew delay arrival internal switching dynamic leakage total
1 _588_ sg13g2_dfrbpq_1 CLK,Q 98 0.646447 1.27294 0.916983 0.916983 1.1445e-05 4.63145e-06 1.60765e-05 4.57393e-09 1.6081e-05
2 _619_ sg13g2_dfrbpq_1 RESET_B - - 1.27294 0 0.916983 1.14614e-05 6.04395e-08 1.15219e-05 4.55172e-09 1.15264e-05
OpenSTA targeted timing report:
Startpoint: _588_ (rising edge-triggered flip-flop clocked by core)
Endpoint: _619_ (recovery check against rising-edge clock core)
Path Group: asynchronous
Path Type: max

Fanout         Cap        Slew       Delay        Time   Description
---------------------------------------------------------------------------------------------
                      0.000000    0.000000    0.000000   clock core (rise edge)
                                  0.000000    0.000000   clock network delay (ideal)
                      0.000000    0.000000    0.000000 ^ _588_/CLK (sg13g2_dfrbpq_1)
    98    0.646447    1.272945    0.916983    0.916983 ^ _588_/Q (sg13g2_dfrbpq_1)
                                                         core_rst_sync_ni (net)
                      1.272945    0.000000    0.916983 ^ _619_/RESET_B (sg13g2_dfrbpq_1)
                                              0.916983   data arrival time

                      0.000000   10.000000   10.000000   clock core (rise edge)
                                  0.000000   10.000000   clock network delay (ideal)
                                  0.000000   10.000000   clock reconvergence pessimism
                                             10.000000 ^ _619_/CLK (sg13g2_dfrbpq_1)
                                 -0.213610    9.786389   library recovery time
                                              9.786389   data required time
---------------------------------------------------------------------------------------------
                                              9.786389   data required time
                                             -0.916983   data arrival time
---------------------------------------------------------------------------------------------
                                              8.869406   slack (MET)

Hotspot 14: instance=_613_ selected_worst_paths=none internal=1.12909e-05 switching=8.77136e-08 dynamic=1.13786e-05 leakage=4.54649e-09 total=1.13831e-05
Worst path through hotspot: status=met slack=8.86941 type=max group=asynchronous
startpoint=_588_ (rising edge-triggered flip-flop clocked by core)
endpoint=_613_ (recovery check against rising-edge clock core)
path_power_complete=true
path_average_power_sum internal=2.27359e-05 switching=4.71916e-06 dynamic=2.7455e-05 leakage=9.12042e-09 total=2.74642e-05
stage instance cell pins fanout capacitance slew delay arrival internal switching dynamic leakage total
1 _588_ sg13g2_dfrbpq_1 CLK,Q 98 0.646447 1.27294 0.916983 0.916983 1.1445e-05 4.63145e-06 1.60765e-05 4.57393e-09 1.6081e-05
2 _613_ sg13g2_dfrbpq_1 RESET_B - - 1.27294 0 0.916983 1.12909e-05 8.77136e-08 1.13786e-05 4.54649e-09 1.13831e-05
OpenSTA targeted timing report:
Startpoint: _588_ (rising edge-triggered flip-flop clocked by core)
Endpoint: _613_ (recovery check against rising-edge clock core)
Path Group: asynchronous
Path Type: max

Fanout         Cap        Slew       Delay        Time   Description
---------------------------------------------------------------------------------------------
                      0.000000    0.000000    0.000000   clock core (rise edge)
                                  0.000000    0.000000   clock network delay (ideal)
                      0.000000    0.000000    0.000000 ^ _588_/CLK (sg13g2_dfrbpq_1)
    98    0.646447    1.272945    0.916983    0.916983 ^ _588_/Q (sg13g2_dfrbpq_1)
                                                         core_rst_sync_ni (net)
                      1.272945    0.000000    0.916983 ^ _613_/RESET_B (sg13g2_dfrbpq_1)
                                              0.916983   data arrival time

                      0.000000   10.000000   10.000000   clock core (rise edge)
                                  0.000000   10.000000   clock network delay (ideal)
                                  0.000000   10.000000   clock reconvergence pessimism
                                             10.000000 ^ _613_/CLK (sg13g2_dfrbpq_1)
                                 -0.213610    9.786389   library recovery time
                                              9.786389   data required time
---------------------------------------------------------------------------------------------
                                              9.786389   data required time
                                             -0.916983   data arrival time
---------------------------------------------------------------------------------------------
                                              8.869406   slack (MET)

Hotspot 15: instance=_587_ selected_worst_paths=11 internal=1.13449e-05 switching=1.36195e-08 dynamic=1.13585e-05 leakage=4.59002e-09 total=1.13631e-05
Worst path through hotspot: status=met slack=7.94925 type=max group=asynchronous
startpoint=rst_ni (input port clocked by core)
endpoint=_587_ (recovery check against rising-edge clock core)
path_power_complete=true
path_average_power_sum internal=1.13449e-05 switching=1.36195e-08 dynamic=1.13585e-05 leakage=4.59002e-09 total=1.13631e-05
stage instance cell pins fanout capacitance slew delay arrival internal switching dynamic leakage total
1 _587_ sg13g2_dfrbpq_1 RESET_B - - 0.001319 0 2.00132 1.13449e-05 1.36195e-08 1.13585e-05 4.59002e-09 1.13631e-05
OpenSTA targeted timing report:
Startpoint: rst_ni (input port clocked by core)
Endpoint: _587_ (recovery check against rising-edge clock core)
Path Group: asynchronous
Path Type: max

Fanout         Cap        Slew       Delay        Time   Description
---------------------------------------------------------------------------------------------
                      0.000000    0.000000    0.000000   clock core (rise edge)
                                  0.000000    0.000000   clock network delay (ideal)
                                  2.000000    2.000000 ^ input external delay
     2    0.013193    0.001319    0.001319    2.001319 ^ rst_ni (in)
                                                         rst_ni (net)
                      0.001319    0.000000    2.001319 ^ _587_/RESET_B (sg13g2_dfrbpq_1)
                                              2.001319   data arrival time

                      0.000000   10.000000   10.000000   clock core (rise edge)
                                  0.000000   10.000000   clock network delay (ideal)
                                  0.000000   10.000000   clock reconvergence pessimism
                                             10.000000 ^ _587_/CLK (sg13g2_dfrbpq_1)
                                 -0.049426    9.950574   library recovery time
                                              9.950574   data required time
---------------------------------------------------------------------------------------------
                                              9.950574   data required time
                                             -2.001319   data arrival time
---------------------------------------------------------------------------------------------
                                              7.949255   slack (MET)

Hotspot 16: instance=_599_ selected_worst_paths=none internal=1.1292e-05 switching=5.62014e-08 dynamic=1.13482e-05 leakage=4.5465e-09 total=1.13527e-05
Worst path through hotspot: status=met slack=8.86941 type=max group=asynchronous
startpoint=_588_ (rising edge-triggered flip-flop clocked by core)
endpoint=_599_ (recovery check against rising-edge clock core)
path_power_complete=true
path_average_power_sum internal=2.2737e-05 switching=4.68765e-06 dynamic=2.74246e-05 leakage=9.12043e-09 total=2.74338e-05
stage instance cell pins fanout capacitance slew delay arrival internal switching dynamic leakage total
1 _588_ sg13g2_dfrbpq_1 CLK,Q 98 0.646447 1.27294 0.916983 0.916983 1.1445e-05 4.63145e-06 1.60765e-05 4.57393e-09 1.6081e-05
2 _599_ sg13g2_dfrbpq_1 RESET_B - - 1.27294 0 0.916983 1.1292e-05 5.62014e-08 1.13482e-05 4.5465e-09 1.13527e-05
OpenSTA targeted timing report:
Startpoint: _588_ (rising edge-triggered flip-flop clocked by core)
Endpoint: _599_ (recovery check against rising-edge clock core)
Path Group: asynchronous
Path Type: max

Fanout         Cap        Slew       Delay        Time   Description
---------------------------------------------------------------------------------------------
                      0.000000    0.000000    0.000000   clock core (rise edge)
                                  0.000000    0.000000   clock network delay (ideal)
                      0.000000    0.000000    0.000000 ^ _588_/CLK (sg13g2_dfrbpq_1)
    98    0.646447    1.272945    0.916983    0.916983 ^ _588_/Q (sg13g2_dfrbpq_1)
                                                         core_rst_sync_ni (net)
                      1.272945    0.000000    0.916983 ^ _599_/RESET_B (sg13g2_dfrbpq_1)
                                              0.916983   data arrival time

                      0.000000   10.000000   10.000000   clock core (rise edge)
                                  0.000000   10.000000   clock network delay (ideal)
                                  0.000000   10.000000   clock reconvergence pessimism
                                             10.000000 ^ _599_/CLK (sg13g2_dfrbpq_1)
                                 -0.213610    9.786389   library recovery time
                                              9.786389   data required time
---------------------------------------------------------------------------------------------
                                              9.786389   data required time
                                             -0.916983   data arrival time
---------------------------------------------------------------------------------------------
                                              8.869406   slack (MET)

Hotspot 17: instance=_606_ selected_worst_paths=none internal=1.12468e-05 switching=2.81434e-08 dynamic=1.12749e-05 leakage=4.5517e-09 total=1.12795e-05
Worst path through hotspot: status=met slack=8.86941 type=max group=asynchronous
startpoint=_588_ (rising edge-triggered flip-flop clocked by core)
endpoint=_606_ (recovery check against rising-edge clock core)
path_power_complete=true
path_average_power_sum internal=2.26918e-05 switching=4.65959e-06 dynamic=2.73514e-05 leakage=9.12563e-09 total=2.73605e-05
stage instance cell pins fanout capacitance slew delay arrival internal switching dynamic leakage total
1 _588_ sg13g2_dfrbpq_1 CLK,Q 98 0.646447 1.27294 0.916983 0.916983 1.1445e-05 4.63145e-06 1.60765e-05 4.57393e-09 1.6081e-05
2 _606_ sg13g2_dfrbpq_1 RESET_B - - 1.27294 0 0.916983 1.12468e-05 2.81434e-08 1.12749e-05 4.5517e-09 1.12795e-05
OpenSTA targeted timing report:
Startpoint: _588_ (rising edge-triggered flip-flop clocked by core)
Endpoint: _606_ (recovery check against rising-edge clock core)
Path Group: asynchronous
Path Type: max

Fanout         Cap        Slew       Delay        Time   Description
---------------------------------------------------------------------------------------------
                      0.000000    0.000000    0.000000   clock core (rise edge)
                                  0.000000    0.000000   clock network delay (ideal)
                      0.000000    0.000000    0.000000 ^ _588_/CLK (sg13g2_dfrbpq_1)
    98    0.646447    1.272945    0.916983    0.916983 ^ _588_/Q (sg13g2_dfrbpq_1)
                                                         core_rst_sync_ni (net)
                      1.272945    0.000000    0.916983 ^ _606_/RESET_B (sg13g2_dfrbpq_1)
                                              0.916983   data arrival time

                      0.000000   10.000000   10.000000   clock core (rise edge)
                                  0.000000   10.000000   clock network delay (ideal)
                                  0.000000   10.000000   clock reconvergence pessimism
                                             10.000000 ^ _606_/CLK (sg13g2_dfrbpq_1)
                                 -0.213610    9.786389   library recovery time
                                              9.786389   data required time
---------------------------------------------------------------------------------------------
                                              9.786389   data required time
                                             -0.916983   data arrival time
---------------------------------------------------------------------------------------------
                                              8.869406   slack (MET)

Hotspot 18: instance=_620_ selected_worst_paths=none internal=1.12084e-05 switching=1.87338e-08 dynamic=1.12271e-05 leakage=4.55167e-09 total=1.12317e-05
Worst path through hotspot: status=met slack=8.86941 type=max group=asynchronous
startpoint=_588_ (rising edge-triggered flip-flop clocked by core)
endpoint=_620_ (recovery check against rising-edge clock core)
path_power_complete=true
path_average_power_sum internal=2.26534e-05 switching=4.65018e-06 dynamic=2.73036e-05 leakage=9.1256e-09 total=2.73127e-05
stage instance cell pins fanout capacitance slew delay arrival internal switching dynamic leakage total
1 _588_ sg13g2_dfrbpq_1 CLK,Q 98 0.646447 1.27294 0.916983 0.916983 1.1445e-05 4.63145e-06 1.60765e-05 4.57393e-09 1.6081e-05
2 _620_ sg13g2_dfrbpq_1 RESET_B - - 1.27294 0 0.916983 1.12084e-05 1.87338e-08 1.12271e-05 4.55167e-09 1.12317e-05
OpenSTA targeted timing report:
Startpoint: _588_ (rising edge-triggered flip-flop clocked by core)
Endpoint: _620_ (recovery check against rising-edge clock core)
Path Group: asynchronous
Path Type: max

Fanout         Cap        Slew       Delay        Time   Description
---------------------------------------------------------------------------------------------
                      0.000000    0.000000    0.000000   clock core (rise edge)
                                  0.000000    0.000000   clock network delay (ideal)
                      0.000000    0.000000    0.000000 ^ _588_/CLK (sg13g2_dfrbpq_1)
    98    0.646447    1.272945    0.916983    0.916983 ^ _588_/Q (sg13g2_dfrbpq_1)
                                                         core_rst_sync_ni (net)
                      1.272945    0.000000    0.916983 ^ _620_/RESET_B (sg13g2_dfrbpq_1)
                                              0.916983   data arrival time

                      0.000000   10.000000   10.000000   clock core (rise edge)
                                  0.000000   10.000000   clock network delay (ideal)
                                  0.000000   10.000000   clock reconvergence pessimism
                                             10.000000 ^ _620_/CLK (sg13g2_dfrbpq_1)
                                 -0.213610    9.786389   library recovery time
                                              9.786389   data required time
---------------------------------------------------------------------------------------------
                                              9.786389   data required time
                                             -0.916983   data arrival time
---------------------------------------------------------------------------------------------
                                              8.869406   slack (MET)

Hotspot 19: instance=_608_ selected_worst_paths=none internal=1.11411e-05 switching=4.02679e-08 dynamic=1.11813e-05 leakage=4.54955e-09 total=1.11859e-05
Worst path through hotspot: status=met slack=7.74754 type=max group=core
startpoint=_608_ (rising edge-triggered flip-flop clocked by core)
endpoint=intr_gpio_o[2] (output port clocked by core)
path_power_complete=true
path_average_power_sum internal=1.12471e-05 switching=1.41081e-07 dynamic=1.13882e-05 leakage=9.59526e-09 total=1.13978e-05
stage instance cell pins fanout capacitance slew delay arrival internal switching dynamic leakage total
1 _608_ sg13g2_dfrbpq_1 CLK,Q 4 0.015584 0.029264 0.088893 0.088893 1.11411e-05 4.02679e-08 1.11813e-05 4.54955e-09 1.11859e-05
2 _249_ sg13g2_mux2_1 A0,X 3 0.009061 0.026257 0.062184 0.151078 4.75173e-08 3.80794e-08 8.55966e-08 2.11354e-09 8.77101e-08
3 _254_ sg13g2_nor3_1 C,Y 1 0.004623 0.048516 0.043283 0.194361 1.44009e-08 1.65598e-08 3.09607e-08 9.43414e-10 3.19041e-08
4 _255_ sg13g2_a21oi_1 B1,Y 1 0.002764 0.023892 0.018323 0.212684 1.42553e-08 1.03519e-08 2.46073e-08 1.18969e-09 2.5797e-08
5 _691_ sg13g2_buf_1 A,X 1 0.01 0.021238 0.039774 0.252458 2.98647e-08 3.58224e-08 6.56871e-08 7.99061e-10 6.64861e-08
OpenSTA targeted timing report:
Startpoint: _608_ (rising edge-triggered flip-flop clocked by core)
Endpoint: intr_gpio_o[2] (output port clocked by core)
Path Group: core
Path Type: max

Fanout         Cap        Slew       Delay        Time   Description
---------------------------------------------------------------------------------------------
                      0.000000    0.000000    0.000000   clock core (rise edge)
                                  0.000000    0.000000   clock network delay (ideal)
                      0.000000    0.000000    0.000000 ^ _608_/CLK (sg13g2_dfrbpq_1)
     4    0.015584    0.029264    0.088893    0.088893 v _608_/Q (sg13g2_dfrbpq_1)
                                                         u_gpio_core.gen_input_filter[2].u_filter.filter_synced (net)
                      0.029264    0.000000    0.088893 v _249_/A0 (sg13g2_mux2_1)
     3    0.009061    0.026257    0.062184    0.151078 v _249_/X (sg13g2_mux2_1)
                                                         hw2reg[11] (net)
                      0.026257    0.000000    0.151078 v _254_/C (sg13g2_nor3_1)
     1    0.004623    0.048516    0.043283    0.194361 ^ _254_/Y (sg13g2_nor3_1)
                                                         _070_ (net)
                      0.048516    0.000000    0.194361 ^ _255_/B1 (sg13g2_a21oi_1)
     1    0.002764    0.023892    0.018323    0.212684 v _255_/Y (sg13g2_a21oi_1)
                                                         u_gpio_core.intr_gpio_o[2] (net)
                      0.023892    0.000000    0.212684 v _691_/A (sg13g2_buf_1)
     1    0.010000    0.021238    0.039774    0.252458 v _691_/X (sg13g2_buf_1)
                                                         intr_gpio_o[2] (net)
                      0.021238    0.000000    0.252458 v intr_gpio_o[2] (out)
                                              0.252458   data arrival time

                      0.000000   10.000000   10.000000   clock core (rise edge)
                                  0.000000   10.000000   clock network delay (ideal)
                                  0.000000   10.000000   clock reconvergence pessimism
                                 -2.000000    8.000000   output external delay
                                              8.000000   data required time
---------------------------------------------------------------------------------------------
                                              8.000000   data required time
                                             -0.252458   data arrival time
---------------------------------------------------------------------------------------------
                                              7.747542   slack (MET)

Hotspot 20: instance=_594_ selected_worst_paths=none internal=1.11411e-05 switching=4.00185e-08 dynamic=1.11811e-05 leakage=4.54955e-09 total=1.11856e-05
Worst path through hotspot: status=met slack=7.74771 type=max group=core
startpoint=_594_ (rising edge-triggered flip-flop clocked by core)
endpoint=intr_gpio_o[0] (output port clocked by core)
path_power_complete=true
path_average_power_sum internal=1.12471e-05 switching=1.40832e-07 dynamic=1.13879e-05 leakage=9.59526e-09 total=1.13975e-05
stage instance cell pins fanout capacitance slew delay arrival internal switching dynamic leakage total
1 _594_ sg13g2_dfrbpq_1 CLK,Q 4 0.015481 0.02911 0.088765 0.088765 1.11411e-05 4.00185e-08 1.11811e-05 4.54955e-09 1.11856e-05
2 _263_ sg13g2_mux2_1 A0,X 3 0.009061 0.026252 0.062143 0.150908 4.75083e-08 3.80794e-08 8.55876e-08 2.11354e-09 8.77012e-08
3 _268_ sg13g2_nor3_1 C,Y 1 0.004623 0.048515 0.043282 0.19419 1.44004e-08 1.65598e-08 3.09602e-08 9.43414e-10 3.19036e-08
4 _269_ sg13g2_a21oi_1 B1,Y 1 0.002764 0.023891 0.018323 0.212513 1.42556e-08 1.03519e-08 2.46075e-08 1.18969e-09 2.57972e-08
5 _689_ sg13g2_buf_1 A,X 1 0.01 0.021238 0.039774 0.252287 2.98655e-08 3.58224e-08 6.56879e-08 7.99061e-10 6.64869e-08
OpenSTA targeted timing report:
Startpoint: _594_ (rising edge-triggered flip-flop clocked by core)
Endpoint: intr_gpio_o[0] (output port clocked by core)
Path Group: core
Path Type: max

Fanout         Cap        Slew       Delay        Time   Description
---------------------------------------------------------------------------------------------
                      0.000000    0.000000    0.000000   clock core (rise edge)
                                  0.000000    0.000000   clock network delay (ideal)
                      0.000000    0.000000    0.000000 ^ _594_/CLK (sg13g2_dfrbpq_1)
     4    0.015481    0.029110    0.088765    0.088765 v _594_/Q (sg13g2_dfrbpq_1)
                                                         u_gpio_core.gen_input_filter[0].u_filter.filter_synced (net)
                      0.029110    0.000000    0.088765 v _263_/A0 (sg13g2_mux2_1)
     3    0.009061    0.026252    0.062143    0.150908 v _263_/X (sg13g2_mux2_1)
                                                         hw2reg[9] (net)
                      0.026252    0.000000    0.150908 v _268_/C (sg13g2_nor3_1)
     1    0.004623    0.048515    0.043282    0.194190 ^ _268_/Y (sg13g2_nor3_1)
                                                         _080_ (net)
                      0.048515    0.000000    0.194190 ^ _269_/B1 (sg13g2_a21oi_1)
     1    0.002764    0.023891    0.018323    0.212513 v _269_/Y (sg13g2_a21oi_1)
                                                         u_gpio_core.intr_gpio_o[0] (net)
                      0.023891    0.000000    0.212513 v _689_/A (sg13g2_buf_1)
     1    0.010000    0.021238    0.039774    0.252287 v _689_/X (sg13g2_buf_1)
                                                         intr_gpio_o[0] (net)
                      0.021238    0.000000    0.252287 v intr_gpio_o[0] (out)
                                              0.252287   data arrival time

                      0.000000   10.000000   10.000000   clock core (rise edge)
                                  0.000000   10.000000   clock network delay (ideal)
                                  0.000000   10.000000   clock reconvergence pessimism
                                 -2.000000    8.000000   output external delay
                                              8.000000   data required time
---------------------------------------------------------------------------------------------
                                              8.000000   data required time
                                             -0.252287   data arrival time
---------------------------------------------------------------------------------------------
                                              7.747714   slack (MET)
