analysis=fusion_analysis corner=ss mode=hold stage=post_syn
workload=corners_sv_ss
methodology=staged_public_opensta
path_power_semantics=average_instance_power_in_same_analysis_context
activity_file=/home/eneadim/github/flexsoc/runs/uart/refresh_tlul_repo/signoff/sky130/power/activity/captures/uart_sky130_corners_sv_ss.vcd
activity_scope=uart_tb/u_uart
liberty=/home/eneadim/github/flexsoc/.flexsoc/pdks/ciel/sky130/versions/f6eeac7dad085ffcc829ccfd721f7b4ce39edcf7/sky130A/libs.ref/sky130_fd_sc_hd/lib/sky130_fd_sc_hd__ss_n40C_1v76.lib
netlist=/home/eneadim/github/flexsoc/runs/uart/refresh_tlul_repo/syn/sky130/uart_synth.v
sdc=/home/eneadim/github/flexsoc/runs/uart/refresh_tlul_repo/constraints/uart.sdc
spef=

=== Units ===
 time 1ns
 capacitance 1pF
 resistance 1kohm
 voltage 1v
 current 1mA
 power 1nW
 distance 1um

=== Constraint validation ===

=== Timing summary ===
wns min -0.48
tns min -1.00

=== Activity annotation ===
annotated_percent=100.00%
Unannotated pins: none

=== Power summary ===
Group                  Internal  Switching    Leakage      Total
                          Power      Power      Power      Power (Watts)
----------------------------------------------------------------
Sequential             1.47e-03   4.98e-06   1.98e-09   1.48e-03  98.5%
Combinational          1.03e-05   1.21e-05   1.44e-09   2.24e-05   1.5%
Clock                  0.00e+00   0.00e+00   0.00e+00   0.00e+00   0.0%
Macro                  0.00e+00   0.00e+00   0.00e+00   0.00e+00   0.0%
Pad                    0.00e+00   0.00e+00   0.00e+00   0.00e+00   0.0%
----------------------------------------------------------------
Total                  1.49e-03   1.71e-05   3.42e-09   1.50e-03 100.0%
                          98.9%       1.1%       0.0%

=== Worst timing paths (violated or met) ===
Startpoint: rst_ni (input port clocked by core)
Endpoint: _1997_ (removal check against rising-edge clock core)
Path Group: asynchronous
Path Type: min

Fanout         Cap        Slew       Delay        Time   Description
---------------------------------------------------------------------------------------------
                      0.000000    0.000000    0.000000   clock core (rise edge)
                                  0.000000    0.000000   clock network delay (ideal)
                                  0.000000    0.000000 ^ input external delay
     2    0.006762    0.000676    0.000676    0.000676 ^ rst_ni (in)
                                                         rst_ni (net)
                      0.000676    0.000000    0.000676 ^ _1997_/RESET_B (sky130_fd_sc_hd__dfrtp_1)
                                              0.000676   data arrival time

                      0.000000    0.000000    0.000000   clock core (rise edge)
                                  0.000000    0.000000   clock network delay (ideal)
                                  0.000000    0.000000   clock reconvergence pessimism
                                              0.000000 ^ _1997_/CLK (sky130_fd_sc_hd__dfrtp_1)
                                  0.481789    0.481789   library removal time
                                              0.481789   data required time
---------------------------------------------------------------------------------------------
                                              0.481789   data required time
                                             -0.000676   data arrival time
---------------------------------------------------------------------------------------------
                                             -0.481113   slack (VIOLATED)


Startpoint: rst_ni (input port clocked by core)
Endpoint: _1998_ (removal check against rising-edge clock core)
Path Group: asynchronous
Path Type: min

Fanout         Cap        Slew       Delay        Time   Description
---------------------------------------------------------------------------------------------
                      0.000000    0.000000    0.000000   clock core (rise edge)
                                  0.000000    0.000000   clock network delay (ideal)
                                  0.000000    0.000000 ^ input external delay
     2    0.006762    0.000676    0.000676    0.000676 ^ rst_ni (in)
                                                         rst_ni (net)
                      0.000676    0.000000    0.000676 ^ _1998_/RESET_B (sky130_fd_sc_hd__dfrtp_1)
                                              0.000676   data arrival time

                      0.000000    0.000000    0.000000   clock core (rise edge)
                                  0.000000    0.000000   clock network delay (ideal)
                                  0.000000    0.000000   clock reconvergence pessimism
                                              0.000000 ^ _1998_/CLK (sky130_fd_sc_hd__dfrtp_1)
                                  0.481789    0.481789   library removal time
                                              0.481789   data required time
---------------------------------------------------------------------------------------------
                                              0.481789   data required time
                                             -0.000676   data arrival time
---------------------------------------------------------------------------------------------
                                             -0.481113   slack (VIOLATED)


Startpoint: _1998_ (rising edge-triggered flip-flop clocked by core)
Endpoint: _1999_ (removal check against rising-edge clock core)
Path Group: asynchronous
Path Type: min

Fanout         Cap        Slew       Delay        Time   Description
---------------------------------------------------------------------------------------------
                      0.000000    0.000000    0.000000   clock core (rise edge)
                                  0.000000    0.000000   clock network delay (ideal)
                      0.000000    0.000000    0.000000 ^ _1998_/CLK (sky130_fd_sc_hd__dfrtp_1)
     1    0.003381    0.072873    0.469038    0.469038 ^ _1998_/Q (sky130_fd_sc_hd__dfrtp_1)
                                                         core_rst_sync_ni (net)
                      0.072873    0.000000    0.469038 ^ _1999_/RESET_B (sky130_fd_sc_hd__dfrtp_1)
                                              0.469038   data arrival time

                      0.000000    0.000000    0.000000   clock core (rise edge)
                                  0.000000    0.000000   clock network delay (ideal)
                                  0.000000    0.000000   clock reconvergence pessimism
                                              0.000000 ^ _1999_/CLK (sky130_fd_sc_hd__dfrtp_1)
                                  0.505978    0.505978   library removal time
                                              0.505978   data required time
---------------------------------------------------------------------------------------------
                                              0.505978   data required time
                                             -0.469038   data arrival time
---------------------------------------------------------------------------------------------
                                             -0.036940   slack (VIOLATED)


Startpoint: rx_i (input port clocked by core)
Endpoint: _2023_ (rising edge-triggered flip-flop clocked by core)
Path Group: core
Path Type: min

Fanout         Cap        Slew       Delay        Time   Description
---------------------------------------------------------------------------------------------
                      0.000000    0.000000    0.000000   clock core (rise edge)
                                  0.000000    0.000000   clock network delay (ideal)
                                  0.000000    0.000000 v input external delay
     2    0.003633    0.000363    0.000363    0.000363 v rx_i (in)
                                                         rx_i (net)
                      0.000363    0.000000    0.000363 v _2023_/D (sky130_fd_sc_hd__dfstp_2)
                                              0.000363   data arrival time

                      0.000000    0.000000    0.000000   clock core (rise edge)
                                  0.000000    0.000000   clock network delay (ideal)
                                  0.000000    0.000000   clock reconvergence pessimism
                                              0.000000 ^ _2023_/CLK (sky130_fd_sc_hd__dfstp_2)
                                 -0.019046   -0.019046   library hold time
                                             -0.019046   data required time
---------------------------------------------------------------------------------------------
                                             -0.019046   data required time
                                             -0.000363   data arrival time
---------------------------------------------------------------------------------------------
                                              0.019409   slack (MET)


Startpoint: tl_i[0] (input port clocked by core)
Endpoint: _1986_ (rising edge-triggered flip-flop clocked by core)
Path Group: core
Path Type: min

Fanout         Cap        Slew       Delay        Time   Description
---------------------------------------------------------------------------------------------
                      0.000000    0.000000    0.000000   clock core (rise edge)
                                  0.000000    0.000000   clock network delay (ideal)
                                  0.000000    0.000000 ^ input external delay
     1    0.001693    0.000169    0.000169    0.000169 ^ tl_i[0] (in)
                                                         tl_i[0] (net)
                      0.000169    0.000000    0.000169 ^ _1959_/A2 (sky130_fd_sc_hd__o21ai_0)
     1    0.001762    0.043953    0.051908    0.052077 v _1959_/Y (sky130_fd_sc_hd__o21ai_0)
                                                         _0164_ (net)
                      0.043953    0.000000    0.052077 v _1986_/D (sky130_fd_sc_hd__dfrtp_1)
                                              0.052077   data arrival time

                      0.000000    0.000000    0.000000   clock core (rise edge)
                                  0.000000    0.000000   clock network delay (ideal)
                                  0.000000    0.000000   clock reconvergence pessimism
                                              0.000000 ^ _1986_/CLK (sky130_fd_sc_hd__dfrtp_1)
                                 -0.092985   -0.092985   library hold time
                                             -0.092985   data required time
---------------------------------------------------------------------------------------------
                                             -0.092985   data required time
                                             -0.052077   data arrival time
---------------------------------------------------------------------------------------------
                                              0.145062   slack (MET)


Startpoint: tl_i[100] (input port clocked by core)
Endpoint: _1976_ (rising edge-triggered flip-flop clocked by core)
Path Group: core
Path Type: min

Fanout         Cap        Slew       Delay        Time   Description
---------------------------------------------------------------------------------------------
                      0.000000    0.000000    0.000000   clock core (rise edge)
                                  0.000000    0.000000   clock network delay (ideal)
                                  0.000000    0.000000 ^ input external delay
     1    0.002322    0.000232    0.000232    0.000232 ^ tl_i[100] (in)
                                                         tl_i[100] (net)
                      0.000232    0.000000    0.000232 ^ _1254_/B (sky130_fd_sc_hd__nand2_1)
     1    0.002141    0.032706    0.038074    0.038306 v _1254_/Y (sky130_fd_sc_hd__nand2_1)
                                                         _0850_ (net)
                      0.032706    0.000000    0.038306 v _1256_/A (sky130_fd_sc_hd__nand2_1)
     1    0.001885    0.047589    0.063098    0.101405 ^ _1256_/Y (sky130_fd_sc_hd__nand2_1)
                                                         _0055_ (net)
                      0.047589    0.000000    0.101405 ^ _1976_/D (sky130_fd_sc_hd__dfrtp_1)
                                              0.101405   data arrival time

                      0.000000    0.000000    0.000000   clock core (rise edge)
                                  0.000000    0.000000   clock network delay (ideal)
                                  0.000000    0.000000   clock reconvergence pessimism
                                              0.000000 ^ _1976_/CLK (sky130_fd_sc_hd__dfrtp_1)
                                 -0.065151   -0.065151   library hold time
                                             -0.065151   data required time
---------------------------------------------------------------------------------------------
                                             -0.065151   data required time
                                             -0.101405   data arrival time
---------------------------------------------------------------------------------------------
                                              0.166556   slack (MET)


Startpoint: tl_i[101] (input port clocked by core)
Endpoint: _1977_ (rising edge-triggered flip-flop clocked by core)
Path Group: core
Path Type: min

Fanout         Cap        Slew       Delay        Time   Description
---------------------------------------------------------------------------------------------
                      0.000000    0.000000    0.000000   clock core (rise edge)
                                  0.000000    0.000000   clock network delay (ideal)
                                  0.000000    0.000000 ^ input external delay
     1    0.002322    0.000232    0.000232    0.000232 ^ tl_i[101] (in)
                                                         tl_i[101] (net)
                      0.000232    0.000000    0.000232 ^ _1953_/B (sky130_fd_sc_hd__nand2_1)
     1    0.002141    0.032706    0.038074    0.038306 v _1953_/Y (sky130_fd_sc_hd__nand2_1)
                                                         _0618_ (net)
                      0.032706    0.000000    0.038306 v _1955_/A (sky130_fd_sc_hd__nand2_1)
     1    0.001885    0.047589    0.063098    0.101405 ^ _1955_/Y (sky130_fd_sc_hd__nand2_1)
                                                         _0162_ (net)
                      0.047589    0.000000    0.101405 ^ _1977_/D (sky130_fd_sc_hd__dfrtp_1)
                                              0.101405   data arrival time

                      0.000000    0.000000    0.000000   clock core (rise edge)
                                  0.000000    0.000000   clock network delay (ideal)
                                  0.000000    0.000000   clock reconvergence pessimism
                                              0.000000 ^ _1977_/CLK (sky130_fd_sc_hd__dfrtp_1)
                                 -0.065151   -0.065151   library hold time
                                             -0.065151   data required time
---------------------------------------------------------------------------------------------
                                             -0.065151   data required time
                                             -0.101405   data arrival time
---------------------------------------------------------------------------------------------
                                              0.166556   slack (MET)


Startpoint: tl_i[92] (input port clocked by core)
Endpoint: _1978_ (rising edge-triggered flip-flop clocked by core)
Path Group: core
Path Type: min

Fanout         Cap        Slew       Delay        Time   Description
---------------------------------------------------------------------------------------------
                      0.000000    0.000000    0.000000   clock core (rise edge)
                                  0.000000    0.000000   clock network delay (ideal)
                                  0.000000    0.000000 ^ input external delay
     1    0.002322    0.000232    0.000232    0.000232 ^ tl_i[92] (in)
                                                         tl_i[92] (net)
                      0.000232    0.000000    0.000232 ^ _1251_/B (sky130_fd_sc_hd__nand2_1)
     1    0.002141    0.032706    0.038074    0.038306 v _1251_/Y (sky130_fd_sc_hd__nand2_1)
                                                         _0848_ (net)
                      0.032706    0.000000    0.038306 v _1253_/A (sky130_fd_sc_hd__nand2_1)
     1    0.001885    0.047589    0.063098    0.101405 ^ _1253_/Y (sky130_fd_sc_hd__nand2_1)
                                                         _0054_ (net)
                      0.047589    0.000000    0.101405 ^ _1978_/D (sky130_fd_sc_hd__dfrtp_1)
                                              0.101405   data arrival time

                      0.000000    0.000000    0.000000   clock core (rise edge)
                                  0.000000    0.000000   clock network delay (ideal)
                                  0.000000    0.000000   clock reconvergence pessimism
                                              0.000000 ^ _1978_/CLK (sky130_fd_sc_hd__dfrtp_1)
                                 -0.065151   -0.065151   library hold time
                                             -0.065151   data required time
---------------------------------------------------------------------------------------------
                                             -0.065151   data required time
                                             -0.101405   data arrival time
---------------------------------------------------------------------------------------------
                                              0.166556   slack (MET)


Startpoint: tl_i[93] (input port clocked by core)
Endpoint: _1979_ (rising edge-triggered flip-flop clocked by core)
Path Group: core
Path Type: min

Fanout         Cap        Slew       Delay        Time   Description
---------------------------------------------------------------------------------------------
                      0.000000    0.000000    0.000000   clock core (rise edge)
                                  0.000000    0.000000   clock network delay (ideal)
                                  0.000000    0.000000 ^ input external delay
     1    0.002322    0.000232    0.000232    0.000232 ^ tl_i[93] (in)
                                                         tl_i[93] (net)
                      0.000232    0.000000    0.000232 ^ _1248_/B (sky130_fd_sc_hd__nand2_1)
     1    0.002141    0.032706    0.038074    0.038306 v _1248_/Y (sky130_fd_sc_hd__nand2_1)
                                                         _0846_ (net)
                      0.032706    0.000000    0.038306 v _1250_/A (sky130_fd_sc_hd__nand2_1)
     1    0.001885    0.047589    0.063098    0.101405 ^ _1250_/Y (sky130_fd_sc_hd__nand2_1)
                                                         _0053_ (net)
                      0.047589    0.000000    0.101405 ^ _1979_/D (sky130_fd_sc_hd__dfrtp_1)
                                              0.101405   data arrival time

                      0.000000    0.000000    0.000000   clock core (rise edge)
                                  0.000000    0.000000   clock network delay (ideal)
                                  0.000000    0.000000   clock reconvergence pessimism
                                              0.000000 ^ _1979_/CLK (sky130_fd_sc_hd__dfrtp_1)
                                 -0.065151   -0.065151   library hold time
                                             -0.065151   data required time
---------------------------------------------------------------------------------------------
                                             -0.065151   data required time
                                             -0.101405   data arrival time
---------------------------------------------------------------------------------------------
                                              0.166556   slack (MET)


Startpoint: tl_i[94] (input port clocked by core)
Endpoint: _1980_ (rising edge-triggered flip-flop clocked by core)
Path Group: core
Path Type: min

Fanout         Cap        Slew       Delay        Time   Description
---------------------------------------------------------------------------------------------
                      0.000000    0.000000    0.000000   clock core (rise edge)
                                  0.000000    0.000000   clock network delay (ideal)
                                  0.000000    0.000000 ^ input external delay
     1    0.002322    0.000232    0.000232    0.000232 ^ tl_i[94] (in)
                                                         tl_i[94] (net)
                      0.000232    0.000000    0.000232 ^ _1245_/B (sky130_fd_sc_hd__nand2_1)
     1    0.002141    0.032706    0.038074    0.038306 v _1245_/Y (sky130_fd_sc_hd__nand2_1)
                                                         _0844_ (net)
                      0.032706    0.000000    0.038306 v _1247_/A (sky130_fd_sc_hd__nand2_1)
     1    0.001885    0.047589    0.063098    0.101405 ^ _1247_/Y (sky130_fd_sc_hd__nand2_1)
                                                         _0052_ (net)
                      0.047589    0.000000    0.101405 ^ _1980_/D (sky130_fd_sc_hd__dfrtp_1)
                                              0.101405   data arrival time

                      0.000000    0.000000    0.000000   clock core (rise edge)
                                  0.000000    0.000000   clock network delay (ideal)
                                  0.000000    0.000000   clock reconvergence pessimism
                                              0.000000 ^ _1980_/CLK (sky130_fd_sc_hd__dfrtp_1)
                                 -0.065151   -0.065151   library hold time
                                             -0.065151   data required time
---------------------------------------------------------------------------------------------
                                             -0.065151   data required time
                                             -0.101405   data arrival time
---------------------------------------------------------------------------------------------
                                              0.166556   slack (MET)


Startpoint: tl_i[95] (input port clocked by core)
Endpoint: _1981_ (rising edge-triggered flip-flop clocked by core)
Path Group: core
Path Type: min

Fanout         Cap        Slew       Delay        Time   Description
---------------------------------------------------------------------------------------------
                      0.000000    0.000000    0.000000   clock core (rise edge)
                                  0.000000    0.000000   clock network delay (ideal)
                                  0.000000    0.000000 ^ input external delay
     1    0.002322    0.000232    0.000232    0.000232 ^ tl_i[95] (in)
                                                         tl_i[95] (net)
                      0.000232    0.000000    0.000232 ^ _1242_/B (sky130_fd_sc_hd__nand2_1)
     1    0.002141    0.032706    0.038074    0.038306 v _1242_/Y (sky130_fd_sc_hd__nand2_1)
                                                         _0842_ (net)
                      0.032706    0.000000    0.038306 v _1244_/A (sky130_fd_sc_hd__nand2_1)
     1    0.001885    0.047589    0.063098    0.101405 ^ _1244_/Y (sky130_fd_sc_hd__nand2_1)
                                                         _0051_ (net)
                      0.047589    0.000000    0.101405 ^ _1981_/D (sky130_fd_sc_hd__dfrtp_1)
                                              0.101405   data arrival time

                      0.000000    0.000000    0.000000   clock core (rise edge)
                                  0.000000    0.000000   clock network delay (ideal)
                                  0.000000    0.000000   clock reconvergence pessimism
                                              0.000000 ^ _1981_/CLK (sky130_fd_sc_hd__dfrtp_1)
                                 -0.065151   -0.065151   library hold time
                                             -0.065151   data required time
---------------------------------------------------------------------------------------------
                                             -0.065151   data required time
                                             -0.101405   data arrival time
---------------------------------------------------------------------------------------------
                                              0.166556   slack (MET)


Startpoint: tl_i[96] (input port clocked by core)
Endpoint: _1982_ (rising edge-triggered flip-flop clocked by core)
Path Group: core
Path Type: min

Fanout         Cap        Slew       Delay        Time   Description
---------------------------------------------------------------------------------------------
                      0.000000    0.000000    0.000000   clock core (rise edge)
                                  0.000000    0.000000   clock network delay (ideal)
                                  0.000000    0.000000 ^ input external delay
     1    0.002322    0.000232    0.000232    0.000232 ^ tl_i[96] (in)
                                                         tl_i[96] (net)
                      0.000232    0.000000    0.000232 ^ _1239_/B (sky130_fd_sc_hd__nand2_1)
     1    0.002141    0.032706    0.038074    0.038306 v _1239_/Y (sky130_fd_sc_hd__nand2_1)
                                                         _0840_ (net)
                      0.032706    0.000000    0.038306 v _1241_/A (sky130_fd_sc_hd__nand2_1)
     1    0.001885    0.047589    0.063098    0.101405 ^ _1241_/Y (sky130_fd_sc_hd__nand2_1)
                                                         _0050_ (net)
                      0.047589    0.000000    0.101405 ^ _1982_/D (sky130_fd_sc_hd__dfrtp_1)
                                              0.101405   data arrival time

                      0.000000    0.000000    0.000000   clock core (rise edge)
                                  0.000000    0.000000   clock network delay (ideal)
                                  0.000000    0.000000   clock reconvergence pessimism
                                              0.000000 ^ _1982_/CLK (sky130_fd_sc_hd__dfrtp_1)
                                 -0.065151   -0.065151   library hold time
                                             -0.065151   data required time
---------------------------------------------------------------------------------------------
                                             -0.065151   data required time
                                             -0.101405   data arrival time
---------------------------------------------------------------------------------------------
                                              0.166556   slack (MET)


Startpoint: tl_i[97] (input port clocked by core)
Endpoint: _1983_ (rising edge-triggered flip-flop clocked by core)
Path Group: core
Path Type: min

Fanout         Cap        Slew       Delay        Time   Description
---------------------------------------------------------------------------------------------
                      0.000000    0.000000    0.000000   clock core (rise edge)
                                  0.000000    0.000000   clock network delay (ideal)
                                  0.000000    0.000000 ^ input external delay
     1    0.002322    0.000232    0.000232    0.000232 ^ tl_i[97] (in)
                                                         tl_i[97] (net)
                      0.000232    0.000000    0.000232 ^ _1236_/B (sky130_fd_sc_hd__nand2_1)
     1    0.002141    0.032706    0.038074    0.038306 v _1236_/Y (sky130_fd_sc_hd__nand2_1)
                                                         _0838_ (net)
                      0.032706    0.000000    0.038306 v _1238_/A (sky130_fd_sc_hd__nand2_1)
     1    0.001885    0.047589    0.063098    0.101405 ^ _1238_/Y (sky130_fd_sc_hd__nand2_1)
                                                         _0049_ (net)
                      0.047589    0.000000    0.101405 ^ _1983_/D (sky130_fd_sc_hd__dfrtp_1)
                                              0.101405   data arrival time

                      0.000000    0.000000    0.000000   clock core (rise edge)
                                  0.000000    0.000000   clock network delay (ideal)
                                  0.000000    0.000000   clock reconvergence pessimism
                                              0.000000 ^ _1983_/CLK (sky130_fd_sc_hd__dfrtp_1)
                                 -0.065151   -0.065151   library hold time
                                             -0.065151   data required time
---------------------------------------------------------------------------------------------
                                             -0.065151   data required time
                                             -0.101405   data arrival time
---------------------------------------------------------------------------------------------
                                              0.166556   slack (MET)


Startpoint: _1999_ (rising edge-triggered flip-flop clocked by core)
Endpoint: _1971_ (removal check against rising-edge clock core)
Path Group: asynchronous
Path Type: min

Fanout         Cap        Slew       Delay        Time   Description
---------------------------------------------------------------------------------------------
                      0.000000    0.000000    0.000000   clock core (rise edge)
                                  0.000000    0.000000   clock network delay (ideal)
                      0.000000    0.000000    0.000000 ^ _1999_/CLK (sky130_fd_sc_hd__dfrtp_1)
    74    0.247840    3.279397    2.780329    2.780329 ^ _1999_/Q (sky130_fd_sc_hd__dfrtp_1)
                                                         core_rst_ni (net)
                      3.279397    0.000000    2.780329 ^ _1971_/RESET_B (sky130_fd_sc_hd__dfrtp_1)
                                              2.780329   data arrival time

                      0.000000    0.000000    0.000000   clock core (rise edge)
                                  0.000000    0.000000   clock network delay (ideal)
                                  0.000000    0.000000   clock reconvergence pessimism
                                              0.000000 ^ _1971_/CLK (sky130_fd_sc_hd__dfrtp_1)
                                  1.852677    1.852677   library removal time
                                              1.852677   data required time
---------------------------------------------------------------------------------------------
                                              1.852677   data required time
                                             -2.780329   data arrival time
---------------------------------------------------------------------------------------------
                                              0.927652   slack (MET)


Startpoint: _1999_ (rising edge-triggered flip-flop clocked by core)
Endpoint: _1972_ (removal check against rising-edge clock core)
Path Group: asynchronous
Path Type: min

Fanout         Cap        Slew       Delay        Time   Description
---------------------------------------------------------------------------------------------
                      0.000000    0.000000    0.000000   clock core (rise edge)
                                  0.000000    0.000000   clock network delay (ideal)
                      0.000000    0.000000    0.000000 ^ _1999_/CLK (sky130_fd_sc_hd__dfrtp_1)
    74    0.247840    3.279397    2.780329    2.780329 ^ _1999_/Q (sky130_fd_sc_hd__dfrtp_1)
                                                         core_rst_ni (net)
                      3.279397    0.000000    2.780329 ^ _1972_/RESET_B (sky130_fd_sc_hd__dfrtp_1)
                                              2.780329   data arrival time

                      0.000000    0.000000    0.000000   clock core (rise edge)
                                  0.000000    0.000000   clock network delay (ideal)
                                  0.000000    0.000000   clock reconvergence pessimism
                                              0.000000 ^ _1972_/CLK (sky130_fd_sc_hd__dfrtp_1)
                                  1.852677    1.852677   library removal time
                                              1.852677   data required time
---------------------------------------------------------------------------------------------
                                              1.852677   data required time
                                             -2.780329   data arrival time
---------------------------------------------------------------------------------------------
                                              0.927652   slack (MET)


Startpoint: _1999_ (rising edge-triggered flip-flop clocked by core)
Endpoint: _1973_ (removal check against rising-edge clock core)
Path Group: asynchronous
Path Type: min

Fanout         Cap        Slew       Delay        Time   Description
---------------------------------------------------------------------------------------------
                      0.000000    0.000000    0.000000   clock core (rise edge)
                                  0.000000    0.000000   clock network delay (ideal)
                      0.000000    0.000000    0.000000 ^ _1999_/CLK (sky130_fd_sc_hd__dfrtp_1)
    74    0.247840    3.279397    2.780329    2.780329 ^ _1999_/Q (sky130_fd_sc_hd__dfrtp_1)
                                                         core_rst_ni (net)
                      3.279397    0.000000    2.780329 ^ _1973_/RESET_B (sky130_fd_sc_hd__dfrtp_1)
                                              2.780329   data arrival time

                      0.000000    0.000000    0.000000   clock core (rise edge)
                                  0.000000    0.000000   clock network delay (ideal)
                                  0.000000    0.000000   clock reconvergence pessimism
                                              0.000000 ^ _1973_/CLK (sky130_fd_sc_hd__dfrtp_1)
                                  1.852677    1.852677   library removal time
                                              1.852677   data required time
---------------------------------------------------------------------------------------------
                                              1.852677   data required time
                                             -2.780329   data arrival time
---------------------------------------------------------------------------------------------
                                              0.927652   slack (MET)


Startpoint: _1999_ (rising edge-triggered flip-flop clocked by core)
Endpoint: _1974_ (removal check against rising-edge clock core)
Path Group: asynchronous
Path Type: min

Fanout         Cap        Slew       Delay        Time   Description
---------------------------------------------------------------------------------------------
                      0.000000    0.000000    0.000000   clock core (rise edge)
                                  0.000000    0.000000   clock network delay (ideal)
                      0.000000    0.000000    0.000000 ^ _1999_/CLK (sky130_fd_sc_hd__dfrtp_1)
    74    0.247840    3.279397    2.780329    2.780329 ^ _1999_/Q (sky130_fd_sc_hd__dfrtp_1)
                                                         core_rst_ni (net)
                      3.279397    0.000000    2.780329 ^ _1974_/RESET_B (sky130_fd_sc_hd__dfrtp_1)
                                              2.780329   data arrival time

                      0.000000    0.000000    0.000000   clock core (rise edge)
                                  0.000000    0.000000   clock network delay (ideal)
                                  0.000000    0.000000   clock reconvergence pessimism
                                              0.000000 ^ _1974_/CLK (sky130_fd_sc_hd__dfrtp_1)
                                  1.852677    1.852677   library removal time
                                              1.852677   data required time
---------------------------------------------------------------------------------------------
                                              1.852677   data required time
                                             -2.780329   data arrival time
---------------------------------------------------------------------------------------------
                                              0.927652   slack (MET)


Startpoint: _1999_ (rising edge-triggered flip-flop clocked by core)
Endpoint: _1975_ (removal check against rising-edge clock core)
Path Group: asynchronous
Path Type: min

Fanout         Cap        Slew       Delay        Time   Description
---------------------------------------------------------------------------------------------
                      0.000000    0.000000    0.000000   clock core (rise edge)
                                  0.000000    0.000000   clock network delay (ideal)
                      0.000000    0.000000    0.000000 ^ _1999_/CLK (sky130_fd_sc_hd__dfrtp_1)
    74    0.247840    3.279397    2.780329    2.780329 ^ _1999_/Q (sky130_fd_sc_hd__dfrtp_1)
                                                         core_rst_ni (net)
                      3.279397    0.000000    2.780329 ^ _1975_/RESET_B (sky130_fd_sc_hd__dfrtp_1)
                                              2.780329   data arrival time

                      0.000000    0.000000    0.000000   clock core (rise edge)
                                  0.000000    0.000000   clock network delay (ideal)
                                  0.000000    0.000000   clock reconvergence pessimism
                                              0.000000 ^ _1975_/CLK (sky130_fd_sc_hd__dfrtp_1)
                                  1.852677    1.852677   library removal time
                                              1.852677   data required time
---------------------------------------------------------------------------------------------
                                              1.852677   data required time
                                             -2.780329   data arrival time
---------------------------------------------------------------------------------------------
                                              0.927652   slack (MET)


Startpoint: _1999_ (rising edge-triggered flip-flop clocked by core)
Endpoint: _1976_ (removal check against rising-edge clock core)
Path Group: asynchronous
Path Type: min

Fanout         Cap        Slew       Delay        Time   Description
---------------------------------------------------------------------------------------------
                      0.000000    0.000000    0.000000   clock core (rise edge)
                                  0.000000    0.000000   clock network delay (ideal)
                      0.000000    0.000000    0.000000 ^ _1999_/CLK (sky130_fd_sc_hd__dfrtp_1)
    74    0.247840    3.279397    2.780329    2.780329 ^ _1999_/Q (sky130_fd_sc_hd__dfrtp_1)
                                                         core_rst_ni (net)
                      3.279397    0.000000    2.780329 ^ _1976_/RESET_B (sky130_fd_sc_hd__dfrtp_1)
                                              2.780329   data arrival time

                      0.000000    0.000000    0.000000   clock core (rise edge)
                                  0.000000    0.000000   clock network delay (ideal)
                                  0.000000    0.000000   clock reconvergence pessimism
                                              0.000000 ^ _1976_/CLK (sky130_fd_sc_hd__dfrtp_1)
                                  1.852677    1.852677   library removal time
                                              1.852677   data required time
---------------------------------------------------------------------------------------------
                                              1.852677   data required time
                                             -2.780329   data arrival time
---------------------------------------------------------------------------------------------
                                              0.927652   slack (MET)


Startpoint: _1999_ (rising edge-triggered flip-flop clocked by core)
Endpoint: _1977_ (removal check against rising-edge clock core)
Path Group: asynchronous
Path Type: min

Fanout         Cap        Slew       Delay        Time   Description
---------------------------------------------------------------------------------------------
                      0.000000    0.000000    0.000000   clock core (rise edge)
                                  0.000000    0.000000   clock network delay (ideal)
                      0.000000    0.000000    0.000000 ^ _1999_/CLK (sky130_fd_sc_hd__dfrtp_1)
    74    0.247840    3.279397    2.780329    2.780329 ^ _1999_/Q (sky130_fd_sc_hd__dfrtp_1)
                                                         core_rst_ni (net)
                      3.279397    0.000000    2.780329 ^ _1977_/RESET_B (sky130_fd_sc_hd__dfrtp_1)
                                              2.780329   data arrival time

                      0.000000    0.000000    0.000000   clock core (rise edge)
                                  0.000000    0.000000   clock network delay (ideal)
                                  0.000000    0.000000   clock reconvergence pessimism
                                              0.000000 ^ _1977_/CLK (sky130_fd_sc_hd__dfrtp_1)
                                  1.852677    1.852677   library removal time
                                              1.852677   data required time
---------------------------------------------------------------------------------------------
                                              1.852677   data required time
                                             -2.780329   data arrival time
---------------------------------------------------------------------------------------------
                                              0.927652   slack (MET)

=== FlexSoC normalized power fields ===
dynamic_power_definition=internal_power+switching_power
power_unit=OpenSTA report unit; see Units section
internal_power=0.00149
switching_power=1.71e-05
dynamic_power=0.0015071
leakage_power=3.42e-09
total_power=0.0015

=== Gate-level timing/power fusion ===
power_semantics=average_instance_power_from_the_same_VCD_SAIF_context
path_power_sum=unique_instance_average_power_sum_not_incremental_path_energy
fanout_capacitance_source=OpenSTA_report_checks_output_pin_fields

Worst path 1: status=violated slack=-0.481113 type=min group=asynchronous
startpoint=rst_ni (input port clocked by core)
endpoint=_1997_ (removal check against rising-edge clock core)
path_power_complete=true
path_average_power_sum internal=3.92448e-06 switching=5.68362e-10 dynamic=3.92505e-06 leakage=2.94783e-12 total=3.92506e-06
stage instance cell pins fanout capacitance slew delay arrival internal switching dynamic leakage total
1 _1997_ sky130_fd_sc_hd__dfrtp_1 RESET_B - - 0.000676 0 0.000676 3.92448e-06 5.68362e-10 3.92505e-06 2.94783e-12 3.92506e-06

Worst path 2: status=violated slack=-0.481113 type=min group=asynchronous
startpoint=rst_ni (input port clocked by core)
endpoint=_1998_ (removal check against rising-edge clock core)
path_power_complete=true
path_average_power_sum internal=3.92502e-06 switching=1.01943e-09 dynamic=3.92604e-06 leakage=2.95137e-12 total=3.92604e-06
stage instance cell pins fanout capacitance slew delay arrival internal switching dynamic leakage total
1 _1998_ sky130_fd_sc_hd__dfrtp_1 RESET_B - - 0.000676 0 0.000676 3.92502e-06 1.01943e-09 3.92604e-06 2.95137e-12 3.92604e-06

Worst path 3: status=violated slack=-0.03694 type=min group=asynchronous
startpoint=_1998_ (rising edge-triggered flip-flop clocked by core)
endpoint=_1999_ (removal check against rising-edge clock core)
path_power_complete=true
path_average_power_sum internal=7.84732e-06 switching=2.59289e-08 dynamic=7.87324e-06 leakage=5.90597e-12 total=7.87325e-06
stage instance cell pins fanout capacitance slew delay arrival internal switching dynamic leakage total
1 _1998_ sky130_fd_sc_hd__dfrtp_1 CLK,Q 1 0.003381 0.072873 0.469038 0.469038 3.92502e-06 1.01943e-09 3.92604e-06 2.95137e-12 3.92604e-06
2 _1999_ sky130_fd_sc_hd__dfrtp_1 RESET_B - - 0.072873 0 0.469038 3.9223e-06 2.49095e-08 3.9472e-06 2.9546e-12 3.94721e-06

Worst path 4: status=met slack=0.019409 type=min group=core
startpoint=rx_i (input port clocked by core)
endpoint=_2023_ (rising edge-triggered flip-flop clocked by core)
path_power_complete=true
path_average_power_sum internal=3.94989e-06 switching=5.7578e-09 dynamic=3.95565e-06 leakage=5.82414e-12 total=3.95565e-06
stage instance cell pins fanout capacitance slew delay arrival internal switching dynamic leakage total
1 _2023_ sky130_fd_sc_hd__dfstp_2 D - - 0.000363 0 0.000363 3.94989e-06 5.7578e-09 3.95565e-06 5.82414e-12 3.95565e-06

Worst path 5: status=met slack=0.145062 type=min group=core
startpoint=tl_i[0] (input port clocked by core)
endpoint=_1986_ (rising edge-triggered flip-flop clocked by core)
path_power_complete=true
path_average_power_sum internal=3.95753e-06 switching=2.11648e-08 dynamic=3.9787e-06 leakage=9.48242e-12 total=3.9787e-06
stage instance cell pins fanout capacitance slew delay arrival internal switching dynamic leakage total
1 _1959_ sky130_fd_sc_hd__o21ai_0 A2,Y 1 0.001762 0.043953 0.051908 0.052077 5.17289e-09 4.64163e-09 9.81451e-09 4.48391e-12 9.819e-09
2 _1986_ sky130_fd_sc_hd__dfrtp_1 D - - 0.043953 0 0.052077 3.95236e-06 1.65232e-08 3.96888e-06 4.99851e-12 3.96889e-06

Worst path 6: status=met slack=0.166556 type=min group=core
startpoint=tl_i[100] (input port clocked by core)
endpoint=_1976_ (rising edge-triggered flip-flop clocked by core)
path_power_complete=true
path_average_power_sum internal=3.92217e-06 switching=2.09405e-10 dynamic=3.92238e-06 leakage=8.57419e-12 total=3.92239e-06
stage instance cell pins fanout capacitance slew delay arrival internal switching dynamic leakage total
1 _1254_ sky130_fd_sc_hd__nand2_1 B,Y 1 0.002141 0.032706 0.038074 0.038306 7.18711e-10 1.14678e-10 8.33389e-10 6.69854e-15 8.33396e-10
2 _1256_ sky130_fd_sc_hd__nand2_1 A,Y 1 0.001885 0.047589 0.063098 0.101405 1.22843e-10 9.47271e-11 2.1757e-10 3.55326e-12 2.21123e-10
3 _1976_ sky130_fd_sc_hd__dfrtp_1 D - - 0.047589 0 0.101405 3.92133e-06 0 3.92133e-06 5.01423e-12 3.92134e-06

Worst path 7: status=met slack=0.166556 type=min group=core
startpoint=tl_i[101] (input port clocked by core)
endpoint=_1977_ (rising edge-triggered flip-flop clocked by core)
path_power_complete=true
path_average_power_sum internal=3.93742e-06 switching=1.05458e-08 dynamic=3.94797e-06 leakage=3.09573e-12 total=3.94797e-06
stage instance cell pins fanout capacitance slew delay arrival internal switching dynamic leakage total
1 _1953_ sky130_fd_sc_hd__nand2_1 B,Y 1 0.002141 0.032706 0.038074 0.038306 4.25255e-09 5.6192e-09 9.87175e-09 3.84513e-14 9.87179e-09
2 _1955_ sky130_fd_sc_hd__nand2_1 A,Y 1 0.001885 0.047589 0.063098 0.101405 7.08717e-09 4.45217e-09 1.15393e-08 8.58378e-14 1.15394e-08
3 _1977_ sky130_fd_sc_hd__dfrtp_1 D - - 0.047589 0 0.101405 3.92608e-06 4.74389e-10 3.92655e-06 2.97144e-12 3.92656e-06

Worst path 8: status=met slack=0.166556 type=min group=core
startpoint=tl_i[92] (input port clocked by core)
endpoint=_1978_ (rising edge-triggered flip-flop clocked by core)
path_power_complete=true
path_average_power_sum internal=3.92217e-06 switching=2.09405e-10 dynamic=3.92238e-06 leakage=8.57419e-12 total=3.92239e-06
stage instance cell pins fanout capacitance slew delay arrival internal switching dynamic leakage total
1 _1251_ sky130_fd_sc_hd__nand2_1 B,Y 1 0.002141 0.032706 0.038074 0.038306 7.18711e-10 1.14678e-10 8.33389e-10 6.69854e-15 8.33396e-10
2 _1253_ sky130_fd_sc_hd__nand2_1 A,Y 1 0.001885 0.047589 0.063098 0.101405 1.22843e-10 9.47271e-11 2.1757e-10 3.55326e-12 2.21123e-10
3 _1978_ sky130_fd_sc_hd__dfrtp_1 D - - 0.047589 0 0.101405 3.92133e-06 0 3.92133e-06 5.01423e-12 3.92134e-06

Worst path 9: status=met slack=0.166556 type=min group=core
startpoint=tl_i[93] (input port clocked by core)
endpoint=_1979_ (rising edge-triggered flip-flop clocked by core)
path_power_complete=true
path_average_power_sum internal=3.92217e-06 switching=2.09405e-10 dynamic=3.92238e-06 leakage=8.57419e-12 total=3.92239e-06
stage instance cell pins fanout capacitance slew delay arrival internal switching dynamic leakage total
1 _1248_ sky130_fd_sc_hd__nand2_1 B,Y 1 0.002141 0.032706 0.038074 0.038306 7.18711e-10 1.14678e-10 8.33389e-10 6.69854e-15 8.33396e-10
2 _1250_ sky130_fd_sc_hd__nand2_1 A,Y 1 0.001885 0.047589 0.063098 0.101405 1.22843e-10 9.47271e-11 2.1757e-10 3.55326e-12 2.21123e-10
3 _1979_ sky130_fd_sc_hd__dfrtp_1 D - - 0.047589 0 0.101405 3.92133e-06 0 3.92133e-06 5.01423e-12 3.92134e-06

Worst path 10: status=met slack=0.166556 type=min group=core
startpoint=tl_i[94] (input port clocked by core)
endpoint=_1980_ (rising edge-triggered flip-flop clocked by core)
path_power_complete=true
path_average_power_sum internal=3.92217e-06 switching=2.09405e-10 dynamic=3.92238e-06 leakage=8.57419e-12 total=3.92239e-06
stage instance cell pins fanout capacitance slew delay arrival internal switching dynamic leakage total
1 _1245_ sky130_fd_sc_hd__nand2_1 B,Y 1 0.002141 0.032706 0.038074 0.038306 7.18711e-10 1.14678e-10 8.33389e-10 6.69854e-15 8.33396e-10
2 _1247_ sky130_fd_sc_hd__nand2_1 A,Y 1 0.001885 0.047589 0.063098 0.101405 1.22843e-10 9.47271e-11 2.1757e-10 3.55326e-12 2.21123e-10
3 _1980_ sky130_fd_sc_hd__dfrtp_1 D - - 0.047589 0 0.101405 3.92133e-06 0 3.92133e-06 5.01423e-12 3.92134e-06

Worst path 11: status=met slack=0.166556 type=min group=core
startpoint=tl_i[95] (input port clocked by core)
endpoint=_1981_ (rising edge-triggered flip-flop clocked by core)
path_power_complete=true
path_average_power_sum internal=3.92217e-06 switching=2.09405e-10 dynamic=3.92238e-06 leakage=8.57419e-12 total=3.92239e-06
stage instance cell pins fanout capacitance slew delay arrival internal switching dynamic leakage total
1 _1242_ sky130_fd_sc_hd__nand2_1 B,Y 1 0.002141 0.032706 0.038074 0.038306 7.18711e-10 1.14678e-10 8.33389e-10 6.69854e-15 8.33396e-10
2 _1244_ sky130_fd_sc_hd__nand2_1 A,Y 1 0.001885 0.047589 0.063098 0.101405 1.22843e-10 9.47271e-11 2.1757e-10 3.55326e-12 2.21123e-10
3 _1981_ sky130_fd_sc_hd__dfrtp_1 D - - 0.047589 0 0.101405 3.92133e-06 0 3.92133e-06 5.01423e-12 3.92134e-06

Worst path 12: status=met slack=0.166556 type=min group=core
startpoint=tl_i[96] (input port clocked by core)
endpoint=_1982_ (rising edge-triggered flip-flop clocked by core)
path_power_complete=true
path_average_power_sum internal=3.92217e-06 switching=2.09405e-10 dynamic=3.92238e-06 leakage=8.57419e-12 total=3.92239e-06
stage instance cell pins fanout capacitance slew delay arrival internal switching dynamic leakage total
1 _1239_ sky130_fd_sc_hd__nand2_1 B,Y 1 0.002141 0.032706 0.038074 0.038306 7.18711e-10 1.14678e-10 8.33389e-10 6.69854e-15 8.33396e-10
2 _1241_ sky130_fd_sc_hd__nand2_1 A,Y 1 0.001885 0.047589 0.063098 0.101405 1.22843e-10 9.47271e-11 2.1757e-10 3.55326e-12 2.21123e-10
3 _1982_ sky130_fd_sc_hd__dfrtp_1 D - - 0.047589 0 0.101405 3.92133e-06 0 3.92133e-06 5.01423e-12 3.92134e-06

Worst path 13: status=met slack=0.166556 type=min group=core
startpoint=tl_i[97] (input port clocked by core)
endpoint=_1983_ (rising edge-triggered flip-flop clocked by core)
path_power_complete=true
path_average_power_sum internal=3.92217e-06 switching=2.09405e-10 dynamic=3.92238e-06 leakage=8.57419e-12 total=3.92239e-06
stage instance cell pins fanout capacitance slew delay arrival internal switching dynamic leakage total
1 _1236_ sky130_fd_sc_hd__nand2_1 B,Y 1 0.002141 0.032706 0.038074 0.038306 7.18711e-10 1.14678e-10 8.33389e-10 6.69854e-15 8.33396e-10
2 _1238_ sky130_fd_sc_hd__nand2_1 A,Y 1 0.001885 0.047589 0.063098 0.101405 1.22843e-10 9.47271e-11 2.1757e-10 3.55326e-12 2.21123e-10
3 _1983_ sky130_fd_sc_hd__dfrtp_1 D - - 0.047589 0 0.101405 3.92133e-06 0 3.92133e-06 5.01423e-12 3.92134e-06

Worst path 14: status=met slack=0.927652 type=min group=asynchronous
startpoint=_1999_ (rising edge-triggered flip-flop clocked by core)
endpoint=_1971_ (removal check against rising-edge clock core)
path_power_complete=true
path_average_power_sum internal=7.84618e-06 switching=2.58687e-08 dynamic=7.87205e-06 leakage=5.97479e-12 total=7.87206e-06
stage instance cell pins fanout capacitance slew delay arrival internal switching dynamic leakage total
1 _1999_ sky130_fd_sc_hd__dfrtp_1 CLK,Q 74 0.24784 3.2794 2.78033 2.78033 3.9223e-06 2.49095e-08 3.9472e-06 2.9546e-12 3.94721e-06
2 _1971_ sky130_fd_sc_hd__dfrtp_1 RESET_B - - 3.2794 0 2.78033 3.92389e-06 9.59231e-10 3.92485e-06 3.02019e-12 3.92485e-06

Worst path 15: status=met slack=0.927652 type=min group=asynchronous
startpoint=_1999_ (rising edge-triggered flip-flop clocked by core)
endpoint=_1972_ (removal check against rising-edge clock core)
path_power_complete=true
path_average_power_sum internal=7.84618e-06 switching=2.58687e-08 dynamic=7.87205e-06 leakage=5.97479e-12 total=7.87206e-06
stage instance cell pins fanout capacitance slew delay arrival internal switching dynamic leakage total
1 _1999_ sky130_fd_sc_hd__dfrtp_1 CLK,Q 74 0.24784 3.2794 2.78033 2.78033 3.9223e-06 2.49095e-08 3.9472e-06 2.9546e-12 3.94721e-06
2 _1972_ sky130_fd_sc_hd__dfrtp_1 RESET_B - - 3.2794 0 2.78033 3.92389e-06 9.59231e-10 3.92485e-06 3.02019e-12 3.92485e-06

Worst path 16: status=met slack=0.927652 type=min group=asynchronous
startpoint=_1999_ (rising edge-triggered flip-flop clocked by core)
endpoint=_1973_ (removal check against rising-edge clock core)
path_power_complete=true
path_average_power_sum internal=7.84618e-06 switching=2.58687e-08 dynamic=7.87205e-06 leakage=5.97479e-12 total=7.87206e-06
stage instance cell pins fanout capacitance slew delay arrival internal switching dynamic leakage total
1 _1999_ sky130_fd_sc_hd__dfrtp_1 CLK,Q 74 0.24784 3.2794 2.78033 2.78033 3.9223e-06 2.49095e-08 3.9472e-06 2.9546e-12 3.94721e-06
2 _1973_ sky130_fd_sc_hd__dfrtp_1 RESET_B - - 3.2794 0 2.78033 3.92389e-06 9.59231e-10 3.92485e-06 3.02019e-12 3.92485e-06

Worst path 17: status=met slack=0.927652 type=min group=asynchronous
startpoint=_1999_ (rising edge-triggered flip-flop clocked by core)
endpoint=_1974_ (removal check against rising-edge clock core)
path_power_complete=true
path_average_power_sum internal=7.84618e-06 switching=2.58687e-08 dynamic=7.87205e-06 leakage=5.97479e-12 total=7.87206e-06
stage instance cell pins fanout capacitance slew delay arrival internal switching dynamic leakage total
1 _1999_ sky130_fd_sc_hd__dfrtp_1 CLK,Q 74 0.24784 3.2794 2.78033 2.78033 3.9223e-06 2.49095e-08 3.9472e-06 2.9546e-12 3.94721e-06
2 _1974_ sky130_fd_sc_hd__dfrtp_1 RESET_B - - 3.2794 0 2.78033 3.92389e-06 9.59231e-10 3.92485e-06 3.02019e-12 3.92485e-06

Worst path 18: status=met slack=0.927652 type=min group=asynchronous
startpoint=_1999_ (rising edge-triggered flip-flop clocked by core)
endpoint=_1975_ (removal check against rising-edge clock core)
path_power_complete=true
path_average_power_sum internal=7.84618e-06 switching=2.58687e-08 dynamic=7.87205e-06 leakage=5.9707e-12 total=7.87206e-06
stage instance cell pins fanout capacitance slew delay arrival internal switching dynamic leakage total
1 _1999_ sky130_fd_sc_hd__dfrtp_1 CLK,Q 74 0.24784 3.2794 2.78033 2.78033 3.9223e-06 2.49095e-08 3.9472e-06 2.9546e-12 3.94721e-06
2 _1975_ sky130_fd_sc_hd__dfrtp_1 RESET_B - - 3.2794 0 2.78033 3.92389e-06 9.59231e-10 3.92485e-06 3.01611e-12 3.92485e-06

Worst path 19: status=met slack=0.927652 type=min group=asynchronous
startpoint=_1999_ (rising edge-triggered flip-flop clocked by core)
endpoint=_1976_ (removal check against rising-edge clock core)
path_power_complete=true
path_average_power_sum internal=7.84363e-06 switching=2.49095e-08 dynamic=7.86854e-06 leakage=7.96883e-12 total=7.86854e-06
stage instance cell pins fanout capacitance slew delay arrival internal switching dynamic leakage total
1 _1999_ sky130_fd_sc_hd__dfrtp_1 CLK,Q 74 0.24784 3.2794 2.78033 2.78033 3.9223e-06 2.49095e-08 3.9472e-06 2.9546e-12 3.94721e-06
2 _1976_ sky130_fd_sc_hd__dfrtp_1 RESET_B - - 3.2794 0 2.78033 3.92133e-06 0 3.92133e-06 5.01423e-12 3.92134e-06

Worst path 20: status=met slack=0.927652 type=min group=asynchronous
startpoint=_1999_ (rising edge-triggered flip-flop clocked by core)
endpoint=_1977_ (removal check against rising-edge clock core)
path_power_complete=true
path_average_power_sum internal=7.84837e-06 switching=2.53838e-08 dynamic=7.87376e-06 leakage=5.92603e-12 total=7.87376e-06
stage instance cell pins fanout capacitance slew delay arrival internal switching dynamic leakage total
1 _1999_ sky130_fd_sc_hd__dfrtp_1 CLK,Q 74 0.24784 3.2794 2.78033 2.78033 3.9223e-06 2.49095e-08 3.9472e-06 2.9546e-12 3.94721e-06
2 _1977_ sky130_fd_sc_hd__dfrtp_1 RESET_B - - 3.2794 0 2.78033 3.92608e-06 4.74389e-10 3.92655e-06 2.97144e-12 3.92656e-06

=== Highest-power instances and worst path through each ===

Hotspot 1: instance=_2019_ selected_worst_paths=none internal=5.92529e-06 switching=1.99016e-06 dynamic=7.91544e-06 leakage=3.99445e-12 total=7.91545e-06
Worst path through hotspot: status=met slack=0.764323 type=min group=core
startpoint=_2018_ (rising edge-triggered flip-flop clocked by core)
endpoint=_2019_ (rising edge-triggered flip-flop clocked by core)
path_power_complete=true
path_average_power_sum internal=1.21514e-05 switching=3.00607e-06 dynamic=1.51575e-05 leakage=9.83839e-12 total=1.51575e-05
stage instance cell pins fanout capacitance slew delay arrival internal switching dynamic leakage total
1 _2018_ sky130_fd_sc_hd__dfrtp_1 CLK,Q 2 0.004723 0.089036 0.483032 0.483032 5.86741e-06 7.23903e-07 6.59131e-06 3.99259e-12 6.59131e-06
2 _1182_ sky130_fd_sc_hd__nor2_1 B,Y 2 0.004338 0.036263 0.069404 0.552437 2.95621e-08 2.62462e-09 3.21867e-08 9.52371e-13 3.21876e-08
3 _1190_ sky130_fd_sc_hd__nor2_1 A,Y 1 0.001885 0.100059 0.128235 0.680672 3.29171e-07 2.89391e-07 6.18562e-07 8.98975e-13 6.18563e-07
4 _2019_ sky130_fd_sc_hd__dfrtp_1 D - - 0.100059 0 0.680672 5.92529e-06 1.99016e-06 7.91544e-06 3.99445e-12 7.91545e-06
OpenSTA targeted timing report:
Startpoint: _2018_ (rising edge-triggered flip-flop clocked by core)
Endpoint: _2019_ (rising edge-triggered flip-flop clocked by core)
Path Group: core
Path Type: min

Fanout         Cap        Slew       Delay        Time   Description
---------------------------------------------------------------------------------------------
                      0.000000    0.000000    0.000000   clock core (rise edge)
                                  0.000000    0.000000   clock network delay (ideal)
                      0.000000    0.000000    0.000000 ^ _2018_/CLK (sky130_fd_sc_hd__dfrtp_1)
     2    0.004723    0.089036    0.483032    0.483032 ^ _2018_/Q (sky130_fd_sc_hd__dfrtp_1)
                                                         u_uart_core_nco_sum_q_15_ (net)
                      0.089036    0.000000    0.483032 ^ _1182_/B (sky130_fd_sc_hd__nor2_1)
     2    0.004338    0.036263    0.069404    0.552437 v _1182_/Y (sky130_fd_sc_hd__nor2_1)
                                                         _0793_ (net)
                      0.036263    0.000000    0.552437 v _1190_/A (sky130_fd_sc_hd__nor2_1)
     1    0.001885    0.100059    0.128235    0.680672 ^ _1190_/Y (sky130_fd_sc_hd__nor2_1)
                                                         _0001_ (net)
                      0.100059    0.000000    0.680672 ^ _2019_/D (sky130_fd_sc_hd__dfrtp_1)
                                              0.680672   data arrival time

                      0.000000    0.000000    0.000000   clock core (rise edge)
                                  0.000000    0.000000   clock network delay (ideal)
                                  0.000000    0.000000   clock reconvergence pessimism
                                              0.000000 ^ _2019_/CLK (sky130_fd_sc_hd__dfrtp_1)
                                 -0.083652   -0.083652   library hold time
                                             -0.083652   data required time
---------------------------------------------------------------------------------------------
                                             -0.083652   data required time
                                             -0.680672   data arrival time
---------------------------------------------------------------------------------------------
                                              0.764323   slack (MET)

Hotspot 2: instance=_2018_ selected_worst_paths=none internal=5.86741e-06 switching=7.23903e-07 dynamic=6.59131e-06 leakage=3.99259e-12 total=6.59131e-06
Worst path through hotspot: status=met slack=0.764323 type=min group=core
startpoint=_2018_ (rising edge-triggered flip-flop clocked by core)
endpoint=_2019_ (rising edge-triggered flip-flop clocked by core)
path_power_complete=true
path_average_power_sum internal=1.21514e-05 switching=3.00607e-06 dynamic=1.51575e-05 leakage=9.83839e-12 total=1.51575e-05
stage instance cell pins fanout capacitance slew delay arrival internal switching dynamic leakage total
1 _2018_ sky130_fd_sc_hd__dfrtp_1 CLK,Q 2 0.004723 0.089036 0.483032 0.483032 5.86741e-06 7.23903e-07 6.59131e-06 3.99259e-12 6.59131e-06
2 _1182_ sky130_fd_sc_hd__nor2_1 B,Y 2 0.004338 0.036263 0.069404 0.552437 2.95621e-08 2.62462e-09 3.21867e-08 9.52371e-13 3.21876e-08
3 _1190_ sky130_fd_sc_hd__nor2_1 A,Y 1 0.001885 0.100059 0.128235 0.680672 3.29171e-07 2.89391e-07 6.18562e-07 8.98975e-13 6.18563e-07
4 _2019_ sky130_fd_sc_hd__dfrtp_1 D - - 0.100059 0 0.680672 5.92529e-06 1.99016e-06 7.91544e-06 3.99445e-12 7.91545e-06
OpenSTA targeted timing report:
Startpoint: _2018_ (rising edge-triggered flip-flop clocked by core)
Endpoint: _2019_ (rising edge-triggered flip-flop clocked by core)
Path Group: core
Path Type: min

Fanout         Cap        Slew       Delay        Time   Description
---------------------------------------------------------------------------------------------
                      0.000000    0.000000    0.000000   clock core (rise edge)
                                  0.000000    0.000000   clock network delay (ideal)
                      0.000000    0.000000    0.000000 ^ _2018_/CLK (sky130_fd_sc_hd__dfrtp_1)
     2    0.004723    0.089036    0.483032    0.483032 ^ _2018_/Q (sky130_fd_sc_hd__dfrtp_1)
                                                         u_uart_core_nco_sum_q_15_ (net)
                      0.089036    0.000000    0.483032 ^ _1182_/B (sky130_fd_sc_hd__nor2_1)
     2    0.004338    0.036263    0.069404    0.552437 v _1182_/Y (sky130_fd_sc_hd__nor2_1)
                                                         _0793_ (net)
                      0.036263    0.000000    0.552437 v _1190_/A (sky130_fd_sc_hd__nor2_1)
     1    0.001885    0.100059    0.128235    0.680672 ^ _1190_/Y (sky130_fd_sc_hd__nor2_1)
                                                         _0001_ (net)
                      0.100059    0.000000    0.680672 ^ _2019_/D (sky130_fd_sc_hd__dfrtp_1)
                                              0.680672   data arrival time

                      0.000000    0.000000    0.000000   clock core (rise edge)
                                  0.000000    0.000000   clock network delay (ideal)
                                  0.000000    0.000000   clock reconvergence pessimism
                                              0.000000 ^ _2019_/CLK (sky130_fd_sc_hd__dfrtp_1)
                                 -0.083652   -0.083652   library hold time
                                             -0.083652   data required time
---------------------------------------------------------------------------------------------
                                             -0.083652   data required time
                                             -0.680672   data arrival time
---------------------------------------------------------------------------------------------
                                              0.764323   slack (MET)

Hotspot 3: instance=_1993_ selected_worst_paths=none internal=4.91384e-06 switching=6.96547e-07 dynamic=5.61039e-06 leakage=3.99443e-12 total=5.61039e-06
Worst path through hotspot: status=met slack=0.720829 type=min group=core
startpoint=_1993_ (rising edge-triggered flip-flop clocked by core)
endpoint=_1993_ (rising edge-triggered flip-flop clocked by core)
path_power_complete=true
path_average_power_sum internal=5.2696e-06 switching=8.41006e-07 dynamic=6.11061e-06 leakage=5.46284e-12 total=6.11062e-06
stage instance cell pins fanout capacitance slew delay arrival internal switching dynamic leakage total
1 _1993_ sky130_fd_sc_hd__dfrtp_1 CLK,Q 3 0.009095 0.142531 0.527366 0.527366 4.91384e-06 6.96547e-07 5.61039e-06 3.99443e-12 5.61039e-06
2 _1196_ sky130_fd_sc_hd__xor2_1 B,X 1 0.001762 0.043218 0.100875 0.628241 3.55762e-07 1.44459e-07 5.00221e-07 1.46841e-12 5.00222e-07
3 _1993_ sky130_fd_sc_hd__dfrtp_1 D - - 0.043218 0 0.628241 4.91384e-06 6.96547e-07 5.61039e-06 3.99443e-12 5.61039e-06
OpenSTA targeted timing report:
Startpoint: _1993_ (rising edge-triggered flip-flop clocked by core)
Endpoint: _1993_ (rising edge-triggered flip-flop clocked by core)
Path Group: core
Path Type: min

Fanout         Cap        Slew       Delay        Time   Description
---------------------------------------------------------------------------------------------
                      0.000000    0.000000    0.000000   clock core (rise edge)
                                  0.000000    0.000000   clock network delay (ideal)
                      0.000000    0.000000    0.000000 ^ _1993_/CLK (sky130_fd_sc_hd__dfrtp_1)
     3    0.009095    0.142531    0.527366    0.527366 ^ _1993_/Q (sky130_fd_sc_hd__dfrtp_1)
                                                         u_uart_core_uart_tx_baud_div_q_0_ (net)
                      0.142531    0.000000    0.527366 ^ _1196_/B (sky130_fd_sc_hd__xor2_1)
     1    0.001762    0.043218    0.100875    0.628241 v _1196_/X (sky130_fd_sc_hd__xor2_1)
                                                         _0044_ (net)
                      0.043218    0.000000    0.628241 v _1993_/D (sky130_fd_sc_hd__dfrtp_1)
                                              0.628241   data arrival time

                      0.000000    0.000000    0.000000   clock core (rise edge)
                                  0.000000    0.000000   clock network delay (ideal)
                                  0.000000    0.000000   clock reconvergence pessimism
                                              0.000000 ^ _1993_/CLK (sky130_fd_sc_hd__dfrtp_1)
                                 -0.092588   -0.092588   library hold time
                                             -0.092588   data required time
---------------------------------------------------------------------------------------------
                                             -0.092588   data required time
                                             -0.628241   data arrival time
---------------------------------------------------------------------------------------------
                                              0.720829   slack (MET)

Hotspot 4: instance=_2233_ selected_worst_paths=none internal=5.12776e-06 switching=3.04793e-07 dynamic=5.43255e-06 leakage=3.99558e-12 total=5.43256e-06
Worst path through hotspot: status=met slack=0.780692 type=min group=core
startpoint=_2233_ (rising edge-triggered flip-flop clocked by core)
endpoint=_2233_ (rising edge-triggered flip-flop clocked by core)
path_power_complete=true
path_average_power_sum internal=5.94697e-06 switching=9.20898e-07 dynamic=6.86787e-06 leakage=7.34127e-12 total=6.86788e-06
stage instance cell pins fanout capacitance slew delay arrival internal switching dynamic leakage total
1 _2233_ sky130_fd_sc_hd__dfrtp_1 CLK,Q 2 0.003985 0.080147 0.475336 0.475336 5.12776e-06 3.04793e-07 5.43255e-06 3.99558e-12 5.43256e-06
2 _1724_ sky130_fd_sc_hd__o21ai_0 A1,Y 1 0.002116 0.058702 0.103361 0.578697 1.8806e-07 1.84244e-07 3.72304e-07 2.84635e-12 3.72307e-07
3 _1725_ sky130_fd_sc_hd__nor2_1 B,Y 1 0.001885 0.099771 0.118444 0.697142 6.31154e-07 4.31861e-07 1.06301e-06 4.9935e-13 1.06302e-06
4 _2233_ sky130_fd_sc_hd__dfrtp_1 D - - 0.099771 0 0.697142 5.12776e-06 3.04793e-07 5.43255e-06 3.99558e-12 5.43256e-06
OpenSTA targeted timing report:
Startpoint: _2233_ (rising edge-triggered flip-flop clocked by core)
Endpoint: _2233_ (rising edge-triggered flip-flop clocked by core)
Path Group: core
Path Type: min

Fanout         Cap        Slew       Delay        Time   Description
---------------------------------------------------------------------------------------------
                      0.000000    0.000000    0.000000   clock core (rise edge)
                                  0.000000    0.000000   clock network delay (ideal)
                      0.000000    0.000000    0.000000 ^ _2233_/CLK (sky130_fd_sc_hd__dfrtp_1)
     2    0.003985    0.080147    0.475336    0.475336 ^ _2233_/Q (sky130_fd_sc_hd__dfrtp_1)
                                                         u_uart_core_uart_rx_baud_div_q_0_ (net)
                      0.080147    0.000000    0.475336 ^ _1724_/A1 (sky130_fd_sc_hd__o21ai_0)
     1    0.002116    0.058702    0.103361    0.578697 v _1724_/Y (sky130_fd_sc_hd__o21ai_0)
                                                         _0436_ (net)
                      0.058702    0.000000    0.578697 v _1725_/B (sky130_fd_sc_hd__nor2_1)
     1    0.001885    0.099771    0.118444    0.697142 ^ _1725_/Y (sky130_fd_sc_hd__nor2_1)
                                                         _0130_ (net)
                      0.099771    0.000000    0.697142 ^ _2233_/D (sky130_fd_sc_hd__dfrtp_1)
                                              0.697142   data arrival time

                      0.000000    0.000000    0.000000   clock core (rise edge)
                                  0.000000    0.000000   clock network delay (ideal)
                                  0.000000    0.000000   clock reconvergence pessimism
                                              0.000000 ^ _2233_/CLK (sky130_fd_sc_hd__dfrtp_1)
                                 -0.083550   -0.083550   library hold time
                                             -0.083550   data required time
---------------------------------------------------------------------------------------------
                                             -0.083550   data required time
                                             -0.697142   data arrival time
---------------------------------------------------------------------------------------------
                                              0.780692   slack (MET)

Hotspot 5: instance=_2234_ selected_worst_paths=none internal=4.58327e-06 switching=1.53724e-07 dynamic=4.737e-06 leakage=3.99741e-12 total=4.737e-06
Worst path through hotspot: status=met slack=0.777815 type=min group=core
startpoint=_2234_ (rising edge-triggered flip-flop clocked by core)
endpoint=_2234_ (rising edge-triggered flip-flop clocked by core)
path_power_complete=true
path_average_power_sum internal=5.16584e-06 switching=6.25034e-07 dynamic=5.79087e-06 leakage=6.73244e-12 total=5.79088e-06
stage instance cell pins fanout capacitance slew delay arrival internal switching dynamic leakage total
1 _2234_ sky130_fd_sc_hd__dfrtp_1 CLK,Q 2 0.004025 0.080629 0.475754 0.475754 4.58327e-06 1.53724e-07 4.737e-06 3.99741e-12 4.737e-06
2 _1722_ sky130_fd_sc_hd__o21ai_0 A1,Y 1 0.002116 0.050729 0.103557 0.57931 1.89453e-07 1.84003e-07 3.73456e-07 2.02956e-12 3.73458e-07
3 _1723_ sky130_fd_sc_hd__nor2_1 B,Y 1 0.001885 0.099801 0.114944 0.694254 3.93115e-07 2.87307e-07 6.80422e-07 7.05467e-13 6.80423e-07
4 _2234_ sky130_fd_sc_hd__dfrtp_1 D - - 0.099801 0 0.694254 4.58327e-06 1.53724e-07 4.737e-06 3.99741e-12 4.737e-06
OpenSTA targeted timing report:
Startpoint: _2234_ (rising edge-triggered flip-flop clocked by core)
Endpoint: _2234_ (rising edge-triggered flip-flop clocked by core)
Path Group: core
Path Type: min

Fanout         Cap        Slew       Delay        Time   Description
---------------------------------------------------------------------------------------------
                      0.000000    0.000000    0.000000   clock core (rise edge)
                                  0.000000    0.000000   clock network delay (ideal)
                      0.000000    0.000000    0.000000 ^ _2234_/CLK (sky130_fd_sc_hd__dfrtp_1)
     2    0.004025    0.080629    0.475754    0.475754 ^ _2234_/Q (sky130_fd_sc_hd__dfrtp_1)
                                                         u_uart_core_uart_rx_baud_div_q_1_ (net)
                      0.080629    0.000000    0.475754 ^ _1722_/A1 (sky130_fd_sc_hd__o21ai_0)
     1    0.002116    0.050729    0.103557    0.579310 v _1722_/Y (sky130_fd_sc_hd__o21ai_0)
                                                         _0435_ (net)
                      0.050729    0.000000    0.579310 v _1723_/B (sky130_fd_sc_hd__nor2_1)
     1    0.001885    0.099801    0.114944    0.694254 ^ _1723_/Y (sky130_fd_sc_hd__nor2_1)
                                                         _0129_ (net)
                      0.099801    0.000000    0.694254 ^ _2234_/D (sky130_fd_sc_hd__dfrtp_1)
                                              0.694254   data arrival time

                      0.000000    0.000000    0.000000   clock core (rise edge)
                                  0.000000    0.000000   clock network delay (ideal)
                                  0.000000    0.000000   clock reconvergence pessimism
                                              0.000000 ^ _2234_/CLK (sky130_fd_sc_hd__dfrtp_1)
                                 -0.083561   -0.083561   library hold time
                                             -0.083561   data required time
---------------------------------------------------------------------------------------------
                                             -0.083561   data required time
                                             -0.694254   data arrival time
---------------------------------------------------------------------------------------------
                                              0.777815   slack (MET)

Hotspot 6: instance=_1994_ selected_worst_paths=none internal=4.40867e-06 switching=1.81776e-07 dynamic=4.59045e-06 leakage=3.99623e-12 total=4.59045e-06
Worst path through hotspot: status=met slack=0.752304 type=min group=core
startpoint=_1994_ (rising edge-triggered flip-flop clocked by core)
endpoint=_1994_ (rising edge-triggered flip-flop clocked by core)
path_power_complete=true
path_average_power_sum internal=4.68703e-06 switching=3.45079e-07 dynamic=5.03211e-06 leakage=5.94943e-12 total=5.03212e-06
stage instance cell pins fanout capacitance slew delay arrival internal switching dynamic leakage total
1 _1994_ sky130_fd_sc_hd__dfrtp_1 CLK,Q 2 0.004747 0.089325 0.483283 0.483283 4.40867e-06 1.81776e-07 4.59045e-06 3.99623e-12 4.59045e-06
2 _1193_ sky130_fd_sc_hd__a21oi_1 B1,Y 1 0.002169 0.032517 0.059043 0.542326 1.71254e-07 9.10265e-08 2.62281e-07 1.67226e-12 2.62282e-07
3 _1195_ sky130_fd_sc_hd__nor2_1 A,Y 1 0.001885 0.099832 0.126407 0.668733 1.07106e-07 7.22767e-08 1.79383e-07 2.80938e-13 1.79383e-07
4 _1994_ sky130_fd_sc_hd__dfrtp_1 D - - 0.099832 0 0.668733 4.40867e-06 1.81776e-07 4.59045e-06 3.99623e-12 4.59045e-06
OpenSTA targeted timing report:
Startpoint: _1994_ (rising edge-triggered flip-flop clocked by core)
Endpoint: _1994_ (rising edge-triggered flip-flop clocked by core)
Path Group: core
Path Type: min

Fanout         Cap        Slew       Delay        Time   Description
---------------------------------------------------------------------------------------------
                      0.000000    0.000000    0.000000   clock core (rise edge)
                                  0.000000    0.000000   clock network delay (ideal)
                      0.000000    0.000000    0.000000 ^ _1994_/CLK (sky130_fd_sc_hd__dfrtp_1)
     2    0.004747    0.089325    0.483283    0.483283 ^ _1994_/Q (sky130_fd_sc_hd__dfrtp_1)
                                                         u_uart_core_uart_tx_baud_div_q_1_ (net)
                      0.089325    0.000000    0.483283 ^ _1193_/B1 (sky130_fd_sc_hd__a21oi_1)
     1    0.002169    0.032517    0.059043    0.542326 v _1193_/Y (sky130_fd_sc_hd__a21oi_1)
                                                         _0802_ (net)
                      0.032517    0.000000    0.542326 v _1195_/A (sky130_fd_sc_hd__nor2_1)
     1    0.001885    0.099832    0.126407    0.668733 ^ _1195_/Y (sky130_fd_sc_hd__nor2_1)
                                                         _0043_ (net)
                      0.099832    0.000000    0.668733 ^ _1994_/D (sky130_fd_sc_hd__dfrtp_1)
                                              0.668733   data arrival time

                      0.000000    0.000000    0.000000   clock core (rise edge)
                                  0.000000    0.000000   clock network delay (ideal)
                                  0.000000    0.000000   clock reconvergence pessimism
                                              0.000000 ^ _1994_/CLK (sky130_fd_sc_hd__dfrtp_1)
                                 -0.083572   -0.083572   library hold time
                                             -0.083572   data required time
---------------------------------------------------------------------------------------------
                                             -0.083572   data required time
                                             -0.668733   data arrival time
---------------------------------------------------------------------------------------------
                                              0.752304   slack (MET)

Hotspot 7: instance=_2044_ selected_worst_paths=none internal=4.39473e-06 switching=1.20658e-10 dynamic=4.39485e-06 leakage=6.67939e-12 total=4.39485e-06
Worst path through hotspot: status=met slack=1.27727 type=min group=core
startpoint=_2254_ (rising edge-triggered flip-flop clocked by core)
endpoint=_2044_ (rising edge-triggered flip-flop clocked by core)
path_power_complete=true
path_average_power_sum internal=8.32377e-06 switching=1.78375e-08 dynamic=8.34161e-06 leakage=1.52212e-11 total=8.34163e-06
stage instance cell pins fanout capacitance slew delay arrival internal switching dynamic leakage total
1 _2254_ sky130_fd_sc_hd__dfrtp_1 CLK,Q 4 0.011522 0.173042 0.550756 0.550756 3.92656e-06 4.63213e-09 3.93119e-06 4.07581e-12 3.9312e-06
2 _0995_ sky130_fd_sc_hd__inv_2 A,Y 4 0.008628 0.048394 0.093579 0.644335 1.11609e-09 4.26227e-09 5.37835e-09 1.63986e-12 5.37999e-09
3 _1027_ sky130_fd_sc_hd__nand2_1 A,Y 4 0.009496 0.152986 0.149218 0.793553 6.87814e-10 2.38602e-09 3.07383e-09 1.05823e-12 3.07489e-09
4 _1076_ sky130_fd_sc_hd__nor2_1 A,Y 8 0.023488 0.126786 0.178901 0.972453 6.85329e-10 6.43641e-09 7.12174e-09 1.76787e-12 7.12351e-09
5 _2044_ sky130_fd_sc_hd__edfxtp_1 DE - - 0.126786 0 0.972453 4.39473e-06 1.20658e-10 4.39485e-06 6.67939e-12 4.39485e-06
OpenSTA targeted timing report:
Startpoint: _2254_ (rising edge-triggered flip-flop clocked by core)
Endpoint: _2044_ (rising edge-triggered flip-flop clocked by core)
Path Group: core
Path Type: min

Fanout         Cap        Slew       Delay        Time   Description
---------------------------------------------------------------------------------------------
                      0.000000    0.000000    0.000000   clock core (rise edge)
                                  0.000000    0.000000   clock network delay (ideal)
                      0.000000    0.000000    0.000000 ^ _2254_/CLK (sky130_fd_sc_hd__dfrtp_1)
     4    0.011522    0.173042    0.550756    0.550756 ^ _2254_/Q (sky130_fd_sc_hd__dfrtp_1)
                                                         u_uart_core_u_uart_rxfifo_gen_normal_fifo_fifo_wptr_0_ (net)
                      0.173042    0.000000    0.550756 ^ _0995_/A (sky130_fd_sc_hd__inv_2)
     4    0.008628    0.048394    0.093579    0.644335 v _0995_/Y (sky130_fd_sc_hd__inv_2)
                                                         _0643_ (net)
                      0.048394    0.000000    0.644335 v _1027_/A (sky130_fd_sc_hd__nand2_1)
     4    0.009496    0.152986    0.149218    0.793553 ^ _1027_/Y (sky130_fd_sc_hd__nand2_1)
                                                         _0673_ (net)
                      0.152986    0.000000    0.793553 ^ _1076_/A (sky130_fd_sc_hd__nor2_1)
     8    0.023488    0.126786    0.178901    0.972453 v _1076_/Y (sky130_fd_sc_hd__nor2_1)
                                                         _0033_ (net)
                      0.126786    0.000000    0.972453 v _2044_/DE (sky130_fd_sc_hd__edfxtp_1)
                                              0.972453   data arrival time

                      0.000000    0.000000    0.000000   clock core (rise edge)
                                  0.000000    0.000000   clock network delay (ideal)
                                  0.000000    0.000000   clock reconvergence pessimism
                                              0.000000 ^ _2044_/CLK (sky130_fd_sc_hd__edfxtp_1)
                                 -0.304815   -0.304815   library hold time
                                             -0.304815   data required time
---------------------------------------------------------------------------------------------
                                             -0.304815   data required time
                                             -0.972453   data arrival time
---------------------------------------------------------------------------------------------
                                              1.277268   slack (MET)

Hotspot 8: instance=_2040_ selected_worst_paths=none internal=4.39472e-06 switching=1.16688e-10 dynamic=4.39484e-06 leakage=6.67939e-12 total=4.39485e-06
Worst path through hotspot: status=met slack=1.2107 type=min group=core
startpoint=_2040_ (rising edge-triggered flip-flop clocked by core)
endpoint=_2309_ (rising edge-triggered flip-flop clocked by core)
path_power_complete=true
path_average_power_sum internal=8.33442e-06 switching=7.47806e-09 dynamic=8.3419e-06 leakage=1.00466e-11 total=8.34191e-06
stage instance cell pins fanout capacitance slew delay arrival internal switching dynamic leakage total
1 _2040_ sky130_fd_sc_hd__edfxtp_1 CLK,Q 1 0.002125 0.087475 0.561367 0.561367 4.39472e-06 1.16688e-10 4.39484e-06 6.67939e-12 4.39485e-06
2 _1345_ sky130_fd_sc_hd__nand2_1 B,Y 1 0.002341 0.062358 0.107574 0.668941 2.05348e-10 1.17642e-10 3.22991e-10 6.64792e-15 3.22997e-10
3 _1353_ sky130_fd_sc_hd__a32oi_1 A2,Y 1 0.002121 0.045515 0.108551 0.777492 2.32317e-09 9.5119e-10 3.27436e-09 2.55524e-13 3.27462e-09
4 _1368_ sky130_fd_sc_hd__o221ai_1 A2,Y 1 0.002334 0.088035 0.266586 1.04408 4.92716e-09 1.99394e-09 6.9211e-09 6.63691e-15 6.92111e-09
5 _1371_ sky130_fd_sc_hd__a21oi_1 A1,Y 1 0.001762 0.035774 0.078045 1.12212 3.10876e-09 1.42091e-09 4.52967e-09 8.64046e-14 4.52975e-09
6 _2309_ sky130_fd_sc_hd__dfrtp_1 D - - 0.035774 0 1.12212 3.92914e-06 2.87769e-09 3.93202e-06 3.01204e-12 3.93202e-06
OpenSTA targeted timing report:
Startpoint: _2040_ (rising edge-triggered flip-flop clocked by core)
Endpoint: _2309_ (rising edge-triggered flip-flop clocked by core)
Path Group: core
Path Type: min

Fanout         Cap        Slew       Delay        Time   Description
---------------------------------------------------------------------------------------------
                      0.000000    0.000000    0.000000   clock core (rise edge)
                                  0.000000    0.000000   clock network delay (ideal)
                      0.000000    0.000000    0.000000 ^ _2040_/CLK (sky130_fd_sc_hd__edfxtp_1)
     1    0.002125    0.087475    0.561367    0.561367 v _2040_/Q (sky130_fd_sc_hd__edfxtp_1)
                                                         u_uart_core_u_uart_rxfifo_gen_normal_fifo_storage_23_ (net)
                      0.087475    0.000000    0.561367 v _1345_/B (sky130_fd_sc_hd__nand2_1)
     1    0.002341    0.062358    0.107574    0.668941 ^ _1345_/Y (sky130_fd_sc_hd__nand2_1)
                                                         _0923_ (net)
                      0.062358    0.000000    0.668941 ^ _1353_/A2 (sky130_fd_sc_hd__a32oi_1)
     1    0.002121    0.045515    0.108551    0.777492 v _1353_/Y (sky130_fd_sc_hd__a32oi_1)
                                                         _0931_ (net)
                      0.045515    0.000000    0.777492 v _1368_/A2 (sky130_fd_sc_hd__o221ai_1)
     1    0.002334    0.088035    0.266586    1.044078 ^ _1368_/Y (sky130_fd_sc_hd__o221ai_1)
                                                         _0946_ (net)
                      0.088035    0.000000    1.044078 ^ _1371_/A1 (sky130_fd_sc_hd__a21oi_1)
     1    0.001762    0.035774    0.078045    1.122124 v _1371_/Y (sky130_fd_sc_hd__a21oi_1)
                                                         _0072_ (net)
                      0.035774    0.000000    1.122124 v _2309_/D (sky130_fd_sc_hd__dfrtp_1)
                                              1.122124   data arrival time

                      0.000000    0.000000    0.000000   clock core (rise edge)
                                  0.000000    0.000000   clock network delay (ideal)
                                  0.000000    0.000000   clock reconvergence pessimism
                                              0.000000 ^ _2309_/CLK (sky130_fd_sc_hd__dfrtp_1)
                                 -0.088572   -0.088572   library hold time
                                             -0.088572   data required time
---------------------------------------------------------------------------------------------
                                             -0.088572   data required time
                                             -1.122124   data arrival time
---------------------------------------------------------------------------------------------
                                              1.210696   slack (MET)

Hotspot 9: instance=_2039_ selected_worst_paths=none internal=4.39472e-06 switching=1.16587e-10 dynamic=4.39484e-06 leakage=6.61274e-12 total=4.39485e-06
Worst path through hotspot: status=met slack=1.23007 type=min group=core
startpoint=_2039_ (rising edge-triggered flip-flop clocked by core)
endpoint=_2309_ (rising edge-triggered flip-flop clocked by core)
path_power_complete=true
path_average_power_sum internal=8.3347e-06 switching=7.70978e-09 dynamic=8.34241e-06 leakage=1.00168e-11 total=8.34242e-06
stage instance cell pins fanout capacitance slew delay arrival internal switching dynamic leakage total
1 _2039_ sky130_fd_sc_hd__edfxtp_1 CLK,Q 1 0.00232 0.066463 0.440797 0.440797 4.39472e-06 1.16587e-10 4.39484e-06 6.61274e-12 4.39485e-06
2 _1348_ sky130_fd_sc_hd__a21oi_1 A2,Y 1 0.002123 0.042784 0.076202 0.516999 4.82464e-10 3.4946e-10 8.31924e-10 4.34223e-14 8.31967e-10
3 _1353_ sky130_fd_sc_hd__a32oi_1 A3,Y 1 0.002366 0.176509 0.274769 0.791768 2.32317e-09 9.5119e-10 3.27436e-09 2.55524e-13 3.27462e-09
4 _1368_ sky130_fd_sc_hd__o221ai_1 A2,Y 1 0.002171 0.080462 0.170423 0.962191 4.92716e-09 1.99394e-09 6.9211e-09 6.63691e-15 6.92111e-09
5 _1371_ sky130_fd_sc_hd__a21oi_1 A1,Y 1 0.001885 0.113959 0.179322 1.14151 3.10876e-09 1.42091e-09 4.52967e-09 8.64046e-14 4.52975e-09
6 _2309_ sky130_fd_sc_hd__dfrtp_1 D - - 0.113959 0 1.14151 3.92914e-06 2.87769e-09 3.93202e-06 3.01204e-12 3.93202e-06
OpenSTA targeted timing report:
Startpoint: _2039_ (rising edge-triggered flip-flop clocked by core)
Endpoint: _2309_ (rising edge-triggered flip-flop clocked by core)
Path Group: core
Path Type: min

Fanout         Cap        Slew       Delay        Time   Description
---------------------------------------------------------------------------------------------
                      0.000000    0.000000    0.000000   clock core (rise edge)
                                  0.000000    0.000000   clock network delay (ideal)
                      0.000000    0.000000    0.000000 ^ _2039_/CLK (sky130_fd_sc_hd__edfxtp_1)
     1    0.002320    0.066463    0.440797    0.440797 ^ _2039_/Q (sky130_fd_sc_hd__edfxtp_1)
                                                         u_uart_core_u_uart_rxfifo_gen_normal_fifo_storage_31_ (net)
                      0.066463    0.000000    0.440797 ^ _1348_/A2 (sky130_fd_sc_hd__a21oi_1)
     1    0.002123    0.042784    0.076202    0.516999 v _1348_/Y (sky130_fd_sc_hd__a21oi_1)
                                                         _0926_ (net)
                      0.042784    0.000000    0.516999 v _1353_/A3 (sky130_fd_sc_hd__a32oi_1)
     1    0.002366    0.176509    0.274769    0.791768 ^ _1353_/Y (sky130_fd_sc_hd__a32oi_1)
                                                         _0931_ (net)
                      0.176509    0.000000    0.791768 ^ _1368_/A2 (sky130_fd_sc_hd__o221ai_1)
     1    0.002171    0.080462    0.170423    0.962191 v _1368_/Y (sky130_fd_sc_hd__o221ai_1)
                                                         _0946_ (net)
                      0.080462    0.000000    0.962191 v _1371_/A1 (sky130_fd_sc_hd__a21oi_1)
     1    0.001885    0.113959    0.179322    1.141513 ^ _1371_/Y (sky130_fd_sc_hd__a21oi_1)
                                                         _0072_ (net)
                      0.113959    0.000000    1.141513 ^ _2309_/D (sky130_fd_sc_hd__dfrtp_1)
                                              1.141513   data arrival time

                      0.000000    0.000000    0.000000   clock core (rise edge)
                                  0.000000    0.000000   clock network delay (ideal)
                                  0.000000    0.000000   clock reconvergence pessimism
                                              0.000000 ^ _2309_/CLK (sky130_fd_sc_hd__dfrtp_1)
                                 -0.088553   -0.088553   library hold time
                                             -0.088553   data required time
---------------------------------------------------------------------------------------------
                                             -0.088553   data required time
                                             -1.141513   data arrival time
---------------------------------------------------------------------------------------------
                                              1.230066   slack (MET)

Hotspot 10: instance=_2041_ selected_worst_paths=none internal=4.3947e-06 switching=8.50785e-11 dynamic=4.39479e-06 leakage=6.19741e-12 total=4.39479e-06
Worst path through hotspot: status=met slack=1.20115 type=min group=core
startpoint=_2041_ (rising edge-triggered flip-flop clocked by core)
endpoint=_2309_ (rising edge-triggered flip-flop clocked by core)
path_power_complete=true
path_average_power_sum internal=8.33518e-06 switching=8.36317e-09 dynamic=8.34355e-06 leakage=9.63378e-12 total=8.34356e-06
stage instance cell pins fanout capacitance slew delay arrival internal switching dynamic leakage total
1 _2041_ sky130_fd_sc_hd__edfxtp_1 CLK,Q 1 0.001693 0.058109 0.432496 0.432496 4.3947e-06 8.50785e-11 4.39479e-06 6.19741e-12 4.39479e-06
2 _1342_ sky130_fd_sc_hd__o21ai_0 A2,Y 1 0.002162 0.050502 0.082468 0.514964 9.83951e-10 1.03436e-09 2.01831e-09 7.57652e-14 2.01839e-09
3 _1353_ sky130_fd_sc_hd__a32oi_1 A1,Y 1 0.002366 0.176509 0.247884 0.762849 2.32317e-09 9.5119e-10 3.27436e-09 2.55524e-13 3.27462e-09
4 _1368_ sky130_fd_sc_hd__o221ai_1 A2,Y 1 0.002171 0.080462 0.170423 0.933271 4.92716e-09 1.99394e-09 6.9211e-09 6.63691e-15 6.92111e-09
5 _1371_ sky130_fd_sc_hd__a21oi_1 A1,Y 1 0.001885 0.113959 0.179322 1.11259 3.10876e-09 1.42091e-09 4.52967e-09 8.64046e-14 4.52975e-09
6 _2309_ sky130_fd_sc_hd__dfrtp_1 D - - 0.113959 0 1.11259 3.92914e-06 2.87769e-09 3.93202e-06 3.01204e-12 3.93202e-06
OpenSTA targeted timing report:
Startpoint: _2041_ (rising edge-triggered flip-flop clocked by core)
Endpoint: _2309_ (rising edge-triggered flip-flop clocked by core)
Path Group: core
Path Type: min

Fanout         Cap        Slew       Delay        Time   Description
---------------------------------------------------------------------------------------------
                      0.000000    0.000000    0.000000   clock core (rise edge)
                                  0.000000    0.000000   clock network delay (ideal)
                      0.000000    0.000000    0.000000 ^ _2041_/CLK (sky130_fd_sc_hd__edfxtp_1)
     1    0.001693    0.058109    0.432496    0.432496 ^ _2041_/Q (sky130_fd_sc_hd__edfxtp_1)
                                                         u_uart_core_u_uart_rxfifo_gen_normal_fifo_storage_15_ (net)
                      0.058109    0.000000    0.432496 ^ _1342_/A2 (sky130_fd_sc_hd__o21ai_0)
     1    0.002162    0.050502    0.082468    0.514964 v _1342_/Y (sky130_fd_sc_hd__o21ai_0)
                                                         _0920_ (net)
                      0.050502    0.000000    0.514964 v _1353_/A1 (sky130_fd_sc_hd__a32oi_1)
     1    0.002366    0.176509    0.247884    0.762849 ^ _1353_/Y (sky130_fd_sc_hd__a32oi_1)
                                                         _0931_ (net)
                      0.176509    0.000000    0.762849 ^ _1368_/A2 (sky130_fd_sc_hd__o221ai_1)
     1    0.002171    0.080462    0.170423    0.933271 v _1368_/Y (sky130_fd_sc_hd__o221ai_1)
                                                         _0946_ (net)
                      0.080462    0.000000    0.933271 v _1371_/A1 (sky130_fd_sc_hd__a21oi_1)
     1    0.001885    0.113959    0.179322    1.112593 ^ _1371_/Y (sky130_fd_sc_hd__a21oi_1)
                                                         _0072_ (net)
                      0.113959    0.000000    1.112593 ^ _2309_/D (sky130_fd_sc_hd__dfrtp_1)
                                              1.112593   data arrival time

                      0.000000    0.000000    0.000000   clock core (rise edge)
                                  0.000000    0.000000   clock network delay (ideal)
                                  0.000000    0.000000   clock reconvergence pessimism
                                              0.000000 ^ _2309_/CLK (sky130_fd_sc_hd__dfrtp_1)
                                 -0.088553   -0.088553   library hold time
                                             -0.088553   data required time
---------------------------------------------------------------------------------------------
                                             -0.088553   data required time
                                             -1.112593   data arrival time
---------------------------------------------------------------------------------------------
                                              1.201146   slack (MET)

Hotspot 11: instance=_2115_ selected_worst_paths=none internal=4.39433e-06 switching=1.20658e-10 dynamic=4.39445e-06 leakage=6.67589e-12 total=4.39445e-06
Worst path through hotspot: status=met slack=1.27727 type=min group=core
startpoint=_2254_ (rising edge-triggered flip-flop clocked by core)
endpoint=_2115_ (rising edge-triggered flip-flop clocked by core)
path_power_complete=true
path_average_power_sum internal=8.32337e-06 switching=1.78375e-08 dynamic=8.34121e-06 leakage=1.52177e-11 total=8.34123e-06
stage instance cell pins fanout capacitance slew delay arrival internal switching dynamic leakage total
1 _2254_ sky130_fd_sc_hd__dfrtp_1 CLK,Q 4 0.011522 0.173042 0.550756 0.550756 3.92656e-06 4.63213e-09 3.93119e-06 4.07581e-12 3.9312e-06
2 _0995_ sky130_fd_sc_hd__inv_2 A,Y 4 0.008628 0.048394 0.093579 0.644335 1.11609e-09 4.26227e-09 5.37835e-09 1.63986e-12 5.37999e-09
3 _1027_ sky130_fd_sc_hd__nand2_1 A,Y 4 0.009496 0.152986 0.149218 0.793553 6.87814e-10 2.38602e-09 3.07383e-09 1.05823e-12 3.07489e-09
4 _1076_ sky130_fd_sc_hd__nor2_1 A,Y 8 0.023488 0.126786 0.178901 0.972453 6.85329e-10 6.43641e-09 7.12174e-09 1.76787e-12 7.12351e-09
5 _2115_ sky130_fd_sc_hd__edfxtp_1 DE - - 0.126786 0 0.972453 4.39433e-06 1.20658e-10 4.39445e-06 6.67589e-12 4.39445e-06
OpenSTA targeted timing report:
Startpoint: _2254_ (rising edge-triggered flip-flop clocked by core)
Endpoint: _2115_ (rising edge-triggered flip-flop clocked by core)
Path Group: core
Path Type: min

Fanout         Cap        Slew       Delay        Time   Description
---------------------------------------------------------------------------------------------
                      0.000000    0.000000    0.000000   clock core (rise edge)
                                  0.000000    0.000000   clock network delay (ideal)
                      0.000000    0.000000    0.000000 ^ _2254_/CLK (sky130_fd_sc_hd__dfrtp_1)
     4    0.011522    0.173042    0.550756    0.550756 ^ _2254_/Q (sky130_fd_sc_hd__dfrtp_1)
                                                         u_uart_core_u_uart_rxfifo_gen_normal_fifo_fifo_wptr_0_ (net)
                      0.173042    0.000000    0.550756 ^ _0995_/A (sky130_fd_sc_hd__inv_2)
     4    0.008628    0.048394    0.093579    0.644335 v _0995_/Y (sky130_fd_sc_hd__inv_2)
                                                         _0643_ (net)
                      0.048394    0.000000    0.644335 v _1027_/A (sky130_fd_sc_hd__nand2_1)
     4    0.009496    0.152986    0.149218    0.793553 ^ _1027_/Y (sky130_fd_sc_hd__nand2_1)
                                                         _0673_ (net)
                      0.152986    0.000000    0.793553 ^ _1076_/A (sky130_fd_sc_hd__nor2_1)
     8    0.023488    0.126786    0.178901    0.972453 v _1076_/Y (sky130_fd_sc_hd__nor2_1)
                                                         _0033_ (net)
                      0.126786    0.000000    0.972453 v _2115_/DE (sky130_fd_sc_hd__edfxtp_1)
                                              0.972453   data arrival time

                      0.000000    0.000000    0.000000   clock core (rise edge)
                                  0.000000    0.000000   clock network delay (ideal)
                                  0.000000    0.000000   clock reconvergence pessimism
                                              0.000000 ^ _2115_/CLK (sky130_fd_sc_hd__edfxtp_1)
                                 -0.304815   -0.304815   library hold time
                                             -0.304815   data required time
---------------------------------------------------------------------------------------------
                                             -0.304815   data required time
                                             -0.972453   data arrival time
---------------------------------------------------------------------------------------------
                                              1.277268   slack (MET)

Hotspot 12: instance=_2150_ selected_worst_paths=none internal=4.39433e-06 switching=1.20607e-10 dynamic=4.39445e-06 leakage=6.67588e-12 total=4.39445e-06
Worst path through hotspot: status=met slack=1.31498 type=min group=core
startpoint=_2255_ (rising edge-triggered flip-flop clocked by core)
endpoint=_2150_ (rising edge-triggered flip-flop clocked by core)
path_power_complete=true
path_average_power_sum internal=8.31944e-06 switching=1.26722e-08 dynamic=8.33211e-06 leakage=1.25422e-11 total=8.33213e-06
stage instance cell pins fanout capacitance slew delay arrival internal switching dynamic leakage total
1 _2255_ sky130_fd_sc_hd__dfrtp_1 CLK,Q 6 0.014859 0.116752 0.605211 0.605211 3.92397e-06 3.20976e-09 3.92718e-06 4.07581e-12 3.92718e-06
2 _1025_ sky130_fd_sc_hd__nand2_1 B,Y 4 0.011563 0.18087 0.216178 0.821388 5.92619e-10 2.90538e-09 3.498e-09 1.31302e-14 3.49801e-09
3 _1033_ sky130_fd_sc_hd__nor2_1 B,Y 8 0.023488 0.129121 0.187571 1.00896 5.56933e-10 6.43641e-09 6.99335e-09 1.77734e-12 6.99512e-09
4 _2150_ sky130_fd_sc_hd__edfxtp_1 DE - - 0.129121 0 1.00896 4.39433e-06 1.20607e-10 4.39445e-06 6.67588e-12 4.39445e-06
OpenSTA targeted timing report:
Startpoint: _2255_ (rising edge-triggered flip-flop clocked by core)
Endpoint: _2150_ (rising edge-triggered flip-flop clocked by core)
Path Group: core
Path Type: min

Fanout         Cap        Slew       Delay        Time   Description
---------------------------------------------------------------------------------------------
                      0.000000    0.000000    0.000000   clock core (rise edge)
                                  0.000000    0.000000   clock network delay (ideal)
                      0.000000    0.000000    0.000000 ^ _2255_/CLK (sky130_fd_sc_hd__dfrtp_1)
     6    0.014859    0.116752    0.605211    0.605211 v _2255_/Q (sky130_fd_sc_hd__dfrtp_1)
                                                         u_uart_core_u_uart_rxfifo_gen_normal_fifo_fifo_wptr_1_ (net)
                      0.116752    0.000000    0.605211 v _1025_/B (sky130_fd_sc_hd__nand2_1)
     4    0.011563    0.180870    0.216178    0.821388 ^ _1025_/Y (sky130_fd_sc_hd__nand2_1)
                                                         _0672_ (net)
                      0.180870    0.000000    0.821388 ^ _1033_/B (sky130_fd_sc_hd__nor2_1)
     8    0.023488    0.129121    0.187571    1.008959 v _1033_/Y (sky130_fd_sc_hd__nor2_1)
                                                         _0028_ (net)
                      0.129121    0.000000    1.008959 v _2150_/DE (sky130_fd_sc_hd__edfxtp_1)
                                              1.008959   data arrival time

                      0.000000    0.000000    0.000000   clock core (rise edge)
                                  0.000000    0.000000   clock network delay (ideal)
                                  0.000000    0.000000   clock reconvergence pessimism
                                              0.000000 ^ _2150_/CLK (sky130_fd_sc_hd__edfxtp_1)
                                 -0.306016   -0.306016   library hold time
                                             -0.306016   data required time
---------------------------------------------------------------------------------------------
                                             -0.306016   data required time
                                             -1.008959   data arrival time
---------------------------------------------------------------------------------------------
                                              1.314975   slack (MET)

Hotspot 13: instance=_2143_ selected_worst_paths=none internal=4.39432e-06 switching=1.16135e-10 dynamic=4.39444e-06 leakage=6.34791e-12 total=4.39445e-06
Worst path through hotspot: status=met slack=1.31994 type=min group=core
startpoint=_2255_ (rising edge-triggered flip-flop clocked by core)
endpoint=_2143_ (rising edge-triggered flip-flop clocked by core)
path_power_complete=true
path_average_power_sum internal=8.32038e-06 switching=1.41042e-08 dynamic=8.33448e-06 leakage=1.2214e-11 total=8.33449e-06
stage instance cell pins fanout capacitance slew delay arrival internal switching dynamic leakage total
1 _2255_ sky130_fd_sc_hd__dfrtp_1 CLK,Q 6 0.014859 0.116752 0.605211 0.605211 3.92397e-06 3.20976e-09 3.92718e-06 4.07581e-12 3.92718e-06
2 _1034_ sky130_fd_sc_hd__nand3_1 C,Y 4 0.0096 0.176918 0.223029 0.82824 1.49486e-09 4.34187e-09 5.83672e-09 1.29735e-14 5.83674e-09
3 _1035_ sky130_fd_sc_hd__nor2_1 B,Y 8 0.023488 0.129121 0.185684 1.01392 5.92391e-10 6.43641e-09 7.02881e-09 1.77731e-12 7.03058e-09
4 _2143_ sky130_fd_sc_hd__edfxtp_1 DE - - 0.129121 0 1.01392 4.39432e-06 1.16135e-10 4.39444e-06 6.34791e-12 4.39445e-06
OpenSTA targeted timing report:
Startpoint: _2255_ (rising edge-triggered flip-flop clocked by core)
Endpoint: _2143_ (rising edge-triggered flip-flop clocked by core)
Path Group: core
Path Type: min

Fanout         Cap        Slew       Delay        Time   Description
---------------------------------------------------------------------------------------------
                      0.000000    0.000000    0.000000   clock core (rise edge)
                                  0.000000    0.000000   clock network delay (ideal)
                      0.000000    0.000000    0.000000 ^ _2255_/CLK (sky130_fd_sc_hd__dfrtp_1)
     6    0.014859    0.116752    0.605211    0.605211 v _2255_/Q (sky130_fd_sc_hd__dfrtp_1)
                                                         u_uart_core_u_uart_rxfifo_gen_normal_fifo_fifo_wptr_1_ (net)
                      0.116752    0.000000    0.605211 v _1034_/C (sky130_fd_sc_hd__nand3_1)
     4    0.009600    0.176918    0.223029    0.828240 ^ _1034_/Y (sky130_fd_sc_hd__nand3_1)
                                                         _0676_ (net)
                      0.176918    0.000000    0.828240 ^ _1035_/B (sky130_fd_sc_hd__nor2_1)
     8    0.023488    0.129121    0.185684    1.013924 v _1035_/Y (sky130_fd_sc_hd__nor2_1)
                                                         _0029_ (net)
                      0.129121    0.000000    1.013924 v _2143_/DE (sky130_fd_sc_hd__edfxtp_1)
                                              1.013924   data arrival time

                      0.000000    0.000000    0.000000   clock core (rise edge)
                                  0.000000    0.000000   clock network delay (ideal)
                                  0.000000    0.000000   clock reconvergence pessimism
                                              0.000000 ^ _2143_/CLK (sky130_fd_sc_hd__edfxtp_1)
                                 -0.306016   -0.306016   library hold time
                                             -0.306016   data required time
---------------------------------------------------------------------------------------------
                                             -0.306016   data required time
                                             -1.013924   data arrival time
---------------------------------------------------------------------------------------------
                                              1.319940   slack (MET)

Hotspot 14: instance=_2136_ selected_worst_paths=none internal=4.3943e-06 switching=8.50785e-11 dynamic=4.39439e-06 leakage=6.0996e-12 total=4.39439e-06
Worst path through hotspot: status=met slack=1.24895 type=min group=core
startpoint=_2254_ (rising edge-triggered flip-flop clocked by core)
endpoint=_2136_ (rising edge-triggered flip-flop clocked by core)
path_power_complete=true
path_average_power_sum internal=8.32224e-06 switching=1.35396e-08 dynamic=8.33578e-06 leakage=1.28346e-11 total=8.33579e-06
stage instance cell pins fanout capacitance slew delay arrival internal switching dynamic leakage total
1 _2254_ sky130_fd_sc_hd__dfrtp_1 CLK,Q 4 0.010526 0.094419 0.581821 0.581821 3.92656e-06 4.63213e-09 3.93119e-06 4.07581e-12 3.9312e-06
2 _0981_ sky130_fd_sc_hd__nand2_1 B,Y 4 0.009496 0.153036 0.183394 0.765215 6.89787e-10 2.38602e-09 3.0758e-09 8.92176e-13 3.0767e-09
3 _1037_ sky130_fd_sc_hd__nor2_1 A,Y 8 0.023488 0.126786 0.178924 0.944139 6.85561e-10 6.43641e-09 7.12198e-09 1.76702e-12 7.12374e-09
4 _2136_ sky130_fd_sc_hd__edfxtp_1 DE - - 0.126786 0 0.944139 4.3943e-06 8.50785e-11 4.39439e-06 6.0996e-12 4.39439e-06
OpenSTA targeted timing report:
Startpoint: _2254_ (rising edge-triggered flip-flop clocked by core)
Endpoint: _2136_ (rising edge-triggered flip-flop clocked by core)
Path Group: core
Path Type: min

Fanout         Cap        Slew       Delay        Time   Description
---------------------------------------------------------------------------------------------
                      0.000000    0.000000    0.000000   clock core (rise edge)
                                  0.000000    0.000000   clock network delay (ideal)
                      0.000000    0.000000    0.000000 ^ _2254_/CLK (sky130_fd_sc_hd__dfrtp_1)
     4    0.010526    0.094419    0.581821    0.581821 v _2254_/Q (sky130_fd_sc_hd__dfrtp_1)
                                                         u_uart_core_u_uart_rxfifo_gen_normal_fifo_fifo_wptr_0_ (net)
                      0.094419    0.000000    0.581821 v _0981_/B (sky130_fd_sc_hd__nand2_1)
     4    0.009496    0.153036    0.183394    0.765215 ^ _0981_/Y (sky130_fd_sc_hd__nand2_1)
                                                         _0629_ (net)
                      0.153036    0.000000    0.765215 ^ _1037_/A (sky130_fd_sc_hd__nor2_1)
     8    0.023488    0.126786    0.178924    0.944139 v _1037_/Y (sky130_fd_sc_hd__nor2_1)
                                                         _0030_ (net)
                      0.126786    0.000000    0.944139 v _2136_/DE (sky130_fd_sc_hd__edfxtp_1)
                                              0.944139   data arrival time

                      0.000000    0.000000    0.000000   clock core (rise edge)
                                  0.000000    0.000000   clock network delay (ideal)
                                  0.000000    0.000000   clock reconvergence pessimism
                                              0.000000 ^ _2136_/CLK (sky130_fd_sc_hd__edfxtp_1)
                                 -0.304815   -0.304815   library hold time
                                             -0.304815   data required time
---------------------------------------------------------------------------------------------
                                             -0.304815   data required time
                                             -0.944139   data arrival time
---------------------------------------------------------------------------------------------
                                              1.248954   slack (MET)

Hotspot 15: instance=_2043_ selected_worst_paths=none internal=4.3935e-06 switching=0 dynamic=4.3935e-06 leakage=6.67754e-12 total=4.3935e-06
Worst path through hotspot: status=met slack=1.06702 type=min group=core
startpoint=_2043_ (rising edge-triggered flip-flop clocked by core)
endpoint=_2309_ (rising edge-triggered flip-flop clocked by core)
path_power_complete=true
path_average_power_sum internal=8.33261e-06 switching=7.24685e-09 dynamic=8.33985e-06 leakage=9.94798e-12 total=8.33986e-06
stage instance cell pins fanout capacitance slew delay arrival internal switching dynamic leakage total
1 _2043_ sky130_fd_sc_hd__edfxtp_1 CLK,Q 1 0.002359 0.066983 0.441313 0.441313 4.3935e-06 0 4.3935e-06 6.67754e-12 4.3935e-06
2 _1357_ sky130_fd_sc_hd__a221oi_1 B1,Y 1 0.002116 0.038793 0.083403 0.524716 1.57752e-09 7.23946e-10 2.30147e-09 2.51379e-14 2.30149e-09
3 _1358_ sky130_fd_sc_hd__nor2_1 B,Y 1 0.002292 0.111102 0.119121 0.643837 3.57871e-10 2.3036e-10 5.88231e-10 1.40217e-13 5.88371e-10
4 _1368_ sky130_fd_sc_hd__o221ai_1 B1,Y 1 0.002171 0.080462 0.155308 0.799145 4.92716e-09 1.99394e-09 6.9211e-09 6.63691e-15 6.92111e-09
5 _1371_ sky130_fd_sc_hd__a21oi_1 A1,Y 1 0.001885 0.113959 0.179322 0.978466 3.10876e-09 1.42091e-09 4.52967e-09 8.64046e-14 4.52975e-09
6 _2309_ sky130_fd_sc_hd__dfrtp_1 D - - 0.113959 0 0.978466 3.92914e-06 2.87769e-09 3.93202e-06 3.01204e-12 3.93202e-06
OpenSTA targeted timing report:
Startpoint: _2043_ (rising edge-triggered flip-flop clocked by core)
Endpoint: _2309_ (rising edge-triggered flip-flop clocked by core)
Path Group: core
Path Type: min

Fanout         Cap        Slew       Delay        Time   Description
---------------------------------------------------------------------------------------------
                      0.000000    0.000000    0.000000   clock core (rise edge)
                                  0.000000    0.000000   clock network delay (ideal)
                      0.000000    0.000000    0.000000 ^ _2043_/CLK (sky130_fd_sc_hd__edfxtp_1)
     1    0.002359    0.066983    0.441313    0.441313 ^ _2043_/Q (sky130_fd_sc_hd__edfxtp_1)
                                                         u_uart_core_u_uart_rxfifo_gen_normal_fifo_storage_127_ (net)
                      0.066983    0.000000    0.441313 ^ _1357_/B1 (sky130_fd_sc_hd__a221oi_1)
     1    0.002116    0.038793    0.083403    0.524716 v _1357_/Y (sky130_fd_sc_hd__a221oi_1)
                                                         _0935_ (net)
                      0.038793    0.000000    0.524716 v _1358_/B (sky130_fd_sc_hd__nor2_1)
     1    0.002292    0.111102    0.119121    0.643837 ^ _1358_/Y (sky130_fd_sc_hd__nor2_1)
                                                         _0936_ (net)
                      0.111102    0.000000    0.643837 ^ _1368_/B1 (sky130_fd_sc_hd__o221ai_1)
     1    0.002171    0.080462    0.155308    0.799145 v _1368_/Y (sky130_fd_sc_hd__o221ai_1)
                                                         _0946_ (net)
                      0.080462    0.000000    0.799145 v _1371_/A1 (sky130_fd_sc_hd__a21oi_1)
     1    0.001885    0.113959    0.179322    0.978466 ^ _1371_/Y (sky130_fd_sc_hd__a21oi_1)
                                                         _0072_ (net)
                      0.113959    0.000000    0.978466 ^ _2309_/D (sky130_fd_sc_hd__dfrtp_1)
                                              0.978466   data arrival time

                      0.000000    0.000000    0.000000   clock core (rise edge)
                                  0.000000    0.000000   clock network delay (ideal)
                                  0.000000    0.000000   clock reconvergence pessimism
                                              0.000000 ^ _2309_/CLK (sky130_fd_sc_hd__dfrtp_1)
                                 -0.088553   -0.088553   library hold time
                                             -0.088553   data required time
---------------------------------------------------------------------------------------------
                                             -0.088553   data required time
                                             -0.978466   data arrival time
---------------------------------------------------------------------------------------------
                                              1.067019   slack (MET)

Hotspot 16: instance=_2029_ selected_worst_paths=none internal=4.3935e-06 switching=0 dynamic=4.3935e-06 leakage=6.67754e-12 total=4.3935e-06
Worst path through hotspot: status=met slack=1.26869 type=min group=core
startpoint=_2257_ (rising edge-triggered flip-flop clocked by core)
endpoint=_2029_ (rising edge-triggered flip-flop clocked by core)
path_power_complete=true
path_average_power_sum internal=8.31518e-06 switching=1.5286e-09 dynamic=8.31671e-06 leakage=1.34708e-11 total=8.31673e-06
stage instance cell pins fanout capacitance slew delay arrival internal switching dynamic leakage total
1 _2257_ sky130_fd_sc_hd__dfrtp_1 CLK,Q 8 0.01914 0.138738 0.627701 0.627701 3.92133e-06 0 3.92133e-06 5.01415e-12 3.92134e-06
2 _1154_ sky130_fd_sc_hd__nand3_1 C,Y 2 0.004802 0.106654 0.183987 0.811688 2.36706e-10 2.41315e-10 4.78021e-10 6.89174e-15 4.78028e-10
3 _1155_ sky130_fd_sc_hd__nor2_1 B,Y 8 0.023488 0.126786 0.152187 0.963875 1.21835e-10 1.28728e-09 1.40912e-09 1.7722e-12 1.41089e-09
4 _2029_ sky130_fd_sc_hd__edfxtp_1 DE - - 0.126786 0 0.963875 4.3935e-06 0 4.3935e-06 6.67754e-12 4.3935e-06
OpenSTA targeted timing report:
Startpoint: _2257_ (rising edge-triggered flip-flop clocked by core)
Endpoint: _2029_ (rising edge-triggered flip-flop clocked by core)
Path Group: core
Path Type: min

Fanout         Cap        Slew       Delay        Time   Description
---------------------------------------------------------------------------------------------
                      0.000000    0.000000    0.000000   clock core (rise edge)
                                  0.000000    0.000000   clock network delay (ideal)
                      0.000000    0.000000    0.000000 ^ _2257_/CLK (sky130_fd_sc_hd__dfrtp_1)
     8    0.019140    0.138738    0.627701    0.627701 v _2257_/Q (sky130_fd_sc_hd__dfrtp_1)
                                                         u_uart_core_u_uart_rxfifo_gen_normal_fifo_fifo_wptr_3_ (net)
                      0.138738    0.000000    0.627701 v _1154_/C (sky130_fd_sc_hd__nand3_1)
     2    0.004802    0.106654    0.183987    0.811688 ^ _1154_/Y (sky130_fd_sc_hd__nand3_1)
                                                         _0778_ (net)
                      0.106654    0.000000    0.811688 ^ _1155_/B (sky130_fd_sc_hd__nor2_1)
     8    0.023488    0.126786    0.152187    0.963875 v _1155_/Y (sky130_fd_sc_hd__nor2_1)
                                                         _0018_ (net)
                      0.126786    0.000000    0.963875 v _2029_/DE (sky130_fd_sc_hd__edfxtp_1)
                                              0.963875   data arrival time

                      0.000000    0.000000    0.000000   clock core (rise edge)
                                  0.000000    0.000000   clock network delay (ideal)
                                  0.000000    0.000000   clock reconvergence pessimism
                                              0.000000 ^ _2029_/CLK (sky130_fd_sc_hd__edfxtp_1)
                                 -0.304815   -0.304815   library hold time
                                             -0.304815   data required time
---------------------------------------------------------------------------------------------
                                             -0.304815   data required time
                                             -0.963875   data arrival time
---------------------------------------------------------------------------------------------
                                              1.268691   slack (MET)

Hotspot 17: instance=_2030_ selected_worst_paths=none internal=4.3935e-06 switching=0 dynamic=4.3935e-06 leakage=6.67754e-12 total=4.3935e-06
Worst path through hotspot: status=met slack=1.24895 type=min group=core
startpoint=_2254_ (rising edge-triggered flip-flop clocked by core)
endpoint=_2030_ (rising edge-triggered flip-flop clocked by core)
path_power_complete=true
path_average_power_sum internal=8.32087e-06 switching=8.30543e-09 dynamic=8.32917e-06 leakage=1.34168e-11 total=8.32919e-06
stage instance cell pins fanout capacitance slew delay arrival internal switching dynamic leakage total
1 _2254_ sky130_fd_sc_hd__dfrtp_1 CLK,Q 4 0.010526 0.094419 0.581821 0.581821 3.92656e-06 4.63213e-09 3.93119e-06 4.07581e-12 3.9312e-06
2 _0981_ sky130_fd_sc_hd__nand2_1 B,Y 4 0.009496 0.153036 0.183394 0.765215 6.89787e-10 2.38602e-09 3.0758e-09 8.92176e-13 3.0767e-09
3 _1180_ sky130_fd_sc_hd__nor2_1 A,Y 8 0.023488 0.126786 0.178924 0.944139 1.21835e-10 1.28728e-09 1.40912e-09 1.77132e-12 1.41089e-09
4 _2030_ sky130_fd_sc_hd__edfxtp_1 DE - - 0.126786 0 0.944139 4.3935e-06 0 4.3935e-06 6.67754e-12 4.3935e-06
OpenSTA targeted timing report:
Startpoint: _2254_ (rising edge-triggered flip-flop clocked by core)
Endpoint: _2030_ (rising edge-triggered flip-flop clocked by core)
Path Group: core
Path Type: min

Fanout         Cap        Slew       Delay        Time   Description
---------------------------------------------------------------------------------------------
                      0.000000    0.000000    0.000000   clock core (rise edge)
                                  0.000000    0.000000   clock network delay (ideal)
                      0.000000    0.000000    0.000000 ^ _2254_/CLK (sky130_fd_sc_hd__dfrtp_1)
     4    0.010526    0.094419    0.581821    0.581821 v _2254_/Q (sky130_fd_sc_hd__dfrtp_1)
                                                         u_uart_core_u_uart_rxfifo_gen_normal_fifo_fifo_wptr_0_ (net)
                      0.094419    0.000000    0.581821 v _0981_/B (sky130_fd_sc_hd__nand2_1)
     4    0.009496    0.153036    0.183394    0.765215 ^ _0981_/Y (sky130_fd_sc_hd__nand2_1)
                                                         _0629_ (net)
                      0.153036    0.000000    0.765215 ^ _1180_/A (sky130_fd_sc_hd__nor2_1)
     8    0.023488    0.126786    0.178924    0.944139 v _1180_/Y (sky130_fd_sc_hd__nor2_1)
                                                         _0019_ (net)
                      0.126786    0.000000    0.944139 v _2030_/DE (sky130_fd_sc_hd__edfxtp_1)
                                              0.944139   data arrival time

                      0.000000    0.000000    0.000000   clock core (rise edge)
                                  0.000000    0.000000   clock network delay (ideal)
                                  0.000000    0.000000   clock reconvergence pessimism
                                              0.000000 ^ _2030_/CLK (sky130_fd_sc_hd__edfxtp_1)
                                 -0.304815   -0.304815   library hold time
                                             -0.304815   data required time
---------------------------------------------------------------------------------------------
                                             -0.304815   data required time
                                             -0.944139   data arrival time
---------------------------------------------------------------------------------------------
                                              1.248954   slack (MET)

Hotspot 18: instance=_2031_ selected_worst_paths=none internal=4.3935e-06 switching=0 dynamic=4.3935e-06 leakage=6.67754e-12 total=4.3935e-06
Worst path through hotspot: status=met slack=1.11759 type=min group=core
startpoint=_2031_ (rising edge-triggered flip-flop clocked by core)
endpoint=_2309_ (rising edge-triggered flip-flop clocked by core)
path_power_complete=true
path_average_power_sum internal=8.33224e-06 switching=6.9197e-09 dynamic=8.33916e-06 leakage=9.8147e-12 total=8.33917e-06
stage instance cell pins fanout capacitance slew delay arrival internal switching dynamic leakage total
1 _2031_ sky130_fd_sc_hd__edfxtp_1 CLK,Q 1 0.002302 0.066223 0.440559 0.440559 4.3935e-06 0 4.3935e-06 6.67754e-12 4.3935e-06
2 _1362_ sky130_fd_sc_hd__a221oi_1 A1,Y 1 0.00152 0.035911 0.083118 0.523677 1.57097e-09 5.10471e-10 2.08144e-09 2.51379e-14 2.08147e-09
3 _1363_ sky130_fd_sc_hd__o21ai_0 A2,Y 1 0.002322 0.085649 0.198204 0.721881 1.6163e-12 1.16688e-10 1.18304e-10 6.93323e-15 1.18311e-10
4 _1368_ sky130_fd_sc_hd__o221ai_1 B2,Y 1 0.002171 0.080462 0.127833 0.849714 4.92716e-09 1.99394e-09 6.9211e-09 6.63691e-15 6.92111e-09
5 _1371_ sky130_fd_sc_hd__a21oi_1 A1,Y 1 0.001885 0.113959 0.179322 1.02904 3.10876e-09 1.42091e-09 4.52967e-09 8.64046e-14 4.52975e-09
6 _2309_ sky130_fd_sc_hd__dfrtp_1 D - - 0.113959 0 1.02904 3.92914e-06 2.87769e-09 3.93202e-06 3.01204e-12 3.93202e-06
OpenSTA targeted timing report:
Startpoint: _2031_ (rising edge-triggered flip-flop clocked by core)
Endpoint: _2309_ (rising edge-triggered flip-flop clocked by core)
Path Group: core
Path Type: min

Fanout         Cap        Slew       Delay        Time   Description
---------------------------------------------------------------------------------------------
                      0.000000    0.000000    0.000000   clock core (rise edge)
                                  0.000000    0.000000   clock network delay (ideal)
                      0.000000    0.000000    0.000000 ^ _2031_/CLK (sky130_fd_sc_hd__edfxtp_1)
     1    0.002302    0.066223    0.440559    0.440559 ^ _2031_/Q (sky130_fd_sc_hd__edfxtp_1)
                                                         u_uart_core_u_uart_rxfifo_gen_normal_fifo_storage_87_ (net)
                      0.066223    0.000000    0.440559 ^ _1362_/A1 (sky130_fd_sc_hd__a221oi_1)
     1    0.001520    0.035911    0.083118    0.523677 v _1362_/Y (sky130_fd_sc_hd__a221oi_1)
                                                         _0940_ (net)
                      0.035911    0.000000    0.523677 v _1363_/A2 (sky130_fd_sc_hd__o21ai_0)
     1    0.002322    0.085649    0.198204    0.721881 ^ _1363_/Y (sky130_fd_sc_hd__o21ai_0)
                                                         _0941_ (net)
                      0.085649    0.000000    0.721881 ^ _1368_/B2 (sky130_fd_sc_hd__o221ai_1)
     1    0.002171    0.080462    0.127833    0.849714 v _1368_/Y (sky130_fd_sc_hd__o221ai_1)
                                                         _0946_ (net)
                      0.080462    0.000000    0.849714 v _1371_/A1 (sky130_fd_sc_hd__a21oi_1)
     1    0.001885    0.113959    0.179322    1.029036 ^ _1371_/Y (sky130_fd_sc_hd__a21oi_1)
                                                         _0072_ (net)
                      0.113959    0.000000    1.029036 ^ _2309_/D (sky130_fd_sc_hd__dfrtp_1)
                                              1.029036   data arrival time

                      0.000000    0.000000    0.000000   clock core (rise edge)
                                  0.000000    0.000000   clock network delay (ideal)
                                  0.000000    0.000000   clock reconvergence pessimism
                                              0.000000 ^ _2309_/CLK (sky130_fd_sc_hd__dfrtp_1)
                                 -0.088553   -0.088553   library hold time
                                             -0.088553   data required time
---------------------------------------------------------------------------------------------
                                             -0.088553   data required time
                                             -1.029036   data arrival time
---------------------------------------------------------------------------------------------
                                              1.117589   slack (MET)

Hotspot 19: instance=_2032_ selected_worst_paths=none internal=4.3935e-06 switching=0 dynamic=4.3935e-06 leakage=6.67754e-12 total=4.3935e-06
Worst path through hotspot: status=met slack=1.19233 type=min group=core
startpoint=_2257_ (rising edge-triggered flip-flop clocked by core)
endpoint=_2032_ (rising edge-triggered flip-flop clocked by core)
path_power_complete=true
path_average_power_sum internal=8.31494e-06 switching=1.28728e-09 dynamic=8.31623e-06 leakage=1.34709e-11 total=8.31624e-06
stage instance cell pins fanout capacitance slew delay arrival internal switching dynamic leakage total
1 _2257_ sky130_fd_sc_hd__dfrtp_1 CLK,Q 8 0.021036 0.293274 0.64195 0.64195 3.92133e-06 0 3.92133e-06 5.01415e-12 3.92134e-06
2 _1157_ sky130_fd_sc_hd__nor2_1 A,Y 8 0.023488 0.127243 0.245324 0.887274 1.16252e-10 1.28728e-09 1.40353e-09 1.77916e-12 1.40531e-09
3 _2032_ sky130_fd_sc_hd__edfxtp_1 DE - - 0.127243 0 0.887274 4.3935e-06 0 4.3935e-06 6.67754e-12 4.3935e-06
OpenSTA targeted timing report:
Startpoint: _2257_ (rising edge-triggered flip-flop clocked by core)
Endpoint: _2032_ (rising edge-triggered flip-flop clocked by core)
Path Group: core
Path Type: min

Fanout         Cap        Slew       Delay        Time   Description
---------------------------------------------------------------------------------------------
                      0.000000    0.000000    0.000000   clock core (rise edge)
                                  0.000000    0.000000   clock network delay (ideal)
                      0.000000    0.000000    0.000000 ^ _2257_/CLK (sky130_fd_sc_hd__dfrtp_1)
     8    0.021036    0.293274    0.641950    0.641950 ^ _2257_/Q (sky130_fd_sc_hd__dfrtp_1)
                                                         u_uart_core_u_uart_rxfifo_gen_normal_fifo_fifo_wptr_3_ (net)
                      0.293274    0.000000    0.641950 ^ _1157_/A (sky130_fd_sc_hd__nor2_1)
     8    0.023488    0.127243    0.245324    0.887274 v _1157_/Y (sky130_fd_sc_hd__nor2_1)
                                                         _0021_ (net)
                      0.127243    0.000000    0.887274 v _2032_/DE (sky130_fd_sc_hd__edfxtp_1)
                                              0.887274   data arrival time

                      0.000000    0.000000    0.000000   clock core (rise edge)
                                  0.000000    0.000000   clock network delay (ideal)
                                  0.000000    0.000000   clock reconvergence pessimism
                                              0.000000 ^ _2032_/CLK (sky130_fd_sc_hd__edfxtp_1)
                                 -0.305050   -0.305050   library hold time
                                             -0.305050   data required time
---------------------------------------------------------------------------------------------
                                             -0.305050   data required time
                                             -0.887274   data arrival time
---------------------------------------------------------------------------------------------
                                              1.192325   slack (MET)

Hotspot 20: instance=_2034_ selected_worst_paths=none internal=4.3935e-06 switching=0 dynamic=4.3935e-06 leakage=6.67754e-12 total=4.3935e-06
Worst path through hotspot: status=met slack=1.18727 type=min group=core
startpoint=_2034_ (rising edge-triggered flip-flop clocked by core)
endpoint=_2309_ (rising edge-triggered flip-flop clocked by core)
path_power_complete=true
path_average_power_sum internal=8.33347e-06 switching=7.71792e-09 dynamic=8.34119e-06 leakage=1.01116e-11 total=8.3412e-06
stage instance cell pins fanout capacitance slew delay arrival internal switching dynamic leakage total
1 _2034_ sky130_fd_sc_hd__edfxtp_1 CLK,Q 1 0.001693 0.058109 0.432496 0.432496 4.3935e-06 0 4.3935e-06 6.67754e-12 4.3935e-06
2 _1352_ sky130_fd_sc_hd__o21ai_0 A2,Y 1 0.00209 0.049455 0.081655 0.514151 4.8051e-10 4.74188e-10 9.54698e-10 7.34174e-14 9.54771e-10
3 _1353_ sky130_fd_sc_hd__a32oi_1 B2,Y 1 0.002366 0.176509 0.234819 0.74897 2.32317e-09 9.5119e-10 3.27436e-09 2.55524e-13 3.27462e-09
4 _1368_ sky130_fd_sc_hd__o221ai_1 A2,Y 1 0.002171 0.080462 0.170423 0.919393 4.92716e-09 1.99394e-09 6.9211e-09 6.63691e-15 6.92111e-09
5 _1371_ sky130_fd_sc_hd__a21oi_1 A1,Y 1 0.001885 0.113959 0.179322 1.09871 3.10876e-09 1.42091e-09 4.52967e-09 8.64046e-14 4.52975e-09
6 _2309_ sky130_fd_sc_hd__dfrtp_1 D - - 0.113959 0 1.09871 3.92914e-06 2.87769e-09 3.93202e-06 3.01204e-12 3.93202e-06
OpenSTA targeted timing report:
Startpoint: _2034_ (rising edge-triggered flip-flop clocked by core)
Endpoint: _2309_ (rising edge-triggered flip-flop clocked by core)
Path Group: core
Path Type: min

Fanout         Cap        Slew       Delay        Time   Description
---------------------------------------------------------------------------------------------
                      0.000000    0.000000    0.000000   clock core (rise edge)
                                  0.000000    0.000000   clock network delay (ideal)
                      0.000000    0.000000    0.000000 ^ _2034_/CLK (sky130_fd_sc_hd__edfxtp_1)
     1    0.001693    0.058109    0.432496    0.432496 ^ _2034_/Q (sky130_fd_sc_hd__edfxtp_1)
                                                         u_uart_core_u_uart_rxfifo_gen_normal_fifo_storage_47_ (net)
                      0.058109    0.000000    0.432496 ^ _1352_/A2 (sky130_fd_sc_hd__o21ai_0)
     1    0.002090    0.049455    0.081655    0.514151 v _1352_/Y (sky130_fd_sc_hd__o21ai_0)
                                                         _0930_ (net)
                      0.049455    0.000000    0.514151 v _1353_/B2 (sky130_fd_sc_hd__a32oi_1)
     1    0.002366    0.176509    0.234819    0.748970 ^ _1353_/Y (sky130_fd_sc_hd__a32oi_1)
                                                         _0931_ (net)
                      0.176509    0.000000    0.748970 ^ _1368_/A2 (sky130_fd_sc_hd__o221ai_1)
     1    0.002171    0.080462    0.170423    0.919393 v _1368_/Y (sky130_fd_sc_hd__o221ai_1)
                                                         _0946_ (net)
                      0.080462    0.000000    0.919393 v _1371_/A1 (sky130_fd_sc_hd__a21oi_1)
     1    0.001885    0.113959    0.179322    1.098714 ^ _1371_/Y (sky130_fd_sc_hd__a21oi_1)
                                                         _0072_ (net)
                      0.113959    0.000000    1.098714 ^ _2309_/D (sky130_fd_sc_hd__dfrtp_1)
                                              1.098714   data arrival time

                      0.000000    0.000000    0.000000   clock core (rise edge)
                                  0.000000    0.000000   clock network delay (ideal)
                                  0.000000    0.000000   clock reconvergence pessimism
                                              0.000000 ^ _2309_/CLK (sky130_fd_sc_hd__dfrtp_1)
                                 -0.088553   -0.088553   library hold time
                                             -0.088553   data required time
---------------------------------------------------------------------------------------------
                                             -0.088553   data required time
                                             -1.098714   data arrival time
---------------------------------------------------------------------------------------------
                                              1.187267   slack (MET)
