analysis=fusion_analysis corner=tt mode=hold stage=post_syn
workload=random_small_sv_tt
methodology=staged_public_opensta
path_power_semantics=average_instance_power_in_same_analysis_context
activity_file=/tmp/flexsoc-repack/cordic/runs/cordic/dev/signoff/sky130/power/activity/captures/cordic_sky130_random_small_sv_tt.vcd
activity_scope=cordic_tb/u_cordic
liberty=/home/eneadim/github/flexsoc/.flexsoc/pdks/ciel/sky130/versions/f6eeac7dad085ffcc829ccfd721f7b4ce39edcf7/sky130A/libs.ref/sky130_fd_sc_hd/lib/sky130_fd_sc_hd__tt_100C_1v80.lib
netlist=/tmp/flexsoc-repack/cordic/runs/cordic/dev/syn/sky130/cordic_synth.v
sdc=/tmp/flexsoc-repack/cordic/runs/cordic/dev/constraints/cordic.sdc
spef=

=== Units ===
 time 1ns
 capacitance 1pF
 resistance 1kohm
 voltage 1v
 current 1mA
 power 1nW
 distance 1um

=== Constraint validation ===

=== Timing summary ===
wns min -0.29
tns min -0.59

=== Power summary ===
Group                  Internal  Switching    Leakage      Total
                          Power      Power      Power      Power (Watts)
----------------------------------------------------------------
Sequential             1.30e-03   1.42e-05   1.07e-06   1.32e-03  85.8%
Combinational          1.02e-04   1.14e-04   1.62e-06   2.18e-04  14.2%
Clock                  0.00e+00   0.00e+00   0.00e+00   0.00e+00   0.0%
Macro                  0.00e+00   0.00e+00   0.00e+00   0.00e+00   0.0%
Pad                    0.00e+00   0.00e+00   0.00e+00   0.00e+00   0.0%
----------------------------------------------------------------
Total                  1.40e-03   1.29e-04   2.69e-06   1.53e-03 100.0%
                          91.4%       8.4%       0.2%

=== Worst timing paths (violated or met) ===
Startpoint: rst_ni (input port clocked by core)
Endpoint: _4744_ (removal check against rising-edge clock core)
Path Group: asynchronous
Path Type: min

Fanout         Cap        Slew       Delay        Time   Description
---------------------------------------------------------------------------------------------
                      0.000000    0.000000    0.000000   clock core (rise edge)
                                  0.000000    0.000000   clock network delay (ideal)
                                  0.000000    0.000000 ^ input external delay
     2    0.007228    0.000723    0.000723    0.000723 ^ rst_ni (in)
                                                         rst_ni (net)
                      0.000723    0.000000    0.000723 ^ _4744_/RESET_B (sky130_fd_sc_hd__dfrtp_1)
                                              0.000723   data arrival time

                      0.000000    0.000000    0.000000   clock core (rise edge)
                                  0.000000    0.000000   clock network delay (ideal)
                                  0.000000    0.000000   clock reconvergence pessimism
                                              0.000000 ^ _4744_/CLK (sky130_fd_sc_hd__dfrtp_1)
                                  0.295017    0.295017   library removal time
                                              0.295017   data required time
---------------------------------------------------------------------------------------------
                                              0.295017   data required time
                                             -0.000723   data arrival time
---------------------------------------------------------------------------------------------
                                             -0.294294   slack (VIOLATED)


Startpoint: rst_ni (input port clocked by core)
Endpoint: _4745_ (removal check against rising-edge clock core)
Path Group: asynchronous
Path Type: min

Fanout         Cap        Slew       Delay        Time   Description
---------------------------------------------------------------------------------------------
                      0.000000    0.000000    0.000000   clock core (rise edge)
                                  0.000000    0.000000   clock network delay (ideal)
                                  0.000000    0.000000 ^ input external delay
     2    0.007228    0.000723    0.000723    0.000723 ^ rst_ni (in)
                                                         rst_ni (net)
                      0.000723    0.000000    0.000723 ^ _4745_/RESET_B (sky130_fd_sc_hd__dfrtp_1)
                                              0.000723   data arrival time

                      0.000000    0.000000    0.000000   clock core (rise edge)
                                  0.000000    0.000000   clock network delay (ideal)
                                  0.000000    0.000000   clock reconvergence pessimism
                                              0.000000 ^ _4745_/CLK (sky130_fd_sc_hd__dfrtp_1)
                                  0.295017    0.295017   library removal time
                                              0.295017   data required time
---------------------------------------------------------------------------------------------
                                              0.295017   data required time
                                             -0.000723   data arrival time
---------------------------------------------------------------------------------------------
                                             -0.294294   slack (VIOLATED)


Startpoint: tl_i[0] (input port clocked by core)
Endpoint: _4626_ (rising edge-triggered flip-flop clocked by core)
Path Group: core
Path Type: min

Fanout         Cap        Slew       Delay        Time   Description
---------------------------------------------------------------------------------------------
                      0.000000    0.000000    0.000000   clock core (rise edge)
                                  0.000000    0.000000   clock network delay (ideal)
                                  0.000000    0.000000 ^ input external delay
     1    0.001850    0.000185    0.000185    0.000185 ^ tl_i[0] (in)
                                                         tl_i[0] (net)
                      0.000185    0.000000    0.000185 ^ _2804_/A2 (sky130_fd_sc_hd__o21ai_0)
     1    0.001991    0.043496    0.050525    0.050710 v _2804_/Y (sky130_fd_sc_hd__o21ai_0)
                                                         _0292_ (net)
                      0.043496    0.000000    0.050710 v _4626_/D (sky130_fd_sc_hd__dfrtp_1)
                                              0.050710   data arrival time

                      0.000000    0.000000    0.000000   clock core (rise edge)
                                  0.000000    0.000000   clock network delay (ideal)
                                  0.000000    0.000000   clock reconvergence pessimism
                                              0.000000 ^ _4626_/CLK (sky130_fd_sc_hd__dfrtp_1)
                                 -0.047508   -0.047508   library hold time
                                             -0.047508   data required time
---------------------------------------------------------------------------------------------
                                             -0.047508   data required time
                                             -0.050710   data arrival time
---------------------------------------------------------------------------------------------
                                              0.098217   slack (MET)


Startpoint: tl_i[100] (input port clocked by core)
Endpoint: _4616_ (rising edge-triggered flip-flop clocked by core)
Path Group: core
Path Type: min

Fanout         Cap        Slew       Delay        Time   Description
---------------------------------------------------------------------------------------------
                      0.000000    0.000000    0.000000   clock core (rise edge)
                                  0.000000    0.000000   clock network delay (ideal)
                                  0.000000    0.000000 ^ input external delay
     1    0.002490    0.000249    0.000249    0.000249 ^ tl_i[100] (in)
                                                         tl_i[100] (net)
                      0.000249    0.000000    0.000249 ^ _2242_/B (sky130_fd_sc_hd__nand2_1)
     1    0.002323    0.031644    0.036768    0.037017 v _2242_/Y (sky130_fd_sc_hd__nand2_1)
                                                         _1496_ (net)
                      0.031644    0.000000    0.037017 v _2244_/A (sky130_fd_sc_hd__nand2_1)
     1    0.002026    0.030800    0.040137    0.077154 ^ _2244_/Y (sky130_fd_sc_hd__nand2_1)
                                                         _0114_ (net)
                      0.030800    0.000000    0.077154 ^ _4616_/D (sky130_fd_sc_hd__dfrtp_1)
                                              0.077154   data arrival time

                      0.000000    0.000000    0.000000   clock core (rise edge)
                                  0.000000    0.000000   clock network delay (ideal)
                                  0.000000    0.000000   clock reconvergence pessimism
                                              0.000000 ^ _4616_/CLK (sky130_fd_sc_hd__dfrtp_1)
                                 -0.039926   -0.039926   library hold time
                                             -0.039926   data required time
---------------------------------------------------------------------------------------------
                                             -0.039926   data required time
                                             -0.077154   data arrival time
---------------------------------------------------------------------------------------------
                                              0.117079   slack (MET)


Startpoint: tl_i[101] (input port clocked by core)
Endpoint: _4617_ (rising edge-triggered flip-flop clocked by core)
Path Group: core
Path Type: min

Fanout         Cap        Slew       Delay        Time   Description
---------------------------------------------------------------------------------------------
                      0.000000    0.000000    0.000000   clock core (rise edge)
                                  0.000000    0.000000   clock network delay (ideal)
                                  0.000000    0.000000 ^ input external delay
     1    0.002490    0.000249    0.000249    0.000249 ^ tl_i[101] (in)
                                                         tl_i[101] (net)
                      0.000249    0.000000    0.000249 ^ _2798_/B (sky130_fd_sc_hd__nand2_1)
     1    0.002323    0.031644    0.036768    0.037017 v _2798_/Y (sky130_fd_sc_hd__nand2_1)
                                                         _1874_ (net)
                      0.031644    0.000000    0.037017 v _2800_/A (sky130_fd_sc_hd__nand2_1)
     1    0.002026    0.030800    0.040137    0.077154 ^ _2800_/Y (sky130_fd_sc_hd__nand2_1)
                                                         _0290_ (net)
                      0.030800    0.000000    0.077154 ^ _4617_/D (sky130_fd_sc_hd__dfrtp_1)
                                              0.077154   data arrival time

                      0.000000    0.000000    0.000000   clock core (rise edge)
                                  0.000000    0.000000   clock network delay (ideal)
                                  0.000000    0.000000   clock reconvergence pessimism
                                              0.000000 ^ _4617_/CLK (sky130_fd_sc_hd__dfrtp_1)
                                 -0.039926   -0.039926   library hold time
                                             -0.039926   data required time
---------------------------------------------------------------------------------------------
                                             -0.039926   data required time
                                             -0.077154   data arrival time
---------------------------------------------------------------------------------------------
                                              0.117079   slack (MET)


Startpoint: tl_i[92] (input port clocked by core)
Endpoint: _4618_ (rising edge-triggered flip-flop clocked by core)
Path Group: core
Path Type: min

Fanout         Cap        Slew       Delay        Time   Description
---------------------------------------------------------------------------------------------
                      0.000000    0.000000    0.000000   clock core (rise edge)
                                  0.000000    0.000000   clock network delay (ideal)
                                  0.000000    0.000000 ^ input external delay
     1    0.002490    0.000249    0.000249    0.000249 ^ tl_i[92] (in)
                                                         tl_i[92] (net)
                      0.000249    0.000000    0.000249 ^ _2239_/B (sky130_fd_sc_hd__nand2_1)
     1    0.002323    0.031644    0.036768    0.037017 v _2239_/Y (sky130_fd_sc_hd__nand2_1)
                                                         _1494_ (net)
                      0.031644    0.000000    0.037017 v _2241_/A (sky130_fd_sc_hd__nand2_1)
     1    0.002026    0.030800    0.040137    0.077154 ^ _2241_/Y (sky130_fd_sc_hd__nand2_1)
                                                         _0113_ (net)
                      0.030800    0.000000    0.077154 ^ _4618_/D (sky130_fd_sc_hd__dfrtp_1)
                                              0.077154   data arrival time

                      0.000000    0.000000    0.000000   clock core (rise edge)
                                  0.000000    0.000000   clock network delay (ideal)
                                  0.000000    0.000000   clock reconvergence pessimism
                                              0.000000 ^ _4618_/CLK (sky130_fd_sc_hd__dfrtp_1)
                                 -0.039926   -0.039926   library hold time
                                             -0.039926   data required time
---------------------------------------------------------------------------------------------
                                             -0.039926   data required time
                                             -0.077154   data arrival time
---------------------------------------------------------------------------------------------
                                              0.117079   slack (MET)


Startpoint: tl_i[93] (input port clocked by core)
Endpoint: _4619_ (rising edge-triggered flip-flop clocked by core)
Path Group: core
Path Type: min

Fanout         Cap        Slew       Delay        Time   Description
---------------------------------------------------------------------------------------------
                      0.000000    0.000000    0.000000   clock core (rise edge)
                                  0.000000    0.000000   clock network delay (ideal)
                                  0.000000    0.000000 ^ input external delay
     1    0.002490    0.000249    0.000249    0.000249 ^ tl_i[93] (in)
                                                         tl_i[93] (net)
                      0.000249    0.000000    0.000249 ^ _2236_/B (sky130_fd_sc_hd__nand2_1)
     1    0.002323    0.031644    0.036768    0.037017 v _2236_/Y (sky130_fd_sc_hd__nand2_1)
                                                         _1492_ (net)
                      0.031644    0.000000    0.037017 v _2238_/A (sky130_fd_sc_hd__nand2_1)
     1    0.002026    0.030800    0.040137    0.077154 ^ _2238_/Y (sky130_fd_sc_hd__nand2_1)
                                                         _0112_ (net)
                      0.030800    0.000000    0.077154 ^ _4619_/D (sky130_fd_sc_hd__dfrtp_1)
                                              0.077154   data arrival time

                      0.000000    0.000000    0.000000   clock core (rise edge)
                                  0.000000    0.000000   clock network delay (ideal)
                                  0.000000    0.000000   clock reconvergence pessimism
                                              0.000000 ^ _4619_/CLK (sky130_fd_sc_hd__dfrtp_1)
                                 -0.039926   -0.039926   library hold time
                                             -0.039926   data required time
---------------------------------------------------------------------------------------------
                                             -0.039926   data required time
                                             -0.077154   data arrival time
---------------------------------------------------------------------------------------------
                                              0.117079   slack (MET)


Startpoint: tl_i[94] (input port clocked by core)
Endpoint: _4620_ (rising edge-triggered flip-flop clocked by core)
Path Group: core
Path Type: min

Fanout         Cap        Slew       Delay        Time   Description
---------------------------------------------------------------------------------------------
                      0.000000    0.000000    0.000000   clock core (rise edge)
                                  0.000000    0.000000   clock network delay (ideal)
                                  0.000000    0.000000 ^ input external delay
     1    0.002490    0.000249    0.000249    0.000249 ^ tl_i[94] (in)
                                                         tl_i[94] (net)
                      0.000249    0.000000    0.000249 ^ _2233_/B (sky130_fd_sc_hd__nand2_1)
     1    0.002323    0.031644    0.036768    0.037017 v _2233_/Y (sky130_fd_sc_hd__nand2_1)
                                                         _1490_ (net)
                      0.031644    0.000000    0.037017 v _2235_/A (sky130_fd_sc_hd__nand2_1)
     1    0.002026    0.030800    0.040137    0.077154 ^ _2235_/Y (sky130_fd_sc_hd__nand2_1)
                                                         _0111_ (net)
                      0.030800    0.000000    0.077154 ^ _4620_/D (sky130_fd_sc_hd__dfrtp_1)
                                              0.077154   data arrival time

                      0.000000    0.000000    0.000000   clock core (rise edge)
                                  0.000000    0.000000   clock network delay (ideal)
                                  0.000000    0.000000   clock reconvergence pessimism
                                              0.000000 ^ _4620_/CLK (sky130_fd_sc_hd__dfrtp_1)
                                 -0.039926   -0.039926   library hold time
                                             -0.039926   data required time
---------------------------------------------------------------------------------------------
                                             -0.039926   data required time
                                             -0.077154   data arrival time
---------------------------------------------------------------------------------------------
                                              0.117079   slack (MET)


Startpoint: tl_i[95] (input port clocked by core)
Endpoint: _4621_ (rising edge-triggered flip-flop clocked by core)
Path Group: core
Path Type: min

Fanout         Cap        Slew       Delay        Time   Description
---------------------------------------------------------------------------------------------
                      0.000000    0.000000    0.000000   clock core (rise edge)
                                  0.000000    0.000000   clock network delay (ideal)
                                  0.000000    0.000000 ^ input external delay
     1    0.002490    0.000249    0.000249    0.000249 ^ tl_i[95] (in)
                                                         tl_i[95] (net)
                      0.000249    0.000000    0.000249 ^ _2230_/B (sky130_fd_sc_hd__nand2_1)
     1    0.002323    0.031644    0.036768    0.037017 v _2230_/Y (sky130_fd_sc_hd__nand2_1)
                                                         _1488_ (net)
                      0.031644    0.000000    0.037017 v _2232_/A (sky130_fd_sc_hd__nand2_1)
     1    0.002026    0.030800    0.040137    0.077154 ^ _2232_/Y (sky130_fd_sc_hd__nand2_1)
                                                         _0110_ (net)
                      0.030800    0.000000    0.077154 ^ _4621_/D (sky130_fd_sc_hd__dfrtp_1)
                                              0.077154   data arrival time

                      0.000000    0.000000    0.000000   clock core (rise edge)
                                  0.000000    0.000000   clock network delay (ideal)
                                  0.000000    0.000000   clock reconvergence pessimism
                                              0.000000 ^ _4621_/CLK (sky130_fd_sc_hd__dfrtp_1)
                                 -0.039926   -0.039926   library hold time
                                             -0.039926   data required time
---------------------------------------------------------------------------------------------
                                             -0.039926   data required time
                                             -0.077154   data arrival time
---------------------------------------------------------------------------------------------
                                              0.117079   slack (MET)


Startpoint: tl_i[96] (input port clocked by core)
Endpoint: _4622_ (rising edge-triggered flip-flop clocked by core)
Path Group: core
Path Type: min

Fanout         Cap        Slew       Delay        Time   Description
---------------------------------------------------------------------------------------------
                      0.000000    0.000000    0.000000   clock core (rise edge)
                                  0.000000    0.000000   clock network delay (ideal)
                                  0.000000    0.000000 ^ input external delay
     1    0.002490    0.000249    0.000249    0.000249 ^ tl_i[96] (in)
                                                         tl_i[96] (net)
                      0.000249    0.000000    0.000249 ^ _4454_/B (sky130_fd_sc_hd__nand2_1)
     1    0.002323    0.031644    0.036768    0.037017 v _4454_/Y (sky130_fd_sc_hd__nand2_1)
                                                         _1486_ (net)
                      0.031644    0.000000    0.037017 v _2229_/A (sky130_fd_sc_hd__nand2_1)
     1    0.002026    0.030800    0.040137    0.077154 ^ _2229_/Y (sky130_fd_sc_hd__nand2_1)
                                                         _0109_ (net)
                      0.030800    0.000000    0.077154 ^ _4622_/D (sky130_fd_sc_hd__dfrtp_1)
                                              0.077154   data arrival time

                      0.000000    0.000000    0.000000   clock core (rise edge)
                                  0.000000    0.000000   clock network delay (ideal)
                                  0.000000    0.000000   clock reconvergence pessimism
                                              0.000000 ^ _4622_/CLK (sky130_fd_sc_hd__dfrtp_1)
                                 -0.039926   -0.039926   library hold time
                                             -0.039926   data required time
---------------------------------------------------------------------------------------------
                                             -0.039926   data required time
                                             -0.077154   data arrival time
---------------------------------------------------------------------------------------------
                                              0.117079   slack (MET)


Startpoint: tl_i[97] (input port clocked by core)
Endpoint: _4623_ (rising edge-triggered flip-flop clocked by core)
Path Group: core
Path Type: min

Fanout         Cap        Slew       Delay        Time   Description
---------------------------------------------------------------------------------------------
                      0.000000    0.000000    0.000000   clock core (rise edge)
                                  0.000000    0.000000   clock network delay (ideal)
                                  0.000000    0.000000 ^ input external delay
     1    0.002490    0.000249    0.000249    0.000249 ^ tl_i[97] (in)
                                                         tl_i[97] (net)
                      0.000249    0.000000    0.000249 ^ _4451_/B (sky130_fd_sc_hd__nand2_1)
     1    0.002323    0.031644    0.036768    0.037017 v _4451_/Y (sky130_fd_sc_hd__nand2_1)
                                                         _1484_ (net)
                      0.031644    0.000000    0.037017 v _4453_/A (sky130_fd_sc_hd__nand2_1)
     1    0.002026    0.030800    0.040137    0.077154 ^ _4453_/Y (sky130_fd_sc_hd__nand2_1)
                                                         _0108_ (net)
                      0.030800    0.000000    0.077154 ^ _4623_/D (sky130_fd_sc_hd__dfrtp_1)
                                              0.077154   data arrival time

                      0.000000    0.000000    0.000000   clock core (rise edge)
                                  0.000000    0.000000   clock network delay (ideal)
                                  0.000000    0.000000   clock reconvergence pessimism
                                              0.000000 ^ _4623_/CLK (sky130_fd_sc_hd__dfrtp_1)
                                 -0.039926   -0.039926   library hold time
                                             -0.039926   data required time
---------------------------------------------------------------------------------------------
                                             -0.039926   data required time
                                             -0.077154   data arrival time
---------------------------------------------------------------------------------------------
                                              0.117079   slack (MET)


Startpoint: tl_i[98] (input port clocked by core)
Endpoint: _4624_ (rising edge-triggered flip-flop clocked by core)
Path Group: core
Path Type: min

Fanout         Cap        Slew       Delay        Time   Description
---------------------------------------------------------------------------------------------
                      0.000000    0.000000    0.000000   clock core (rise edge)
                                  0.000000    0.000000   clock network delay (ideal)
                                  0.000000    0.000000 ^ input external delay
     1    0.002490    0.000249    0.000249    0.000249 ^ tl_i[98] (in)
                                                         tl_i[98] (net)
                      0.000249    0.000000    0.000249 ^ _4448_/B (sky130_fd_sc_hd__nand2_1)
     1    0.002323    0.031644    0.036768    0.037017 v _4448_/Y (sky130_fd_sc_hd__nand2_1)
                                                         _1482_ (net)
                      0.031644    0.000000    0.037017 v _4450_/A (sky130_fd_sc_hd__nand2_1)
     1    0.002026    0.030800    0.040137    0.077154 ^ _4450_/Y (sky130_fd_sc_hd__nand2_1)
                                                         _0107_ (net)
                      0.030800    0.000000    0.077154 ^ _4624_/D (sky130_fd_sc_hd__dfrtp_1)
                                              0.077154   data arrival time

                      0.000000    0.000000    0.000000   clock core (rise edge)
                                  0.000000    0.000000   clock network delay (ideal)
                                  0.000000    0.000000   clock reconvergence pessimism
                                              0.000000 ^ _4624_/CLK (sky130_fd_sc_hd__dfrtp_1)
                                 -0.039926   -0.039926   library hold time
                                             -0.039926   data required time
---------------------------------------------------------------------------------------------
                                             -0.039926   data required time
                                             -0.077154   data arrival time
---------------------------------------------------------------------------------------------
                                              0.117079   slack (MET)


Startpoint: _4745_ (rising edge-triggered flip-flop clocked by core)
Endpoint: _4455_ (removal check against rising-edge clock core)
Path Group: asynchronous
Path Type: min

Fanout         Cap        Slew       Delay        Time   Description
---------------------------------------------------------------------------------------------
                      0.000000    0.000000    0.000000   clock core (rise edge)
                                  0.000000    0.000000   clock network delay (ideal)
                      0.000000    0.000000    0.000000 ^ _4745_/CLK (sky130_fd_sc_hd__dfrtp_1)
   306    1.105746    9.009348    6.419695    6.419695 ^ _4745_/Q (sky130_fd_sc_hd__dfrtp_1)
                                                         core_rst_sync_ni (net)
                      9.009348    0.000000    6.419695 ^ _4455_/RESET_B (sky130_fd_sc_hd__dfrtp_1)
                                              6.419695   data arrival time

                      0.000000    0.000000    0.000000   clock core (rise edge)
                                  0.000000    0.000000   clock network delay (ideal)
                                  0.000000    0.000000   clock reconvergence pessimism
                                              0.000000 ^ _4455_/CLK (sky130_fd_sc_hd__dfrtp_1)
                                  2.282219    2.282219   library removal time
                                              2.282219   data required time
---------------------------------------------------------------------------------------------
                                              2.282219   data required time
                                             -6.419695   data arrival time
---------------------------------------------------------------------------------------------
                                              4.137476   slack (MET)


Startpoint: _4745_ (rising edge-triggered flip-flop clocked by core)
Endpoint: _4456_ (removal check against rising-edge clock core)
Path Group: asynchronous
Path Type: min

Fanout         Cap        Slew       Delay        Time   Description
---------------------------------------------------------------------------------------------
                      0.000000    0.000000    0.000000   clock core (rise edge)
                                  0.000000    0.000000   clock network delay (ideal)
                      0.000000    0.000000    0.000000 ^ _4745_/CLK (sky130_fd_sc_hd__dfrtp_1)
   306    1.105746    9.009348    6.419695    6.419695 ^ _4745_/Q (sky130_fd_sc_hd__dfrtp_1)
                                                         core_rst_sync_ni (net)
                      9.009348    0.000000    6.419695 ^ _4456_/RESET_B (sky130_fd_sc_hd__dfrtp_1)
                                              6.419695   data arrival time

                      0.000000    0.000000    0.000000   clock core (rise edge)
                                  0.000000    0.000000   clock network delay (ideal)
                                  0.000000    0.000000   clock reconvergence pessimism
                                              0.000000 ^ _4456_/CLK (sky130_fd_sc_hd__dfrtp_1)
                                  2.282219    2.282219   library removal time
                                              2.282219   data required time
---------------------------------------------------------------------------------------------
                                              2.282219   data required time
                                             -6.419695   data arrival time
---------------------------------------------------------------------------------------------
                                              4.137476   slack (MET)


Startpoint: _4745_ (rising edge-triggered flip-flop clocked by core)
Endpoint: _4457_ (removal check against rising-edge clock core)
Path Group: asynchronous
Path Type: min

Fanout         Cap        Slew       Delay        Time   Description
---------------------------------------------------------------------------------------------
                      0.000000    0.000000    0.000000   clock core (rise edge)
                                  0.000000    0.000000   clock network delay (ideal)
                      0.000000    0.000000    0.000000 ^ _4745_/CLK (sky130_fd_sc_hd__dfrtp_1)
   306    1.105746    9.009348    6.419695    6.419695 ^ _4745_/Q (sky130_fd_sc_hd__dfrtp_1)
                                                         core_rst_sync_ni (net)
                      9.009348    0.000000    6.419695 ^ _4457_/RESET_B (sky130_fd_sc_hd__dfrtp_1)
                                              6.419695   data arrival time

                      0.000000    0.000000    0.000000   clock core (rise edge)
                                  0.000000    0.000000   clock network delay (ideal)
                                  0.000000    0.000000   clock reconvergence pessimism
                                              0.000000 ^ _4457_/CLK (sky130_fd_sc_hd__dfrtp_1)
                                  2.282219    2.282219   library removal time
                                              2.282219   data required time
---------------------------------------------------------------------------------------------
                                              2.282219   data required time
                                             -6.419695   data arrival time
---------------------------------------------------------------------------------------------
                                              4.137476   slack (MET)


Startpoint: _4745_ (rising edge-triggered flip-flop clocked by core)
Endpoint: _4458_ (removal check against rising-edge clock core)
Path Group: asynchronous
Path Type: min

Fanout         Cap        Slew       Delay        Time   Description
---------------------------------------------------------------------------------------------
                      0.000000    0.000000    0.000000   clock core (rise edge)
                                  0.000000    0.000000   clock network delay (ideal)
                      0.000000    0.000000    0.000000 ^ _4745_/CLK (sky130_fd_sc_hd__dfrtp_1)
   306    1.105746    9.009348    6.419695    6.419695 ^ _4745_/Q (sky130_fd_sc_hd__dfrtp_1)
                                                         core_rst_sync_ni (net)
                      9.009348    0.000000    6.419695 ^ _4458_/RESET_B (sky130_fd_sc_hd__dfrtp_1)
                                              6.419695   data arrival time

                      0.000000    0.000000    0.000000   clock core (rise edge)
                                  0.000000    0.000000   clock network delay (ideal)
                                  0.000000    0.000000   clock reconvergence pessimism
                                              0.000000 ^ _4458_/CLK (sky130_fd_sc_hd__dfrtp_1)
                                  2.282219    2.282219   library removal time
                                              2.282219   data required time
---------------------------------------------------------------------------------------------
                                              2.282219   data required time
                                             -6.419695   data arrival time
---------------------------------------------------------------------------------------------
                                              4.137476   slack (MET)


Startpoint: _4745_ (rising edge-triggered flip-flop clocked by core)
Endpoint: _4459_ (removal check against rising-edge clock core)
Path Group: asynchronous
Path Type: min

Fanout         Cap        Slew       Delay        Time   Description
---------------------------------------------------------------------------------------------
                      0.000000    0.000000    0.000000   clock core (rise edge)
                                  0.000000    0.000000   clock network delay (ideal)
                      0.000000    0.000000    0.000000 ^ _4745_/CLK (sky130_fd_sc_hd__dfrtp_1)
   306    1.105746    9.009348    6.419695    6.419695 ^ _4745_/Q (sky130_fd_sc_hd__dfrtp_1)
                                                         core_rst_sync_ni (net)
                      9.009348    0.000000    6.419695 ^ _4459_/RESET_B (sky130_fd_sc_hd__dfrtp_1)
                                              6.419695   data arrival time

                      0.000000    0.000000    0.000000   clock core (rise edge)
                                  0.000000    0.000000   clock network delay (ideal)
                                  0.000000    0.000000   clock reconvergence pessimism
                                              0.000000 ^ _4459_/CLK (sky130_fd_sc_hd__dfrtp_1)
                                  2.282219    2.282219   library removal time
                                              2.282219   data required time
---------------------------------------------------------------------------------------------
                                              2.282219   data required time
                                             -6.419695   data arrival time
---------------------------------------------------------------------------------------------
                                              4.137476   slack (MET)


Startpoint: _4745_ (rising edge-triggered flip-flop clocked by core)
Endpoint: _4460_ (removal check against rising-edge clock core)
Path Group: asynchronous
Path Type: min

Fanout         Cap        Slew       Delay        Time   Description
---------------------------------------------------------------------------------------------
                      0.000000    0.000000    0.000000   clock core (rise edge)
                                  0.000000    0.000000   clock network delay (ideal)
                      0.000000    0.000000    0.000000 ^ _4745_/CLK (sky130_fd_sc_hd__dfrtp_1)
   306    1.105746    9.009348    6.419695    6.419695 ^ _4745_/Q (sky130_fd_sc_hd__dfrtp_1)
                                                         core_rst_sync_ni (net)
                      9.009348    0.000000    6.419695 ^ _4460_/RESET_B (sky130_fd_sc_hd__dfrtp_1)
                                              6.419695   data arrival time

                      0.000000    0.000000    0.000000   clock core (rise edge)
                                  0.000000    0.000000   clock network delay (ideal)
                                  0.000000    0.000000   clock reconvergence pessimism
                                              0.000000 ^ _4460_/CLK (sky130_fd_sc_hd__dfrtp_1)
                                  2.282219    2.282219   library removal time
                                              2.282219   data required time
---------------------------------------------------------------------------------------------
                                              2.282219   data required time
                                             -6.419695   data arrival time
---------------------------------------------------------------------------------------------
                                              4.137476   slack (MET)


Startpoint: _4745_ (rising edge-triggered flip-flop clocked by core)
Endpoint: _4461_ (removal check against rising-edge clock core)
Path Group: asynchronous
Path Type: min

Fanout         Cap        Slew       Delay        Time   Description
---------------------------------------------------------------------------------------------
                      0.000000    0.000000    0.000000   clock core (rise edge)
                                  0.000000    0.000000   clock network delay (ideal)
                      0.000000    0.000000    0.000000 ^ _4745_/CLK (sky130_fd_sc_hd__dfrtp_1)
   306    1.105746    9.009348    6.419695    6.419695 ^ _4745_/Q (sky130_fd_sc_hd__dfrtp_1)
                                                         core_rst_sync_ni (net)
                      9.009348    0.000000    6.419695 ^ _4461_/RESET_B (sky130_fd_sc_hd__dfrtp_1)
                                              6.419695   data arrival time

                      0.000000    0.000000    0.000000   clock core (rise edge)
                                  0.000000    0.000000   clock network delay (ideal)
                                  0.000000    0.000000   clock reconvergence pessimism
                                              0.000000 ^ _4461_/CLK (sky130_fd_sc_hd__dfrtp_1)
                                  2.282219    2.282219   library removal time
                                              2.282219   data required time
---------------------------------------------------------------------------------------------
                                              2.282219   data required time
                                             -6.419695   data arrival time
---------------------------------------------------------------------------------------------
                                              4.137476   slack (MET)


Startpoint: _4745_ (rising edge-triggered flip-flop clocked by core)
Endpoint: _4462_ (removal check against rising-edge clock core)
Path Group: asynchronous
Path Type: min

Fanout         Cap        Slew       Delay        Time   Description
---------------------------------------------------------------------------------------------
                      0.000000    0.000000    0.000000   clock core (rise edge)
                                  0.000000    0.000000   clock network delay (ideal)
                      0.000000    0.000000    0.000000 ^ _4745_/CLK (sky130_fd_sc_hd__dfrtp_1)
   306    1.105746    9.009348    6.419695    6.419695 ^ _4745_/Q (sky130_fd_sc_hd__dfrtp_1)
                                                         core_rst_sync_ni (net)
                      9.009348    0.000000    6.419695 ^ _4462_/RESET_B (sky130_fd_sc_hd__dfrtp_1)
                                              6.419695   data arrival time

                      0.000000    0.000000    0.000000   clock core (rise edge)
                                  0.000000    0.000000   clock network delay (ideal)
                                  0.000000    0.000000   clock reconvergence pessimism
                                              0.000000 ^ _4462_/CLK (sky130_fd_sc_hd__dfrtp_1)
                                  2.282219    2.282219   library removal time
                                              2.282219   data required time
---------------------------------------------------------------------------------------------
                                              2.282219   data required time
                                             -6.419695   data arrival time
---------------------------------------------------------------------------------------------
                                              4.137476   slack (MET)

=== FlexSoC normalized power fields ===
dynamic_power_definition=internal_power+switching_power
power_unit=OpenSTA report unit; see Units section
internal_power=0.0014
switching_power=0.000129
dynamic_power=0.001529
leakage_power=2.69e-06
total_power=0.00153

=== Gate-level timing/power fusion ===
power_semantics=average_instance_power_from_the_same_VCD_SAIF_context
path_power_sum=unique_instance_average_power_sum_not_incremental_path_energy
fanout_capacitance_source=OpenSTA_report_checks_output_pin_fields

Worst path 1: status=violated slack=-0.294294 type=min group=asynchronous
startpoint=rst_ni (input port clocked by core)
endpoint=_4744_ (removal check against rising-edge clock core)
path_power_complete=true
path_average_power_sum internal=4.18805e-06 switching=1.10758e-09 dynamic=4.18915e-06 leakage=2.565e-09 total=4.19172e-06
stage instance cell pins fanout capacitance slew delay arrival internal switching dynamic leakage total
1 _4744_ sky130_fd_sc_hd__dfrtp_1 RESET_B - - 0.000723 0 0.000723 4.18805e-06 1.10758e-09 4.18915e-06 2.565e-09 4.19172e-06

Worst path 2: status=violated slack=-0.294294 type=min group=asynchronous
startpoint=rst_ni (input port clocked by core)
endpoint=_4745_ (removal check against rising-edge clock core)
path_power_complete=true
path_average_power_sum internal=4.18472e-06 switching=2.01497e-07 dynamic=4.38622e-06 leakage=2.57324e-09 total=4.38879e-06
stage instance cell pins fanout capacitance slew delay arrival internal switching dynamic leakage total
1 _4745_ sky130_fd_sc_hd__dfrtp_1 RESET_B - - 0.000723 0 0.000723 4.18472e-06 2.01497e-07 4.38622e-06 2.57324e-09 4.38879e-06

Worst path 3: status=met slack=0.098217 type=min group=core
startpoint=tl_i[0] (input port clocked by core)
endpoint=_4626_ (rising edge-triggered flip-flop clocked by core)
path_power_complete=true
path_average_power_sum internal=4.62417e-06 switching=1.87565e-07 dynamic=4.81174e-06 leakage=4.63766e-09 total=4.81637e-06
stage instance cell pins fanout capacitance slew delay arrival internal switching dynamic leakage total
1 _2804_ sky130_fd_sc_hd__o21ai_0 A2,Y 1 0.001991 0.043496 0.050525 0.05071 8.36244e-08 5.40867e-08 1.37711e-07 7.1971e-10 1.38431e-07
2 _4626_ sky130_fd_sc_hd__dfrtp_1 D - - 0.043496 0 0.05071 4.54055e-06 1.33478e-07 4.67402e-06 3.91795e-09 4.67794e-06

Worst path 4: status=met slack=0.117079 type=min group=core
startpoint=tl_i[100] (input port clocked by core)
endpoint=_4616_ (rising edge-triggered flip-flop clocked by core)
path_power_complete=true
path_average_power_sum internal=4.19051e-06 switching=4.05e-10 dynamic=4.19091e-06 leakage=6.47565e-09 total=4.19739e-06
stage instance cell pins fanout capacitance slew delay arrival internal switching dynamic leakage total
1 _2242_ sky130_fd_sc_hd__nand2_1 B,Y 1 0.002323 0.031644 0.036768 0.037017 8.29351e-09 2.20404e-10 8.51391e-09 6.89195e-12 8.5208e-09
2 _2244_ sky130_fd_sc_hd__nand2_1 A,Y 1 0.002026 0.0308 0.040137 0.077154 2.31273e-10 1.84596e-10 4.15869e-10 2.47723e-09 2.8931e-09
3 _4616_ sky130_fd_sc_hd__dfrtp_1 D - - 0.0308 0 0.077154 4.18198e-06 0 4.18198e-06 3.99153e-09 4.18597e-06

Worst path 5: status=met slack=0.117079 type=min group=core
startpoint=tl_i[101] (input port clocked by core)
endpoint=_4617_ (rising edge-triggered flip-flop clocked by core)
path_power_complete=true
path_average_power_sum internal=4.40261e-06 switching=1.19219e-07 dynamic=4.52183e-06 leakage=3.02918e-09 total=4.52485e-06
stage instance cell pins fanout capacitance slew delay arrival internal switching dynamic leakage total
1 _2798_ sky130_fd_sc_hd__nand2_1 B,Y 1 0.002323 0.031644 0.036768 0.037017 1.00159e-07 6.45783e-08 1.64737e-07 1.90018e-10 1.64927e-07
2 _2800_ sky130_fd_sc_hd__nand2_1 A,Y 1 0.002026 0.0308 0.040137 0.077154 7.89474e-08 5.37175e-08 1.32665e-07 2.32388e-10 1.32897e-07
3 _4617_ sky130_fd_sc_hd__dfrtp_1 D - - 0.0308 0 0.077154 4.2235e-06 9.23163e-10 4.22442e-06 2.60677e-09 4.22703e-06

Worst path 6: status=met slack=0.117079 type=min group=core
startpoint=tl_i[92] (input port clocked by core)
endpoint=_4618_ (rising edge-triggered flip-flop clocked by core)
path_power_complete=true
path_average_power_sum internal=4.19051e-06 switching=4.05e-10 dynamic=4.19091e-06 leakage=6.47565e-09 total=4.19739e-06
stage instance cell pins fanout capacitance slew delay arrival internal switching dynamic leakage total
1 _2239_ sky130_fd_sc_hd__nand2_1 B,Y 1 0.002323 0.031644 0.036768 0.037017 8.29351e-09 2.20404e-10 8.51391e-09 6.89195e-12 8.5208e-09
2 _2241_ sky130_fd_sc_hd__nand2_1 A,Y 1 0.002026 0.0308 0.040137 0.077154 2.31273e-10 1.84596e-10 4.15869e-10 2.47723e-09 2.8931e-09
3 _4618_ sky130_fd_sc_hd__dfrtp_1 D - - 0.0308 0 0.077154 4.18198e-06 0 4.18198e-06 3.99153e-09 4.18597e-06

Worst path 7: status=met slack=0.117079 type=min group=core
startpoint=tl_i[93] (input port clocked by core)
endpoint=_4619_ (rising edge-triggered flip-flop clocked by core)
path_power_complete=true
path_average_power_sum internal=4.19051e-06 switching=4.05e-10 dynamic=4.19091e-06 leakage=6.47565e-09 total=4.19739e-06
stage instance cell pins fanout capacitance slew delay arrival internal switching dynamic leakage total
1 _2236_ sky130_fd_sc_hd__nand2_1 B,Y 1 0.002323 0.031644 0.036768 0.037017 8.29351e-09 2.20404e-10 8.51391e-09 6.89195e-12 8.5208e-09
2 _2238_ sky130_fd_sc_hd__nand2_1 A,Y 1 0.002026 0.0308 0.040137 0.077154 2.31273e-10 1.84596e-10 4.15869e-10 2.47723e-09 2.8931e-09
3 _4619_ sky130_fd_sc_hd__dfrtp_1 D - - 0.0308 0 0.077154 4.18198e-06 0 4.18198e-06 3.99153e-09 4.18597e-06

Worst path 8: status=met slack=0.117079 type=min group=core
startpoint=tl_i[94] (input port clocked by core)
endpoint=_4620_ (rising edge-triggered flip-flop clocked by core)
path_power_complete=true
path_average_power_sum internal=4.19051e-06 switching=4.05e-10 dynamic=4.19091e-06 leakage=6.47565e-09 total=4.19739e-06
stage instance cell pins fanout capacitance slew delay arrival internal switching dynamic leakage total
1 _2233_ sky130_fd_sc_hd__nand2_1 B,Y 1 0.002323 0.031644 0.036768 0.037017 8.29351e-09 2.20404e-10 8.51391e-09 6.89195e-12 8.5208e-09
2 _2235_ sky130_fd_sc_hd__nand2_1 A,Y 1 0.002026 0.0308 0.040137 0.077154 2.31273e-10 1.84596e-10 4.15869e-10 2.47723e-09 2.8931e-09
3 _4620_ sky130_fd_sc_hd__dfrtp_1 D - - 0.0308 0 0.077154 4.18198e-06 0 4.18198e-06 3.99153e-09 4.18597e-06

Worst path 9: status=met slack=0.117079 type=min group=core
startpoint=tl_i[95] (input port clocked by core)
endpoint=_4621_ (rising edge-triggered flip-flop clocked by core)
path_power_complete=true
path_average_power_sum internal=4.19051e-06 switching=4.05e-10 dynamic=4.19091e-06 leakage=6.47565e-09 total=4.19739e-06
stage instance cell pins fanout capacitance slew delay arrival internal switching dynamic leakage total
1 _2230_ sky130_fd_sc_hd__nand2_1 B,Y 1 0.002323 0.031644 0.036768 0.037017 8.29351e-09 2.20404e-10 8.51391e-09 6.89195e-12 8.5208e-09
2 _2232_ sky130_fd_sc_hd__nand2_1 A,Y 1 0.002026 0.0308 0.040137 0.077154 2.31273e-10 1.84596e-10 4.15869e-10 2.47723e-09 2.8931e-09
3 _4621_ sky130_fd_sc_hd__dfrtp_1 D - - 0.0308 0 0.077154 4.18198e-06 0 4.18198e-06 3.99153e-09 4.18597e-06

Worst path 10: status=met slack=0.117079 type=min group=core
startpoint=tl_i[96] (input port clocked by core)
endpoint=_4622_ (rising edge-triggered flip-flop clocked by core)
path_power_complete=true
path_average_power_sum internal=4.19051e-06 switching=4.05e-10 dynamic=4.19091e-06 leakage=6.47565e-09 total=4.19739e-06
stage instance cell pins fanout capacitance slew delay arrival internal switching dynamic leakage total
1 _4454_ sky130_fd_sc_hd__nand2_1 B,Y 1 0.002323 0.031644 0.036768 0.037017 8.29351e-09 2.20404e-10 8.51391e-09 6.89195e-12 8.5208e-09
2 _2229_ sky130_fd_sc_hd__nand2_1 A,Y 1 0.002026 0.0308 0.040137 0.077154 2.31273e-10 1.84596e-10 4.15869e-10 2.47723e-09 2.8931e-09
3 _4622_ sky130_fd_sc_hd__dfrtp_1 D - - 0.0308 0 0.077154 4.18198e-06 0 4.18198e-06 3.99153e-09 4.18597e-06

Worst path 11: status=met slack=0.117079 type=min group=core
startpoint=tl_i[97] (input port clocked by core)
endpoint=_4623_ (rising edge-triggered flip-flop clocked by core)
path_power_complete=true
path_average_power_sum internal=4.19051e-06 switching=4.05e-10 dynamic=4.19091e-06 leakage=6.47565e-09 total=4.19739e-06
stage instance cell pins fanout capacitance slew delay arrival internal switching dynamic leakage total
1 _4451_ sky130_fd_sc_hd__nand2_1 B,Y 1 0.002323 0.031644 0.036768 0.037017 8.29351e-09 2.20404e-10 8.51391e-09 6.89195e-12 8.5208e-09
2 _4453_ sky130_fd_sc_hd__nand2_1 A,Y 1 0.002026 0.0308 0.040137 0.077154 2.31273e-10 1.84596e-10 4.15869e-10 2.47723e-09 2.8931e-09
3 _4623_ sky130_fd_sc_hd__dfrtp_1 D - - 0.0308 0 0.077154 4.18198e-06 0 4.18198e-06 3.99153e-09 4.18597e-06

Worst path 12: status=met slack=0.117079 type=min group=core
startpoint=tl_i[98] (input port clocked by core)
endpoint=_4624_ (rising edge-triggered flip-flop clocked by core)
path_power_complete=true
path_average_power_sum internal=4.19051e-06 switching=4.05e-10 dynamic=4.19091e-06 leakage=6.47565e-09 total=4.19739e-06
stage instance cell pins fanout capacitance slew delay arrival internal switching dynamic leakage total
1 _4448_ sky130_fd_sc_hd__nand2_1 B,Y 1 0.002323 0.031644 0.036768 0.037017 8.29351e-09 2.20404e-10 8.51391e-09 6.89195e-12 8.5208e-09
2 _4450_ sky130_fd_sc_hd__nand2_1 A,Y 1 0.002026 0.0308 0.040137 0.077154 2.31273e-10 1.84596e-10 4.15869e-10 2.47723e-09 2.8931e-09
3 _4624_ sky130_fd_sc_hd__dfrtp_1 D - - 0.0308 0 0.077154 4.18198e-06 0 4.18198e-06 3.99153e-09 4.18597e-06

Worst path 13: status=met slack=4.13748 type=min group=asynchronous
startpoint=_4745_ (rising edge-triggered flip-flop clocked by core)
endpoint=_4455_ (removal check against rising-edge clock core)
path_power_complete=true
path_average_power_sum internal=8.36657e-06 switching=2.01497e-07 dynamic=8.56806e-06 leakage=6.56477e-09 total=8.57463e-06
stage instance cell pins fanout capacitance slew delay arrival internal switching dynamic leakage total
1 _4745_ sky130_fd_sc_hd__dfrtp_1 CLK,Q 306 1.10575 9.00935 6.41969 6.41969 4.18472e-06 2.01497e-07 4.38622e-06 2.57324e-09 4.38879e-06
2 _4455_ sky130_fd_sc_hd__dfrtp_1 RESET_B - - 9.00935 0 6.41969 4.18185e-06 0 4.18185e-06 3.99153e-09 4.18584e-06

Worst path 14: status=met slack=4.13748 type=min group=asynchronous
startpoint=_4745_ (rising edge-triggered flip-flop clocked by core)
endpoint=_4456_ (removal check against rising-edge clock core)
path_power_complete=true
path_average_power_sum internal=8.36657e-06 switching=2.01497e-07 dynamic=8.56806e-06 leakage=6.56477e-09 total=8.57463e-06
stage instance cell pins fanout capacitance slew delay arrival internal switching dynamic leakage total
1 _4745_ sky130_fd_sc_hd__dfrtp_1 CLK,Q 306 1.10575 9.00935 6.41969 6.41969 4.18472e-06 2.01497e-07 4.38622e-06 2.57324e-09 4.38879e-06
2 _4456_ sky130_fd_sc_hd__dfrtp_1 RESET_B - - 9.00935 0 6.41969 4.18185e-06 0 4.18185e-06 3.99153e-09 4.18584e-06

Worst path 15: status=met slack=4.13748 type=min group=asynchronous
startpoint=_4745_ (rising edge-triggered flip-flop clocked by core)
endpoint=_4457_ (removal check against rising-edge clock core)
path_power_complete=true
path_average_power_sum internal=8.36657e-06 switching=2.01497e-07 dynamic=8.56806e-06 leakage=6.56477e-09 total=8.57463e-06
stage instance cell pins fanout capacitance slew delay arrival internal switching dynamic leakage total
1 _4745_ sky130_fd_sc_hd__dfrtp_1 CLK,Q 306 1.10575 9.00935 6.41969 6.41969 4.18472e-06 2.01497e-07 4.38622e-06 2.57324e-09 4.38879e-06
2 _4457_ sky130_fd_sc_hd__dfrtp_1 RESET_B - - 9.00935 0 6.41969 4.18185e-06 0 4.18185e-06 3.99153e-09 4.18584e-06

Worst path 16: status=met slack=4.13748 type=min group=asynchronous
startpoint=_4745_ (rising edge-triggered flip-flop clocked by core)
endpoint=_4458_ (removal check against rising-edge clock core)
path_power_complete=true
path_average_power_sum internal=8.36657e-06 switching=2.01497e-07 dynamic=8.56806e-06 leakage=6.56477e-09 total=8.57463e-06
stage instance cell pins fanout capacitance slew delay arrival internal switching dynamic leakage total
1 _4745_ sky130_fd_sc_hd__dfrtp_1 CLK,Q 306 1.10575 9.00935 6.41969 6.41969 4.18472e-06 2.01497e-07 4.38622e-06 2.57324e-09 4.38879e-06
2 _4458_ sky130_fd_sc_hd__dfrtp_1 RESET_B - - 9.00935 0 6.41969 4.18185e-06 0 4.18185e-06 3.99153e-09 4.18584e-06

Worst path 17: status=met slack=4.13748 type=min group=asynchronous
startpoint=_4745_ (rising edge-triggered flip-flop clocked by core)
endpoint=_4459_ (removal check against rising-edge clock core)
path_power_complete=true
path_average_power_sum internal=8.36671e-06 switching=2.01497e-07 dynamic=8.56821e-06 leakage=6.56477e-09 total=8.57477e-06
stage instance cell pins fanout capacitance slew delay arrival internal switching dynamic leakage total
1 _4745_ sky130_fd_sc_hd__dfrtp_1 CLK,Q 306 1.10575 9.00935 6.41969 6.41969 4.18472e-06 2.01497e-07 4.38622e-06 2.57324e-09 4.38879e-06
2 _4459_ sky130_fd_sc_hd__dfrtp_1 RESET_B - - 9.00935 0 6.41969 4.18199e-06 0 4.18199e-06 3.99153e-09 4.18598e-06

Worst path 18: status=met slack=4.13748 type=min group=asynchronous
startpoint=_4745_ (rising edge-triggered flip-flop clocked by core)
endpoint=_4460_ (removal check against rising-edge clock core)
path_power_complete=true
path_average_power_sum internal=8.36657e-06 switching=2.01497e-07 dynamic=8.56806e-06 leakage=6.56477e-09 total=8.57463e-06
stage instance cell pins fanout capacitance slew delay arrival internal switching dynamic leakage total
1 _4745_ sky130_fd_sc_hd__dfrtp_1 CLK,Q 306 1.10575 9.00935 6.41969 6.41969 4.18472e-06 2.01497e-07 4.38622e-06 2.57324e-09 4.38879e-06
2 _4460_ sky130_fd_sc_hd__dfrtp_1 RESET_B - - 9.00935 0 6.41969 4.18185e-06 0 4.18185e-06 3.99153e-09 4.18584e-06

Worst path 19: status=met slack=4.13748 type=min group=asynchronous
startpoint=_4745_ (rising edge-triggered flip-flop clocked by core)
endpoint=_4461_ (removal check against rising-edge clock core)
path_power_complete=true
path_average_power_sum internal=8.36657e-06 switching=2.01497e-07 dynamic=8.56806e-06 leakage=6.56477e-09 total=8.57463e-06
stage instance cell pins fanout capacitance slew delay arrival internal switching dynamic leakage total
1 _4745_ sky130_fd_sc_hd__dfrtp_1 CLK,Q 306 1.10575 9.00935 6.41969 6.41969 4.18472e-06 2.01497e-07 4.38622e-06 2.57324e-09 4.38879e-06
2 _4461_ sky130_fd_sc_hd__dfrtp_1 RESET_B - - 9.00935 0 6.41969 4.18185e-06 0 4.18185e-06 3.99153e-09 4.18584e-06

Worst path 20: status=met slack=4.13748 type=min group=asynchronous
startpoint=_4745_ (rising edge-triggered flip-flop clocked by core)
endpoint=_4462_ (removal check against rising-edge clock core)
path_power_complete=true
path_average_power_sum internal=8.36657e-06 switching=2.01497e-07 dynamic=8.56806e-06 leakage=6.56477e-09 total=8.57463e-06
stage instance cell pins fanout capacitance slew delay arrival internal switching dynamic leakage total
1 _4745_ sky130_fd_sc_hd__dfrtp_1 CLK,Q 306 1.10575 9.00935 6.41969 6.41969 4.18472e-06 2.01497e-07 4.38622e-06 2.57324e-09 4.38879e-06
2 _4462_ sky130_fd_sc_hd__dfrtp_1 RESET_B - - 9.00935 0 6.41969 4.18185e-06 0 4.18185e-06 3.99153e-09 4.18584e-06

=== Highest-power instances and worst path through each ===

Hotspot 1: instance=_4636_ selected_worst_paths=none internal=4.50834e-06 switching=5.27012e-06 dynamic=9.77845e-06 leakage=3.93585e-09 total=9.78239e-06
Worst path through hotspot: status=met slack=0.741846 type=min group=core
startpoint=_4473_ (rising edge-triggered flip-flop clocked by core)
endpoint=_4636_ (rising edge-triggered flip-flop clocked by core)
path_power_complete=true
path_average_power_sum internal=8.77459e-06 switching=5.41972e-06 dynamic=1.41943e-05 leakage=9.24112e-09 total=1.42035e-05
stage instance cell pins fanout capacitance slew delay arrival internal switching dynamic leakage total
1 _4473_ sky130_fd_sc_hd__dfrtp_1 CLK,Q 9 0.02252 0.199332 0.42468 0.42468 4.18199e-06 0 4.18199e-06 3.99153e-09 4.18598e-06
2 _3966_ sky130_fd_sc_hd__nor2_1 A,Y 6 0.015912 0.084684 0.144142 0.568823 1.38984e-08 1.02001e-07 1.159e-07 2.31129e-10 1.16131e-07
3 _4415_ sky130_fd_sc_hd__nand2_1 A,Y 1 0.001728 0.038513 0.055852 0.624675 2.47925e-09 1.57444e-10 2.63669e-09 1.60733e-10 2.79742e-09
4 _4416_ sky130_fd_sc_hd__o21ai_0 B1,Y 1 0.001991 0.049253 0.067605 0.69228 6.78878e-08 4.74412e-08 1.15329e-07 9.21877e-10 1.16251e-07
5 _4636_ sky130_fd_sc_hd__dfrtp_1 D - - 0.049253 0 0.69228 4.50834e-06 5.27012e-06 9.77845e-06 3.93585e-09 9.78239e-06
OpenSTA targeted timing report:
Startpoint: _4473_ (rising edge-triggered flip-flop clocked by core)
Endpoint: _4636_ (rising edge-triggered flip-flop clocked by core)
Path Group: core
Path Type: min

Fanout         Cap        Slew       Delay        Time   Description
---------------------------------------------------------------------------------------------
                      0.000000    0.000000    0.000000   clock core (rise edge)
                                  0.000000    0.000000   clock network delay (ideal)
                      0.000000    0.000000    0.000000 ^ _4473_/CLK (sky130_fd_sc_hd__dfrtp_1)
     9    0.022520    0.199332    0.424680    0.424680 ^ _4473_/Q (sky130_fd_sc_hd__dfrtp_1)
                                                         reg2hw[269] (net)
                      0.199332    0.000000    0.424680 ^ _3966_/A (sky130_fd_sc_hd__nor2_1)
     6    0.015912    0.084684    0.144142    0.568823 v _3966_/Y (sky130_fd_sc_hd__nor2_1)
                                                         _1063_ (net)
                      0.084684    0.000000    0.568823 v _4415_/A (sky130_fd_sc_hd__nand2_1)
     1    0.001728    0.038513    0.055852    0.624675 ^ _4415_/Y (sky130_fd_sc_hd__nand2_1)
                                                         _1458_ (net)
                      0.038513    0.000000    0.624675 ^ _4416_/B1 (sky130_fd_sc_hd__o21ai_0)
     1    0.001991    0.049253    0.067605    0.692280 v _4416_/Y (sky130_fd_sc_hd__o21ai_0)
                                                         _0099_ (net)
                      0.049253    0.000000    0.692280 v _4636_/D (sky130_fd_sc_hd__dfrtp_1)
                                              0.692280   data arrival time

                      0.000000    0.000000    0.000000   clock core (rise edge)
                                  0.000000    0.000000   clock network delay (ideal)
                                  0.000000    0.000000   clock reconvergence pessimism
                                              0.000000 ^ _4636_/CLK (sky130_fd_sc_hd__dfrtp_1)
                                 -0.049566   -0.049566   library hold time
                                             -0.049566   data required time
---------------------------------------------------------------------------------------------
                                             -0.049566   data required time
                                             -0.692280   data arrival time
---------------------------------------------------------------------------------------------
                                              0.741846   slack (MET)

Hotspot 2: instance=_4637_ selected_worst_paths=none internal=4.35565e-06 switching=1.71832e-06 dynamic=6.07398e-06 leakage=3.93272e-09 total=6.07791e-06
Worst path through hotspot: status=met slack=0.756854 type=min group=core
startpoint=_4473_ (rising edge-triggered flip-flop clocked by core)
endpoint=_4637_ (rising edge-triggered flip-flop clocked by core)
path_power_complete=true
path_average_power_sum internal=8.72102e-06 switching=1.87902e-06 dynamic=1.06e-05 leakage=1.01365e-08 total=1.06102e-05
stage instance cell pins fanout capacitance slew delay arrival internal switching dynamic leakage total
1 _4473_ sky130_fd_sc_hd__dfrtp_1 CLK,Q 9 0.02252 0.199332 0.42468 0.42468 4.18199e-06 0 4.18199e-06 3.99153e-09 4.18598e-06
2 _3901_ sky130_fd_sc_hd__nor2_1 A,Y 2 0.004568 0.06267 0.087488 0.512169 6.79822e-09 1.48263e-08 2.16245e-08 1.11595e-09 2.27404e-08
3 _4404_ sky130_fd_sc_hd__nand2_1 B,Y 5 0.011805 0.114798 0.115399 0.627568 2.48589e-08 1.04333e-07 1.29192e-07 3.69405e-10 1.29561e-07
4 _4414_ sky130_fd_sc_hd__o22ai_1 B2,Y 1 0.001991 0.054031 0.078011 0.705579 1.51724e-07 4.15341e-08 1.93258e-07 7.26886e-10 1.93985e-07
5 _4637_ sky130_fd_sc_hd__dfrtp_1 D - - 0.054031 0 0.705579 4.35565e-06 1.71832e-06 6.07398e-06 3.93272e-09 6.07791e-06
OpenSTA targeted timing report:
Startpoint: _4473_ (rising edge-triggered flip-flop clocked by core)
Endpoint: _4637_ (rising edge-triggered flip-flop clocked by core)
Path Group: core
Path Type: min

Fanout         Cap        Slew       Delay        Time   Description
---------------------------------------------------------------------------------------------
                      0.000000    0.000000    0.000000   clock core (rise edge)
                                  0.000000    0.000000   clock network delay (ideal)
                      0.000000    0.000000    0.000000 ^ _4473_/CLK (sky130_fd_sc_hd__dfrtp_1)
     9    0.022520    0.199332    0.424680    0.424680 ^ _4473_/Q (sky130_fd_sc_hd__dfrtp_1)
                                                         reg2hw[269] (net)
                      0.199332    0.000000    0.424680 ^ _3901_/A (sky130_fd_sc_hd__nor2_1)
     2    0.004568    0.062670    0.087488    0.512169 v _3901_/Y (sky130_fd_sc_hd__nor2_1)
                                                         _1009_ (net)
                      0.062670    0.000000    0.512169 v _4404_/B (sky130_fd_sc_hd__nand2_1)
     5    0.011805    0.114798    0.115399    0.627568 ^ _4404_/Y (sky130_fd_sc_hd__nand2_1)
                                                         _1450_ (net)
                      0.114798    0.000000    0.627568 ^ _4414_/B2 (sky130_fd_sc_hd__o22ai_1)
     1    0.001991    0.054031    0.078011    0.705579 v _4414_/Y (sky130_fd_sc_hd__o22ai_1)
                                                         _0098_ (net)
                      0.054031    0.000000    0.705579 v _4637_/D (sky130_fd_sc_hd__dfrtp_1)
                                              0.705579   data arrival time

                      0.000000    0.000000    0.000000   clock core (rise edge)
                                  0.000000    0.000000   clock network delay (ideal)
                                  0.000000    0.000000   clock reconvergence pessimism
                                              0.000000 ^ _4637_/CLK (sky130_fd_sc_hd__dfrtp_1)
                                 -0.051275   -0.051275   library hold time
                                             -0.051275   data required time
---------------------------------------------------------------------------------------------
                                             -0.051275   data required time
                                             -0.705579   data arrival time
---------------------------------------------------------------------------------------------
                                              0.756854   slack (MET)

Hotspot 3: instance=_4638_ selected_worst_paths=none internal=4.2621e-06 switching=7.89408e-07 dynamic=5.05151e-06 leakage=3.93187e-09 total=5.05544e-06
Worst path through hotspot: status=met slack=0.806099 type=min group=core
startpoint=_4473_ (rising edge-triggered flip-flop clocked by core)
endpoint=_4638_ (rising edge-triggered flip-flop clocked by core)
path_power_complete=true
path_average_power_sum internal=8.51509e-06 switching=9.18836e-07 dynamic=9.43393e-06 leakage=8.67336e-09 total=9.4426e-06
stage instance cell pins fanout capacitance slew delay arrival internal switching dynamic leakage total
1 _4473_ sky130_fd_sc_hd__dfrtp_1 CLK,Q 9 0.02252 0.199332 0.42468 0.42468 4.18199e-06 0 4.18199e-06 3.99153e-09 4.18598e-06
2 _3966_ sky130_fd_sc_hd__nor2_1 A,Y 6 0.015912 0.084684 0.144142 0.568823 1.38984e-08 1.02001e-07 1.159e-07 2.31129e-10 1.16131e-07
3 _4407_ sky130_fd_sc_hd__nor3_1 C,Y 1 0.002605 0.138468 0.122628 0.691451 2.87832e-08 1.54278e-08 4.4211e-08 8.95389e-11 4.43005e-08
4 _4411_ sky130_fd_sc_hd__nor3_1 A,Y 1 0.001991 0.027763 0.072766 0.764217 2.83256e-08 1.19988e-08 4.03243e-08 4.29287e-10 4.07536e-08
5 _4638_ sky130_fd_sc_hd__dfrtp_1 D - - 0.027763 0 0.764217 4.2621e-06 7.89408e-07 5.05151e-06 3.93187e-09 5.05544e-06
OpenSTA targeted timing report:
Startpoint: _4473_ (rising edge-triggered flip-flop clocked by core)
Endpoint: _4638_ (rising edge-triggered flip-flop clocked by core)
Path Group: core
Path Type: min

Fanout         Cap        Slew       Delay        Time   Description
---------------------------------------------------------------------------------------------
                      0.000000    0.000000    0.000000   clock core (rise edge)
                                  0.000000    0.000000   clock network delay (ideal)
                      0.000000    0.000000    0.000000 ^ _4473_/CLK (sky130_fd_sc_hd__dfrtp_1)
     9    0.022520    0.199332    0.424680    0.424680 ^ _4473_/Q (sky130_fd_sc_hd__dfrtp_1)
                                                         reg2hw[269] (net)
                      0.199332    0.000000    0.424680 ^ _3966_/A (sky130_fd_sc_hd__nor2_1)
     6    0.015912    0.084684    0.144142    0.568823 v _3966_/Y (sky130_fd_sc_hd__nor2_1)
                                                         _1063_ (net)
                      0.084684    0.000000    0.568823 v _4407_/C (sky130_fd_sc_hd__nor3_1)
     1    0.002605    0.138468    0.122628    0.691451 ^ _4407_/Y (sky130_fd_sc_hd__nor3_1)
                                                         _1452_ (net)
                      0.138468    0.000000    0.691451 ^ _4411_/A (sky130_fd_sc_hd__nor3_1)
     1    0.001991    0.027763    0.072766    0.764217 v _4411_/Y (sky130_fd_sc_hd__nor3_1)
                                                         _0097_ (net)
                      0.027763    0.000000    0.764217 v _4638_/D (sky130_fd_sc_hd__dfrtp_1)
                                              0.764217   data arrival time

                      0.000000    0.000000    0.000000   clock core (rise edge)
                                  0.000000    0.000000   clock network delay (ideal)
                                  0.000000    0.000000   clock reconvergence pessimism
                                              0.000000 ^ _4638_/CLK (sky130_fd_sc_hd__dfrtp_1)
                                 -0.041882   -0.041882   library hold time
                                             -0.041882   data required time
---------------------------------------------------------------------------------------------
                                             -0.041882   data required time
                                             -0.764217   data arrival time
---------------------------------------------------------------------------------------------
                                              0.806099   slack (MET)

Hotspot 4: instance=_4626_ selected_worst_paths=3 internal=4.54055e-06 switching=1.33478e-07 dynamic=4.67402e-06 leakage=3.91795e-09 total=4.67794e-06
Worst path through hotspot: status=met slack=0.098217 type=min group=core
startpoint=tl_i[0] (input port clocked by core)
endpoint=_4626_ (rising edge-triggered flip-flop clocked by core)
path_power_complete=true
path_average_power_sum internal=4.62417e-06 switching=1.87565e-07 dynamic=4.81174e-06 leakage=4.63766e-09 total=4.81637e-06
stage instance cell pins fanout capacitance slew delay arrival internal switching dynamic leakage total
1 _2804_ sky130_fd_sc_hd__o21ai_0 A2,Y 1 0.001991 0.043496 0.050525 0.05071 8.36244e-08 5.40867e-08 1.37711e-07 7.1971e-10 1.38431e-07
2 _4626_ sky130_fd_sc_hd__dfrtp_1 D - - 0.043496 0 0.05071 4.54055e-06 1.33478e-07 4.67402e-06 3.91795e-09 4.67794e-06
OpenSTA targeted timing report:
Startpoint: tl_i[0] (input port clocked by core)
Endpoint: _4626_ (rising edge-triggered flip-flop clocked by core)
Path Group: core
Path Type: min

Fanout         Cap        Slew       Delay        Time   Description
---------------------------------------------------------------------------------------------
                      0.000000    0.000000    0.000000   clock core (rise edge)
                                  0.000000    0.000000   clock network delay (ideal)
                                  0.000000    0.000000 ^ input external delay
     1    0.001850    0.000185    0.000185    0.000185 ^ tl_i[0] (in)
                                                         tl_i[0] (net)
                      0.000185    0.000000    0.000185 ^ _2804_/A2 (sky130_fd_sc_hd__o21ai_0)
     1    0.001991    0.043496    0.050525    0.050710 v _2804_/Y (sky130_fd_sc_hd__o21ai_0)
                                                         _0292_ (net)
                      0.043496    0.000000    0.050710 v _4626_/D (sky130_fd_sc_hd__dfrtp_1)
                                              0.050710   data arrival time

                      0.000000    0.000000    0.000000   clock core (rise edge)
                                  0.000000    0.000000   clock network delay (ideal)
                                  0.000000    0.000000   clock reconvergence pessimism
                                              0.000000 ^ _4626_/CLK (sky130_fd_sc_hd__dfrtp_1)
                                 -0.047508   -0.047508   library hold time
                                             -0.047508   data required time
---------------------------------------------------------------------------------------------
                                             -0.047508   data required time
                                             -0.050710   data arrival time
---------------------------------------------------------------------------------------------
                                              0.098217   slack (MET)

Hotspot 5: instance=_4748_ selected_worst_paths=none internal=4.23706e-06 switching=3.7668e-07 dynamic=4.61374e-06 leakage=3.86459e-09 total=4.6176e-06
Worst path through hotspot: status=met slack=0.898888 type=min group=core
startpoint=_4633_ (rising edge-triggered flip-flop clocked by core)
endpoint=_4748_ (rising edge-triggered flip-flop clocked by core)
path_power_complete=true
path_average_power_sum internal=8.50166e-06 switching=5.89292e-07 dynamic=9.09096e-06 leakage=9.09084e-09 total=9.10005e-06
stage instance cell pins fanout capacitance slew delay arrival internal switching dynamic leakage total
1 _4633_ sky130_fd_sc_hd__dfrtp_1 CLK,Q 2 0.004971 0.065382 0.319633 0.319633 4.18198e-06 0 4.18198e-06 3.99153e-09 4.18598e-06
2 _2837_ sky130_fd_sc_hd__a21oi_1 B1,Y 3 0.00922 0.061867 0.069882 0.389515 3.7363e-10 9.06854e-10 1.28048e-09 4.76764e-11 1.32816e-09
3 _2857_ sky130_fd_sc_hd__o2111ai_1 A2,Y 2 0.004966 0.090644 0.186785 0.576299 2.87901e-08 2.94106e-08 5.82006e-08 1.11968e-11 5.82118e-08
4 _2858_ sky130_fd_sc_hd__nor2_1 B,Y 3 0.006849 0.049555 0.068116 0.644415 1.35251e-08 4.44949e-08 5.802e-08 3.63897e-10 5.83839e-08
5 _2733_ sky130_fd_sc_hd__nor2_1 B,Y 5 0.011724 0.216591 0.178623 0.823038 3.99326e-08 1.378e-07 1.77732e-07 8.11947e-10 1.78544e-07
6 _4748_ sky130_fd_sc_hd__dfrtp_1 D - - 0.216591 0 0.823038 4.23706e-06 3.7668e-07 4.61374e-06 3.86459e-09 4.6176e-06
OpenSTA targeted timing report:
Startpoint: _4633_ (rising edge-triggered flip-flop clocked by core)
Endpoint: _4748_ (rising edge-triggered flip-flop clocked by core)
Path Group: core
Path Type: min

Fanout         Cap        Slew       Delay        Time   Description
---------------------------------------------------------------------------------------------
                      0.000000    0.000000    0.000000   clock core (rise edge)
                                  0.000000    0.000000   clock network delay (ideal)
                      0.000000    0.000000    0.000000 ^ _4633_/CLK (sky130_fd_sc_hd__dfrtp_1)
     2    0.004971    0.065382    0.319633    0.319633 ^ _4633_/Q (sky130_fd_sc_hd__dfrtp_1)
                                                         u_cordic_core.n_iter_q[5] (net)
                      0.065382    0.000000    0.319633 ^ _2837_/B1 (sky130_fd_sc_hd__a21oi_1)
     3    0.009220    0.061867    0.069882    0.389515 v _2837_/Y (sky130_fd_sc_hd__a21oi_1)
                                                         _1900_ (net)
                      0.061867    0.000000    0.389515 v _2857_/A2 (sky130_fd_sc_hd__o2111ai_1)
     2    0.004966    0.090644    0.186785    0.576299 ^ _2857_/Y (sky130_fd_sc_hd__o2111ai_1)
                                                         _1920_ (net)
                      0.090644    0.000000    0.576299 ^ _2858_/B (sky130_fd_sc_hd__nor2_1)
     3    0.006849    0.049555    0.068116    0.644415 v _2858_/Y (sky130_fd_sc_hd__nor2_1)
                                                         _1921_ (net)
                      0.049555    0.000000    0.644415 v _2733_/B (sky130_fd_sc_hd__nor2_1)
     5    0.011724    0.216591    0.178623    0.823038 ^ _2733_/Y (sky130_fd_sc_hd__nor2_1)
                                                         _2224_ (net)
                      0.216591    0.000000    0.823038 ^ _4748_/D (sky130_fd_sc_hd__dfrtp_1)
                                              0.823038   data arrival time

                      0.000000    0.000000    0.000000   clock core (rise edge)
                                  0.000000    0.000000   clock network delay (ideal)
                                  0.000000    0.000000   clock reconvergence pessimism
                                              0.000000 ^ _4748_/CLK (sky130_fd_sc_hd__dfrtp_1)
                                 -0.075850   -0.075850   library hold time
                                             -0.075850   data required time
---------------------------------------------------------------------------------------------
                                             -0.075850   data required time
                                             -0.823038   data arrival time
---------------------------------------------------------------------------------------------
                                              0.898888   slack (MET)

Hotspot 6: instance=_4655_ selected_worst_paths=none internal=4.38979e-06 switching=1.80037e-07 dynamic=4.56982e-06 leakage=3.15701e-09 total=4.57298e-06
Worst path through hotspot: status=met slack=0.544135 type=min group=core
startpoint=_4655_ (rising edge-triggered flip-flop clocked by core)
endpoint=_4655_ (rising edge-triggered flip-flop clocked by core)
path_power_complete=true
path_average_power_sum internal=4.49264e-06 switching=2.64045e-07 dynamic=4.75668e-06 leakage=4.97396e-09 total=4.76166e-06
stage instance cell pins fanout capacitance slew delay arrival internal switching dynamic leakage total
1 _4655_ sky130_fd_sc_hd__dfrtp_1 CLK,Q 5 0.014746 0.139341 0.380027 0.380027 4.38979e-06 1.80037e-07 4.56982e-06 3.15701e-09 4.57298e-06
2 _4309_ sky130_fd_sc_hd__nand2_1 B,Y 1 0.00167 0.039934 0.062515 0.442542 1.24348e-08 7.39988e-09 1.98347e-08 1.43296e-09 2.12676e-08
3 _4310_ sky130_fd_sc_hd__o21ai_0 B1,Y 1 0.002026 0.059561 0.056106 0.498648 9.04159e-08 7.66074e-08 1.67023e-07 3.83994e-10 1.67407e-07
4 _4655_ sky130_fd_sc_hd__dfrtp_1 D - - 0.059561 0 0.498648 4.38979e-06 1.80037e-07 4.56982e-06 3.15701e-09 4.57298e-06
OpenSTA targeted timing report:
Startpoint: _4655_ (rising edge-triggered flip-flop clocked by core)
Endpoint: _4655_ (rising edge-triggered flip-flop clocked by core)
Path Group: core
Path Type: min

Fanout         Cap        Slew       Delay        Time   Description
---------------------------------------------------------------------------------------------
                      0.000000    0.000000    0.000000   clock core (rise edge)
                                  0.000000    0.000000   clock network delay (ideal)
                      0.000000    0.000000    0.000000 ^ _4655_/CLK (sky130_fd_sc_hd__dfrtp_1)
     5    0.014746    0.139341    0.380027    0.380027 ^ _4655_/Q (sky130_fd_sc_hd__dfrtp_1)
                                                         u_cordic_core.z_q[14] (net)
                      0.139341    0.000000    0.380027 ^ _4309_/B (sky130_fd_sc_hd__nand2_1)
     1    0.001670    0.039934    0.062515    0.442542 v _4309_/Y (sky130_fd_sc_hd__nand2_1)
                                                         _1370_ (net)
                      0.039934    0.000000    0.442542 v _4310_/B1 (sky130_fd_sc_hd__o21ai_0)
     1    0.002026    0.059561    0.056106    0.498648 ^ _4310_/Y (sky130_fd_sc_hd__o21ai_0)
                                                         _0081_ (net)
                      0.059561    0.000000    0.498648 ^ _4655_/D (sky130_fd_sc_hd__dfrtp_1)
                                              0.498648   data arrival time

                      0.000000    0.000000    0.000000   clock core (rise edge)
                                  0.000000    0.000000   clock network delay (ideal)
                                  0.000000    0.000000   clock reconvergence pessimism
                                              0.000000 ^ _4655_/CLK (sky130_fd_sc_hd__dfrtp_1)
                                 -0.045487   -0.045487   library hold time
                                             -0.045487   data required time
---------------------------------------------------------------------------------------------
                                             -0.045487   data required time
                                             -0.498648   data arrival time
---------------------------------------------------------------------------------------------
                                              0.544135   slack (MET)

Hotspot 7: instance=_4676_ selected_worst_paths=none internal=4.40274e-06 switching=1.59622e-07 dynamic=4.56236e-06 leakage=3.41964e-09 total=4.56578e-06
Worst path through hotspot: status=met slack=0.606697 type=min group=core
startpoint=_4474_ (rising edge-triggered flip-flop clocked by core)
endpoint=_4676_ (rising edge-triggered flip-flop clocked by core)
path_power_complete=true
path_average_power_sum internal=8.85913e-06 switching=2.5578e-07 dynamic=9.11491e-06 leakage=7.59431e-09 total=9.1225e-06
stage instance cell pins fanout capacitance slew delay arrival internal switching dynamic leakage total
1 _4474_ sky130_fd_sc_hd__dfrtp_1 CLK,Q 4 0.009377 0.097971 0.34901 0.34901 4.19512e-06 8.54372e-09 4.20366e-06 3.4745e-09 4.20714e-06
2 _4171_ sky130_fd_sc_hd__o21ai_0 A1,Y 1 0.002432 0.066034 0.096834 0.445845 1.42443e-08 1.13757e-08 2.562e-08 1.01208e-10 2.57212e-08
3 _4173_ sky130_fd_sc_hd__o22ai_1 B1,Y 1 0.002026 0.109419 0.105725 0.55157 2.4702e-07 7.62382e-08 3.23259e-07 5.9896e-10 3.23858e-07
4 _4676_ sky130_fd_sc_hd__dfrtp_1 D - - 0.109419 0 0.55157 4.40274e-06 1.59622e-07 4.56236e-06 3.41964e-09 4.56578e-06
OpenSTA targeted timing report:
Startpoint: _4474_ (rising edge-triggered flip-flop clocked by core)
Endpoint: _4676_ (rising edge-triggered flip-flop clocked by core)
Path Group: core
Path Type: min

Fanout         Cap        Slew       Delay        Time   Description
---------------------------------------------------------------------------------------------
                      0.000000    0.000000    0.000000   clock core (rise edge)
                                  0.000000    0.000000   clock network delay (ideal)
                      0.000000    0.000000    0.000000 ^ _4474_/CLK (sky130_fd_sc_hd__dfrtp_1)
     4    0.009377    0.097971    0.349010    0.349010 ^ _4474_/Q (sky130_fd_sc_hd__dfrtp_1)
                                                         reg2hw[199] (net)
                      0.097971    0.000000    0.349010 ^ _4171_/A1 (sky130_fd_sc_hd__o21ai_0)
     1    0.002432    0.066034    0.096834    0.445845 v _4171_/Y (sky130_fd_sc_hd__o21ai_0)
                                                         _1251_ (net)
                      0.066034    0.000000    0.445845 v _4173_/B1 (sky130_fd_sc_hd__o22ai_1)
     1    0.002026    0.109419    0.105725    0.551570 ^ _4173_/Y (sky130_fd_sc_hd__o22ai_1)
                                                         _0062_ (net)
                      0.109419    0.000000    0.551570 ^ _4676_/D (sky130_fd_sc_hd__dfrtp_1)
                                              0.551570   data arrival time

                      0.000000    0.000000    0.000000   clock core (rise edge)
                                  0.000000    0.000000   clock network delay (ideal)
                                  0.000000    0.000000   clock reconvergence pessimism
                                              0.000000 ^ _4676_/CLK (sky130_fd_sc_hd__dfrtp_1)
                                 -0.055128   -0.055128   library hold time
                                             -0.055128   data required time
---------------------------------------------------------------------------------------------
                                             -0.055128   data required time
                                             -0.551570   data arrival time
---------------------------------------------------------------------------------------------
                                              0.606697   slack (MET)

Hotspot 8: instance=_4654_ selected_worst_paths=none internal=4.4075e-06 switching=1.53641e-07 dynamic=4.56115e-06 leakage=3.15887e-09 total=4.5643e-06
Worst path through hotspot: status=met slack=0.631367 type=min group=core
startpoint=_4654_ (rising edge-triggered flip-flop clocked by core)
endpoint=_4654_ (rising edge-triggered flip-flop clocked by core)
path_power_complete=true
path_average_power_sum internal=4.74759e-06 switching=3.58673e-07 dynamic=5.10626e-06 leakage=5.13606e-09 total=5.1114e-06
stage instance cell pins fanout capacitance slew delay arrival internal switching dynamic leakage total
1 _4654_ sky130_fd_sc_hd__dfrtp_1 CLK,Q 5 0.011752 0.088395 0.391836 0.391836 4.4075e-06 1.53641e-07 4.56115e-06 3.15887e-09 4.5643e-06
2 _3852_ sky130_fd_sc_hd__inv_1 A,Y 3 0.00888 0.083326 0.094766 0.486603 2.19788e-08 1.09227e-07 1.31206e-07 1.56549e-09 1.32771e-07
3 _4317_ sky130_fd_sc_hd__o22ai_1 A1,Y 1 0.001991 0.057477 0.092258 0.57886 3.18104e-07 9.58054e-08 4.1391e-07 4.11697e-10 4.14321e-07
4 _4654_ sky130_fd_sc_hd__dfrtp_1 D - - 0.057477 0 0.57886 4.4075e-06 1.53641e-07 4.56115e-06 3.15887e-09 4.5643e-06
OpenSTA targeted timing report:
Startpoint: _4654_ (rising edge-triggered flip-flop clocked by core)
Endpoint: _4654_ (rising edge-triggered flip-flop clocked by core)
Path Group: core
Path Type: min

Fanout         Cap        Slew       Delay        Time   Description
---------------------------------------------------------------------------------------------
                      0.000000    0.000000    0.000000   clock core (rise edge)
                                  0.000000    0.000000   clock network delay (ideal)
                      0.000000    0.000000    0.000000 ^ _4654_/CLK (sky130_fd_sc_hd__dfrtp_1)
     5    0.011752    0.088395    0.391836    0.391836 v _4654_/Q (sky130_fd_sc_hd__dfrtp_1)
                                                         u_cordic_core.z_q[13] (net)
                      0.088395    0.000000    0.391836 v _3852_/A (sky130_fd_sc_hd__inv_1)
     3    0.008880    0.083326    0.094766    0.486603 ^ _3852_/Y (sky130_fd_sc_hd__inv_1)
                                                         _0964_ (net)
                      0.083326    0.000000    0.486603 ^ _4317_/A1 (sky130_fd_sc_hd__o22ai_1)
     1    0.001991    0.057477    0.092258    0.578860 v _4317_/Y (sky130_fd_sc_hd__o22ai_1)
                                                         _0082_ (net)
                      0.057477    0.000000    0.578860 v _4654_/D (sky130_fd_sc_hd__dfrtp_1)
                                              0.578860   data arrival time

                      0.000000    0.000000    0.000000   clock core (rise edge)
                                  0.000000    0.000000   clock network delay (ideal)
                                  0.000000    0.000000   clock reconvergence pessimism
                                              0.000000 ^ _4654_/CLK (sky130_fd_sc_hd__dfrtp_1)
                                 -0.052507   -0.052507   library hold time
                                             -0.052507   data required time
---------------------------------------------------------------------------------------------
                                             -0.052507   data required time
                                             -0.578860   data arrival time
---------------------------------------------------------------------------------------------
                                              0.631367   slack (MET)

Hotspot 9: instance=_4657_ selected_worst_paths=none internal=4.41558e-06 switching=1.40638e-07 dynamic=4.55622e-06 leakage=3.6431e-09 total=4.55986e-06
Worst path through hotspot: status=met slack=0.606378 type=min group=core
startpoint=_4506_ (rising edge-triggered flip-flop clocked by core)
endpoint=_4657_ (rising edge-triggered flip-flop clocked by core)
path_power_complete=true
path_average_power_sum internal=8.87421e-06 switching=2.38573e-07 dynamic=9.11278e-06 leakage=7.74149e-09 total=9.12053e-06
stage instance cell pins fanout capacitance slew delay arrival internal switching dynamic leakage total
1 _4506_ sky130_fd_sc_hd__dfrtp_1 CLK,Q 4 0.009341 0.097705 0.34877 0.34877 4.1938e-06 6.80874e-09 4.20061e-06 3.23797e-09 4.20384e-06
2 _4279_ sky130_fd_sc_hd__o21ai_0 A1,Y 1 0.002432 0.066022 0.096762 0.445533 1.50436e-08 1.23043e-08 2.7348e-08 1.23819e-10 2.74718e-08
3 _4281_ sky130_fd_sc_hd__o22ai_1 B1,Y 1 0.002026 0.1094 0.105722 0.551255 2.49788e-07 7.88226e-08 3.2861e-07 7.36599e-10 3.29347e-07
4 _4657_ sky130_fd_sc_hd__dfrtp_1 D - - 0.1094 0 0.551255 4.41558e-06 1.40638e-07 4.55622e-06 3.6431e-09 4.55986e-06
OpenSTA targeted timing report:
Startpoint: _4506_ (rising edge-triggered flip-flop clocked by core)
Endpoint: _4657_ (rising edge-triggered flip-flop clocked by core)
Path Group: core
Path Type: min

Fanout         Cap        Slew       Delay        Time   Description
---------------------------------------------------------------------------------------------
                      0.000000    0.000000    0.000000   clock core (rise edge)
                                  0.000000    0.000000   clock network delay (ideal)
                      0.000000    0.000000    0.000000 ^ _4506_/CLK (sky130_fd_sc_hd__dfrtp_1)
     4    0.009341    0.097705    0.348770    0.348770 ^ _4506_/Q (sky130_fd_sc_hd__dfrtp_1)
                                                         reg2hw[167] (net)
                      0.097705    0.000000    0.348770 ^ _4279_/A1 (sky130_fd_sc_hd__o21ai_0)
     1    0.002432    0.066022    0.096762    0.445533 v _4279_/Y (sky130_fd_sc_hd__o21ai_0)
                                                         _1341_ (net)
                      0.066022    0.000000    0.445533 v _4281_/B1 (sky130_fd_sc_hd__o22ai_1)
     1    0.002026    0.109400    0.105722    0.551255 ^ _4281_/Y (sky130_fd_sc_hd__o22ai_1)
                                                         _0080_ (net)
                      0.109400    0.000000    0.551255 ^ _4657_/D (sky130_fd_sc_hd__dfrtp_1)
                                              0.551255   data arrival time

                      0.000000    0.000000    0.000000   clock core (rise edge)
                                  0.000000    0.000000   clock network delay (ideal)
                                  0.000000    0.000000   clock reconvergence pessimism
                                              0.000000 ^ _4657_/CLK (sky130_fd_sc_hd__dfrtp_1)
                                 -0.055124   -0.055124   library hold time
                                             -0.055124   data required time
---------------------------------------------------------------------------------------------
                                             -0.055124   data required time
                                             -0.551255   data arrival time
---------------------------------------------------------------------------------------------
                                              0.606378   slack (MET)

Hotspot 10: instance=_4677_ selected_worst_paths=none internal=4.38741e-06 switching=1.41712e-07 dynamic=4.52912e-06 leakage=3.83905e-09 total=4.53296e-06
Worst path through hotspot: status=met slack=0.614758 type=min group=core
startpoint=_4677_ (rising edge-triggered flip-flop clocked by core)
endpoint=_4677_ (rising edge-triggered flip-flop clocked by core)
path_power_complete=true
path_average_power_sum internal=4.64507e-06 switching=3.08785e-07 dynamic=4.95385e-06 leakage=5.05335e-09 total=4.95891e-06
stage instance cell pins fanout capacitance slew delay arrival internal switching dynamic leakage total
1 _4677_ sky130_fd_sc_hd__dfrtp_1 CLK,Q 4 0.01127 0.086112 0.389699 0.389699 4.38741e-06 1.41712e-07 4.52912e-06 3.83905e-09 4.53296e-06
2 _3051_ sky130_fd_sc_hd__inv_1 A,Y 3 0.007477 0.073837 0.085901 0.4756 2.08204e-08 8.78821e-08 1.08702e-07 4.04484e-10 1.09107e-07
3 _4170_ sky130_fd_sc_hd__o22ai_1 A1,Y 1 0.001991 0.048964 0.089694 0.565295 2.36838e-07 7.91918e-08 3.1603e-07 8.09819e-10 3.1684e-07
4 _4677_ sky130_fd_sc_hd__dfrtp_1 D - - 0.048964 0 0.565295 4.38741e-06 1.41712e-07 4.52912e-06 3.83905e-09 4.53296e-06
OpenSTA targeted timing report:
Startpoint: _4677_ (rising edge-triggered flip-flop clocked by core)
Endpoint: _4677_ (rising edge-triggered flip-flop clocked by core)
Path Group: core
Path Type: min

Fanout         Cap        Slew       Delay        Time   Description
---------------------------------------------------------------------------------------------
                      0.000000    0.000000    0.000000   clock core (rise edge)
                                  0.000000    0.000000   clock network delay (ideal)
                      0.000000    0.000000    0.000000 ^ _4677_/CLK (sky130_fd_sc_hd__dfrtp_1)
     4    0.011270    0.086112    0.389699    0.389699 v _4677_/Q (sky130_fd_sc_hd__dfrtp_1)
                                                         u_cordic_core.x_q[1] (net)
                      0.086112    0.000000    0.389699 v _3051_/A (sky130_fd_sc_hd__inv_1)
     3    0.007477    0.073837    0.085901    0.475600 ^ _3051_/Y (sky130_fd_sc_hd__inv_1)
                                                         _2114_ (net)
                      0.073837    0.000000    0.475600 ^ _4170_/A1 (sky130_fd_sc_hd__o22ai_1)
     1    0.001991    0.048964    0.089694    0.565295 v _4170_/Y (sky130_fd_sc_hd__o22ai_1)
                                                         _0061_ (net)
                      0.048964    0.000000    0.565295 v _4677_/D (sky130_fd_sc_hd__dfrtp_1)
                                              0.565295   data arrival time

                      0.000000    0.000000    0.000000   clock core (rise edge)
                                  0.000000    0.000000   clock network delay (ideal)
                                  0.000000    0.000000   clock reconvergence pessimism
                                              0.000000 ^ _4677_/CLK (sky130_fd_sc_hd__dfrtp_1)
                                 -0.049463   -0.049463   library hold time
                                             -0.049463   data required time
---------------------------------------------------------------------------------------------
                                             -0.049463   data required time
                                             -0.565295   data arrival time
---------------------------------------------------------------------------------------------
                                              0.614758   slack (MET)

Hotspot 11: instance=_4679_ selected_worst_paths=none internal=4.39212e-06 switching=1.24558e-07 dynamic=4.51667e-06 leakage=3.58486e-09 total=4.52026e-06
Worst path through hotspot: status=met slack=0.575488 type=min group=core
startpoint=_4477_ (rising edge-triggered flip-flop clocked by core)
endpoint=_4679_ (rising edge-triggered flip-flop clocked by core)
path_power_complete=true
path_average_power_sum internal=8.88337e-06 switching=2.53275e-07 dynamic=9.13665e-06 leakage=7.96567e-09 total=9.14461e-06
stage instance cell pins fanout capacitance slew delay arrival internal switching dynamic leakage total
1 _4477_ sky130_fd_sc_hd__dfrtp_1 CLK,Q 4 0.009301 0.097409 0.348504 0.348504 4.19381e-06 6.77958e-09 4.20059e-06 3.23256e-09 4.20382e-06
2 _4156_ sky130_fd_sc_hd__a21oi_1 A1,Y 1 0.002432 0.038884 0.07408 0.422584 1.39192e-08 9.51846e-09 2.34376e-08 5.39152e-10 2.39768e-08
3 _4158_ sky130_fd_sc_hd__o22ai_1 B1,Y 1 0.002026 0.109354 0.097789 0.520373 2.83531e-07 1.12419e-07 3.9595e-07 6.091e-10 3.96559e-07
4 _4679_ sky130_fd_sc_hd__dfrtp_1 D - - 0.109354 0 0.520373 4.39212e-06 1.24558e-07 4.51667e-06 3.58486e-09 4.52026e-06
OpenSTA targeted timing report:
Startpoint: _4477_ (rising edge-triggered flip-flop clocked by core)
Endpoint: _4679_ (rising edge-triggered flip-flop clocked by core)
Path Group: core
Path Type: min

Fanout         Cap        Slew       Delay        Time   Description
---------------------------------------------------------------------------------------------
                      0.000000    0.000000    0.000000   clock core (rise edge)
                                  0.000000    0.000000   clock network delay (ideal)
                      0.000000    0.000000    0.000000 ^ _4477_/CLK (sky130_fd_sc_hd__dfrtp_1)
     4    0.009301    0.097409    0.348504    0.348504 ^ _4477_/Q (sky130_fd_sc_hd__dfrtp_1)
                                                         reg2hw[202] (net)
                      0.097409    0.000000    0.348504 ^ _4156_/A1 (sky130_fd_sc_hd__a21oi_1)
     1    0.002432    0.038884    0.074080    0.422584 v _4156_/Y (sky130_fd_sc_hd__a21oi_1)
                                                         _1239_ (net)
                      0.038884    0.000000    0.422584 v _4158_/B1 (sky130_fd_sc_hd__o22ai_1)
     1    0.002026    0.109354    0.097789    0.520373 ^ _4158_/Y (sky130_fd_sc_hd__o22ai_1)
                                                         _0059_ (net)
                      0.109354    0.000000    0.520373 ^ _4679_/D (sky130_fd_sc_hd__dfrtp_1)
                                              0.520373   data arrival time

                      0.000000    0.000000    0.000000   clock core (rise edge)
                                  0.000000    0.000000   clock network delay (ideal)
                                  0.000000    0.000000   clock reconvergence pessimism
                                              0.000000 ^ _4679_/CLK (sky130_fd_sc_hd__dfrtp_1)
                                 -0.055115   -0.055115   library hold time
                                             -0.055115   data required time
---------------------------------------------------------------------------------------------
                                             -0.055115   data required time
                                             -0.520373   data arrival time
---------------------------------------------------------------------------------------------
                                              0.575488   slack (MET)

Hotspot 12: instance=_4678_ selected_worst_paths=none internal=4.38638e-06 switching=1.24947e-07 dynamic=4.51133e-06 leakage=3.58759e-09 total=4.51491e-06
Worst path through hotspot: status=met slack=0.61292 type=min group=core
startpoint=_4678_ (rising edge-triggered flip-flop clocked by core)
endpoint=_4678_ (rising edge-triggered flip-flop clocked by core)
path_power_complete=true
path_average_power_sum internal=4.6807e-06 switching=2.95484e-07 dynamic=4.97618e-06 leakage=5.06491e-09 total=4.98125e-06
stage instance cell pins fanout capacitance slew delay arrival internal switching dynamic leakage total
1 _4678_ sky130_fd_sc_hd__dfrtp_1 CLK,Q 4 0.011402 0.086737 0.390285 0.390285 4.38638e-06 1.24947e-07 4.51133e-06 3.58759e-09 4.51491e-06
2 _3010_ sky130_fd_sc_hd__inv_1 A,Y 3 0.006864 0.069912 0.082642 0.472927 1.81548e-08 7.06706e-08 8.88254e-08 9.028e-10 8.97282e-08
3 _4163_ sky130_fd_sc_hd__o22ai_1 A1,Y 1 0.001991 0.054265 0.088634 0.561561 2.76162e-07 9.98665e-08 3.76029e-07 5.74515e-10 3.76603e-07
4 _4678_ sky130_fd_sc_hd__dfrtp_1 D - - 0.054265 0 0.561561 4.38638e-06 1.24947e-07 4.51133e-06 3.58759e-09 4.51491e-06
OpenSTA targeted timing report:
Startpoint: _4678_ (rising edge-triggered flip-flop clocked by core)
Endpoint: _4678_ (rising edge-triggered flip-flop clocked by core)
Path Group: core
Path Type: min

Fanout         Cap        Slew       Delay        Time   Description
---------------------------------------------------------------------------------------------
                      0.000000    0.000000    0.000000   clock core (rise edge)
                                  0.000000    0.000000   clock network delay (ideal)
                      0.000000    0.000000    0.000000 ^ _4678_/CLK (sky130_fd_sc_hd__dfrtp_1)
     4    0.011402    0.086737    0.390285    0.390285 v _4678_/Q (sky130_fd_sc_hd__dfrtp_1)
                                                         u_cordic_core.x_q[2] (net)
                      0.086737    0.000000    0.390285 v _3010_/A (sky130_fd_sc_hd__inv_1)
     3    0.006864    0.069912    0.082642    0.472927 ^ _3010_/Y (sky130_fd_sc_hd__inv_1)
                                                         _2073_ (net)
                      0.069912    0.000000    0.472927 ^ _4163_/A1 (sky130_fd_sc_hd__o22ai_1)
     1    0.001991    0.054265    0.088634    0.561561 v _4163_/Y (sky130_fd_sc_hd__o22ai_1)
                                                         _0060_ (net)
                      0.054265    0.000000    0.561561 v _4678_/D (sky130_fd_sc_hd__dfrtp_1)
                                              0.561561   data arrival time

                      0.000000    0.000000    0.000000   clock core (rise edge)
                                  0.000000    0.000000   clock network delay (ideal)
                                  0.000000    0.000000   clock reconvergence pessimism
                                              0.000000 ^ _4678_/CLK (sky130_fd_sc_hd__dfrtp_1)
                                 -0.051359   -0.051359   library hold time
                                             -0.051359   data required time
---------------------------------------------------------------------------------------------
                                             -0.051359   data required time
                                             -0.561561   data arrival time
---------------------------------------------------------------------------------------------
                                              0.612920   slack (MET)

Hotspot 13: instance=_4660_ selected_worst_paths=none internal=4.36014e-06 switching=1.46047e-07 dynamic=4.50619e-06 leakage=3.43771e-09 total=4.50963e-06
Worst path through hotspot: status=met slack=0.615686 type=min group=core
startpoint=_4660_ (rising edge-triggered flip-flop clocked by core)
endpoint=_4660_ (rising edge-triggered flip-flop clocked by core)
path_power_complete=true
path_average_power_sum internal=4.67264e-06 switching=3.68186e-07 dynamic=5.04082e-06 leakage=5.5363e-09 total=5.04636e-06
stage instance cell pins fanout capacitance slew delay arrival internal switching dynamic leakage total
1 _4660_ sky130_fd_sc_hd__dfrtp_1 CLK,Q 2 0.015369 0.105534 0.407874 0.407874 4.36014e-06 1.46047e-07 4.50619e-06 3.43771e-09 4.50963e-06
2 _2994_ sky130_fd_sc_hd__inv_6 A,Y 6 0.015088 0.050366 0.073223 0.481098 7.12201e-08 1.33348e-07 2.04568e-07 1.57858e-09 2.06147e-07
3 _4267_ sky130_fd_sc_hd__o22ai_1 A1,Y 1 0.001991 0.054265 0.08323 0.564327 2.41275e-07 8.87908e-08 3.30066e-07 5.20004e-10 3.30586e-07
4 _4660_ sky130_fd_sc_hd__dfrtp_1 D - - 0.054265 0 0.564327 4.36014e-06 1.46047e-07 4.50619e-06 3.43771e-09 4.50963e-06
OpenSTA targeted timing report:
Startpoint: _4660_ (rising edge-triggered flip-flop clocked by core)
Endpoint: _4660_ (rising edge-triggered flip-flop clocked by core)
Path Group: core
Path Type: min

Fanout         Cap        Slew       Delay        Time   Description
---------------------------------------------------------------------------------------------
                      0.000000    0.000000    0.000000   clock core (rise edge)
                                  0.000000    0.000000   clock network delay (ideal)
                      0.000000    0.000000    0.000000 ^ _4660_/CLK (sky130_fd_sc_hd__dfrtp_1)
     2    0.015369    0.105534    0.407874    0.407874 v _4660_/Q (sky130_fd_sc_hd__dfrtp_1)
                                                         u_cordic_core.y_q[3] (net)
                      0.105534    0.000000    0.407874 v _2994_/A (sky130_fd_sc_hd__inv_6)
     6    0.015088    0.050366    0.073223    0.481098 ^ _2994_/Y (sky130_fd_sc_hd__inv_6)
                                                         _2057_ (net)
                      0.050366    0.000000    0.481098 ^ _4267_/A1 (sky130_fd_sc_hd__o22ai_1)
     1    0.001991    0.054265    0.083230    0.564327 v _4267_/Y (sky130_fd_sc_hd__o22ai_1)
                                                         _0077_ (net)
                      0.054265    0.000000    0.564327 v _4660_/D (sky130_fd_sc_hd__dfrtp_1)
                                              0.564327   data arrival time

                      0.000000    0.000000    0.000000   clock core (rise edge)
                                  0.000000    0.000000   clock network delay (ideal)
                                  0.000000    0.000000   clock reconvergence pessimism
                                              0.000000 ^ _4660_/CLK (sky130_fd_sc_hd__dfrtp_1)
                                 -0.051359   -0.051359   library hold time
                                             -0.051359   data required time
---------------------------------------------------------------------------------------------
                                             -0.051359   data required time
                                             -0.564327   data arrival time
---------------------------------------------------------------------------------------------
                                              0.615686   slack (MET)

Hotspot 14: instance=_4659_ selected_worst_paths=none internal=4.39711e-06 switching=1.01508e-07 dynamic=4.49861e-06 leakage=3.07869e-09 total=4.50169e-06
Worst path through hotspot: status=met slack=0.598193 type=min group=core
startpoint=_4659_ (rising edge-triggered flip-flop clocked by core)
endpoint=_4659_ (rising edge-triggered flip-flop clocked by core)
path_power_complete=true
path_average_power_sum internal=4.7169e-06 switching=2.87058e-07 dynamic=5.00395e-06 leakage=5.11133e-09 total=5.00907e-06
stage instance cell pins fanout capacitance slew delay arrival internal switching dynamic leakage total
1 _4659_ sky130_fd_sc_hd__dfrtp_1 CLK,Q 4 0.008577 0.073043 0.376446 0.376446 4.39711e-06 1.01508e-07 4.49861e-06 3.07869e-09 4.50169e-06
2 _3528_ sky130_fd_sc_hd__inv_1 A,Y 3 0.007504 0.072038 0.08118 0.457626 1.96814e-08 8.27297e-08 1.02411e-07 1.67348e-09 1.04085e-07
3 _4273_ sky130_fd_sc_hd__o22ai_1 A1,Y 1 0.001991 0.054265 0.089209 0.546835 3.00109e-07 1.0282e-07 4.02929e-07 3.59156e-10 4.03288e-07
4 _4659_ sky130_fd_sc_hd__dfrtp_1 D - - 0.054265 0 0.546835 4.39711e-06 1.01508e-07 4.49861e-06 3.07869e-09 4.50169e-06
OpenSTA targeted timing report:
Startpoint: _4659_ (rising edge-triggered flip-flop clocked by core)
Endpoint: _4659_ (rising edge-triggered flip-flop clocked by core)
Path Group: core
Path Type: min

Fanout         Cap        Slew       Delay        Time   Description
---------------------------------------------------------------------------------------------
                      0.000000    0.000000    0.000000   clock core (rise edge)
                                  0.000000    0.000000   clock network delay (ideal)
                      0.000000    0.000000    0.000000 ^ _4659_/CLK (sky130_fd_sc_hd__dfrtp_1)
     4    0.008577    0.073043    0.376446    0.376446 v _4659_/Q (sky130_fd_sc_hd__dfrtp_1)
                                                         u_cordic_core.y_q[2] (net)
                      0.073043    0.000000    0.376446 v _3528_/A (sky130_fd_sc_hd__inv_1)
     3    0.007504    0.072038    0.081180    0.457626 ^ _3528_/Y (sky130_fd_sc_hd__inv_1)
                                                         _0655_ (net)
                      0.072038    0.000000    0.457626 ^ _4273_/A1 (sky130_fd_sc_hd__o22ai_1)
     1    0.001991    0.054265    0.089209    0.546835 v _4273_/Y (sky130_fd_sc_hd__o22ai_1)
                                                         _0078_ (net)
                      0.054265    0.000000    0.546835 v _4659_/D (sky130_fd_sc_hd__dfrtp_1)
                                              0.546835   data arrival time

                      0.000000    0.000000    0.000000   clock core (rise edge)
                                  0.000000    0.000000   clock network delay (ideal)
                                  0.000000    0.000000   clock reconvergence pessimism
                                              0.000000 ^ _4659_/CLK (sky130_fd_sc_hd__dfrtp_1)
                                 -0.051359   -0.051359   library hold time
                                             -0.051359   data required time
---------------------------------------------------------------------------------------------
                                             -0.051359   data required time
                                             -0.546835   data arrival time
---------------------------------------------------------------------------------------------
                                              0.598193   slack (MET)

Hotspot 15: instance=_4662_ selected_worst_paths=none internal=4.34147e-06 switching=1.30447e-07 dynamic=4.47192e-06 leakage=3.4164e-09 total=4.47534e-06
Worst path through hotspot: status=met slack=0.589261 type=min group=core
startpoint=_4511_ (rising edge-triggered flip-flop clocked by core)
endpoint=_4662_ (rising edge-triggered flip-flop clocked by core)
path_power_complete=true
path_average_power_sum internal=8.78304e-06 switching=2.28937e-07 dynamic=9.01198e-06 leakage=7.8774e-09 total=9.01986e-06
stage instance cell pins fanout capacitance slew delay arrival internal switching dynamic leakage total
1 _4511_ sky130_fd_sc_hd__dfrtp_1 CLK,Q 4 0.009365 0.097882 0.34893 0.34893 4.19261e-06 6.82623e-09 4.19943e-06 3.60082e-09 4.20303e-06
2 _4254_ sky130_fd_sc_hd__a211oi_1 A2,Y 1 0.002432 0.052195 0.083491 0.432422 2.08143e-08 9.51846e-09 3.03328e-08 3.60714e-10 3.06935e-08
3 _4256_ sky130_fd_sc_hd__o22ai_1 B1,Y 1 0.002026 0.109373 0.101721 0.534142 2.28149e-07 8.21453e-08 3.10294e-07 4.99457e-10 3.10793e-07
4 _4662_ sky130_fd_sc_hd__dfrtp_1 D - - 0.109373 0 0.534142 4.34147e-06 1.30447e-07 4.47192e-06 3.4164e-09 4.47534e-06
OpenSTA targeted timing report:
Startpoint: _4511_ (rising edge-triggered flip-flop clocked by core)
Endpoint: _4662_ (rising edge-triggered flip-flop clocked by core)
Path Group: core
Path Type: min

Fanout         Cap        Slew       Delay        Time   Description
---------------------------------------------------------------------------------------------
                      0.000000    0.000000    0.000000   clock core (rise edge)
                                  0.000000    0.000000   clock network delay (ideal)
                      0.000000    0.000000    0.000000 ^ _4511_/CLK (sky130_fd_sc_hd__dfrtp_1)
     4    0.009365    0.097882    0.348930    0.348930 ^ _4511_/Q (sky130_fd_sc_hd__dfrtp_1)
                                                         reg2hw[172] (net)
                      0.097882    0.000000    0.348930 ^ _4254_/A2 (sky130_fd_sc_hd__a211oi_1)
     1    0.002432    0.052195    0.083491    0.432422 v _4254_/Y (sky130_fd_sc_hd__a211oi_1)
                                                         _1321_ (net)
                      0.052195    0.000000    0.432422 v _4256_/B1 (sky130_fd_sc_hd__o22ai_1)
     1    0.002026    0.109373    0.101721    0.534142 ^ _4256_/Y (sky130_fd_sc_hd__o22ai_1)
                                                         _0075_ (net)
                      0.109373    0.000000    0.534142 ^ _4662_/D (sky130_fd_sc_hd__dfrtp_1)
                                              0.534142   data arrival time

                      0.000000    0.000000    0.000000   clock core (rise edge)
                                  0.000000    0.000000   clock network delay (ideal)
                                  0.000000    0.000000   clock reconvergence pessimism
                                              0.000000 ^ _4662_/CLK (sky130_fd_sc_hd__dfrtp_1)
                                 -0.055119   -0.055119   library hold time
                                             -0.055119   data required time
---------------------------------------------------------------------------------------------
                                             -0.055119   data required time
                                             -0.534142   data arrival time
---------------------------------------------------------------------------------------------
                                              0.589261   slack (MET)

Hotspot 16: instance=_4652_ selected_worst_paths=none internal=4.37855e-06 switching=8.58279e-08 dynamic=4.46438e-06 leakage=3.1588e-09 total=4.46754e-06
Worst path through hotspot: status=met slack=0.577033 type=min group=core
startpoint=_4652_ (rising edge-triggered flip-flop clocked by core)
endpoint=_4652_ (rising edge-triggered flip-flop clocked by core)
path_power_complete=true
path_average_power_sum internal=4.60868e-06 switching=2.32548e-07 dynamic=4.84123e-06 leakage=5.08352e-09 total=4.84632e-06
stage instance cell pins fanout capacitance slew delay arrival internal switching dynamic leakage total
1 _4652_ sky130_fd_sc_hd__dfrtp_1 CLK,Q 3 0.00636 0.061848 0.36368 0.36368 4.37855e-06 8.58279e-08 4.46438e-06 3.1588e-09 4.46754e-06
2 _3770_ sky130_fd_sc_hd__inv_1 A,Y 3 0.006877 0.065851 0.073582 0.437261 2.26203e-08 8.70958e-08 1.09716e-07 1.56557e-09 1.11282e-07
3 _4335_ sky130_fd_sc_hd__o22ai_1 A1,Y 1 0.001991 0.056716 0.087537 0.524798 2.07511e-07 5.96246e-08 2.67135e-07 3.59145e-10 2.67494e-07
4 _4652_ sky130_fd_sc_hd__dfrtp_1 D - - 0.056716 0 0.524798 4.37855e-06 8.58279e-08 4.46438e-06 3.1588e-09 4.46754e-06
OpenSTA targeted timing report:
Startpoint: _4652_ (rising edge-triggered flip-flop clocked by core)
Endpoint: _4652_ (rising edge-triggered flip-flop clocked by core)
Path Group: core
Path Type: min

Fanout         Cap        Slew       Delay        Time   Description
---------------------------------------------------------------------------------------------
                      0.000000    0.000000    0.000000   clock core (rise edge)
                                  0.000000    0.000000   clock network delay (ideal)
                      0.000000    0.000000    0.000000 ^ _4652_/CLK (sky130_fd_sc_hd__dfrtp_1)
     3    0.006360    0.061848    0.363680    0.363680 v _4652_/Q (sky130_fd_sc_hd__dfrtp_1)
                                                         u_cordic_core.z_q[11] (net)
                      0.061848    0.000000    0.363680 v _3770_/A (sky130_fd_sc_hd__inv_1)
     3    0.006877    0.065851    0.073582    0.437261 ^ _3770_/Y (sky130_fd_sc_hd__inv_1)
                                                         _0882_ (net)
                      0.065851    0.000000    0.437261 ^ _4335_/A1 (sky130_fd_sc_hd__o22ai_1)
     1    0.001991    0.056716    0.087537    0.524798 v _4335_/Y (sky130_fd_sc_hd__o22ai_1)
                                                         _0084_ (net)
                      0.056716    0.000000    0.524798 v _4652_/D (sky130_fd_sc_hd__dfrtp_1)
                                              0.524798   data arrival time

                      0.000000    0.000000    0.000000   clock core (rise edge)
                                  0.000000    0.000000   clock network delay (ideal)
                                  0.000000    0.000000   clock reconvergence pessimism
                                              0.000000 ^ _4652_/CLK (sky130_fd_sc_hd__dfrtp_1)
                                 -0.052235   -0.052235   library hold time
                                             -0.052235   data required time
---------------------------------------------------------------------------------------------
                                             -0.052235   data required time
                                             -0.524798   data arrival time
---------------------------------------------------------------------------------------------
                                              0.577033   slack (MET)

Hotspot 17: instance=_4658_ selected_worst_paths=none internal=4.37293e-06 switching=7.98184e-08 dynamic=4.45274e-06 leakage=3.48863e-09 total=4.45623e-06
Worst path through hotspot: status=met slack=0.590431 type=min group=core
startpoint=_4658_ (rising edge-triggered flip-flop clocked by core)
endpoint=_4658_ (rising edge-triggered flip-flop clocked by core)
path_power_complete=true
path_average_power_sum internal=4.50319e-06 switching=2.63232e-07 dynamic=4.76642e-06 leakage=5.16898e-09 total=4.77159e-06
stage instance cell pins fanout capacitance slew delay arrival internal switching dynamic leakage total
1 _4658_ sky130_fd_sc_hd__dfrtp_1 CLK,Q 3 0.007424 0.083526 0.335989 0.335989 4.37293e-06 7.98184e-08 4.45274e-06 3.48863e-09 4.45623e-06
2 _3022_ sky130_fd_sc_hd__inv_1 A,Y 4 0.008643 0.055901 0.073055 0.409043 1.97691e-08 1.01638e-07 1.21407e-07 1.07231e-09 1.22479e-07
3 _4278_ sky130_fd_sc_hd__o21ai_0 A1,Y 1 0.002026 0.059848 0.135845 0.544888 1.10493e-07 8.17761e-08 1.9227e-07 6.08039e-10 1.92878e-07
4 _4658_ sky130_fd_sc_hd__dfrtp_1 D - - 0.059848 0 0.544888 4.37293e-06 7.98184e-08 4.45274e-06 3.48863e-09 4.45623e-06
OpenSTA targeted timing report:
Startpoint: _4658_ (rising edge-triggered flip-flop clocked by core)
Endpoint: _4658_ (rising edge-triggered flip-flop clocked by core)
Path Group: core
Path Type: min

Fanout         Cap        Slew       Delay        Time   Description
---------------------------------------------------------------------------------------------
                      0.000000    0.000000    0.000000   clock core (rise edge)
                                  0.000000    0.000000   clock network delay (ideal)
                      0.000000    0.000000    0.000000 ^ _4658_/CLK (sky130_fd_sc_hd__dfrtp_1)
     3    0.007424    0.083526    0.335989    0.335989 ^ _4658_/Q (sky130_fd_sc_hd__dfrtp_1)
                                                         u_cordic_core.y_q[1] (net)
                      0.083526    0.000000    0.335989 ^ _3022_/A (sky130_fd_sc_hd__inv_1)
     4    0.008643    0.055901    0.073055    0.409043 v _3022_/Y (sky130_fd_sc_hd__inv_1)
                                                         _2085_ (net)
                      0.055901    0.000000    0.409043 v _4278_/A1 (sky130_fd_sc_hd__o21ai_0)
     1    0.002026    0.059848    0.135845    0.544888 ^ _4278_/Y (sky130_fd_sc_hd__o21ai_0)
                                                         _0079_ (net)
                      0.059848    0.000000    0.544888 ^ _4658_/D (sky130_fd_sc_hd__dfrtp_1)
                                              0.544888   data arrival time

                      0.000000    0.000000    0.000000   clock core (rise edge)
                                  0.000000    0.000000   clock network delay (ideal)
                                  0.000000    0.000000   clock reconvergence pessimism
                                              0.000000 ^ _4658_/CLK (sky130_fd_sc_hd__dfrtp_1)
                                 -0.045543   -0.045543   library hold time
                                             -0.045543   data required time
---------------------------------------------------------------------------------------------
                                             -0.045543   data required time
                                             -0.544888   data arrival time
---------------------------------------------------------------------------------------------
                                              0.590431   slack (MET)

Hotspot 18: instance=_4663_ selected_worst_paths=none internal=4.3389e-06 switching=1.11788e-07 dynamic=4.45068e-06 leakage=3.43445e-09 total=4.45412e-06
Worst path through hotspot: status=met slack=0.627488 type=min group=core
startpoint=_4663_ (rising edge-triggered flip-flop clocked by core)
endpoint=_4663_ (rising edge-triggered flip-flop clocked by core)
path_power_complete=true
path_average_power_sum internal=4.57268e-06 switching=2.44239e-07 dynamic=4.81692e-06 leakage=5.10335e-09 total=4.82203e-06
stage instance cell pins fanout capacitance slew delay arrival internal switching dynamic leakage total
1 _4663_ sky130_fd_sc_hd__dfrtp_1 CLK,Q 5 0.013668 0.097474 0.400332 0.400332 4.3389e-06 1.11788e-07 4.45068e-06 3.43445e-09 4.45412e-06
2 _3488_ sky130_fd_sc_hd__inv_1 A,Y 3 0.006877 0.071786 0.086657 0.486989 1.37719e-08 5.326e-08 6.70319e-08 1.15962e-09 6.81916e-08
3 _4249_ sky130_fd_sc_hd__o22ai_1 A1,Y 1 0.001991 0.054265 0.089141 0.57613 2.20014e-07 7.91918e-08 2.99206e-07 5.09277e-10 2.99715e-07
4 _4663_ sky130_fd_sc_hd__dfrtp_1 D - - 0.054265 0 0.57613 4.3389e-06 1.11788e-07 4.45068e-06 3.43445e-09 4.45412e-06
OpenSTA targeted timing report:
Startpoint: _4663_ (rising edge-triggered flip-flop clocked by core)
Endpoint: _4663_ (rising edge-triggered flip-flop clocked by core)
Path Group: core
Path Type: min

Fanout         Cap        Slew       Delay        Time   Description
---------------------------------------------------------------------------------------------
                      0.000000    0.000000    0.000000   clock core (rise edge)
                                  0.000000    0.000000   clock network delay (ideal)
                      0.000000    0.000000    0.000000 ^ _4663_/CLK (sky130_fd_sc_hd__dfrtp_1)
     5    0.013668    0.097474    0.400332    0.400332 v _4663_/Q (sky130_fd_sc_hd__dfrtp_1)
                                                         u_cordic_core.y_q[6] (net)
                      0.097474    0.000000    0.400332 v _3488_/A (sky130_fd_sc_hd__inv_1)
     3    0.006877    0.071786    0.086657    0.486989 ^ _3488_/Y (sky130_fd_sc_hd__inv_1)
                                                         _0615_ (net)
                      0.071786    0.000000    0.486989 ^ _4249_/A1 (sky130_fd_sc_hd__o22ai_1)
     1    0.001991    0.054265    0.089141    0.576130 v _4249_/Y (sky130_fd_sc_hd__o22ai_1)
                                                         _0074_ (net)
                      0.054265    0.000000    0.576130 v _4663_/D (sky130_fd_sc_hd__dfrtp_1)
                                              0.576130   data arrival time

                      0.000000    0.000000    0.000000   clock core (rise edge)
                                  0.000000    0.000000   clock network delay (ideal)
                                  0.000000    0.000000   clock reconvergence pessimism
                                              0.000000 ^ _4663_/CLK (sky130_fd_sc_hd__dfrtp_1)
                                 -0.051359   -0.051359   library hold time
                                             -0.051359   data required time
---------------------------------------------------------------------------------------------
                                             -0.051359   data required time
                                             -0.576130   data arrival time
---------------------------------------------------------------------------------------------
                                              0.627488   slack (MET)

Hotspot 19: instance=_4656_ selected_worst_paths=none internal=4.36436e-06 switching=8.27663e-08 dynamic=4.44713e-06 leakage=3.15691e-09 total=4.45028e-06
Worst path through hotspot: status=met slack=0.563228 type=min group=core
startpoint=_4656_ (rising edge-triggered flip-flop clocked by core)
endpoint=_4656_ (rising edge-triggered flip-flop clocked by core)
path_power_complete=true
path_average_power_sum internal=4.54789e-06 switching=1.9182e-07 dynamic=4.73971e-06 leakage=5.14969e-09 total=4.74486e-06
stage instance cell pins fanout capacitance slew delay arrival internal switching dynamic leakage total
1 _4656_ sky130_fd_sc_hd__dfrtp_1 CLK,Q 3 0.006361 0.061853 0.363685 0.363685 4.36436e-06 8.27663e-08 4.44713e-06 3.15691e-09 4.45028e-06
2 _3167_ sky130_fd_sc_hd__inv_1 A,Y 2 0.005039 0.052677 0.063547 0.427232 2.16034e-08 6.19814e-08 8.35848e-08 1.56813e-09 8.51529e-08
3 _2822_ sky130_fd_sc_hd__o22ai_1 A1,Y 1 0.001991 0.056165 0.083958 0.511191 1.61925e-07 4.7072e-08 2.08997e-07 4.24645e-10 2.09422e-07
4 _4656_ sky130_fd_sc_hd__dfrtp_1 D - - 0.056165 0 0.511191 4.36436e-06 8.27663e-08 4.44713e-06 3.15691e-09 4.45028e-06
OpenSTA targeted timing report:
Startpoint: _4656_ (rising edge-triggered flip-flop clocked by core)
Endpoint: _4656_ (rising edge-triggered flip-flop clocked by core)
Path Group: core
Path Type: min

Fanout         Cap        Slew       Delay        Time   Description
---------------------------------------------------------------------------------------------
                      0.000000    0.000000    0.000000   clock core (rise edge)
                                  0.000000    0.000000   clock network delay (ideal)
                      0.000000    0.000000    0.000000 ^ _4656_/CLK (sky130_fd_sc_hd__dfrtp_1)
     3    0.006361    0.061853    0.363685    0.363685 v _4656_/Q (sky130_fd_sc_hd__dfrtp_1)
                                                         u_cordic_core.z_q[15] (net)
                      0.061853    0.000000    0.363685 v _3167_/A (sky130_fd_sc_hd__inv_1)
     2    0.005039    0.052677    0.063547    0.427232 ^ _3167_/Y (sky130_fd_sc_hd__inv_1)
                                                         _0309_ (net)
                      0.052677    0.000000    0.427232 ^ _2822_/A1 (sky130_fd_sc_hd__o22ai_1)
     1    0.001991    0.056165    0.083958    0.511191 v _2822_/Y (sky130_fd_sc_hd__o22ai_1)
                                                         _0296_ (net)
                      0.056165    0.000000    0.511191 v _4656_/D (sky130_fd_sc_hd__dfrtp_1)
                                              0.511191   data arrival time

                      0.000000    0.000000    0.000000   clock core (rise edge)
                                  0.000000    0.000000   clock network delay (ideal)
                                  0.000000    0.000000   clock reconvergence pessimism
                                              0.000000 ^ _4656_/CLK (sky130_fd_sc_hd__dfrtp_1)
                                 -0.052038   -0.052038   library hold time
                                             -0.052038   data required time
---------------------------------------------------------------------------------------------
                                             -0.052038   data required time
                                             -0.511191   data arrival time
---------------------------------------------------------------------------------------------
                                              0.563228   slack (MET)

Hotspot 20: instance=_4650_ selected_worst_paths=none internal=4.35929e-06 switching=8.26798e-08 dynamic=4.44197e-06 leakage=3.16258e-09 total=4.44513e-06
Worst path through hotspot: status=met slack=0.567977 type=min group=core
startpoint=_4650_ (rising edge-triggered flip-flop clocked by core)
endpoint=_4650_ (rising edge-triggered flip-flop clocked by core)
path_power_complete=true
path_average_power_sum internal=4.57431e-06 switching=1.95543e-07 dynamic=4.76985e-06 leakage=5.10229e-09 total=4.77495e-06
stage instance cell pins fanout capacitance slew delay arrival internal switching dynamic leakage total
1 _4650_ sky130_fd_sc_hd__dfrtp_1 CLK,Q 3 0.00699 0.065029 0.367307 0.367307 4.35929e-06 8.26798e-08 4.44197e-06 3.16258e-09 4.44513e-06
2 _3779_ sky130_fd_sc_hd__inv_1 A,Y 2 0.005014 0.053172 0.06452 0.431827 1.96583e-08 5.61918e-08 7.58501e-08 1.56039e-09 7.74105e-08
3 _4349_ sky130_fd_sc_hd__o22ai_1 A1,Y 1 0.001991 0.056164 0.084113 0.51594 1.95358e-07 5.6671e-08 2.52029e-07 3.79321e-10 2.52408e-07
4 _4650_ sky130_fd_sc_hd__dfrtp_1 D - - 0.056164 0 0.51594 4.35929e-06 8.26798e-08 4.44197e-06 3.16258e-09 4.44513e-06
OpenSTA targeted timing report:
Startpoint: _4650_ (rising edge-triggered flip-flop clocked by core)
Endpoint: _4650_ (rising edge-triggered flip-flop clocked by core)
Path Group: core
Path Type: min

Fanout         Cap        Slew       Delay        Time   Description
---------------------------------------------------------------------------------------------
                      0.000000    0.000000    0.000000   clock core (rise edge)
                                  0.000000    0.000000   clock network delay (ideal)
                      0.000000    0.000000    0.000000 ^ _4650_/CLK (sky130_fd_sc_hd__dfrtp_1)
     3    0.006990    0.065029    0.367307    0.367307 v _4650_/Q (sky130_fd_sc_hd__dfrtp_1)
                                                         u_cordic_core.z_q[9] (net)
                      0.065029    0.000000    0.367307 v _3779_/A (sky130_fd_sc_hd__inv_1)
     2    0.005014    0.053172    0.064520    0.431827 ^ _3779_/Y (sky130_fd_sc_hd__inv_1)
                                                         _0891_ (net)
                      0.053172    0.000000    0.431827 ^ _4349_/A1 (sky130_fd_sc_hd__o22ai_1)
     1    0.001991    0.056164    0.084113    0.515940 v _4349_/Y (sky130_fd_sc_hd__o22ai_1)
                                                         _0086_ (net)
                      0.056164    0.000000    0.515940 v _4650_/D (sky130_fd_sc_hd__dfrtp_1)
                                              0.515940   data arrival time

                      0.000000    0.000000    0.000000   clock core (rise edge)
                                  0.000000    0.000000   clock network delay (ideal)
                                  0.000000    0.000000   clock reconvergence pessimism
                                              0.000000 ^ _4650_/CLK (sky130_fd_sc_hd__dfrtp_1)
                                 -0.052037   -0.052037   library hold time
                                             -0.052037   data required time
---------------------------------------------------------------------------------------------
                                             -0.052037   data required time
                                             -0.515940   data arrival time
---------------------------------------------------------------------------------------------
                                              0.567977   slack (MET)
