analysis=fusion_analysis corner=tt mode=hold stage=post_syn
workload=auto_toggle_sv_tt
methodology=staged_public_opensta
path_power_semantics=average_instance_power_in_same_analysis_context
activity_file=/tmp/flexsoc-repack/uart/runs/uart/dev/signoff/ihp-sg13g2/power/activity/captures/uart_ihp-sg13g2_auto_toggle_sv_tt.vcd
activity_scope=uart_tb/u_uart
liberty=/home/eneadim/github/flexsoc/.flexsoc/pdks/ihp-sg13g2/ihp-sg13g2/libs.ref/sg13g2_stdcell/lib/sg13g2_stdcell_typ_1p50V_25C.lib
netlist=/tmp/flexsoc-repack/uart/runs/uart/dev/syn/ihp-sg13g2/uart_synth.v
sdc=/tmp/flexsoc-repack/uart/runs/uart/dev/constraints/uart.sdc
spef=

=== Units ===
 time 1ns
 capacitance 1pF
 resistance 1kohm
 voltage 1v
 current 1uA
 power 1pW
 distance 1um

=== Constraint validation ===

=== Timing summary ===
wns min 0.00
tns min 0.00

=== Power summary ===
Group                  Internal  Switching    Leakage      Total
                          Power      Power      Power      Power (Watts)
----------------------------------------------------------------
Sequential             2.98e-03   1.67e-05   5.07e-07   3.00e-03  96.6%
Combinational          5.20e-05   5.34e-05   4.62e-07   1.06e-04   3.4%
Clock                  0.00e+00   0.00e+00   0.00e+00   0.00e+00   0.0%
Macro                  0.00e+00   0.00e+00   0.00e+00   0.00e+00   0.0%
Pad                    0.00e+00   0.00e+00   0.00e+00   0.00e+00   0.0%
----------------------------------------------------------------
Total                  3.03e-03   7.01e-05   9.69e-07   3.11e-03 100.0%
                          97.7%       2.3%       0.0%

=== Worst timing paths (violated or met) ===
Startpoint: rx_i (input port clocked by core)
Endpoint: _3040_ (rising edge-triggered flip-flop clocked by core)
Path Group: core
Path Type: min

Fanout         Cap        Slew       Delay        Time   Description
---------------------------------------------------------------------------------------------
                      0.000000    0.000000    0.000000   clock core (rise edge)
                                  0.000000    0.000000   clock network delay (ideal)
                                  0.000000    0.000000 ^ input external delay
     2    0.005413    0.000541    0.000541    0.000541 ^ rx_i (in)
                                                         rx_i (net)
                      0.000541    0.000000    0.000541 ^ _1491_/A (sg13g2_inv_1)
     1    0.001482    0.006837    0.012783    0.013324 v _1491_/Y (sg13g2_inv_1)
                                                         _0048_ (net)
                      0.006837    0.000000    0.013324 v _3040_/D (sg13g2_dfrbpq_1)
                                              0.013324   data arrival time

                      0.000000    0.000000    0.000000   clock core (rise edge)
                                  0.000000    0.000000   clock network delay (ideal)
                                  0.000000    0.000000   clock reconvergence pessimism
                                              0.000000 ^ _3040_/CLK (sg13g2_dfrbpq_1)
                                 -0.026447   -0.026447   library hold time
                                             -0.026447   data required time
---------------------------------------------------------------------------------------------
                                             -0.026447   data required time
                                             -0.013324   data arrival time
---------------------------------------------------------------------------------------------
                                              0.039771   slack (MET)


Startpoint: tl_i[0] (input port clocked by core)
Endpoint: _2978_ (rising edge-triggered flip-flop clocked by core)
Path Group: core
Path Type: min

Fanout         Cap        Slew       Delay        Time   Description
---------------------------------------------------------------------------------------------
                      0.000000    0.000000    0.000000   clock core (rise edge)
                                  0.000000    0.000000   clock network delay (ideal)
                                  0.000000    0.000000 ^ input external delay
     1    0.002969    0.000297    0.000297    0.000297 ^ tl_i[0] (in)
                                                         tl_i[0] (net)
                      0.000297    0.000000    0.000297 ^ _2920_/A2 (sg13g2_o21ai_1)
     1    0.001482    0.013537    0.026807    0.027104 v _2920_/Y (sg13g2_o21ai_1)
                                                         _0357_ (net)
                      0.013537    0.000000    0.027104 v _2978_/D (sg13g2_dfrbpq_1)
                                              0.027104   data arrival time

                      0.000000    0.000000    0.000000   clock core (rise edge)
                                  0.000000    0.000000   clock network delay (ideal)
                                  0.000000    0.000000   clock reconvergence pessimism
                                              0.000000 ^ _2978_/CLK (sg13g2_dfrbpq_1)
                                 -0.027961   -0.027961   library hold time
                                             -0.027961   data required time
---------------------------------------------------------------------------------------------
                                             -0.027961   data required time
                                             -0.027104   data arrival time
---------------------------------------------------------------------------------------------
                                              0.055065   slack (MET)


Startpoint: rst_ni (input port clocked by core)
Endpoint: _3017_ (removal check against rising-edge clock core)
Path Group: asynchronous
Path Type: min

Fanout         Cap        Slew       Delay        Time   Description
---------------------------------------------------------------------------------------------
                      0.000000    0.000000    0.000000   clock core (rise edge)
                                  0.000000    0.000000   clock network delay (ideal)
                                  0.000000    0.000000 ^ input external delay
     2    0.009158    0.000916    0.000916    0.000916 ^ rst_ni (in)
                                                         rst_ni (net)
                      0.000916    0.000000    0.000916 ^ _3017_/RESET_B (sg13g2_dfrbpq_1)
                                              0.000916   data arrival time

                      0.000000    0.000000    0.000000   clock core (rise edge)
                                  0.000000    0.000000   clock network delay (ideal)
                                  0.000000    0.000000   clock reconvergence pessimism
                                              0.000000 ^ _3017_/CLK (sg13g2_dfrbpq_1)
                                 -0.061494   -0.061494   library removal time
                                             -0.061494   data required time
---------------------------------------------------------------------------------------------
                                             -0.061494   data required time
                                             -0.000916   data arrival time
---------------------------------------------------------------------------------------------
                                              0.062409   slack (MET)


Startpoint: rst_ni (input port clocked by core)
Endpoint: _3018_ (removal check against rising-edge clock core)
Path Group: asynchronous
Path Type: min

Fanout         Cap        Slew       Delay        Time   Description
---------------------------------------------------------------------------------------------
                      0.000000    0.000000    0.000000   clock core (rise edge)
                                  0.000000    0.000000   clock network delay (ideal)
                                  0.000000    0.000000 ^ input external delay
     2    0.009158    0.000916    0.000916    0.000916 ^ rst_ni (in)
                                                         rst_ni (net)
                      0.000916    0.000000    0.000916 ^ _3018_/RESET_B (sg13g2_dfrbpq_1)
                                              0.000916   data arrival time

                      0.000000    0.000000    0.000000   clock core (rise edge)
                                  0.000000    0.000000   clock network delay (ideal)
                                  0.000000    0.000000   clock reconvergence pessimism
                                              0.000000 ^ _3018_/CLK (sg13g2_dfrbpq_1)
                                 -0.061494   -0.061494   library removal time
                                             -0.061494   data required time
---------------------------------------------------------------------------------------------
                                             -0.061494   data required time
                                             -0.000916   data arrival time
---------------------------------------------------------------------------------------------
                                              0.062409   slack (MET)


Startpoint: rx_i (input port clocked by core)
Endpoint: tx_o (output port clocked by core)
Path Group: core
Path Type: min

Fanout         Cap        Slew       Delay        Time   Description
---------------------------------------------------------------------------------------------
                      0.000000    0.000000    0.000000   clock core (rise edge)
                                  0.000000    0.000000   clock network delay (ideal)
                                  0.000000    0.000000 ^ input external delay
     2    0.005413    0.000541    0.000541    0.000541 ^ rx_i (in)
                                                         rx_i (net)
                      0.000541    0.000000    0.000541 ^ _2873_/A (sg13g2_nand2_1)
     1    0.002891    0.018188    0.023230    0.023771 v _2873_/Y (sg13g2_nand2_1)
                                                         _1232_ (net)
                      0.018188    0.000000    0.023771 v _2874_/B1 (sg13g2_o21ai_1)
     1    0.010000    0.043986    0.041928    0.065700 ^ _2874_/Y (sg13g2_o21ai_1)
                                                         tx_o (net)
                      0.043986    0.000000    0.065700 ^ tx_o (out)
                                              0.065700   data arrival time

                      0.000000    0.000000    0.000000   clock core (rise edge)
                                  0.000000    0.000000   clock network delay (ideal)
                                  0.000000    0.000000   clock reconvergence pessimism
                                  0.000000    0.000000   output external delay
                                              0.000000   data required time
---------------------------------------------------------------------------------------------
                                              0.000000   data required time
                                             -0.065700   data arrival time
---------------------------------------------------------------------------------------------
                                              0.065700   slack (MET)


Startpoint: tl_i[47] (input port clocked by core)
Endpoint: _3008_ (rising edge-triggered flip-flop clocked by core)
Path Group: core
Path Type: min

Fanout         Cap        Slew       Delay        Time   Description
---------------------------------------------------------------------------------------------
                      0.000000    0.000000    0.000000   clock core (rise edge)
                                  0.000000    0.000000   clock network delay (ideal)
                                  0.000000    0.000000 v input external delay
     1    0.002788    0.000279    0.000279    0.000279 v tl_i[47] (in)
                                                         tl_i[47] (net)
                      0.000279    0.000000    0.000279 v _1628_/B (sg13g2_nand2_1)
     1    0.002996    0.016759    0.019860    0.020139 ^ _1628_/Y (sg13g2_nand2_1)
                                                         _1387_ (net)
                      0.016759    0.000000    0.020139 ^ _1629_/B1 (sg13g2_o21ai_1)
     1    0.001482    0.016569    0.023206    0.043344 v _1629_/Y (sg13g2_o21ai_1)
                                                         _0059_ (net)
                      0.016569    0.000000    0.043344 v _3008_/D (sg13g2_dfrbpq_1)
                                              0.043344   data arrival time

                      0.000000    0.000000    0.000000   clock core (rise edge)
                                  0.000000    0.000000   clock network delay (ideal)
                                  0.000000    0.000000   clock reconvergence pessimism
                                              0.000000 ^ _3008_/CLK (sg13g2_dfrbpq_1)
                                 -0.028646   -0.028646   library hold time
                                             -0.028646   data required time
---------------------------------------------------------------------------------------------
                                             -0.028646   data required time
                                             -0.043344   data arrival time
---------------------------------------------------------------------------------------------
                                              0.071991   slack (MET)


Startpoint: tl_i[50] (input port clocked by core)
Endpoint: _3011_ (rising edge-triggered flip-flop clocked by core)
Path Group: core
Path Type: min

Fanout         Cap        Slew       Delay        Time   Description
---------------------------------------------------------------------------------------------
                      0.000000    0.000000    0.000000   clock core (rise edge)
                                  0.000000    0.000000   clock network delay (ideal)
                                  0.000000    0.000000 v input external delay
     1    0.002788    0.000279    0.000279    0.000279 v tl_i[50] (in)
                                                         tl_i[50] (net)
                      0.000279    0.000000    0.000279 v _1622_/B (sg13g2_nand2_1)
     1    0.002996    0.016759    0.019860    0.020139 ^ _1622_/Y (sg13g2_nand2_1)
                                                         _1384_ (net)
                      0.016759    0.000000    0.020139 ^ _1623_/B1 (sg13g2_o21ai_1)
     1    0.001482    0.016569    0.023206    0.043344 v _1623_/Y (sg13g2_o21ai_1)
                                                         _0056_ (net)
                      0.016569    0.000000    0.043344 v _3011_/D (sg13g2_dfrbpq_1)
                                              0.043344   data arrival time

                      0.000000    0.000000    0.000000   clock core (rise edge)
                                  0.000000    0.000000   clock network delay (ideal)
                                  0.000000    0.000000   clock reconvergence pessimism
                                              0.000000 ^ _3011_/CLK (sg13g2_dfrbpq_1)
                                 -0.028646   -0.028646   library hold time
                                             -0.028646   data required time
---------------------------------------------------------------------------------------------
                                             -0.028646   data required time
                                             -0.043344   data arrival time
---------------------------------------------------------------------------------------------
                                              0.071991   slack (MET)


Startpoint: tl_i[52] (input port clocked by core)
Endpoint: _3013_ (rising edge-triggered flip-flop clocked by core)
Path Group: core
Path Type: min

Fanout         Cap        Slew       Delay        Time   Description
---------------------------------------------------------------------------------------------
                      0.000000    0.000000    0.000000   clock core (rise edge)
                                  0.000000    0.000000   clock network delay (ideal)
                                  0.000000    0.000000 v input external delay
     1    0.002788    0.000279    0.000279    0.000279 v tl_i[52] (in)
                                                         tl_i[52] (net)
                      0.000279    0.000000    0.000279 v _1618_/B (sg13g2_nand2_1)
     1    0.002996    0.016759    0.019860    0.020139 ^ _1618_/Y (sg13g2_nand2_1)
                                                         _1382_ (net)
                      0.016759    0.000000    0.020139 ^ _1619_/B1 (sg13g2_o21ai_1)
     1    0.001482    0.016569    0.023206    0.043344 v _1619_/Y (sg13g2_o21ai_1)
                                                         _0054_ (net)
                      0.016569    0.000000    0.043344 v _3013_/D (sg13g2_dfrbpq_1)
                                              0.043344   data arrival time

                      0.000000    0.000000    0.000000   clock core (rise edge)
                                  0.000000    0.000000   clock network delay (ideal)
                                  0.000000    0.000000   clock reconvergence pessimism
                                              0.000000 ^ _3013_/CLK (sg13g2_dfrbpq_1)
                                 -0.028646   -0.028646   library hold time
                                             -0.028646   data required time
---------------------------------------------------------------------------------------------
                                             -0.028646   data required time
                                             -0.043344   data arrival time
---------------------------------------------------------------------------------------------
                                              0.071991   slack (MET)


Startpoint: tl_i[53] (input port clocked by core)
Endpoint: _3014_ (rising edge-triggered flip-flop clocked by core)
Path Group: core
Path Type: min

Fanout         Cap        Slew       Delay        Time   Description
---------------------------------------------------------------------------------------------
                      0.000000    0.000000    0.000000   clock core (rise edge)
                                  0.000000    0.000000   clock network delay (ideal)
                                  0.000000    0.000000 v input external delay
     1    0.002788    0.000279    0.000279    0.000279 v tl_i[53] (in)
                                                         tl_i[53] (net)
                      0.000279    0.000000    0.000279 v _1616_/B (sg13g2_nand2_1)
     1    0.002996    0.016759    0.019860    0.020139 ^ _1616_/Y (sg13g2_nand2_1)
                                                         _1381_ (net)
                      0.016759    0.000000    0.020139 ^ _1617_/B1 (sg13g2_o21ai_1)
     1    0.001482    0.016569    0.023206    0.043344 v _1617_/Y (sg13g2_o21ai_1)
                                                         _0053_ (net)
                      0.016569    0.000000    0.043344 v _3014_/D (sg13g2_dfrbpq_1)
                                              0.043344   data arrival time

                      0.000000    0.000000    0.000000   clock core (rise edge)
                                  0.000000    0.000000   clock network delay (ideal)
                                  0.000000    0.000000   clock reconvergence pessimism
                                              0.000000 ^ _3014_/CLK (sg13g2_dfrbpq_1)
                                 -0.028646   -0.028646   library hold time
                                             -0.028646   data required time
---------------------------------------------------------------------------------------------
                                             -0.028646   data required time
                                             -0.043344   data arrival time
---------------------------------------------------------------------------------------------
                                              0.071991   slack (MET)


Startpoint: tl_i[27] (input port clocked by core)
Endpoint: _3272_ (rising edge-triggered flip-flop clocked by core)
Path Group: core
Path Type: min

Fanout         Cap        Slew       Delay        Time   Description
---------------------------------------------------------------------------------------------
                      0.000000    0.000000    0.000000   clock core (rise edge)
                                  0.000000    0.000000   clock network delay (ideal)
                                  0.000000    0.000000 v input external delay
     1    0.002788    0.000279    0.000279    0.000279 v tl_i[27] (in)
                                                         tl_i[27] (net)
                      0.000279    0.000000    0.000279 v _2368_/B (sg13g2_nand2_1)
     1    0.002996    0.016759    0.019860    0.020139 ^ _2368_/Y (sg13g2_nand2_1)
                                                         _0881_ (net)
                      0.016759    0.000000    0.020139 ^ _2369_/B1 (sg13g2_o21ai_1)
     1    0.001482    0.016569    0.023206    0.043344 v _2369_/Y (sg13g2_o21ai_1)
                                                         _0190_ (net)
                      0.016569    0.000000    0.043344 v _3272_/D (sg13g2_dfrbpq_1)
                                              0.043344   data arrival time

                      0.000000    0.000000    0.000000   clock core (rise edge)
                                  0.000000    0.000000   clock network delay (ideal)
                                  0.000000    0.000000   clock reconvergence pessimism
                                              0.000000 ^ _3272_/CLK (sg13g2_dfrbpq_1)
                                 -0.028646   -0.028646   library hold time
                                             -0.028646   data required time
---------------------------------------------------------------------------------------------
                                             -0.028646   data required time
                                             -0.043344   data arrival time
---------------------------------------------------------------------------------------------
                                              0.071991   slack (MET)


Startpoint: tl_i[31] (input port clocked by core)
Endpoint: _2979_ (rising edge-triggered flip-flop clocked by core)
Path Group: core
Path Type: min

Fanout         Cap        Slew       Delay        Time   Description
---------------------------------------------------------------------------------------------
                      0.000000    0.000000    0.000000   clock core (rise edge)
                                  0.000000    0.000000   clock network delay (ideal)
                                  0.000000    0.000000 v input external delay
     2    0.005576    0.000558    0.000558    0.000558 v tl_i[31] (in)
                                                         tl_i[31] (net)
                      0.000558    0.000000    0.000558 v _2921_/B (sg13g2_nand2_1)
     1    0.002996    0.016812    0.019924    0.020481 ^ _2921_/Y (sg13g2_nand2_1)
                                                         _1257_ (net)
                      0.016812    0.000000    0.020481 ^ _2922_/B1 (sg13g2_o21ai_1)
     1    0.001482    0.016578    0.023214    0.043695 v _2922_/Y (sg13g2_o21ai_1)
                                                         _0358_ (net)
                      0.016578    0.000000    0.043695 v _2979_/D (sg13g2_dfrbpq_1)
                                              0.043695   data arrival time

                      0.000000    0.000000    0.000000   clock core (rise edge)
                                  0.000000    0.000000   clock network delay (ideal)
                                  0.000000    0.000000   clock reconvergence pessimism
                                              0.000000 ^ _2979_/CLK (sg13g2_dfrbpq_1)
                                 -0.028648   -0.028648   library hold time
                                             -0.028648   data required time
---------------------------------------------------------------------------------------------
                                             -0.028648   data required time
                                             -0.043695   data arrival time
---------------------------------------------------------------------------------------------
                                              0.072344   slack (MET)


Startpoint: tl_i[29] (input port clocked by core)
Endpoint: _3255_ (rising edge-triggered flip-flop clocked by core)
Path Group: core
Path Type: min

Fanout         Cap        Slew       Delay        Time   Description
---------------------------------------------------------------------------------------------
                      0.000000    0.000000    0.000000   clock core (rise edge)
                                  0.000000    0.000000   clock network delay (ideal)
                                  0.000000    0.000000 v input external delay
     2    0.005576    0.000558    0.000558    0.000558 v tl_i[29] (in)
                                                         tl_i[29] (net)
                      0.000558    0.000000    0.000558 v _2923_/B (sg13g2_nand2_1)
     1    0.002996    0.016812    0.019924    0.020481 ^ _2923_/Y (sg13g2_nand2_1)
                                                         _1258_ (net)
                      0.016812    0.000000    0.020481 ^ _2924_/B1 (sg13g2_o21ai_1)
     1    0.001482    0.016578    0.023214    0.043695 v _2924_/Y (sg13g2_o21ai_1)
                                                         _0359_ (net)
                      0.016578    0.000000    0.043695 v _3255_/D (sg13g2_dfrbpq_1)
                                              0.043695   data arrival time

                      0.000000    0.000000    0.000000   clock core (rise edge)
                                  0.000000    0.000000   clock network delay (ideal)
                                  0.000000    0.000000   clock reconvergence pessimism
                                              0.000000 ^ _3255_/CLK (sg13g2_dfrbpq_1)
                                 -0.028648   -0.028648   library hold time
                                             -0.028648   data required time
---------------------------------------------------------------------------------------------
                                             -0.028648   data required time
                                             -0.043695   data arrival time
---------------------------------------------------------------------------------------------
                                              0.072344   slack (MET)


Startpoint: _3018_ (rising edge-triggered flip-flop clocked by core)
Endpoint: _2950_ (removal check against rising-edge clock core)
Path Group: asynchronous
Path Type: min

Fanout         Cap        Slew       Delay        Time   Description
---------------------------------------------------------------------------------------------
                      0.000000    0.000000    0.000000   clock core (rise edge)
                                  0.000000    0.000000   clock network delay (ideal)
                      0.000000    0.000000    0.000000 ^ _3018_/CLK (sg13g2_dfrbpq_1)
   155    0.709764    2.088576    1.498268    1.498268 ^ _3018_/Q (sg13g2_dfrbpq_1)
                                                         core_rst_sync_ni (net)
                      2.088576    0.000000    1.498268 ^ _2950_/RESET_B (sg13g2_dfrbpq_1)
                                              1.498268   data arrival time

                      0.000000    0.000000    0.000000   clock core (rise edge)
                                  0.000000    0.000000   clock network delay (ideal)
                                  0.000000    0.000000   clock reconvergence pessimism
                                              0.000000 ^ _2950_/CLK (sg13g2_dfrbpq_1)
                                 -0.302772   -0.302772   library removal time
                                             -0.302772   data required time
---------------------------------------------------------------------------------------------
                                             -0.302772   data required time
                                             -1.498268   data arrival time
---------------------------------------------------------------------------------------------
                                              1.801039   slack (MET)


Startpoint: _3018_ (rising edge-triggered flip-flop clocked by core)
Endpoint: _2951_ (removal check against rising-edge clock core)
Path Group: asynchronous
Path Type: min

Fanout         Cap        Slew       Delay        Time   Description
---------------------------------------------------------------------------------------------
                      0.000000    0.000000    0.000000   clock core (rise edge)
                                  0.000000    0.000000   clock network delay (ideal)
                      0.000000    0.000000    0.000000 ^ _3018_/CLK (sg13g2_dfrbpq_1)
   155    0.709764    2.088576    1.498268    1.498268 ^ _3018_/Q (sg13g2_dfrbpq_1)
                                                         core_rst_sync_ni (net)
                      2.088576    0.000000    1.498268 ^ _2951_/RESET_B (sg13g2_dfrbpq_1)
                                              1.498268   data arrival time

                      0.000000    0.000000    0.000000   clock core (rise edge)
                                  0.000000    0.000000   clock network delay (ideal)
                                  0.000000    0.000000   clock reconvergence pessimism
                                              0.000000 ^ _2951_/CLK (sg13g2_dfrbpq_1)
                                 -0.302772   -0.302772   library removal time
                                             -0.302772   data required time
---------------------------------------------------------------------------------------------
                                             -0.302772   data required time
                                             -1.498268   data arrival time
---------------------------------------------------------------------------------------------
                                              1.801039   slack (MET)


Startpoint: _3018_ (rising edge-triggered flip-flop clocked by core)
Endpoint: _2952_ (removal check against rising-edge clock core)
Path Group: asynchronous
Path Type: min

Fanout         Cap        Slew       Delay        Time   Description
---------------------------------------------------------------------------------------------
                      0.000000    0.000000    0.000000   clock core (rise edge)
                                  0.000000    0.000000   clock network delay (ideal)
                      0.000000    0.000000    0.000000 ^ _3018_/CLK (sg13g2_dfrbpq_1)
   155    0.709764    2.088576    1.498268    1.498268 ^ _3018_/Q (sg13g2_dfrbpq_1)
                                                         core_rst_sync_ni (net)
                      2.088576    0.000000    1.498268 ^ _2952_/RESET_B (sg13g2_dfrbpq_1)
                                              1.498268   data arrival time

                      0.000000    0.000000    0.000000   clock core (rise edge)
                                  0.000000    0.000000   clock network delay (ideal)
                                  0.000000    0.000000   clock reconvergence pessimism
                                              0.000000 ^ _2952_/CLK (sg13g2_dfrbpq_1)
                                 -0.302772   -0.302772   library removal time
                                             -0.302772   data required time
---------------------------------------------------------------------------------------------
                                             -0.302772   data required time
                                             -1.498268   data arrival time
---------------------------------------------------------------------------------------------
                                              1.801039   slack (MET)


Startpoint: _3018_ (rising edge-triggered flip-flop clocked by core)
Endpoint: _2953_ (removal check against rising-edge clock core)
Path Group: asynchronous
Path Type: min

Fanout         Cap        Slew       Delay        Time   Description
---------------------------------------------------------------------------------------------
                      0.000000    0.000000    0.000000   clock core (rise edge)
                                  0.000000    0.000000   clock network delay (ideal)
                      0.000000    0.000000    0.000000 ^ _3018_/CLK (sg13g2_dfrbpq_1)
   155    0.709764    2.088576    1.498268    1.498268 ^ _3018_/Q (sg13g2_dfrbpq_1)
                                                         core_rst_sync_ni (net)
                      2.088576    0.000000    1.498268 ^ _2953_/RESET_B (sg13g2_dfrbpq_1)
                                              1.498268   data arrival time

                      0.000000    0.000000    0.000000   clock core (rise edge)
                                  0.000000    0.000000   clock network delay (ideal)
                                  0.000000    0.000000   clock reconvergence pessimism
                                              0.000000 ^ _2953_/CLK (sg13g2_dfrbpq_1)
                                 -0.302772   -0.302772   library removal time
                                             -0.302772   data required time
---------------------------------------------------------------------------------------------
                                             -0.302772   data required time
                                             -1.498268   data arrival time
---------------------------------------------------------------------------------------------
                                              1.801039   slack (MET)


Startpoint: _3018_ (rising edge-triggered flip-flop clocked by core)
Endpoint: _2954_ (removal check against rising-edge clock core)
Path Group: asynchronous
Path Type: min

Fanout         Cap        Slew       Delay        Time   Description
---------------------------------------------------------------------------------------------
                      0.000000    0.000000    0.000000   clock core (rise edge)
                                  0.000000    0.000000   clock network delay (ideal)
                      0.000000    0.000000    0.000000 ^ _3018_/CLK (sg13g2_dfrbpq_1)
   155    0.709764    2.088576    1.498268    1.498268 ^ _3018_/Q (sg13g2_dfrbpq_1)
                                                         core_rst_sync_ni (net)
                      2.088576    0.000000    1.498268 ^ _2954_/RESET_B (sg13g2_dfrbpq_1)
                                              1.498268   data arrival time

                      0.000000    0.000000    0.000000   clock core (rise edge)
                                  0.000000    0.000000   clock network delay (ideal)
                                  0.000000    0.000000   clock reconvergence pessimism
                                              0.000000 ^ _2954_/CLK (sg13g2_dfrbpq_1)
                                 -0.302772   -0.302772   library removal time
                                             -0.302772   data required time
---------------------------------------------------------------------------------------------
                                             -0.302772   data required time
                                             -1.498268   data arrival time
---------------------------------------------------------------------------------------------
                                              1.801039   slack (MET)


Startpoint: _3018_ (rising edge-triggered flip-flop clocked by core)
Endpoint: _2955_ (removal check against rising-edge clock core)
Path Group: asynchronous
Path Type: min

Fanout         Cap        Slew       Delay        Time   Description
---------------------------------------------------------------------------------------------
                      0.000000    0.000000    0.000000   clock core (rise edge)
                                  0.000000    0.000000   clock network delay (ideal)
                      0.000000    0.000000    0.000000 ^ _3018_/CLK (sg13g2_dfrbpq_1)
   155    0.709764    2.088576    1.498268    1.498268 ^ _3018_/Q (sg13g2_dfrbpq_1)
                                                         core_rst_sync_ni (net)
                      2.088576    0.000000    1.498268 ^ _2955_/RESET_B (sg13g2_dfrbpq_1)
                                              1.498268   data arrival time

                      0.000000    0.000000    0.000000   clock core (rise edge)
                                  0.000000    0.000000   clock network delay (ideal)
                                  0.000000    0.000000   clock reconvergence pessimism
                                              0.000000 ^ _2955_/CLK (sg13g2_dfrbpq_1)
                                 -0.302772   -0.302772   library removal time
                                             -0.302772   data required time
---------------------------------------------------------------------------------------------
                                             -0.302772   data required time
                                             -1.498268   data arrival time
---------------------------------------------------------------------------------------------
                                              1.801039   slack (MET)


Startpoint: _3018_ (rising edge-triggered flip-flop clocked by core)
Endpoint: _2956_ (removal check against rising-edge clock core)
Path Group: asynchronous
Path Type: min

Fanout         Cap        Slew       Delay        Time   Description
---------------------------------------------------------------------------------------------
                      0.000000    0.000000    0.000000   clock core (rise edge)
                                  0.000000    0.000000   clock network delay (ideal)
                      0.000000    0.000000    0.000000 ^ _3018_/CLK (sg13g2_dfrbpq_1)
   155    0.709764    2.088576    1.498268    1.498268 ^ _3018_/Q (sg13g2_dfrbpq_1)
                                                         core_rst_sync_ni (net)
                      2.088576    0.000000    1.498268 ^ _2956_/RESET_B (sg13g2_dfrbpq_1)
                                              1.498268   data arrival time

                      0.000000    0.000000    0.000000   clock core (rise edge)
                                  0.000000    0.000000   clock network delay (ideal)
                                  0.000000    0.000000   clock reconvergence pessimism
                                              0.000000 ^ _2956_/CLK (sg13g2_dfrbpq_1)
                                 -0.302772   -0.302772   library removal time
                                             -0.302772   data required time
---------------------------------------------------------------------------------------------
                                             -0.302772   data required time
                                             -1.498268   data arrival time
---------------------------------------------------------------------------------------------
                                              1.801039   slack (MET)


Startpoint: _3018_ (rising edge-triggered flip-flop clocked by core)
Endpoint: _2957_ (removal check against rising-edge clock core)
Path Group: asynchronous
Path Type: min

Fanout         Cap        Slew       Delay        Time   Description
---------------------------------------------------------------------------------------------
                      0.000000    0.000000    0.000000   clock core (rise edge)
                                  0.000000    0.000000   clock network delay (ideal)
                      0.000000    0.000000    0.000000 ^ _3018_/CLK (sg13g2_dfrbpq_1)
   155    0.709764    2.088576    1.498268    1.498268 ^ _3018_/Q (sg13g2_dfrbpq_1)
                                                         core_rst_sync_ni (net)
                      2.088576    0.000000    1.498268 ^ _2957_/RESET_B (sg13g2_dfrbpq_1)
                                              1.498268   data arrival time

                      0.000000    0.000000    0.000000   clock core (rise edge)
                                  0.000000    0.000000   clock network delay (ideal)
                                  0.000000    0.000000   clock reconvergence pessimism
                                              0.000000 ^ _2957_/CLK (sg13g2_dfrbpq_1)
                                 -0.302772   -0.302772   library removal time
                                             -0.302772   data required time
---------------------------------------------------------------------------------------------
                                             -0.302772   data required time
                                             -1.498268   data arrival time
---------------------------------------------------------------------------------------------
                                              1.801039   slack (MET)

=== FlexSoC normalized power fields ===
dynamic_power_definition=internal_power+switching_power
power_unit=OpenSTA report unit; see Units section
internal_power=0.00303
switching_power=7.01e-05
dynamic_power=0.0031001
leakage_power=9.69e-07
total_power=0.00311

=== Gate-level timing/power fusion ===
power_semantics=average_instance_power_from_the_same_VCD_SAIF_context
path_power_sum=unique_instance_average_power_sum_not_incremental_path_energy
fanout_capacitance_source=OpenSTA_report_checks_output_pin_fields

Worst path 1: status=met slack=0.039771 type=min group=core
startpoint=rx_i (input port clocked by core)
endpoint=_3040_ (rising edge-triggered flip-flop clocked by core)
path_power_complete=true
path_average_power_sum internal=9.52684e-06 switching=3.44649e-08 dynamic=9.56131e-06 leakage=1.65534e-09 total=9.56296e-06
stage instance cell pins fanout capacitance slew delay arrival internal switching dynamic leakage total
1 _1491_ sg13g2_inv_1 A,Y 1 0.001482 0.006837 0.012783 0.013324 1.11799e-08 1.03055e-08 2.14853e-08 1.07533e-10 2.15929e-08
2 _3040_ sg13g2_dfrbpq_1 D - - 0.006837 0 0.013324 9.51566e-06 2.41595e-08 9.53982e-06 1.54781e-09 9.54137e-06

Worst path 2: status=met slack=0.055065 type=min group=core
startpoint=tl_i[0] (input port clocked by core)
endpoint=_2978_ (rising edge-triggered flip-flop clocked by core)
path_power_complete=true
path_average_power_sum internal=8.93265e-06 switching=8.47013e-08 dynamic=9.01735e-06 leakage=2.11392e-09 total=9.01946e-06
stage instance cell pins fanout capacitance slew delay arrival internal switching dynamic leakage total
1 _2920_ sg13g2_o21ai_1 A2,Y 1 0.001482 0.013537 0.026807 0.027104 6.06238e-08 1.94659e-08 8.00896e-08 6.85148e-10 8.07748e-08
2 _2978_ sg13g2_dfrbpq_1 D - - 0.013537 0 0.027104 8.87202e-06 6.52355e-08 8.93726e-06 1.42877e-09 8.93869e-06

Worst path 3: status=met slack=0.062409 type=min group=asynchronous
startpoint=rst_ni (input port clocked by core)
endpoint=_3017_ (removal check against rising-edge clock core)
path_power_complete=true
path_average_power_sum internal=9.55898e-06 switching=1.14505e-08 dynamic=9.57044e-06 leakage=1.55334e-09 total=9.57199e-06
stage instance cell pins fanout capacitance slew delay arrival internal switching dynamic leakage total
1 _3017_ sg13g2_dfrbpq_1 RESET_B - - 0.000916 0 0.000916 9.55898e-06 1.14505e-08 9.57044e-06 1.55334e-09 9.57199e-06

Worst path 4: status=met slack=0.062409 type=min group=asynchronous
startpoint=rst_ni (input port clocked by core)
endpoint=_3018_ (removal check against rising-edge clock core)
path_power_complete=true
path_average_power_sum internal=9.59889e-06 switching=6.20908e-06 dynamic=1.5808e-05 leakage=1.5503e-09 total=1.58095e-05
stage instance cell pins fanout capacitance slew delay arrival internal switching dynamic leakage total
1 _3018_ sg13g2_dfrbpq_1 RESET_B - - 0.000916 0 0.000916 9.59889e-06 6.20908e-06 1.5808e-05 1.5503e-09 1.58095e-05

Worst path 5: status=met slack=0.0657 type=min group=core
startpoint=rx_i (input port clocked by core)
endpoint=tx_o (output port clocked by core)
path_power_complete=true
path_average_power_sum internal=4.12689e-08 switching=6.09093e-08 dynamic=1.02178e-07 leakage=4.42055e-10 total=1.0262e-07
stage instance cell pins fanout capacitance slew delay arrival internal switching dynamic leakage total
1 _2873_ sg13g2_nand2_1 A,Y 1 0.002891 0.018188 0.02323 0.023771 2.05515e-09 2.58558e-09 4.64073e-09 1.49451e-10 4.79018e-09
2 _2874_ sg13g2_o21ai_1 B1,Y 1 0.01 0.043986 0.041928 0.0657 3.92137e-08 5.83237e-08 9.75374e-08 2.92604e-10 9.783e-08

Worst path 6: status=met slack=0.071991 type=min group=core
startpoint=tl_i[47] (input port clocked by core)
endpoint=_3008_ (rising edge-triggered flip-flop clocked by core)
path_power_complete=true
path_average_power_sum internal=8.91007e-06 switching=9.01679e-08 dynamic=9.00024e-06 leakage=2.0909e-09 total=9.00233e-06
stage instance cell pins fanout capacitance slew delay arrival internal switching dynamic leakage total
1 _1628_ sg13g2_nand2_1 B,Y 1 0.002996 0.016759 0.01986 0.020139 2.27872e-08 2.32702e-08 4.60574e-08 1.32679e-10 4.61901e-08
2 _1629_ sg13g2_o21ai_1 B1,Y 1 0.001482 0.016569 0.023206 0.043344 2.61524e-08 1.03055e-08 3.64578e-08 4.95882e-10 3.69537e-08
3 _3008_ sg13g2_dfrbpq_1 D - - 0.016569 0 0.043344 8.86113e-06 5.65922e-08 8.91772e-06 1.46234e-09 8.91919e-06

Worst path 7: status=met slack=0.071991 type=min group=core
startpoint=tl_i[50] (input port clocked by core)
endpoint=_3011_ (rising edge-triggered flip-flop clocked by core)
path_power_complete=true
path_average_power_sum internal=8.91047e-06 switching=1.07192e-07 dynamic=9.01766e-06 leakage=2.0909e-09 total=9.01975e-06
stage instance cell pins fanout capacitance slew delay arrival internal switching dynamic leakage total
1 _1622_ sg13g2_nand2_1 B,Y 1 0.002996 0.016759 0.01986 0.020139 2.27872e-08 2.32702e-08 4.60574e-08 1.32679e-10 4.61901e-08
2 _1623_ sg13g2_o21ai_1 B1,Y 1 0.001482 0.016569 0.023206 0.043344 2.61447e-08 1.03055e-08 3.64501e-08 4.95879e-10 3.6946e-08
3 _3011_ sg13g2_dfrbpq_1 D - - 0.016569 0 0.043344 8.86154e-06 7.36161e-08 8.93515e-06 1.46234e-09 8.93661e-06

Worst path 8: status=met slack=0.071991 type=min group=core
startpoint=tl_i[52] (input port clocked by core)
endpoint=_3013_ (rising edge-triggered flip-flop clocked by core)
path_power_complete=true
path_average_power_sum internal=8.91047e-06 switching=1.07192e-07 dynamic=9.01766e-06 leakage=2.0909e-09 total=9.01975e-06
stage instance cell pins fanout capacitance slew delay arrival internal switching dynamic leakage total
1 _1618_ sg13g2_nand2_1 B,Y 1 0.002996 0.016759 0.01986 0.020139 2.27872e-08 2.32702e-08 4.60574e-08 1.32679e-10 4.61901e-08
2 _1619_ sg13g2_o21ai_1 B1,Y 1 0.001482 0.016569 0.023206 0.043344 2.61447e-08 1.03055e-08 3.64501e-08 4.95879e-10 3.6946e-08
3 _3013_ sg13g2_dfrbpq_1 D - - 0.016569 0 0.043344 8.86154e-06 7.36161e-08 8.93515e-06 1.46234e-09 8.93661e-06

Worst path 9: status=met slack=0.071991 type=min group=core
startpoint=tl_i[53] (input port clocked by core)
endpoint=_3014_ (rising edge-triggered flip-flop clocked by core)
path_power_complete=true
path_average_power_sum internal=8.90965e-06 switching=7.13855e-08 dynamic=8.98104e-06 leakage=2.0909e-09 total=8.98313e-06
stage instance cell pins fanout capacitance slew delay arrival internal switching dynamic leakage total
1 _1616_ sg13g2_nand2_1 B,Y 1 0.002996 0.016759 0.01986 0.020139 2.27872e-08 2.32702e-08 4.60574e-08 1.32679e-10 4.61901e-08
2 _1617_ sg13g2_o21ai_1 B1,Y 1 0.001482 0.016569 0.023206 0.043344 2.6114e-08 1.03055e-08 3.64194e-08 4.95879e-10 3.69153e-08
3 _3014_ sg13g2_dfrbpq_1 D - - 0.016569 0 0.043344 8.86075e-06 3.78098e-08 8.89856e-06 1.46234e-09 8.90002e-06

Worst path 10: status=met slack=0.071991 type=min group=core
startpoint=tl_i[27] (input port clocked by core)
endpoint=_3272_ (rising edge-triggered flip-flop clocked by core)
path_power_complete=true
path_average_power_sum internal=8.33731e-06 switching=3.73063e-09 dynamic=8.34104e-06 leakage=2.0739e-09 total=8.34312e-06
stage instance cell pins fanout capacitance slew delay arrival internal switching dynamic leakage total
1 _2368_ sg13g2_nand2_1 B,Y 1 0.002996 0.016759 0.01986 0.020139 0 2.58558e-09 2.58558e-09 1.28715e-10 2.7143e-09
2 _2369_ sg13g2_o21ai_1 B1,Y 1 0.001482 0.016569 0.023206 0.043344 2.73228e-09 1.14505e-09 3.87733e-09 5.2702e-10 4.40435e-09
3 _3272_ sg13g2_dfrbpq_1 D - - 0.016569 0 0.043344 8.33458e-06 0 8.33458e-06 1.41816e-09 8.336e-06

Worst path 11: status=met slack=0.072344 type=min group=core
startpoint=tl_i[31] (input port clocked by core)
endpoint=_2979_ (rising edge-triggered flip-flop clocked by core)
path_power_complete=true
path_average_power_sum internal=8.97638e-06 switching=1.15516e-07 dynamic=9.09189e-06 leakage=2.09089e-09 total=9.09399e-06
stage instance cell pins fanout capacitance slew delay arrival internal switching dynamic leakage total
1 _2921_ sg13g2_nand2_1 B,Y 1 0.002996 0.016812 0.019924 0.020481 2.01217e-08 2.32702e-08 4.33919e-08 1.32675e-10 4.35246e-08
2 _2922_ sg13g2_o21ai_1 B1,Y 1 0.001482 0.016578 0.023214 0.043695 4.90122e-08 1.94659e-08 6.84781e-08 4.9586e-10 6.89739e-08
3 _2979_ sg13g2_dfrbpq_1 D - - 0.016578 0 0.043695 8.90724e-06 7.27801e-08 8.98002e-06 1.46236e-09 8.98149e-06

Worst path 12: status=met slack=0.072344 type=min group=core
startpoint=tl_i[29] (input port clocked by core)
endpoint=_3255_ (rising edge-triggered flip-flop clocked by core)
path_power_complete=true
path_average_power_sum internal=8.97652e-06 switching=1.1933e-07 dynamic=9.09584e-06 leakage=2.0909e-09 total=9.09794e-06
stage instance cell pins fanout capacitance slew delay arrival internal switching dynamic leakage total
1 _2923_ sg13g2_nand2_1 B,Y 1 0.002996 0.016812 0.019924 0.020481 2.01217e-08 2.32702e-08 4.33919e-08 1.32675e-10 4.35246e-08
2 _2924_ sg13g2_o21ai_1 B1,Y 1 0.001482 0.016578 0.023214 0.043695 4.90978e-08 1.94659e-08 6.85637e-08 4.95864e-10 6.90595e-08
3 _3255_ sg13g2_dfrbpq_1 D - - 0.016578 0 0.043695 8.9073e-06 7.65937e-08 8.98389e-06 1.46236e-09 8.98535e-06

Worst path 13: status=met slack=1.80104 type=min group=asynchronous
startpoint=_3018_ (rising edge-triggered flip-flop clocked by core)
endpoint=_2950_ (removal check against rising-edge clock core)
path_power_complete=true
path_average_power_sum internal=1.88056e-05 switching=6.22539e-06 dynamic=2.5031e-05 leakage=3.0704e-09 total=2.50341e-05
stage instance cell pins fanout capacitance slew delay arrival internal switching dynamic leakage total
1 _3018_ sg13g2_dfrbpq_1 CLK,Q 155 0.709764 2.08858 1.49827 1.49827 9.59889e-06 6.20908e-06 1.5808e-05 1.5503e-09 1.58095e-05
2 _2950_ sg13g2_dfrbpq_1 RESET_B - - 2.08858 0 1.49827 9.20674e-06 1.63089e-08 9.22305e-06 1.5201e-09 9.22457e-06

Worst path 14: status=met slack=1.80104 type=min group=asynchronous
startpoint=_3018_ (rising edge-triggered flip-flop clocked by core)
endpoint=_2951_ (removal check against rising-edge clock core)
path_power_complete=true
path_average_power_sum internal=1.88294e-05 switching=6.2737e-06 dynamic=2.51031e-05 leakage=3.07038e-09 total=2.51062e-05
stage instance cell pins fanout capacitance slew delay arrival internal switching dynamic leakage total
1 _3018_ sg13g2_dfrbpq_1 CLK,Q 155 0.709764 2.08858 1.49827 1.49827 9.59889e-06 6.20908e-06 1.5808e-05 1.5503e-09 1.58095e-05
2 _2951_ sg13g2_dfrbpq_1 RESET_B - - 2.08858 0 1.49827 9.23055e-06 6.46278e-08 9.29518e-06 1.52007e-09 9.2967e-06

Worst path 15: status=met slack=1.80104 type=min group=asynchronous
startpoint=_3018_ (rising edge-triggered flip-flop clocked by core)
endpoint=_2952_ (removal check against rising-edge clock core)
path_power_complete=true
path_average_power_sum internal=1.88056e-05 switching=6.22539e-06 dynamic=2.5031e-05 leakage=3.07041e-09 total=2.50341e-05
stage instance cell pins fanout capacitance slew delay arrival internal switching dynamic leakage total
1 _3018_ sg13g2_dfrbpq_1 CLK,Q 155 0.709764 2.08858 1.49827 1.49827 9.59889e-06 6.20908e-06 1.5808e-05 1.5503e-09 1.58095e-05
2 _2952_ sg13g2_dfrbpq_1 RESET_B - - 2.08858 0 1.49827 9.20673e-06 1.63089e-08 9.22304e-06 1.52011e-09 9.22456e-06

Worst path 16: status=met slack=1.80104 type=min group=asynchronous
startpoint=_3018_ (rising edge-triggered flip-flop clocked by core)
endpoint=_2953_ (removal check against rising-edge clock core)
path_power_complete=true
path_average_power_sum internal=1.88056e-05 switching=6.22539e-06 dynamic=2.5031e-05 leakage=3.07041e-09 total=2.50341e-05
stage instance cell pins fanout capacitance slew delay arrival internal switching dynamic leakage total
1 _3018_ sg13g2_dfrbpq_1 CLK,Q 155 0.709764 2.08858 1.49827 1.49827 9.59889e-06 6.20908e-06 1.5808e-05 1.5503e-09 1.58095e-05
2 _2953_ sg13g2_dfrbpq_1 RESET_B - - 2.08858 0 1.49827 9.20673e-06 1.63089e-08 9.22304e-06 1.52011e-09 9.22456e-06

Worst path 17: status=met slack=1.80104 type=min group=asynchronous
startpoint=_3018_ (rising edge-triggered flip-flop clocked by core)
endpoint=_2954_ (removal check against rising-edge clock core)
path_power_complete=true
path_average_power_sum internal=1.88056e-05 switching=6.22539e-06 dynamic=2.5031e-05 leakage=3.07041e-09 total=2.50341e-05
stage instance cell pins fanout capacitance slew delay arrival internal switching dynamic leakage total
1 _3018_ sg13g2_dfrbpq_1 CLK,Q 155 0.709764 2.08858 1.49827 1.49827 9.59889e-06 6.20908e-06 1.5808e-05 1.5503e-09 1.58095e-05
2 _2954_ sg13g2_dfrbpq_1 RESET_B - - 2.08858 0 1.49827 9.20674e-06 1.63089e-08 9.22305e-06 1.5201e-09 9.22457e-06

Worst path 18: status=met slack=1.80104 type=min group=asynchronous
startpoint=_3018_ (rising edge-triggered flip-flop clocked by core)
endpoint=_2955_ (removal check against rising-edge clock core)
path_power_complete=true
path_average_power_sum internal=1.88056e-05 switching=6.22539e-06 dynamic=2.5031e-05 leakage=3.0704e-09 total=2.50341e-05
stage instance cell pins fanout capacitance slew delay arrival internal switching dynamic leakage total
1 _3018_ sg13g2_dfrbpq_1 CLK,Q 155 0.709764 2.08858 1.49827 1.49827 9.59889e-06 6.20908e-06 1.5808e-05 1.5503e-09 1.58095e-05
2 _2955_ sg13g2_dfrbpq_1 RESET_B - - 2.08858 0 1.49827 9.20674e-06 1.63089e-08 9.22305e-06 1.5201e-09 9.22457e-06

Worst path 19: status=met slack=1.80104 type=min group=asynchronous
startpoint=_3018_ (rising edge-triggered flip-flop clocked by core)
endpoint=_2956_ (removal check against rising-edge clock core)
path_power_complete=true
path_average_power_sum internal=1.88056e-05 switching=6.22539e-06 dynamic=2.5031e-05 leakage=3.07041e-09 total=2.50341e-05
stage instance cell pins fanout capacitance slew delay arrival internal switching dynamic leakage total
1 _3018_ sg13g2_dfrbpq_1 CLK,Q 155 0.709764 2.08858 1.49827 1.49827 9.59889e-06 6.20908e-06 1.5808e-05 1.5503e-09 1.58095e-05
2 _2956_ sg13g2_dfrbpq_1 RESET_B - - 2.08858 0 1.49827 9.20673e-06 1.63089e-08 9.22304e-06 1.52011e-09 9.22456e-06

Worst path 20: status=met slack=1.80104 type=min group=asynchronous
startpoint=_3018_ (rising edge-triggered flip-flop clocked by core)
endpoint=_2957_ (removal check against rising-edge clock core)
path_power_complete=true
path_average_power_sum internal=1.88056e-05 switching=6.22539e-06 dynamic=2.5031e-05 leakage=3.07041e-09 total=2.50341e-05
stage instance cell pins fanout capacitance slew delay arrival internal switching dynamic leakage total
1 _3018_ sg13g2_dfrbpq_1 CLK,Q 155 0.709764 2.08858 1.49827 1.49827 9.59889e-06 6.20908e-06 1.5808e-05 1.5503e-09 1.58095e-05
2 _2957_ sg13g2_dfrbpq_1 RESET_B - - 2.08858 0 1.49827 9.20673e-06 1.63089e-08 9.22304e-06 1.52011e-09 9.22456e-06

=== Highest-power instances and worst path through each ===

Hotspot 1: instance=_3018_ selected_worst_paths=4,13,14,15,16,17,18,19,20 internal=9.59889e-06 switching=6.20908e-06 dynamic=1.5808e-05 leakage=1.5503e-09 total=1.58095e-05
Worst path through hotspot: status=met slack=0.062409 type=min group=asynchronous
startpoint=rst_ni (input port clocked by core)
endpoint=_3018_ (removal check against rising-edge clock core)
path_power_complete=true
path_average_power_sum internal=9.59889e-06 switching=6.20908e-06 dynamic=1.5808e-05 leakage=1.5503e-09 total=1.58095e-05
stage instance cell pins fanout capacitance slew delay arrival internal switching dynamic leakage total
1 _3018_ sg13g2_dfrbpq_1 RESET_B - - 0.000916 0 0.000916 9.59889e-06 6.20908e-06 1.5808e-05 1.5503e-09 1.58095e-05
OpenSTA targeted timing report:
Startpoint: rst_ni (input port clocked by core)
Endpoint: _3018_ (removal check against rising-edge clock core)
Path Group: asynchronous
Path Type: min

Fanout         Cap        Slew       Delay        Time   Description
---------------------------------------------------------------------------------------------
                      0.000000    0.000000    0.000000   clock core (rise edge)
                                  0.000000    0.000000   clock network delay (ideal)
                                  0.000000    0.000000 ^ input external delay
     2    0.009158    0.000916    0.000916    0.000916 ^ rst_ni (in)
                                                         rst_ni (net)
                      0.000916    0.000000    0.000916 ^ _3018_/RESET_B (sg13g2_dfrbpq_1)
                                              0.000916   data arrival time

                      0.000000    0.000000    0.000000   clock core (rise edge)
                                  0.000000    0.000000   clock network delay (ideal)
                                  0.000000    0.000000   clock reconvergence pessimism
                                              0.000000 ^ _3018_/CLK (sg13g2_dfrbpq_1)
                                 -0.061494   -0.061494   library removal time
                                             -0.061494   data required time
---------------------------------------------------------------------------------------------
                                             -0.061494   data required time
                                             -0.000916   data arrival time
---------------------------------------------------------------------------------------------
                                              0.062409   slack (MET)

Hotspot 2: instance=_3028_ selected_worst_paths=none internal=1.31086e-05 switching=6.29786e-07 dynamic=1.37384e-05 leakage=1.50451e-09 total=1.37399e-05
Worst path through hotspot: status=met slack=0.236559 type=min group=core
startpoint=_3027_ (rising edge-triggered flip-flop clocked by core)
endpoint=_3028_ (rising edge-triggered flip-flop clocked by core)
path_power_complete=true
path_average_power_sum internal=2.35668e-05 switching=1.0067e-06 dynamic=2.45735e-05 leakage=4.45668e-09 total=2.4578e-05
stage instance cell pins fanout capacitance slew delay arrival internal switching dynamic leakage total
1 _3027_ sg13g2_dfrbpq_1 CLK,Q 2 0.007369 0.023528 0.109771 0.109771 9.46245e-06 3.85812e-08 9.50104e-06 1.54941e-09 9.50259e-06
2 _1504_ sg13g2_nand2_1 B,Y 2 0.005965 0.027243 0.031427 0.141198 3.36336e-08 8.37961e-08 1.1743e-07 3.79535e-10 1.17809e-07
3 _2662_ sg13g2_o21ai_1 B1,Y 1 0.004581 0.030073 0.034431 0.175629 4.53319e-08 7.70549e-08 1.22387e-07 4.18743e-10 1.22806e-07
4 _2663_ sg13g2_xnor2_1 B,Y 1 0.001482 0.01738 0.0321 0.207729 9.16805e-07 1.77483e-07 1.09429e-06 6.04487e-10 1.09489e-06
5 _3028_ sg13g2_dfrbpq_1 D - - 0.01738 0 0.207729 1.31086e-05 6.29786e-07 1.37384e-05 1.50451e-09 1.37399e-05
OpenSTA targeted timing report:
Startpoint: _3027_ (rising edge-triggered flip-flop clocked by core)
Endpoint: _3028_ (rising edge-triggered flip-flop clocked by core)
Path Group: core
Path Type: min

Fanout         Cap        Slew       Delay        Time   Description
---------------------------------------------------------------------------------------------
                      0.000000    0.000000    0.000000   clock core (rise edge)
                                  0.000000    0.000000   clock network delay (ideal)
                      0.000000    0.000000    0.000000 ^ _3027_/CLK (sg13g2_dfrbpq_1)
     2    0.007369    0.023528    0.109771    0.109771 v _3027_/Q (sg13g2_dfrbpq_1)
                                                         u_uart_core.nco_sum_q[6] (net)
                      0.023528    0.000000    0.109771 v _1504_/B (sg13g2_nand2_1)
     2    0.005965    0.027243    0.031427    0.141198 ^ _1504_/Y (sg13g2_nand2_1)
                                                         _1283_ (net)
                      0.027243    0.000000    0.141198 ^ _2662_/B1 (sg13g2_o21ai_1)
     1    0.004581    0.030073    0.034431    0.175629 v _2662_/Y (sg13g2_o21ai_1)
                                                         _1054_ (net)
                      0.030073    0.000000    0.175629 v _2663_/B (sg13g2_xnor2_1)
     1    0.001482    0.017380    0.032100    0.207729 v _2663_/Y (sg13g2_xnor2_1)
                                                         _0015_ (net)
                      0.017380    0.000000    0.207729 v _3028_/D (sg13g2_dfrbpq_1)
                                              0.207729   data arrival time

                      0.000000    0.000000    0.000000   clock core (rise edge)
                                  0.000000    0.000000   clock network delay (ideal)
                                  0.000000    0.000000   clock reconvergence pessimism
                                              0.000000 ^ _3028_/CLK (sg13g2_dfrbpq_1)
                                 -0.028830   -0.028830   library hold time
                                             -0.028830   data required time
---------------------------------------------------------------------------------------------
                                             -0.028830   data required time
                                             -0.207729   data arrival time
---------------------------------------------------------------------------------------------
                                              0.236559   slack (MET)

Hotspot 3: instance=_3031_ selected_worst_paths=none internal=1.28957e-05 switching=7.35272e-07 dynamic=1.36309e-05 leakage=1.49997e-09 total=1.36324e-05
Worst path through hotspot: status=met slack=0.23077 type=min group=core
startpoint=_3031_ (rising edge-triggered flip-flop clocked by core)
endpoint=_3031_ (rising edge-triggered flip-flop clocked by core)
path_power_complete=true
path_average_power_sum internal=1.47163e-05 switching=1.97795e-06 dynamic=1.66943e-05 leakage=2.57861e-09 total=1.66968e-05
stage instance cell pins fanout capacitance slew delay arrival internal switching dynamic leakage total
1 _3031_ sg13g2_dfrbpq_1 CLK,Q 2 0.006871 0.022507 0.108887 0.108887 1.28957e-05 7.35272e-07 1.36309e-05 1.49997e-09 1.36324e-05
2 _1555_ sg13g2_xor2_1 B,X 3 0.00996 0.034034 0.054901 0.163789 6.79419e-07 1.0194e-06 1.69882e-06 5.11851e-10 1.69933e-06
3 _1588_ sg13g2_xnor2_1 A,Y 1 0.001482 0.0169 0.03826 0.202048 1.14122e-06 2.23285e-07 1.36451e-06 5.66788e-10 1.36507e-06
4 _3031_ sg13g2_dfrbpq_1 D - - 0.0169 0 0.202048 1.28957e-05 7.35272e-07 1.36309e-05 1.49997e-09 1.36324e-05
OpenSTA targeted timing report:
Startpoint: _3031_ (rising edge-triggered flip-flop clocked by core)
Endpoint: _3031_ (rising edge-triggered flip-flop clocked by core)
Path Group: core
Path Type: min

Fanout         Cap        Slew       Delay        Time   Description
---------------------------------------------------------------------------------------------
                      0.000000    0.000000    0.000000   clock core (rise edge)
                                  0.000000    0.000000   clock network delay (ideal)
                      0.000000    0.000000    0.000000 ^ _3031_/CLK (sg13g2_dfrbpq_1)
     2    0.006871    0.022507    0.108887    0.108887 v _3031_/Q (sg13g2_dfrbpq_1)
                                                         u_uart_core.nco_sum_q[10] (net)
                      0.022507    0.000000    0.108887 v _1555_/B (sg13g2_xor2_1)
     3    0.009960    0.034034    0.054901    0.163789 v _1555_/X (sg13g2_xor2_1)
                                                         _1332_ (net)
                      0.034034    0.000000    0.163789 v _1588_/A (sg13g2_xnor2_1)
     1    0.001482    0.016900    0.038260    0.202048 v _1588_/Y (sg13g2_xnor2_1)
                                                         _0003_ (net)
                      0.016900    0.000000    0.202048 v _3031_/D (sg13g2_dfrbpq_1)
                                              0.202048   data arrival time

                      0.000000    0.000000    0.000000   clock core (rise edge)
                                  0.000000    0.000000   clock network delay (ideal)
                                  0.000000    0.000000   clock reconvergence pessimism
                                              0.000000 ^ _3031_/CLK (sg13g2_dfrbpq_1)
                                 -0.028721   -0.028721   library hold time
                                             -0.028721   data required time
---------------------------------------------------------------------------------------------
                                             -0.028721   data required time
                                             -0.202048   data arrival time
---------------------------------------------------------------------------------------------
                                              0.230770   slack (MET)

Hotspot 4: instance=_3035_ selected_worst_paths=none internal=1.27068e-05 switching=6.82724e-07 dynamic=1.33896e-05 leakage=1.52213e-09 total=1.33911e-05
Worst path through hotspot: status=met slack=0.23417 type=min group=core
startpoint=_3035_ (rising edge-triggered flip-flop clocked by core)
endpoint=_3035_ (rising edge-triggered flip-flop clocked by core)
path_power_complete=true
path_average_power_sum internal=1.45017e-05 switching=1.98788e-06 dynamic=1.64896e-05 leakage=2.55302e-09 total=1.64921e-05
stage instance cell pins fanout capacitance slew delay arrival internal switching dynamic leakage total
1 _3035_ sg13g2_dfrbpq_1 CLK,Q 2 0.006717 0.022192 0.108614 0.108614 1.27068e-05 6.82724e-07 1.33896e-05 1.52213e-09 1.33911e-05
2 _1582_ sg13g2_xnor2_1 B,Y 2 0.010581 0.050665 0.05743 0.166044 6.74402e-07 1.09103e-06 1.76543e-06 5.13418e-10 1.76595e-06
3 _2664_ sg13g2_xor2_1 A,X 1 0.001482 0.017003 0.039381 0.205425 1.12048e-06 2.14124e-07 1.3346e-06 5.17476e-10 1.33512e-06
4 _3035_ sg13g2_dfrbpq_1 D - - 0.017003 0 0.205425 1.27068e-05 6.82724e-07 1.33896e-05 1.52213e-09 1.33911e-05
OpenSTA targeted timing report:
Startpoint: _3035_ (rising edge-triggered flip-flop clocked by core)
Endpoint: _3035_ (rising edge-triggered flip-flop clocked by core)
Path Group: core
Path Type: min

Fanout         Cap        Slew       Delay        Time   Description
---------------------------------------------------------------------------------------------
                      0.000000    0.000000    0.000000   clock core (rise edge)
                                  0.000000    0.000000   clock network delay (ideal)
                      0.000000    0.000000    0.000000 ^ _3035_/CLK (sg13g2_dfrbpq_1)
     2    0.006717    0.022192    0.108614    0.108614 v _3035_/Q (sg13g2_dfrbpq_1)
                                                         u_uart_core.nco_sum_q[14] (net)
                      0.022192    0.000000    0.108614 v _1582_/B (sg13g2_xnor2_1)
     2    0.010581    0.050665    0.057430    0.166044 v _1582_/Y (sg13g2_xnor2_1)
                                                         _1353_ (net)
                      0.050665    0.000000    0.166044 v _2664_/A (sg13g2_xor2_1)
     1    0.001482    0.017003    0.039381    0.205425 v _2664_/X (sg13g2_xor2_1)
                                                         _0007_ (net)
                      0.017003    0.000000    0.205425 v _3035_/D (sg13g2_dfrbpq_1)
                                              0.205425   data arrival time

                      0.000000    0.000000    0.000000   clock core (rise edge)
                                  0.000000    0.000000   clock network delay (ideal)
                                  0.000000    0.000000   clock reconvergence pessimism
                                              0.000000 ^ _3035_/CLK (sg13g2_dfrbpq_1)
                                 -0.028744   -0.028744   library hold time
                                             -0.028744   data required time
---------------------------------------------------------------------------------------------
                                             -0.028744   data required time
                                             -0.205425   data arrival time
---------------------------------------------------------------------------------------------
                                              0.234170   slack (MET)

Hotspot 5: instance=_3033_ selected_worst_paths=none internal=1.27547e-05 switching=6.06891e-07 dynamic=1.33616e-05 leakage=1.51151e-09 total=1.33631e-05
Worst path through hotspot: status=met slack=0.231022 type=min group=core
startpoint=_3033_ (rising edge-triggered flip-flop clocked by core)
endpoint=_3033_ (rising edge-triggered flip-flop clocked by core)
path_power_complete=true
path_average_power_sum internal=1.47406e-05 switching=1.71739e-06 dynamic=1.6458e-05 leakage=2.58891e-09 total=1.64605e-05
stage instance cell pins fanout capacitance slew delay arrival internal switching dynamic leakage total
1 _3033_ sg13g2_dfrbpq_1 CLK,Q 2 0.006871 0.022507 0.108887 0.108887 1.27547e-05 6.06891e-07 1.33616e-05 1.51151e-09 1.33631e-05
2 _1572_ sg13g2_xor2_1 B,X 3 0.010008 0.034133 0.055041 0.163928 5.53324e-07 8.32251e-07 1.38558e-06 5.11187e-10 1.38609e-06
3 _1578_ sg13g2_xnor2_1 A,Y 1 0.001482 0.017311 0.03828 0.202208 1.43254e-06 2.78247e-07 1.71078e-06 5.66215e-10 1.71135e-06
4 _3033_ sg13g2_dfrbpq_1 D - - 0.017311 0 0.202208 1.27547e-05 6.06891e-07 1.33616e-05 1.51151e-09 1.33631e-05
OpenSTA targeted timing report:
Startpoint: _3033_ (rising edge-triggered flip-flop clocked by core)
Endpoint: _3033_ (rising edge-triggered flip-flop clocked by core)
Path Group: core
Path Type: min

Fanout         Cap        Slew       Delay        Time   Description
---------------------------------------------------------------------------------------------
                      0.000000    0.000000    0.000000   clock core (rise edge)
                                  0.000000    0.000000   clock network delay (ideal)
                      0.000000    0.000000    0.000000 ^ _3033_/CLK (sg13g2_dfrbpq_1)
     2    0.006871    0.022507    0.108887    0.108887 v _3033_/Q (sg13g2_dfrbpq_1)
                                                         u_uart_core.nco_sum_q[12] (net)
                      0.022507    0.000000    0.108887 v _1572_/B (sg13g2_xor2_1)
     3    0.010008    0.034133    0.055041    0.163928 v _1572_/X (sg13g2_xor2_1)
                                                         _1347_ (net)
                      0.034133    0.000000    0.163928 v _1578_/A (sg13g2_xnor2_1)
     1    0.001482    0.017311    0.038280    0.202208 v _1578_/Y (sg13g2_xnor2_1)
                                                         _0005_ (net)
                      0.017311    0.000000    0.202208 v _3033_/D (sg13g2_dfrbpq_1)
                                              0.202208   data arrival time

                      0.000000    0.000000    0.000000   clock core (rise edge)
                                  0.000000    0.000000   clock network delay (ideal)
                                  0.000000    0.000000   clock reconvergence pessimism
                                              0.000000 ^ _3033_/CLK (sg13g2_dfrbpq_1)
                                 -0.028814   -0.028814   library hold time
                                             -0.028814   data required time
---------------------------------------------------------------------------------------------
                                             -0.028814   data required time
                                             -0.202208   data arrival time
---------------------------------------------------------------------------------------------
                                              0.231022   slack (MET)

Hotspot 6: instance=_3021_ selected_worst_paths=none internal=1.21051e-05 switching=7.33043e-07 dynamic=1.28381e-05 leakage=1.50948e-09 total=1.28397e-05
Worst path through hotspot: status=met slack=0.16946 type=min group=core
startpoint=_3021_ (rising edge-triggered flip-flop clocked by core)
endpoint=_3021_ (rising edge-triggered flip-flop clocked by core)
path_power_complete=true
path_average_power_sum internal=1.27633e-05 switching=8.64724e-07 dynamic=1.3628e-05 leakage=2.02307e-09 total=1.363e-05
stage instance cell pins fanout capacitance slew delay arrival internal switching dynamic leakage total
1 _3021_ sg13g2_dfrbpq_1 CLK,Q 2 0.007369 0.023528 0.109771 0.109771 1.21051e-05 7.33043e-07 1.28381e-05 1.50948e-09 1.28397e-05
2 _2659_ sg13g2_xnor2_1 B,Y 1 0.001482 0.016889 0.03097 0.140741 6.5815e-07 1.31681e-07 7.89831e-07 5.13595e-10 7.90345e-07
3 _3021_ sg13g2_dfrbpq_1 D - - 0.016889 0 0.140741 1.21051e-05 7.33043e-07 1.28381e-05 1.50948e-09 1.28397e-05
OpenSTA targeted timing report:
Startpoint: _3021_ (rising edge-triggered flip-flop clocked by core)
Endpoint: _3021_ (rising edge-triggered flip-flop clocked by core)
Path Group: core
Path Type: min

Fanout         Cap        Slew       Delay        Time   Description
---------------------------------------------------------------------------------------------
                      0.000000    0.000000    0.000000   clock core (rise edge)
                                  0.000000    0.000000   clock network delay (ideal)
                      0.000000    0.000000    0.000000 ^ _3021_/CLK (sg13g2_dfrbpq_1)
     2    0.007369    0.023528    0.109771    0.109771 v _3021_/Q (sg13g2_dfrbpq_1)
                                                         u_uart_core.nco_sum_q[0] (net)
                      0.023528    0.000000    0.109771 v _2659_/B (sg13g2_xnor2_1)
     1    0.001482    0.016889    0.030970    0.140741 v _2659_/Y (sg13g2_xnor2_1)
                                                         _0002_ (net)
                      0.016889    0.000000    0.140741 v _3021_/D (sg13g2_dfrbpq_1)
                                              0.140741   data arrival time

                      0.000000    0.000000    0.000000   clock core (rise edge)
                                  0.000000    0.000000   clock network delay (ideal)
                                  0.000000    0.000000   clock reconvergence pessimism
                                              0.000000 ^ _3021_/CLK (sg13g2_dfrbpq_1)
                                 -0.028719   -0.028719   library hold time
                                             -0.028719   data required time
---------------------------------------------------------------------------------------------
                                             -0.028719   data required time
                                             -0.140741   data arrival time
---------------------------------------------------------------------------------------------
                                              0.169460   slack (MET)

Hotspot 7: instance=_3037_ selected_worst_paths=none internal=1.15685e-05 switching=9.32037e-07 dynamic=1.25005e-05 leakage=1.48698e-09 total=1.2502e-05
Worst path through hotspot: status=met slack=0.180776 type=min group=core
startpoint=_3037_ (rising edge-triggered flip-flop clocked by core)
endpoint=_3258_ (rising edge-triggered flip-flop clocked by core)
path_power_complete=true
path_average_power_sum internal=2.23942e-05 switching=1.38584e-06 dynamic=2.378e-05 leakage=3.50741e-09 total=2.37835e-05
stage instance cell pins fanout capacitance slew delay arrival internal switching dynamic leakage total
1 _3037_ sg13g2_dfrbpq_1 CLK,Q 4 0.012625 0.03431 0.119108 0.119108 1.15685e-05 9.32037e-07 1.25005e-05 1.48698e-09 1.2502e-05
2 _2576_ sg13g2_xor2_1 B,X 1 0.001482 0.016417 0.033056 0.152164 3.30398e-07 6.41228e-08 3.94521e-07 5.20097e-10 3.95041e-07
3 _3258_ sg13g2_dfrbpq_1 D - - 0.016417 0 0.152164 1.04953e-05 3.89683e-07 1.0885e-05 1.50033e-09 1.08865e-05
OpenSTA targeted timing report:
Startpoint: _3037_ (rising edge-triggered flip-flop clocked by core)
Endpoint: _3258_ (rising edge-triggered flip-flop clocked by core)
Path Group: core
Path Type: min

Fanout         Cap        Slew       Delay        Time   Description
---------------------------------------------------------------------------------------------
                      0.000000    0.000000    0.000000   clock core (rise edge)
                                  0.000000    0.000000   clock network delay (ideal)
                      0.000000    0.000000    0.000000 ^ _3037_/CLK (sg13g2_dfrbpq_1)
     4    0.012625    0.034310    0.119108    0.119108 v _3037_/Q (sg13g2_dfrbpq_1)
                                                         u_uart_core.nco_sum_q[16] (net)
                      0.034310    0.000000    0.119108 v _2576_/B (sg13g2_xor2_1)
     1    0.001482    0.016417    0.033056    0.152164 v _2576_/X (sg13g2_xor2_1)
                                                         _0276_ (net)
                      0.016417    0.000000    0.152164 v _3258_/D (sg13g2_dfrbpq_1)
                                              0.152164   data arrival time

                      0.000000    0.000000    0.000000   clock core (rise edge)
                                  0.000000    0.000000   clock network delay (ideal)
                                  0.000000    0.000000   clock reconvergence pessimism
                                              0.000000 ^ _3258_/CLK (sg13g2_dfrbpq_1)
                                 -0.028612   -0.028612   library hold time
                                             -0.028612   data required time
---------------------------------------------------------------------------------------------
                                             -0.028612   data required time
                                             -0.152164   data arrival time
---------------------------------------------------------------------------------------------
                                              0.180776   slack (MET)

Hotspot 8: instance=_3029_ selected_worst_paths=none internal=1.19206e-05 switching=4.88696e-07 dynamic=1.24093e-05 leakage=1.52136e-09 total=1.24108e-05
Worst path through hotspot: status=met slack=0.227606 type=min group=core
startpoint=_3029_ (rising edge-triggered flip-flop clocked by core)
endpoint=_3029_ (rising edge-triggered flip-flop clocked by core)
path_power_complete=true
path_average_power_sum internal=1.36418e-05 switching=1.27194e-06 dynamic=1.49137e-05 leakage=2.62936e-09 total=1.49163e-05
stage instance cell pins fanout capacitance slew delay arrival internal switching dynamic leakage total
1 _3029_ sg13g2_dfrbpq_1 CLK,Q 2 0.007369 0.023528 0.109771 0.109771 1.19206e-05 4.88696e-07 1.24093e-05 1.52136e-09 1.24108e-05
2 _1500_ sg13g2_xnor2_1 B,Y 2 0.007766 0.040301 0.049464 0.159235 4.38585e-07 5.30187e-07 9.68772e-07 5.10466e-10 9.69282e-07
3 _1576_ sg13g2_xnor2_1 A,Y 1 0.001482 0.017338 0.039551 0.198786 1.28257e-06 2.53056e-07 1.53563e-06 5.97541e-10 1.53622e-06
4 _3029_ sg13g2_dfrbpq_1 D - - 0.017338 0 0.198786 1.19206e-05 4.88696e-07 1.24093e-05 1.52136e-09 1.24108e-05
OpenSTA targeted timing report:
Startpoint: _3029_ (rising edge-triggered flip-flop clocked by core)
Endpoint: _3029_ (rising edge-triggered flip-flop clocked by core)
Path Group: core
Path Type: min

Fanout         Cap        Slew       Delay        Time   Description
---------------------------------------------------------------------------------------------
                      0.000000    0.000000    0.000000   clock core (rise edge)
                                  0.000000    0.000000   clock network delay (ideal)
                      0.000000    0.000000    0.000000 ^ _3029_/CLK (sg13g2_dfrbpq_1)
     2    0.007369    0.023528    0.109771    0.109771 v _3029_/Q (sg13g2_dfrbpq_1)
                                                         u_uart_core.nco_sum_q[8] (net)
                      0.023528    0.000000    0.109771 v _1500_/B (sg13g2_xnor2_1)
     2    0.007766    0.040301    0.049464    0.159235 v _1500_/Y (sg13g2_xnor2_1)
                                                         _1279_ (net)
                      0.040301    0.000000    0.159235 v _1576_/A (sg13g2_xnor2_1)
     1    0.001482    0.017338    0.039551    0.198786 v _1576_/Y (sg13g2_xnor2_1)
                                                         _0016_ (net)
                      0.017338    0.000000    0.198786 v _3029_/D (sg13g2_dfrbpq_1)
                                              0.198786   data arrival time

                      0.000000    0.000000    0.000000   clock core (rise edge)
                                  0.000000    0.000000   clock network delay (ideal)
                                  0.000000    0.000000   clock reconvergence pessimism
                                              0.000000 ^ _3029_/CLK (sg13g2_dfrbpq_1)
                                 -0.028820   -0.028820   library hold time
                                             -0.028820   data required time
---------------------------------------------------------------------------------------------
                                             -0.028820   data required time
                                             -0.198786   data arrival time
---------------------------------------------------------------------------------------------
                                              0.227606   slack (MET)

Hotspot 9: instance=_3032_ selected_worst_paths=none internal=1.19616e-05 switching=3.34402e-07 dynamic=1.2296e-05 leakage=1.5204e-09 total=1.22975e-05
Worst path through hotspot: status=met slack=0.250779 type=min group=core
startpoint=_3032_ (rising edge-triggered flip-flop clocked by core)
endpoint=_3032_ (rising edge-triggered flip-flop clocked by core)
path_power_complete=true
path_average_power_sum internal=1.34582e-05 switching=1.27353e-06 dynamic=1.47317e-05 leakage=2.61556e-09 total=1.47343e-05
stage instance cell pins fanout capacitance slew delay arrival internal switching dynamic leakage total
1 _3032_ sg13g2_dfrbpq_1 CLK,Q 2 0.004905 0.018475 0.105395 0.105395 1.19616e-05 3.34402e-07 1.2296e-05 1.5204e-09 1.22975e-05
2 _1546_ sg13g2_nor2_1 A,Y 2 0.005137 0.043859 0.046573 0.151968 4.44737e-08 8.99329e-08 1.34407e-07 2.84774e-10 1.34691e-07
3 _1547_ sg13g2_nor2_1 B,Y 2 0.007686 0.027571 0.033275 0.185243 2.51395e-07 6.12171e-07 8.63566e-07 2.07787e-10 8.63774e-07
4 _1558_ sg13g2_xnor2_1 A,Y 1 0.001482 0.016398 0.036928 0.222171 1.20072e-06 2.37025e-07 1.43775e-06 6.02596e-10 1.43835e-06
5 _3032_ sg13g2_dfrbpq_1 D - - 0.016398 0 0.222171 1.19616e-05 3.34402e-07 1.2296e-05 1.5204e-09 1.22975e-05
OpenSTA targeted timing report:
Startpoint: _3032_ (rising edge-triggered flip-flop clocked by core)
Endpoint: _3032_ (rising edge-triggered flip-flop clocked by core)
Path Group: core
Path Type: min

Fanout         Cap        Slew       Delay        Time   Description
---------------------------------------------------------------------------------------------
                      0.000000    0.000000    0.000000   clock core (rise edge)
                                  0.000000    0.000000   clock network delay (ideal)
                      0.000000    0.000000    0.000000 ^ _3032_/CLK (sg13g2_dfrbpq_1)
     2    0.004905    0.018475    0.105395    0.105395 v _3032_/Q (sg13g2_dfrbpq_1)
                                                         u_uart_core.nco_sum_q[11] (net)
                      0.018475    0.000000    0.105395 v _1546_/A (sg13g2_nor2_1)
     2    0.005137    0.043859    0.046573    0.151968 ^ _1546_/Y (sg13g2_nor2_1)
                                                         _1323_ (net)
                      0.043859    0.000000    0.151968 ^ _1547_/B (sg13g2_nor2_1)
     2    0.007686    0.027571    0.033275    0.185243 v _1547_/Y (sg13g2_nor2_1)
                                                         _1324_ (net)
                      0.027571    0.000000    0.185243 v _1558_/A (sg13g2_xnor2_1)
     1    0.001482    0.016398    0.036928    0.222171 v _1558_/Y (sg13g2_xnor2_1)
                                                         _0004_ (net)
                      0.016398    0.000000    0.222171 v _3032_/D (sg13g2_dfrbpq_1)
                                              0.222171   data arrival time

                      0.000000    0.000000    0.000000   clock core (rise edge)
                                  0.000000    0.000000   clock network delay (ideal)
                                  0.000000    0.000000   clock reconvergence pessimism
                                              0.000000 ^ _3032_/CLK (sg13g2_dfrbpq_1)
                                 -0.028608   -0.028608   library hold time
                                             -0.028608   data required time
---------------------------------------------------------------------------------------------
                                             -0.028608   data required time
                                             -0.222171   data arrival time
---------------------------------------------------------------------------------------------
                                              0.250779   slack (MET)

Hotspot 10: instance=_3036_ selected_worst_paths=none internal=1.15976e-05 switching=4.41578e-07 dynamic=1.20391e-05 leakage=1.49953e-09 total=1.20406e-05
Worst path through hotspot: status=met slack=0.196427 type=min group=core
startpoint=_3036_ (rising edge-triggered flip-flop clocked by core)
endpoint=_3037_ (rising edge-triggered flip-flop clocked by core)
path_power_complete=true
path_average_power_sum internal=2.35945e-05 switching=1.64159e-06 dynamic=2.52361e-05 leakage=3.56574e-09 total=2.52397e-05
stage instance cell pins fanout capacitance slew delay arrival internal switching dynamic leakage total
1 _3036_ sg13g2_dfrbpq_1 CLK,Q 2 0.00549 0.019674 0.106433 0.106433 1.15976e-05 4.41578e-07 1.20391e-05 1.49953e-09 1.20406e-05
2 _1585_ sg13g2_nand2_1 B,Y 2 0.004942 0.025143 0.028316 0.13475 6.44566e-08 1.01944e-07 1.66401e-07 1.8027e-10 1.66581e-07
3 _1587_ sg13g2_a21oi_1 A2,Y 1 0.001482 0.014671 0.03346 0.16821 3.64036e-07 1.66032e-07 5.30068e-07 3.98951e-10 5.30467e-07
4 _3037_ sg13g2_dfrbpq_1 D - - 0.014671 0 0.16821 1.15685e-05 9.32037e-07 1.25005e-05 1.48698e-09 1.2502e-05
OpenSTA targeted timing report:
Startpoint: _3036_ (rising edge-triggered flip-flop clocked by core)
Endpoint: _3037_ (rising edge-triggered flip-flop clocked by core)
Path Group: core
Path Type: min

Fanout         Cap        Slew       Delay        Time   Description
---------------------------------------------------------------------------------------------
                      0.000000    0.000000    0.000000   clock core (rise edge)
                                  0.000000    0.000000   clock network delay (ideal)
                      0.000000    0.000000    0.000000 ^ _3036_/CLK (sg13g2_dfrbpq_1)
     2    0.005490    0.019674    0.106433    0.106433 v _3036_/Q (sg13g2_dfrbpq_1)
                                                         u_uart_core.nco_sum_q[15] (net)
                      0.019674    0.000000    0.106433 v _1585_/B (sg13g2_nand2_1)
     2    0.004942    0.025143    0.028316    0.134750 ^ _1585_/Y (sg13g2_nand2_1)
                                                         _1356_ (net)
                      0.025143    0.000000    0.134750 ^ _1587_/A2 (sg13g2_a21oi_1)
     1    0.001482    0.014671    0.033460    0.168210 v _1587_/Y (sg13g2_a21oi_1)
                                                         _0001_ (net)
                      0.014671    0.000000    0.168210 v _3037_/D (sg13g2_dfrbpq_1)
                                              0.168210   data arrival time

                      0.000000    0.000000    0.000000   clock core (rise edge)
                                  0.000000    0.000000   clock network delay (ideal)
                                  0.000000    0.000000   clock reconvergence pessimism
                                              0.000000 ^ _3037_/CLK (sg13g2_dfrbpq_1)
                                 -0.028217   -0.028217   library hold time
                                             -0.028217   data required time
---------------------------------------------------------------------------------------------
                                             -0.028217   data required time
                                             -0.168210   data arrival time
---------------------------------------------------------------------------------------------
                                              0.196427   slack (MET)

Hotspot 11: instance=_3022_ selected_worst_paths=none internal=1.12478e-05 switching=2.62156e-07 dynamic=1.151e-05 leakage=1.51067e-09 total=1.15115e-05
Worst path through hotspot: status=met slack=0.211481 type=min group=core
startpoint=_3021_ (rising edge-triggered flip-flop clocked by core)
endpoint=_3022_ (rising edge-triggered flip-flop clocked by core)
path_power_complete=true
path_average_power_sum internal=2.47374e-05 switching=1.99658e-06 dynamic=2.6734e-05 leakage=3.8295e-09 total=2.67379e-05
stage instance cell pins fanout capacitance slew delay arrival internal switching dynamic leakage total
1 _3021_ sg13g2_dfrbpq_1 CLK,Q 2 0.007369 0.023528 0.109771 0.109771 1.21051e-05 7.33043e-07 1.28381e-05 1.50948e-09 1.28397e-05
2 _1523_ sg13g2_nand2_1 B,Y 2 0.007739 0.03225 0.035152 0.144923 3.12922e-07 7.91838e-07 1.10476e-06 2.11394e-10 1.10497e-06
3 _1577_ sg13g2_xnor2_1 A,Y 1 0.001482 0.016651 0.037892 0.182816 1.07158e-06 2.09544e-07 1.28113e-06 5.97966e-10 1.28172e-06
4 _3022_ sg13g2_dfrbpq_1 D - - 0.016651 0 0.182816 1.12478e-05 2.62156e-07 1.151e-05 1.51067e-09 1.15115e-05
OpenSTA targeted timing report:
Startpoint: _3021_ (rising edge-triggered flip-flop clocked by core)
Endpoint: _3022_ (rising edge-triggered flip-flop clocked by core)
Path Group: core
Path Type: min

Fanout         Cap        Slew       Delay        Time   Description
---------------------------------------------------------------------------------------------
                      0.000000    0.000000    0.000000   clock core (rise edge)
                                  0.000000    0.000000   clock network delay (ideal)
                      0.000000    0.000000    0.000000 ^ _3021_/CLK (sg13g2_dfrbpq_1)
     2    0.007369    0.023528    0.109771    0.109771 v _3021_/Q (sg13g2_dfrbpq_1)
                                                         u_uart_core.nco_sum_q[0] (net)
                      0.023528    0.000000    0.109771 v _1523_/B (sg13g2_nand2_1)
     2    0.007739    0.032250    0.035152    0.144923 ^ _1523_/Y (sg13g2_nand2_1)
                                                         _1302_ (net)
                      0.032250    0.000000    0.144923 ^ _1577_/A (sg13g2_xnor2_1)
     1    0.001482    0.016651    0.037892    0.182816 v _1577_/Y (sg13g2_xnor2_1)
                                                         _0009_ (net)
                      0.016651    0.000000    0.182816 v _3022_/D (sg13g2_dfrbpq_1)
                                              0.182816   data arrival time

                      0.000000    0.000000    0.000000   clock core (rise edge)
                                  0.000000    0.000000   clock network delay (ideal)
                                  0.000000    0.000000   clock reconvergence pessimism
                                              0.000000 ^ _3022_/CLK (sg13g2_dfrbpq_1)
                                 -0.028665   -0.028665   library hold time
                                             -0.028665   data required time
---------------------------------------------------------------------------------------------
                                             -0.028665   data required time
                                             -0.182816   data arrival time
---------------------------------------------------------------------------------------------
                                              0.211481   slack (MET)

Hotspot 12: instance=_3034_ selected_worst_paths=none internal=1.12477e-05 switching=1.26983e-07 dynamic=1.13746e-05 leakage=1.50956e-09 total=1.13762e-05
Worst path through hotspot: status=met slack=0.262627 type=min group=core
startpoint=_3034_ (rising edge-triggered flip-flop clocked by core)
endpoint=_3034_ (rising edge-triggered flip-flop clocked by core)
path_power_complete=true
path_average_power_sum internal=1.2746e-05 switching=1.14031e-06 dynamic=1.38864e-05 leakage=2.85836e-09 total=1.38892e-05
stage instance cell pins fanout capacitance slew delay arrival internal switching dynamic leakage total
1 _3034_ sg13g2_dfrbpq_1 CLK,Q 1 0.00273 0.014012 0.101531 0.101531 1.12477e-05 1.26983e-07 1.13746e-05 1.50956e-09 1.13762e-05
2 _1561_ sg13g2_inv_1 A,Y 2 0.005325 0.022116 0.023226 0.124757 7.98389e-08 2.75986e-07 3.55825e-07 1.5864e-10 3.55984e-07
3 _1563_ sg13g2_nand2_1 B,Y 2 0.005581 0.030555 0.037984 0.162741 1.02372e-07 1.80062e-07 2.82435e-07 2.89389e-10 2.82724e-07
4 _1564_ sg13g2_nand2b_1 B,Y 2 0.007314 0.031523 0.036001 0.198742 2.25683e-07 3.43152e-07 5.68835e-07 3.67566e-10 5.69203e-07
5 _1575_ sg13g2_xor2_1 A,X 1 0.001482 0.01633 0.035292 0.234035 1.09049e-06 2.14124e-07 1.30461e-06 5.33206e-10 1.30515e-06
6 _3034_ sg13g2_dfrbpq_1 D - - 0.01633 0 0.234035 1.12477e-05 1.26983e-07 1.13746e-05 1.50956e-09 1.13762e-05
OpenSTA targeted timing report:
Startpoint: _3034_ (rising edge-triggered flip-flop clocked by core)
Endpoint: _3034_ (rising edge-triggered flip-flop clocked by core)
Path Group: core
Path Type: min

Fanout         Cap        Slew       Delay        Time   Description
---------------------------------------------------------------------------------------------
                      0.000000    0.000000    0.000000   clock core (rise edge)
                                  0.000000    0.000000   clock network delay (ideal)
                      0.000000    0.000000    0.000000 ^ _3034_/CLK (sg13g2_dfrbpq_1)
     1    0.002730    0.014012    0.101531    0.101531 v _3034_/Q (sg13g2_dfrbpq_1)
                                                         u_uart_core.nco_sum_q[13] (net)
                      0.014012    0.000000    0.101531 v _1561_/A (sg13g2_inv_1)
     2    0.005325    0.022116    0.023226    0.124757 ^ _1561_/Y (sg13g2_inv_1)
                                                         _1336_ (net)
                      0.022116    0.000000    0.124757 ^ _1563_/B (sg13g2_nand2_1)
     2    0.005581    0.030555    0.037984    0.162741 v _1563_/Y (sg13g2_nand2_1)
                                                         _1338_ (net)
                      0.030555    0.000000    0.162741 v _1564_/B (sg13g2_nand2b_1)
     2    0.007314    0.031523    0.036001    0.198742 ^ _1564_/Y (sg13g2_nand2b_1)
                                                         _1339_ (net)
                      0.031523    0.000000    0.198742 ^ _1575_/A (sg13g2_xor2_1)
     1    0.001482    0.016330    0.035292    0.234035 v _1575_/X (sg13g2_xor2_1)
                                                         _0006_ (net)
                      0.016330    0.000000    0.234035 v _3034_/D (sg13g2_dfrbpq_1)
                                              0.234035   data arrival time

                      0.000000    0.000000    0.000000   clock core (rise edge)
                                  0.000000    0.000000   clock network delay (ideal)
                                  0.000000    0.000000   clock reconvergence pessimism
                                              0.000000 ^ _3034_/CLK (sg13g2_dfrbpq_1)
                                 -0.028592   -0.028592   library hold time
                                             -0.028592   data required time
---------------------------------------------------------------------------------------------
                                             -0.028592   data required time
                                             -0.234035   data arrival time
---------------------------------------------------------------------------------------------
                                              0.262627   slack (MET)

Hotspot 13: instance=_3030_ selected_worst_paths=none internal=1.07926e-05 switching=1.87974e-07 dynamic=1.09806e-05 leakage=1.52286e-09 total=1.09821e-05
Worst path through hotspot: status=met slack=0.237099 type=min group=core
startpoint=_3029_ (rising edge-triggered flip-flop clocked by core)
endpoint=_3030_ (rising edge-triggered flip-flop clocked by core)
path_power_complete=true
path_average_power_sum internal=2.42217e-05 switching=1.74719e-06 dynamic=2.59688e-05 leakage=4.30419e-09 total=2.59731e-05
stage instance cell pins fanout capacitance slew delay arrival internal switching dynamic leakage total
1 _3029_ sg13g2_dfrbpq_1 CLK,Q 2 0.007369 0.023528 0.109771 0.109771 1.19206e-05 4.88696e-07 1.24093e-05 1.52136e-09 1.24108e-05
2 _1540_ sg13g2_nand2_1 B,Y 2 0.00616 0.027793 0.031836 0.141607 1.63399e-07 3.21401e-07 4.84801e-07 2.39489e-10 4.8504e-07
3 _1541_ sg13g2_o21ai_1 B1,Y 1 0.004581 0.030208 0.034538 0.176145 3.68082e-07 5.55606e-07 9.23689e-07 4.55805e-10 9.24145e-07
4 _1542_ sg13g2_xnor2_1 B,Y 1 0.001482 0.017381 0.032124 0.208269 9.76969e-07 1.93514e-07 1.17048e-06 5.64689e-10 1.17105e-06
5 _3030_ sg13g2_dfrbpq_1 D - - 0.017381 0 0.208269 1.07926e-05 1.87974e-07 1.09806e-05 1.52286e-09 1.09821e-05
OpenSTA targeted timing report:
Startpoint: _3029_ (rising edge-triggered flip-flop clocked by core)
Endpoint: _3030_ (rising edge-triggered flip-flop clocked by core)
Path Group: core
Path Type: min

Fanout         Cap        Slew       Delay        Time   Description
---------------------------------------------------------------------------------------------
                      0.000000    0.000000    0.000000   clock core (rise edge)
                                  0.000000    0.000000   clock network delay (ideal)
                      0.000000    0.000000    0.000000 ^ _3029_/CLK (sg13g2_dfrbpq_1)
     2    0.007369    0.023528    0.109771    0.109771 v _3029_/Q (sg13g2_dfrbpq_1)
                                                         u_uart_core.nco_sum_q[8] (net)
                      0.023528    0.000000    0.109771 v _1540_/B (sg13g2_nand2_1)
     2    0.006160    0.027793    0.031836    0.141607 ^ _1540_/Y (sg13g2_nand2_1)
                                                         _1319_ (net)
                      0.027793    0.000000    0.141607 ^ _1541_/B1 (sg13g2_o21ai_1)
     1    0.004581    0.030208    0.034538    0.176145 v _1541_/Y (sg13g2_o21ai_1)
                                                         _1320_ (net)
                      0.030208    0.000000    0.176145 v _1542_/B (sg13g2_xnor2_1)
     1    0.001482    0.017381    0.032124    0.208269 v _1542_/Y (sg13g2_xnor2_1)
                                                         _0017_ (net)
                      0.017381    0.000000    0.208269 v _3030_/D (sg13g2_dfrbpq_1)
                                              0.208269   data arrival time

                      0.000000    0.000000    0.000000   clock core (rise edge)
                                  0.000000    0.000000   clock network delay (ideal)
                                  0.000000    0.000000   clock reconvergence pessimism
                                              0.000000 ^ _3030_/CLK (sg13g2_dfrbpq_1)
                                 -0.028830   -0.028830   library hold time
                                             -0.028830   data required time
---------------------------------------------------------------------------------------------
                                             -0.028830   data required time
                                             -0.208269   data arrival time
---------------------------------------------------------------------------------------------
                                              0.237099   slack (MET)

Hotspot 14: instance=_3258_ selected_worst_paths=none internal=1.04953e-05 switching=3.89683e-07 dynamic=1.0885e-05 leakage=1.50033e-09 total=1.08865e-05
Worst path through hotspot: status=met slack=0.172653 type=min group=core
startpoint=_3258_ (rising edge-triggered flip-flop clocked by core)
endpoint=_3258_ (rising edge-triggered flip-flop clocked by core)
path_power_complete=true
path_average_power_sum internal=1.08257e-05 switching=4.53806e-07 dynamic=1.12795e-05 leakage=2.02043e-09 total=1.12815e-05
stage instance cell pins fanout capacitance slew delay arrival internal switching dynamic leakage total
1 _3258_ sg13g2_dfrbpq_1 CLK,Q 2 0.007679 0.024163 0.110321 0.110321 1.04953e-05 3.89683e-07 1.0885e-05 1.50033e-09 1.08865e-05
2 _2576_ sg13g2_xor2_1 A,X 1 0.001482 0.016417 0.03372 0.144041 3.30398e-07 6.41228e-08 3.94521e-07 5.20097e-10 3.95041e-07
3 _3258_ sg13g2_dfrbpq_1 D - - 0.016417 0 0.144041 1.04953e-05 3.89683e-07 1.0885e-05 1.50033e-09 1.08865e-05
OpenSTA targeted timing report:
Startpoint: _3258_ (rising edge-triggered flip-flop clocked by core)
Endpoint: _3258_ (rising edge-triggered flip-flop clocked by core)
Path Group: core
Path Type: min

Fanout         Cap        Slew       Delay        Time   Description
---------------------------------------------------------------------------------------------
                      0.000000    0.000000    0.000000   clock core (rise edge)
                                  0.000000    0.000000   clock network delay (ideal)
                      0.000000    0.000000    0.000000 ^ _3258_/CLK (sg13g2_dfrbpq_1)
     2    0.007679    0.024163    0.110321    0.110321 v _3258_/Q (sg13g2_dfrbpq_1)
                                                         u_uart_core.uart_tx.baud_div_q[0] (net)
                      0.024163    0.000000    0.110321 v _2576_/A (sg13g2_xor2_1)
     1    0.001482    0.016417    0.033720    0.144041 v _2576_/X (sg13g2_xor2_1)
                                                         _0276_ (net)
                      0.016417    0.000000    0.144041 v _3258_/D (sg13g2_dfrbpq_1)
                                              0.144041   data arrival time

                      0.000000    0.000000    0.000000   clock core (rise edge)
                                  0.000000    0.000000   clock network delay (ideal)
                                  0.000000    0.000000   clock reconvergence pessimism
                                              0.000000 ^ _3258_/CLK (sg13g2_dfrbpq_1)
                                 -0.028612   -0.028612   library hold time
                                             -0.028612   data required time
---------------------------------------------------------------------------------------------
                                             -0.028612   data required time
                                             -0.144041   data arrival time
---------------------------------------------------------------------------------------------
                                              0.172653   slack (MET)

Hotspot 15: instance=_3023_ selected_worst_paths=none internal=1.0467e-05 switching=2.79938e-07 dynamic=1.07469e-05 leakage=1.53321e-09 total=1.07484e-05
Worst path through hotspot: status=met slack=0.219862 type=min group=core
startpoint=_3023_ (rising edge-triggered flip-flop clocked by core)
endpoint=_3024_ (rising edge-triggered flip-flop clocked by core)
path_power_complete=true
path_average_power_sum internal=2.14559e-05 switching=1.10409e-06 dynamic=2.256e-05 leakage=4.34125e-09 total=2.25643e-05
stage instance cell pins fanout capacitance slew delay arrival internal switching dynamic leakage total
1 _3023_ sg13g2_dfrbpq_1 CLK,Q 2 0.010243 0.038367 0.11922 0.11922 1.0467e-05 2.79938e-07 1.07469e-05 1.53321e-09 1.07484e-05
2 _1528_ sg13g2_a21oi_2 A2,Y 2 0.007283 0.01836 0.041964 0.161183 4.43028e-07 6.36383e-07 1.07941e-06 7.14991e-10 1.08013e-06
3 _2661_ sg13g2_xnor2_1 B,Y 1 0.001482 0.016367 0.030078 0.191261 6.15865e-07 1.2252e-07 7.38385e-07 5.67156e-10 7.38952e-07
4 _3024_ sg13g2_dfrbpq_1 D - - 0.016367 0 0.191261 9.93003e-06 6.52492e-08 9.99528e-06 1.52589e-09 9.99681e-06
OpenSTA targeted timing report:
Startpoint: _3023_ (rising edge-triggered flip-flop clocked by core)
Endpoint: _3024_ (rising edge-triggered flip-flop clocked by core)
Path Group: core
Path Type: min

Fanout         Cap        Slew       Delay        Time   Description
---------------------------------------------------------------------------------------------
                      0.000000    0.000000    0.000000   clock core (rise edge)
                                  0.000000    0.000000   clock network delay (ideal)
                      0.000000    0.000000    0.000000 ^ _3023_/CLK (sg13g2_dfrbpq_1)
     2    0.010243    0.038367    0.119220    0.119220 ^ _3023_/Q (sg13g2_dfrbpq_1)
                                                         u_uart_core.nco_sum_q[2] (net)
                      0.038367    0.000000    0.119220 ^ _1528_/A2 (sg13g2_a21oi_2)
     2    0.007283    0.018360    0.041964    0.161183 v _1528_/Y (sg13g2_a21oi_2)
                                                         _1307_ (net)
                      0.018360    0.000000    0.161183 v _2661_/B (sg13g2_xnor2_1)
     1    0.001482    0.016367    0.030078    0.191261 v _2661_/Y (sg13g2_xnor2_1)
                                                         _0011_ (net)
                      0.016367    0.000000    0.191261 v _3024_/D (sg13g2_dfrbpq_1)
                                              0.191261   data arrival time

                      0.000000    0.000000    0.000000   clock core (rise edge)
                                  0.000000    0.000000   clock network delay (ideal)
                                  0.000000    0.000000   clock reconvergence pessimism
                                              0.000000 ^ _3024_/CLK (sg13g2_dfrbpq_1)
                                 -0.028601   -0.028601   library hold time
                                             -0.028601   data required time
---------------------------------------------------------------------------------------------
                                             -0.028601   data required time
                                             -0.191261   data arrival time
---------------------------------------------------------------------------------------------
                                              0.219862   slack (MET)

Hotspot 16: instance=_2981_ selected_worst_paths=none internal=1.04987e-05 switching=2.35994e-07 dynamic=1.07347e-05 leakage=1.50036e-09 total=1.07362e-05
Worst path through hotspot: status=met slack=0.194973 type=min group=core
startpoint=_2981_ (rising edge-triggered flip-flop clocked by core)
endpoint=_2981_ (rising edge-triggered flip-flop clocked by core)
path_power_complete=true
path_average_power_sum internal=1.08144e-05 switching=4.0556e-07 dynamic=1.122e-05 leakage=2.01988e-09 total=1.1222e-05
stage instance cell pins fanout capacitance slew delay arrival internal switching dynamic leakage total
1 _2981_ sg13g2_dfrbpq_1 CLK,Q 2 0.00514 0.018957 0.105812 0.105812 1.04987e-05 2.35994e-07 1.07347e-05 1.50036e-09 1.07362e-05
2 _1789_ sg13g2_nor2_1 A,Y 1 0.002719 0.030043 0.036826 0.142638 9.38446e-08 1.04298e-07 1.98142e-07 2.32546e-10 1.98375e-07
3 _1790_ sg13g2_nor3_1 B,Y 1 0.001482 0.016397 0.023727 0.166365 2.2188e-07 6.52679e-08 2.87148e-07 2.86969e-10 2.87435e-07
4 _2981_ sg13g2_dfrbpq_1 D - - 0.016397 0 0.166365 1.04987e-05 2.35994e-07 1.07347e-05 1.50036e-09 1.07362e-05
OpenSTA targeted timing report:
Startpoint: _2981_ (rising edge-triggered flip-flop clocked by core)
Endpoint: _2981_ (rising edge-triggered flip-flop clocked by core)
Path Group: core
Path Type: min

Fanout         Cap        Slew       Delay        Time   Description
---------------------------------------------------------------------------------------------
                      0.000000    0.000000    0.000000   clock core (rise edge)
                                  0.000000    0.000000   clock network delay (ideal)
                      0.000000    0.000000    0.000000 ^ _2981_/CLK (sg13g2_dfrbpq_1)
     2    0.005140    0.018957    0.105812    0.105812 v _2981_/Q (sg13g2_dfrbpq_1)
                                                         u_uart_core.uart_rx.baud_div_q[0] (net)
                      0.018957    0.000000    0.105812 v _1789_/A (sg13g2_nor2_1)
     1    0.002719    0.030043    0.036826    0.142638 ^ _1789_/Y (sg13g2_nor2_1)
                                                         _0405_ (net)
                      0.030043    0.000000    0.142638 ^ _1790_/B (sg13g2_nor3_1)
     1    0.001482    0.016397    0.023727    0.166365 v _1790_/Y (sg13g2_nor3_1)
                                                         _0088_ (net)
                      0.016397    0.000000    0.166365 v _2981_/D (sg13g2_dfrbpq_1)
                                              0.166365   data arrival time

                      0.000000    0.000000    0.000000   clock core (rise edge)
                                  0.000000    0.000000   clock network delay (ideal)
                                  0.000000    0.000000   clock reconvergence pessimism
                                              0.000000 ^ _2981_/CLK (sg13g2_dfrbpq_1)
                                 -0.028608   -0.028608   library hold time
                                             -0.028608   data required time
---------------------------------------------------------------------------------------------
                                             -0.028608   data required time
                                             -0.166365   data arrival time
---------------------------------------------------------------------------------------------
                                              0.194973   slack (MET)

Hotspot 17: instance=_3259_ selected_worst_paths=none internal=9.86988e-06 switching=1.754e-07 dynamic=1.00453e-05 leakage=1.50553e-09 total=1.00468e-05
Worst path through hotspot: status=met slack=0.174312 type=min group=core
startpoint=_3259_ (rising edge-triggered flip-flop clocked by core)
endpoint=_3259_ (rising edge-triggered flip-flop clocked by core)
path_power_complete=true
path_average_power_sum internal=1.0176e-05 switching=2.36087e-07 dynamic=1.0412e-05 leakage=2.11378e-09 total=1.04142e-05
stage instance cell pins fanout capacitance slew delay arrival internal switching dynamic leakage total
1 _3259_ sg13g2_dfrbpq_1 CLK,Q 2 0.007173 0.023126 0.109423 0.109423 9.86988e-06 1.754e-07 1.00453e-05 1.50553e-09 1.00468e-05
2 _2575_ sg13g2_xnor2_1 A,Y 1 0.001482 0.017591 0.036012 0.145435 3.06069e-07 6.06877e-08 3.66756e-07 6.08252e-10 3.67364e-07
3 _3259_ sg13g2_dfrbpq_1 D - - 0.017591 0 0.145435 9.86988e-06 1.754e-07 1.00453e-05 1.50553e-09 1.00468e-05
OpenSTA targeted timing report:
Startpoint: _3259_ (rising edge-triggered flip-flop clocked by core)
Endpoint: _3259_ (rising edge-triggered flip-flop clocked by core)
Path Group: core
Path Type: min

Fanout         Cap        Slew       Delay        Time   Description
---------------------------------------------------------------------------------------------
                      0.000000    0.000000    0.000000   clock core (rise edge)
                                  0.000000    0.000000   clock network delay (ideal)
                      0.000000    0.000000    0.000000 ^ _3259_/CLK (sg13g2_dfrbpq_1)
     2    0.007173    0.023126    0.109423    0.109423 v _3259_/Q (sg13g2_dfrbpq_1)
                                                         u_uart_core.uart_tx.baud_div_q[1] (net)
                      0.023126    0.000000    0.109423 v _2575_/A (sg13g2_xnor2_1)
     1    0.001482    0.017591    0.036012    0.145435 v _2575_/Y (sg13g2_xnor2_1)
                                                         _0275_ (net)
                      0.017591    0.000000    0.145435 v _3259_/D (sg13g2_dfrbpq_1)
                                              0.145435   data arrival time

                      0.000000    0.000000    0.000000   clock core (rise edge)
                                  0.000000    0.000000   clock network delay (ideal)
                                  0.000000    0.000000   clock reconvergence pessimism
                                              0.000000 ^ _3259_/CLK (sg13g2_dfrbpq_1)
                                 -0.028877   -0.028877   library hold time
                                             -0.028877   data required time
---------------------------------------------------------------------------------------------
                                             -0.028877   data required time
                                             -0.145435   data arrival time
---------------------------------------------------------------------------------------------
                                              0.174312   slack (MET)

Hotspot 18: instance=_2982_ selected_worst_paths=none internal=9.89289e-06 switching=1.3223e-07 dynamic=1.00251e-05 leakage=1.50548e-09 total=1.00266e-05
Worst path through hotspot: status=met slack=0.195886 type=min group=core
startpoint=_2982_ (rising edge-triggered flip-flop clocked by core)
endpoint=_2982_ (rising edge-triggered flip-flop clocked by core)
path_power_complete=true
path_average_power_sum internal=1.01823e-05 switching=2.71269e-07 dynamic=1.04536e-05 leakage=2.01107e-09 total=1.04556e-05
stage instance cell pins fanout capacitance slew delay arrival internal switching dynamic leakage total
1 _2982_ sg13g2_dfrbpq_1 CLK,Q 2 0.005557 0.019811 0.106552 0.106552 9.89289e-06 1.3223e-07 1.00251e-05 1.50548e-09 1.00266e-05
2 _1787_ sg13g2_nor2_1 A,Y 1 0.002719 0.030155 0.036971 0.143523 6.61166e-08 7.37716e-08 1.39888e-07 2.16933e-10 1.40105e-07
3 _1788_ sg13g2_nor3_1 B,Y 1 0.001482 0.016418 0.02375 0.167274 2.23281e-07 6.52679e-08 2.88549e-07 2.88655e-10 2.88837e-07
4 _2982_ sg13g2_dfrbpq_1 D - - 0.016418 0 0.167274 9.89289e-06 1.3223e-07 1.00251e-05 1.50548e-09 1.00266e-05
OpenSTA targeted timing report:
Startpoint: _2982_ (rising edge-triggered flip-flop clocked by core)
Endpoint: _2982_ (rising edge-triggered flip-flop clocked by core)
Path Group: core
Path Type: min

Fanout         Cap        Slew       Delay        Time   Description
---------------------------------------------------------------------------------------------
                      0.000000    0.000000    0.000000   clock core (rise edge)
                                  0.000000    0.000000   clock network delay (ideal)
                      0.000000    0.000000    0.000000 ^ _2982_/CLK (sg13g2_dfrbpq_1)
     2    0.005557    0.019811    0.106552    0.106552 v _2982_/Q (sg13g2_dfrbpq_1)
                                                         u_uart_core.uart_rx.baud_div_q[1] (net)
                      0.019811    0.000000    0.106552 v _1787_/A (sg13g2_nor2_1)
     1    0.002719    0.030155    0.036971    0.143523 ^ _1787_/Y (sg13g2_nor2_1)
                                                         _0404_ (net)
                      0.030155    0.000000    0.143523 ^ _1788_/B (sg13g2_nor3_1)
     1    0.001482    0.016418    0.023750    0.167274 v _1788_/Y (sg13g2_nor3_1)
                                                         _0087_ (net)
                      0.016418    0.000000    0.167274 v _2982_/D (sg13g2_dfrbpq_1)
                                              0.167274   data arrival time

                      0.000000    0.000000    0.000000   clock core (rise edge)
                                  0.000000    0.000000   clock network delay (ideal)
                                  0.000000    0.000000   clock reconvergence pessimism
                                              0.000000 ^ _2982_/CLK (sg13g2_dfrbpq_1)
                                 -0.028612   -0.028612   library hold time
                                             -0.028612   data required time
---------------------------------------------------------------------------------------------
                                             -0.028612   data required time
                                             -0.167274   data arrival time
---------------------------------------------------------------------------------------------
                                              0.195886   slack (MET)

Hotspot 19: instance=_3024_ selected_worst_paths=none internal=9.93003e-06 switching=6.52492e-08 dynamic=9.99528e-06 leakage=1.52589e-09 total=9.99681e-06
Worst path through hotspot: status=met slack=0.219862 type=min group=core
startpoint=_3023_ (rising edge-triggered flip-flop clocked by core)
endpoint=_3024_ (rising edge-triggered flip-flop clocked by core)
path_power_complete=true
path_average_power_sum internal=2.14559e-05 switching=1.10409e-06 dynamic=2.256e-05 leakage=4.34125e-09 total=2.25643e-05
stage instance cell pins fanout capacitance slew delay arrival internal switching dynamic leakage total
1 _3023_ sg13g2_dfrbpq_1 CLK,Q 2 0.010243 0.038367 0.11922 0.11922 1.0467e-05 2.79938e-07 1.07469e-05 1.53321e-09 1.07484e-05
2 _1528_ sg13g2_a21oi_2 A2,Y 2 0.007283 0.01836 0.041964 0.161183 4.43028e-07 6.36383e-07 1.07941e-06 7.14991e-10 1.08013e-06
3 _2661_ sg13g2_xnor2_1 B,Y 1 0.001482 0.016367 0.030078 0.191261 6.15865e-07 1.2252e-07 7.38385e-07 5.67156e-10 7.38952e-07
4 _3024_ sg13g2_dfrbpq_1 D - - 0.016367 0 0.191261 9.93003e-06 6.52492e-08 9.99528e-06 1.52589e-09 9.99681e-06
OpenSTA targeted timing report:
Startpoint: _3023_ (rising edge-triggered flip-flop clocked by core)
Endpoint: _3024_ (rising edge-triggered flip-flop clocked by core)
Path Group: core
Path Type: min

Fanout         Cap        Slew       Delay        Time   Description
---------------------------------------------------------------------------------------------
                      0.000000    0.000000    0.000000   clock core (rise edge)
                                  0.000000    0.000000   clock network delay (ideal)
                      0.000000    0.000000    0.000000 ^ _3023_/CLK (sg13g2_dfrbpq_1)
     2    0.010243    0.038367    0.119220    0.119220 ^ _3023_/Q (sg13g2_dfrbpq_1)
                                                         u_uart_core.nco_sum_q[2] (net)
                      0.038367    0.000000    0.119220 ^ _1528_/A2 (sg13g2_a21oi_2)
     2    0.007283    0.018360    0.041964    0.161183 v _1528_/Y (sg13g2_a21oi_2)
                                                         _1307_ (net)
                      0.018360    0.000000    0.161183 v _2661_/B (sg13g2_xnor2_1)
     1    0.001482    0.016367    0.030078    0.191261 v _2661_/Y (sg13g2_xnor2_1)
                                                         _0011_ (net)
                      0.016367    0.000000    0.191261 v _3024_/D (sg13g2_dfrbpq_1)
                                              0.191261   data arrival time

                      0.000000    0.000000    0.000000   clock core (rise edge)
                                  0.000000    0.000000   clock network delay (ideal)
                                  0.000000    0.000000   clock reconvergence pessimism
                                              0.000000 ^ _3024_/CLK (sg13g2_dfrbpq_1)
                                 -0.028601   -0.028601   library hold time
                                             -0.028601   data required time
---------------------------------------------------------------------------------------------
                                             -0.028601   data required time
                                             -0.191261   data arrival time
---------------------------------------------------------------------------------------------
                                              0.219862   slack (MET)

Hotspot 20: instance=_3025_ selected_worst_paths=none internal=9.60649e-06 switching=8.74807e-08 dynamic=9.69397e-06 leakage=1.53716e-09 total=9.69551e-06
Worst path through hotspot: status=met slack=0.22369 type=min group=core
startpoint=_3025_ (rising edge-triggered flip-flop clocked by core)
endpoint=_3026_ (rising edge-triggered flip-flop clocked by core)
path_power_complete=true
path_average_power_sum internal=1.93828e-05 switching=4.97642e-07 dynamic=1.98804e-05 leakage=4.32683e-09 total=1.98847e-05
stage instance cell pins fanout capacitance slew delay arrival internal switching dynamic leakage total
1 _3025_ sg13g2_dfrbpq_1 CLK,Q 2 0.010243 0.038367 0.11922 0.11922 9.60649e-06 8.74807e-08 9.69397e-06 1.53716e-09 9.69551e-06
2 _1533_ sg13g2_a21oi_2 A2,Y 2 0.00978 0.018765 0.045713 0.164932 1.64506e-07 3.24467e-07 4.88972e-07 7.24658e-10 4.89697e-07
3 _1543_ sg13g2_xnor2_1 B,Y 1 0.001482 0.016407 0.030148 0.19508 1.67577e-07 3.32065e-08 2.00783e-07 5.18478e-10 2.01302e-07
4 _3026_ sg13g2_dfrbpq_1 D - - 0.016407 0 0.19508 9.44419e-06 5.24884e-08 9.49668e-06 1.54653e-09 9.49823e-06
OpenSTA targeted timing report:
Startpoint: _3025_ (rising edge-triggered flip-flop clocked by core)
Endpoint: _3026_ (rising edge-triggered flip-flop clocked by core)
Path Group: core
Path Type: min

Fanout         Cap        Slew       Delay        Time   Description
---------------------------------------------------------------------------------------------
                      0.000000    0.000000    0.000000   clock core (rise edge)
                                  0.000000    0.000000   clock network delay (ideal)
                      0.000000    0.000000    0.000000 ^ _3025_/CLK (sg13g2_dfrbpq_1)
     2    0.010243    0.038367    0.119220    0.119220 ^ _3025_/Q (sg13g2_dfrbpq_1)
                                                         u_uart_core.nco_sum_q[4] (net)
                      0.038367    0.000000    0.119220 ^ _1533_/A2 (sg13g2_a21oi_2)
     2    0.009780    0.018765    0.045713    0.164932 v _1533_/Y (sg13g2_a21oi_2)
                                                         _1312_ (net)
                      0.018765    0.000000    0.164932 v _1543_/B (sg13g2_xnor2_1)
     1    0.001482    0.016407    0.030148    0.195080 v _1543_/Y (sg13g2_xnor2_1)
                                                         _0013_ (net)
                      0.016407    0.000000    0.195080 v _3026_/D (sg13g2_dfrbpq_1)
                                              0.195080   data arrival time

                      0.000000    0.000000    0.000000   clock core (rise edge)
                                  0.000000    0.000000   clock network delay (ideal)
                                  0.000000    0.000000   clock reconvergence pessimism
                                              0.000000 ^ _3026_/CLK (sg13g2_dfrbpq_1)
                                 -0.028610   -0.028610   library hold time
                                             -0.028610   data required time
---------------------------------------------------------------------------------------------
                                             -0.028610   data required time
                                             -0.195080   data arrival time
---------------------------------------------------------------------------------------------
                                              0.223690   slack (MET)
