analysis=fusion_analysis corner=ss mode=setup stage=post_syn
workload=host_write_sv_ss
methodology=staged_public_opensta
path_power_semantics=average_instance_power_in_same_analysis_context
activity_file=/tmp/flexsoc-repack/uart_master/runs/uart_master/dev/signoff/ihp-sg13g2/power/activity/captures/uart_master_ihp-sg13g2_host_write_sv_ss.vcd
activity_scope=uart_master_tb/u_uart_master
liberty=/home/eneadim/github/flexsoc/.flexsoc/pdks/ihp-sg13g2/ihp-sg13g2/libs.ref/sg13g2_stdcell/lib/sg13g2_stdcell_slow_1p35V_125C.lib
netlist=/tmp/flexsoc-repack/uart_master/runs/uart_master/dev/syn/ihp-sg13g2/uart_master_synth.v
sdc=/tmp/flexsoc-repack/uart_master/runs/uart_master/dev/constraints/uart_master.sdc
spef=

=== Units ===
 time 1ns
 capacitance 1pF
 resistance 1kohm
 voltage 1v
 current 1uA
 power 1pW
 distance 1um

=== Constraint validation ===

=== Timing summary ===
wns max 0.00
tns max 0.00

=== Power summary ===
Group                  Internal  Switching    Leakage      Total
                          Power      Power      Power      Power (Watts)
----------------------------------------------------------------
Sequential             3.53e-03   3.76e-06   1.82e-06   3.54e-03  99.5%
Combinational          8.85e-06   7.47e-06   1.41e-06   1.77e-05   0.5%
Clock                  0.00e+00   0.00e+00   0.00e+00   0.00e+00   0.0%
Macro                  0.00e+00   0.00e+00   0.00e+00   0.00e+00   0.0%
Pad                    0.00e+00   0.00e+00   0.00e+00   0.00e+00   0.0%
----------------------------------------------------------------
Total                  3.54e-03   1.12e-05   3.23e-06   3.56e-03 100.0%
                          99.6%       0.3%       0.1%

=== Worst timing paths (violated or met) ===
Startpoint: cio_rx_i (input port clocked by core)
Endpoint: cio_tx_o (output port clocked by core)
Path Group: core
Path Type: max

Fanout         Cap        Slew       Delay        Time   Description
---------------------------------------------------------------------------------------------
                      0.000000    0.000000    0.000000   clock core (rise edge)
                                  0.000000    0.000000   clock network delay (ideal)
                                  2.000000    2.000000 v input external delay
     2    0.006494    0.000649    0.000649    2.000649 v cio_rx_i (in)
                                                         cio_rx_i (net)
                      0.000649    0.000000    2.000649 v _3230_/A (sg13g2_nand2_1)
     1    0.003691    0.038054    0.025925    2.026574 ^ _3230_/Y (sg13g2_nand2_1)
                                                         _1910_ (net)
                      0.038054    0.000000    2.026574 ^ _3231_/B1 (sg13g2_o21ai_1)
     1    0.010000    0.090605    0.079610    2.106184 v _3231_/Y (sg13g2_o21ai_1)
                                                         cio_tx_o (net)
                      0.090605    0.000000    2.106184 v cio_tx_o (out)
                                              2.106184   data arrival time

                      0.000000   10.000000   10.000000   clock core (rise edge)
                                  0.000000   10.000000   clock network delay (ideal)
                                  0.000000   10.000000   clock reconvergence pessimism
                                 -2.000000    8.000000   output external delay
                                              8.000000   data required time
---------------------------------------------------------------------------------------------
                                              8.000000   data required time
                                             -2.106184   data arrival time
---------------------------------------------------------------------------------------------
                                              5.893816   slack (MET)


Startpoint: tl_i[64] (input port clocked by core)
Endpoint: _3917_ (rising edge-triggered flip-flop clocked by core)
Path Group: core
Path Type: max

Fanout         Cap        Slew       Delay        Time   Description
---------------------------------------------------------------------------------------------
                      0.000000    0.000000    0.000000   clock core (rise edge)
                                  0.000000    0.000000   clock network delay (ideal)
                                  2.000000    2.000000 v input external delay
     4    0.012862    0.001286    0.001286    2.001286 v tl_i[64] (in)
                                                         tl_i[64] (net)
                      0.001286    0.000000    2.001286 v _2293_/A (sg13g2_inv_1)
     4    0.013093    0.062208    0.050786    2.052072 ^ _2293_/Y (sg13g2_inv_1)
                                                         _1211_ (net)
                      0.062208    0.000000    2.052072 ^ _2403_/B (sg13g2_and3_1)
     1    0.002476    0.032361    0.117149    2.169221 ^ _2403_/X (sg13g2_and3_1)
                                                         _1305_ (net)
                      0.032361    0.000000    2.169221 ^ _2404_/A (sg13g2_buf_1)
     9    0.030861    0.143508    0.147629    2.316850 ^ _2404_/X (sg13g2_buf_1)
                                                         _1306_ (net)
                      0.143508    0.000000    2.316850 ^ _2640_/A2 (sg13g2_a21oi_1)
     1    0.003358    0.080208    0.089013    2.405864 v _2640_/Y (sg13g2_a21oi_1)
                                                         _1499_ (net)
                      0.080208    0.000000    2.405864 v _2641_/A (sg13g2_nor2_1)
     4    0.013502    0.142708    0.135932    2.541795 ^ _2641_/Y (sg13g2_nor2_1)
                                                         _1500_ (net)
                      0.142708    0.000000    2.541795 ^ _2642_/A (sg13g2_inv_1)
     2    0.006389    0.051430    0.063742    2.605538 v _2642_/Y (sg13g2_inv_1)
                                                         _1501_ (net)
                      0.051430    0.000000    2.605538 v _2643_/B (sg13g2_nor2_1)
     2    0.007335    0.088110    0.084214    2.689752 ^ _2643_/Y (sg13g2_nor2_1)
                                                         _1502_ (net)
                      0.088110    0.000000    2.689752 ^ _2644_/A (sg13g2_nand2_1)
     2    0.006189    0.081315    0.073291    2.763043 v _2644_/Y (sg13g2_nand2_1)
                                                         _1503_ (net)
                      0.081315    0.000000    2.763043 v _2645_/B (sg13g2_nor2_1)
     4    0.014426    0.153501    0.139548    2.902591 ^ _2645_/Y (sg13g2_nor2_1)
                                                         _1504_ (net)
                      0.153501    0.000000    2.902591 ^ _2651_/A (sg13g2_inv_1)
     2    0.006831    0.054822    0.067585    2.970176 v _2651_/Y (sg13g2_inv_1)
                                                         _1508_ (net)
                      0.054822    0.000000    2.970176 v _2656_/A1 (sg13g2_a21oi_1)
     1    0.003579    0.136167    0.072852    3.043028 ^ _2656_/Y (sg13g2_a21oi_1)
                                                         _1512_ (net)
                      0.136167    0.000000    3.043028 ^ _2657_/C1 (sg13g2_a221oi_1)
     1    0.001743    0.183752    0.055143    3.098171 v _2657_/Y (sg13g2_a221oi_1)
                                                         _0317_ (net)
                      0.183752    0.000000    3.098171 v _3917_/D (sg13g2_dfrbpq_1)
                                              3.098171   data arrival time

                      0.000000   10.000000   10.000000   clock core (rise edge)
                                  0.000000   10.000000   clock network delay (ideal)
                                  0.000000   10.000000   clock reconvergence pessimism
                                             10.000000 ^ _3917_/CLK (sg13g2_dfrbpq_1)
                                 -0.160103    9.839898   library setup time
                                              9.839898   data required time
---------------------------------------------------------------------------------------------
                                              9.839898   data required time
                                             -3.098171   data arrival time
---------------------------------------------------------------------------------------------
                                              6.741727   slack (MET)


Startpoint: tl_i[108] (input port clocked by core)
Endpoint: _3913_ (rising edge-triggered flip-flop clocked by core)
Path Group: core
Path Type: max

Fanout         Cap        Slew       Delay        Time   Description
---------------------------------------------------------------------------------------------
                      0.000000    0.000000    0.000000   clock core (rise edge)
                                  0.000000    0.000000   clock network delay (ideal)
                                  2.000000    2.000000 ^ input external delay
     1    0.003432    0.000343    0.000343    2.000343 ^ tl_i[108] (in)
                                                         tl_i[108] (net)
                      0.000343    0.000000    2.000343 ^ _2264_/B (sg13g2_nand2_1)
     4    0.011248    0.083810    0.074673    2.075017 v _2264_/Y (sg13g2_nand2_1)
                                                         _1197_ (net)
                      0.083810    0.000000    2.075017 v _2299_/C (sg13g2_nor3_1)
     2    0.006814    0.138813    0.128692    2.203708 ^ _2299_/Y (sg13g2_nor3_1)
                                                         _1217_ (net)
                      0.138813    0.000000    2.203708 ^ _2300_/A (sg13g2_inv_1)
     2    0.006392    0.050776    0.063083    2.266791 v _2300_/Y (sg13g2_inv_1)
                                                         _1218_ (net)
                      0.050776    0.000000    2.266791 v _2586_/A (sg13g2_nor2b_1)
     3    0.010568    0.114884    0.104525    2.371316 ^ _2586_/Y (sg13g2_nor2b_1)
                                                         _1457_ (net)
                      0.114884    0.000000    2.371316 ^ _2587_/A (sg13g2_inv_1)
     2    0.006639    0.047519    0.059935    2.431251 v _2587_/Y (sg13g2_inv_1)
                                                         _1458_ (net)
                      0.047519    0.000000    2.431251 v _2943_/B (sg13g2_nor3_1)
     3    0.008427    0.156223    0.147961    2.579212 ^ _2943_/Y (sg13g2_nor3_1)
                                                         _1685_ (net)
                      0.156223    0.000000    2.579212 ^ _2945_/A (sg13g2_buf_1)
    22    0.078507    0.350487    0.326214    2.905427 ^ _2945_/X (sg13g2_buf_1)
                                                         _1687_ (net)
                      0.350487    0.000000    2.905427 ^ _3282_/S (sg13g2_mux2_1)
     1    0.001743    0.034266    0.215571    3.120998 v _3282_/X (sg13g2_mux2_1)
                                                         _0509_ (net)
                      0.034266    0.000000    3.120998 v _3913_/D (sg13g2_dfrbpq_1)
                                              3.120998   data arrival time

                      0.000000   10.000000   10.000000   clock core (rise edge)
                                  0.000000   10.000000   clock network delay (ideal)
                                  0.000000   10.000000   clock reconvergence pessimism
                                             10.000000 ^ _3913_/CLK (sg13g2_dfrbpq_1)
                                 -0.111608    9.888391   library setup time
                                              9.888391   data required time
---------------------------------------------------------------------------------------------
                                              9.888391   data required time
                                             -3.120998   data arrival time
---------------------------------------------------------------------------------------------
                                              6.767394   slack (MET)


Startpoint: tl_i[108] (input port clocked by core)
Endpoint: _3940_ (rising edge-triggered flip-flop clocked by core)
Path Group: core
Path Type: max

Fanout         Cap        Slew       Delay        Time   Description
---------------------------------------------------------------------------------------------
                      0.000000    0.000000    0.000000   clock core (rise edge)
                                  0.000000    0.000000   clock network delay (ideal)
                                  2.000000    2.000000 ^ input external delay
     1    0.003432    0.000343    0.000343    2.000343 ^ tl_i[108] (in)
                                                         tl_i[108] (net)
                      0.000343    0.000000    2.000343 ^ _2264_/B (sg13g2_nand2_1)
     4    0.011248    0.083810    0.074673    2.075017 v _2264_/Y (sg13g2_nand2_1)
                                                         _1197_ (net)
                      0.083810    0.000000    2.075017 v _2299_/C (sg13g2_nor3_1)
     2    0.006814    0.138813    0.128692    2.203708 ^ _2299_/Y (sg13g2_nor3_1)
                                                         _1217_ (net)
                      0.138813    0.000000    2.203708 ^ _2300_/A (sg13g2_inv_1)
     2    0.006392    0.050776    0.063083    2.266791 v _2300_/Y (sg13g2_inv_1)
                                                         _1218_ (net)
                      0.050776    0.000000    2.266791 v _2586_/A (sg13g2_nor2b_1)
     3    0.010568    0.114884    0.104525    2.371316 ^ _2586_/Y (sg13g2_nor2b_1)
                                                         _1457_ (net)
                      0.114884    0.000000    2.371316 ^ _2587_/A (sg13g2_inv_1)
     2    0.006639    0.047519    0.059935    2.431251 v _2587_/Y (sg13g2_inv_1)
                                                         _1458_ (net)
                      0.047519    0.000000    2.431251 v _2943_/B (sg13g2_nor3_1)
     3    0.008427    0.156223    0.147961    2.579212 ^ _2943_/Y (sg13g2_nor3_1)
                                                         _1685_ (net)
                      0.156223    0.000000    2.579212 ^ _2945_/A (sg13g2_buf_1)
    22    0.078507    0.350487    0.326214    2.905427 ^ _2945_/X (sg13g2_buf_1)
                                                         _1687_ (net)
                      0.350487    0.000000    2.905427 ^ _3197_/S (sg13g2_mux2_1)
     1    0.001743    0.034266    0.215571    3.120998 v _3197_/X (sg13g2_mux2_1)
                                                         _0477_ (net)
                      0.034266    0.000000    3.120998 v _3940_/D (sg13g2_dfrbpq_1)
                                              3.120998   data arrival time

                      0.000000   10.000000   10.000000   clock core (rise edge)
                                  0.000000   10.000000   clock network delay (ideal)
                                  0.000000   10.000000   clock reconvergence pessimism
                                             10.000000 ^ _3940_/CLK (sg13g2_dfrbpq_1)
                                 -0.111608    9.888391   library setup time
                                              9.888391   data required time
---------------------------------------------------------------------------------------------
                                              9.888391   data required time
                                             -3.120998   data arrival time
---------------------------------------------------------------------------------------------
                                              6.767394   slack (MET)


Startpoint: tl_i[62] (input port clocked by core)
Endpoint: _3899_ (rising edge-triggered flip-flop clocked by core)
Path Group: core
Path Type: max

Fanout         Cap        Slew       Delay        Time   Description
---------------------------------------------------------------------------------------------
                      0.000000    0.000000    0.000000   clock core (rise edge)
                                  0.000000    0.000000   clock network delay (ideal)
                                  2.000000    2.000000 ^ input external delay
     3    0.010409    0.001041    0.001041    2.001041 ^ tl_i[62] (in)
                                                         tl_i[62] (net)
                      0.001041    0.000000    2.001041 ^ _2348_/A (sg13g2_inv_1)
     3    0.008947    0.034457    0.035659    2.036700 v _2348_/Y (sg13g2_inv_1)
                                                         _1256_ (net)
                      0.034457    0.000000    2.036700 v _2349_/B (sg13g2_nor3_1)
     6    0.020048    0.299850    0.251227    2.287928 ^ _2349_/Y (sg13g2_nor3_1)
                                                         _1257_ (net)
                      0.299850    0.000000    2.287928 ^ _2357_/A (sg13g2_inv_1)
     3    0.009259    0.087474    0.101572    2.389499 v _2357_/Y (sg13g2_inv_1)
                                                         _1264_ (net)
                      0.087474    0.000000    2.389499 v _2591_/B2 (sg13g2_a22oi_1)
     1    0.003784    0.090453    0.089359    2.478858 ^ _2591_/Y (sg13g2_a22oi_1)
                                                         _1462_ (net)
                      0.090453    0.000000    2.478858 ^ _2592_/C (sg13g2_nor3_1)
     1    0.003176    0.038607    0.049332    2.528190 v _2592_/Y (sg13g2_nor3_1)
                                                         _1463_ (net)
                      0.038607    0.000000    2.528190 v _2593_/A (sg13g2_inv_1)
     4    0.014891    0.075332    0.070278    2.598468 ^ _2593_/Y (sg13g2_inv_1)
                                                         _1464_ (net)
                      0.075332    0.000000    2.598468 ^ _2943_/C (sg13g2_nor3_1)
     3    0.007969    0.058923    0.060724    2.659192 v _2943_/Y (sg13g2_nor3_1)
                                                         _1685_ (net)
                      0.058923    0.000000    2.659192 v _2945_/A (sg13g2_buf_1)
    22    0.076781    0.271378    0.267661    2.926853 v _2945_/X (sg13g2_buf_1)
                                                         _1687_ (net)
                      0.271378    0.000000    2.926853 v _2972_/B (sg13g2_nand2b_1)
     1    0.003691    0.076076    0.087315    3.014168 ^ _2972_/Y (sg13g2_nand2b_1)
                                                         _1701_ (net)
                      0.076076    0.000000    3.014168 ^ _2973_/B1 (sg13g2_o21ai_1)
     1    0.001743    0.073402    0.048237    3.062404 v _2973_/Y (sg13g2_o21ai_1)
                                                         _0444_ (net)
                      0.073402    0.000000    3.062404 v _3899_/D (sg13g2_dfrbpq_1)
                                              3.062404   data arrival time

                      0.000000   10.000000   10.000000   clock core (rise edge)
                                  0.000000   10.000000   clock network delay (ideal)
                                  0.000000   10.000000   clock reconvergence pessimism
                                             10.000000 ^ _3899_/CLK (sg13g2_dfrbpq_1)
                                 -0.124304    9.875696   library setup time
                                              9.875696   data required time
---------------------------------------------------------------------------------------------
                                              9.875696   data required time
                                             -3.062404   data arrival time
---------------------------------------------------------------------------------------------
                                              6.813293   slack (MET)


Startpoint: tl_i[62] (input port clocked by core)
Endpoint: _3900_ (rising edge-triggered flip-flop clocked by core)
Path Group: core
Path Type: max

Fanout         Cap        Slew       Delay        Time   Description
---------------------------------------------------------------------------------------------
                      0.000000    0.000000    0.000000   clock core (rise edge)
                                  0.000000    0.000000   clock network delay (ideal)
                                  2.000000    2.000000 ^ input external delay
     3    0.010409    0.001041    0.001041    2.001041 ^ tl_i[62] (in)
                                                         tl_i[62] (net)
                      0.001041    0.000000    2.001041 ^ _2348_/A (sg13g2_inv_1)
     3    0.008947    0.034457    0.035659    2.036700 v _2348_/Y (sg13g2_inv_1)
                                                         _1256_ (net)
                      0.034457    0.000000    2.036700 v _2349_/B (sg13g2_nor3_1)
     6    0.020048    0.299850    0.251227    2.287928 ^ _2349_/Y (sg13g2_nor3_1)
                                                         _1257_ (net)
                      0.299850    0.000000    2.287928 ^ _2357_/A (sg13g2_inv_1)
     3    0.009259    0.087474    0.101572    2.389499 v _2357_/Y (sg13g2_inv_1)
                                                         _1264_ (net)
                      0.087474    0.000000    2.389499 v _2591_/B2 (sg13g2_a22oi_1)
     1    0.003784    0.090453    0.089359    2.478858 ^ _2591_/Y (sg13g2_a22oi_1)
                                                         _1462_ (net)
                      0.090453    0.000000    2.478858 ^ _2592_/C (sg13g2_nor3_1)
     1    0.003176    0.038607    0.049332    2.528190 v _2592_/Y (sg13g2_nor3_1)
                                                         _1463_ (net)
                      0.038607    0.000000    2.528190 v _2593_/A (sg13g2_inv_1)
     4    0.014891    0.075332    0.070278    2.598468 ^ _2593_/Y (sg13g2_inv_1)
                                                         _1464_ (net)
                      0.075332    0.000000    2.598468 ^ _2943_/C (sg13g2_nor3_1)
     3    0.007969    0.058923    0.060724    2.659192 v _2943_/Y (sg13g2_nor3_1)
                                                         _1685_ (net)
                      0.058923    0.000000    2.659192 v _2945_/A (sg13g2_buf_1)
    22    0.076781    0.271378    0.267661    2.926853 v _2945_/X (sg13g2_buf_1)
                                                         _1687_ (net)
                      0.271378    0.000000    2.926853 v _2970_/B (sg13g2_nand2b_1)
     1    0.003691    0.076076    0.087315    3.014168 ^ _2970_/Y (sg13g2_nand2b_1)
                                                         _1700_ (net)
                      0.076076    0.000000    3.014168 ^ _2971_/B1 (sg13g2_o21ai_1)
     1    0.001743    0.073402    0.048237    3.062404 v _2971_/Y (sg13g2_o21ai_1)
                                                         _0443_ (net)
                      0.073402    0.000000    3.062404 v _3900_/D (sg13g2_dfrbpq_1)
                                              3.062404   data arrival time

                      0.000000   10.000000   10.000000   clock core (rise edge)
                                  0.000000   10.000000   clock network delay (ideal)
                                  0.000000   10.000000   clock reconvergence pessimism
                                             10.000000 ^ _3900_/CLK (sg13g2_dfrbpq_1)
                                 -0.124304    9.875696   library setup time
                                              9.875696   data required time
---------------------------------------------------------------------------------------------
                                              9.875696   data required time
                                             -3.062404   data arrival time
---------------------------------------------------------------------------------------------
                                              6.813293   slack (MET)


Startpoint: tl_i[62] (input port clocked by core)
Endpoint: _3901_ (rising edge-triggered flip-flop clocked by core)
Path Group: core
Path Type: max

Fanout         Cap        Slew       Delay        Time   Description
---------------------------------------------------------------------------------------------
                      0.000000    0.000000    0.000000   clock core (rise edge)
                                  0.000000    0.000000   clock network delay (ideal)
                                  2.000000    2.000000 ^ input external delay
     3    0.010409    0.001041    0.001041    2.001041 ^ tl_i[62] (in)
                                                         tl_i[62] (net)
                      0.001041    0.000000    2.001041 ^ _2348_/A (sg13g2_inv_1)
     3    0.008947    0.034457    0.035659    2.036700 v _2348_/Y (sg13g2_inv_1)
                                                         _1256_ (net)
                      0.034457    0.000000    2.036700 v _2349_/B (sg13g2_nor3_1)
     6    0.020048    0.299850    0.251227    2.287928 ^ _2349_/Y (sg13g2_nor3_1)
                                                         _1257_ (net)
                      0.299850    0.000000    2.287928 ^ _2357_/A (sg13g2_inv_1)
     3    0.009259    0.087474    0.101572    2.389499 v _2357_/Y (sg13g2_inv_1)
                                                         _1264_ (net)
                      0.087474    0.000000    2.389499 v _2591_/B2 (sg13g2_a22oi_1)
     1    0.003784    0.090453    0.089359    2.478858 ^ _2591_/Y (sg13g2_a22oi_1)
                                                         _1462_ (net)
                      0.090453    0.000000    2.478858 ^ _2592_/C (sg13g2_nor3_1)
     1    0.003176    0.038607    0.049332    2.528190 v _2592_/Y (sg13g2_nor3_1)
                                                         _1463_ (net)
                      0.038607    0.000000    2.528190 v _2593_/A (sg13g2_inv_1)
     4    0.014891    0.075332    0.070278    2.598468 ^ _2593_/Y (sg13g2_inv_1)
                                                         _1464_ (net)
                      0.075332    0.000000    2.598468 ^ _2943_/C (sg13g2_nor3_1)
     3    0.007969    0.058923    0.060724    2.659192 v _2943_/Y (sg13g2_nor3_1)
                                                         _1685_ (net)
                      0.058923    0.000000    2.659192 v _2945_/A (sg13g2_buf_1)
    22    0.076781    0.271378    0.267661    2.926853 v _2945_/X (sg13g2_buf_1)
                                                         _1687_ (net)
                      0.271378    0.000000    2.926853 v _2968_/B (sg13g2_nand2b_1)
     1    0.003691    0.076076    0.087315    3.014168 ^ _2968_/Y (sg13g2_nand2b_1)
                                                         _1699_ (net)
                      0.076076    0.000000    3.014168 ^ _2969_/B1 (sg13g2_o21ai_1)
     1    0.001743    0.073402    0.048237    3.062404 v _2969_/Y (sg13g2_o21ai_1)
                                                         _0442_ (net)
                      0.073402    0.000000    3.062404 v _3901_/D (sg13g2_dfrbpq_1)
                                              3.062404   data arrival time

                      0.000000   10.000000   10.000000   clock core (rise edge)
                                  0.000000   10.000000   clock network delay (ideal)
                                  0.000000   10.000000   clock reconvergence pessimism
                                             10.000000 ^ _3901_/CLK (sg13g2_dfrbpq_1)
                                 -0.124304    9.875696   library setup time
                                              9.875696   data required time
---------------------------------------------------------------------------------------------
                                              9.875696   data required time
                                             -3.062404   data arrival time
---------------------------------------------------------------------------------------------
                                              6.813293   slack (MET)


Startpoint: tl_i[62] (input port clocked by core)
Endpoint: _3902_ (rising edge-triggered flip-flop clocked by core)
Path Group: core
Path Type: max

Fanout         Cap        Slew       Delay        Time   Description
---------------------------------------------------------------------------------------------
                      0.000000    0.000000    0.000000   clock core (rise edge)
                                  0.000000    0.000000   clock network delay (ideal)
                                  2.000000    2.000000 ^ input external delay
     3    0.010409    0.001041    0.001041    2.001041 ^ tl_i[62] (in)
                                                         tl_i[62] (net)
                      0.001041    0.000000    2.001041 ^ _2348_/A (sg13g2_inv_1)
     3    0.008947    0.034457    0.035659    2.036700 v _2348_/Y (sg13g2_inv_1)
                                                         _1256_ (net)
                      0.034457    0.000000    2.036700 v _2349_/B (sg13g2_nor3_1)
     6    0.020048    0.299850    0.251227    2.287928 ^ _2349_/Y (sg13g2_nor3_1)
                                                         _1257_ (net)
                      0.299850    0.000000    2.287928 ^ _2357_/A (sg13g2_inv_1)
     3    0.009259    0.087474    0.101572    2.389499 v _2357_/Y (sg13g2_inv_1)
                                                         _1264_ (net)
                      0.087474    0.000000    2.389499 v _2591_/B2 (sg13g2_a22oi_1)
     1    0.003784    0.090453    0.089359    2.478858 ^ _2591_/Y (sg13g2_a22oi_1)
                                                         _1462_ (net)
                      0.090453    0.000000    2.478858 ^ _2592_/C (sg13g2_nor3_1)
     1    0.003176    0.038607    0.049332    2.528190 v _2592_/Y (sg13g2_nor3_1)
                                                         _1463_ (net)
                      0.038607    0.000000    2.528190 v _2593_/A (sg13g2_inv_1)
     4    0.014891    0.075332    0.070278    2.598468 ^ _2593_/Y (sg13g2_inv_1)
                                                         _1464_ (net)
                      0.075332    0.000000    2.598468 ^ _2943_/C (sg13g2_nor3_1)
     3    0.007969    0.058923    0.060724    2.659192 v _2943_/Y (sg13g2_nor3_1)
                                                         _1685_ (net)
                      0.058923    0.000000    2.659192 v _2945_/A (sg13g2_buf_1)
    22    0.076781    0.271378    0.267661    2.926853 v _2945_/X (sg13g2_buf_1)
                                                         _1687_ (net)
                      0.271378    0.000000    2.926853 v _2966_/B (sg13g2_nand2b_1)
     1    0.003691    0.076076    0.087315    3.014168 ^ _2966_/Y (sg13g2_nand2b_1)
                                                         _1698_ (net)
                      0.076076    0.000000    3.014168 ^ _2967_/B1 (sg13g2_o21ai_1)
     1    0.001743    0.073402    0.048237    3.062404 v _2967_/Y (sg13g2_o21ai_1)
                                                         _0441_ (net)
                      0.073402    0.000000    3.062404 v _3902_/D (sg13g2_dfrbpq_1)
                                              3.062404   data arrival time

                      0.000000   10.000000   10.000000   clock core (rise edge)
                                  0.000000   10.000000   clock network delay (ideal)
                                  0.000000   10.000000   clock reconvergence pessimism
                                             10.000000 ^ _3902_/CLK (sg13g2_dfrbpq_1)
                                 -0.124304    9.875696   library setup time
                                              9.875696   data required time
---------------------------------------------------------------------------------------------
                                              9.875696   data required time
                                             -3.062404   data arrival time
---------------------------------------------------------------------------------------------
                                              6.813293   slack (MET)


Startpoint: tl_i[62] (input port clocked by core)
Endpoint: _3903_ (rising edge-triggered flip-flop clocked by core)
Path Group: core
Path Type: max

Fanout         Cap        Slew       Delay        Time   Description
---------------------------------------------------------------------------------------------
                      0.000000    0.000000    0.000000   clock core (rise edge)
                                  0.000000    0.000000   clock network delay (ideal)
                                  2.000000    2.000000 ^ input external delay
     3    0.010409    0.001041    0.001041    2.001041 ^ tl_i[62] (in)
                                                         tl_i[62] (net)
                      0.001041    0.000000    2.001041 ^ _2348_/A (sg13g2_inv_1)
     3    0.008947    0.034457    0.035659    2.036700 v _2348_/Y (sg13g2_inv_1)
                                                         _1256_ (net)
                      0.034457    0.000000    2.036700 v _2349_/B (sg13g2_nor3_1)
     6    0.020048    0.299850    0.251227    2.287928 ^ _2349_/Y (sg13g2_nor3_1)
                                                         _1257_ (net)
                      0.299850    0.000000    2.287928 ^ _2357_/A (sg13g2_inv_1)
     3    0.009259    0.087474    0.101572    2.389499 v _2357_/Y (sg13g2_inv_1)
                                                         _1264_ (net)
                      0.087474    0.000000    2.389499 v _2591_/B2 (sg13g2_a22oi_1)
     1    0.003784    0.090453    0.089359    2.478858 ^ _2591_/Y (sg13g2_a22oi_1)
                                                         _1462_ (net)
                      0.090453    0.000000    2.478858 ^ _2592_/C (sg13g2_nor3_1)
     1    0.003176    0.038607    0.049332    2.528190 v _2592_/Y (sg13g2_nor3_1)
                                                         _1463_ (net)
                      0.038607    0.000000    2.528190 v _2593_/A (sg13g2_inv_1)
     4    0.014891    0.075332    0.070278    2.598468 ^ _2593_/Y (sg13g2_inv_1)
                                                         _1464_ (net)
                      0.075332    0.000000    2.598468 ^ _2943_/C (sg13g2_nor3_1)
     3    0.007969    0.058923    0.060724    2.659192 v _2943_/Y (sg13g2_nor3_1)
                                                         _1685_ (net)
                      0.058923    0.000000    2.659192 v _2945_/A (sg13g2_buf_1)
    22    0.076781    0.271378    0.267661    2.926853 v _2945_/X (sg13g2_buf_1)
                                                         _1687_ (net)
                      0.271378    0.000000    2.926853 v _2964_/B (sg13g2_nand2b_1)
     1    0.003691    0.076076    0.087315    3.014168 ^ _2964_/Y (sg13g2_nand2b_1)
                                                         _1697_ (net)
                      0.076076    0.000000    3.014168 ^ _2965_/B1 (sg13g2_o21ai_1)
     1    0.001743    0.073402    0.048237    3.062404 v _2965_/Y (sg13g2_o21ai_1)
                                                         _0440_ (net)
                      0.073402    0.000000    3.062404 v _3903_/D (sg13g2_dfrbpq_1)
                                              3.062404   data arrival time

                      0.000000   10.000000   10.000000   clock core (rise edge)
                                  0.000000   10.000000   clock network delay (ideal)
                                  0.000000   10.000000   clock reconvergence pessimism
                                             10.000000 ^ _3903_/CLK (sg13g2_dfrbpq_1)
                                 -0.124304    9.875696   library setup time
                                              9.875696   data required time
---------------------------------------------------------------------------------------------
                                              9.875696   data required time
                                             -3.062404   data arrival time
---------------------------------------------------------------------------------------------
                                              6.813293   slack (MET)


Startpoint: tl_i[62] (input port clocked by core)
Endpoint: _3904_ (rising edge-triggered flip-flop clocked by core)
Path Group: core
Path Type: max

Fanout         Cap        Slew       Delay        Time   Description
---------------------------------------------------------------------------------------------
                      0.000000    0.000000    0.000000   clock core (rise edge)
                                  0.000000    0.000000   clock network delay (ideal)
                                  2.000000    2.000000 ^ input external delay
     3    0.010409    0.001041    0.001041    2.001041 ^ tl_i[62] (in)
                                                         tl_i[62] (net)
                      0.001041    0.000000    2.001041 ^ _2348_/A (sg13g2_inv_1)
     3    0.008947    0.034457    0.035659    2.036700 v _2348_/Y (sg13g2_inv_1)
                                                         _1256_ (net)
                      0.034457    0.000000    2.036700 v _2349_/B (sg13g2_nor3_1)
     6    0.020048    0.299850    0.251227    2.287928 ^ _2349_/Y (sg13g2_nor3_1)
                                                         _1257_ (net)
                      0.299850    0.000000    2.287928 ^ _2357_/A (sg13g2_inv_1)
     3    0.009259    0.087474    0.101572    2.389499 v _2357_/Y (sg13g2_inv_1)
                                                         _1264_ (net)
                      0.087474    0.000000    2.389499 v _2591_/B2 (sg13g2_a22oi_1)
     1    0.003784    0.090453    0.089359    2.478858 ^ _2591_/Y (sg13g2_a22oi_1)
                                                         _1462_ (net)
                      0.090453    0.000000    2.478858 ^ _2592_/C (sg13g2_nor3_1)
     1    0.003176    0.038607    0.049332    2.528190 v _2592_/Y (sg13g2_nor3_1)
                                                         _1463_ (net)
                      0.038607    0.000000    2.528190 v _2593_/A (sg13g2_inv_1)
     4    0.014891    0.075332    0.070278    2.598468 ^ _2593_/Y (sg13g2_inv_1)
                                                         _1464_ (net)
                      0.075332    0.000000    2.598468 ^ _2943_/C (sg13g2_nor3_1)
     3    0.007969    0.058923    0.060724    2.659192 v _2943_/Y (sg13g2_nor3_1)
                                                         _1685_ (net)
                      0.058923    0.000000    2.659192 v _2945_/A (sg13g2_buf_1)
    22    0.076781    0.271378    0.267661    2.926853 v _2945_/X (sg13g2_buf_1)
                                                         _1687_ (net)
                      0.271378    0.000000    2.926853 v _2962_/B (sg13g2_nand2b_1)
     1    0.003691    0.076076    0.087315    3.014168 ^ _2962_/Y (sg13g2_nand2b_1)
                                                         _1696_ (net)
                      0.076076    0.000000    3.014168 ^ _2963_/B1 (sg13g2_o21ai_1)
     1    0.001743    0.073402    0.048237    3.062404 v _2963_/Y (sg13g2_o21ai_1)
                                                         _0439_ (net)
                      0.073402    0.000000    3.062404 v _3904_/D (sg13g2_dfrbpq_1)
                                              3.062404   data arrival time

                      0.000000   10.000000   10.000000   clock core (rise edge)
                                  0.000000   10.000000   clock network delay (ideal)
                                  0.000000   10.000000   clock reconvergence pessimism
                                             10.000000 ^ _3904_/CLK (sg13g2_dfrbpq_1)
                                 -0.124304    9.875696   library setup time
                                              9.875696   data required time
---------------------------------------------------------------------------------------------
                                              9.875696   data required time
                                             -3.062404   data arrival time
---------------------------------------------------------------------------------------------
                                              6.813293   slack (MET)


Startpoint: _4164_ (rising edge-triggered flip-flop clocked by core)
Endpoint: _3914_ (recovery check against rising-edge clock core)
Path Group: asynchronous
Path Type: max

Fanout         Cap        Slew       Delay        Time   Description
---------------------------------------------------------------------------------------------
                      0.000000    0.000000    0.000000   clock core (rise edge)
                                  0.000000    0.000000   clock network delay (ideal)
                      0.000000    0.000000    0.000000 ^ _4164_/CLK (sg13g2_dfrbpq_1)
   148    0.809297    3.503544    2.528499    2.528499 ^ _4164_/Q (sg13g2_dfrbpq_1)
                                                         u_uart_master_core.host_rst_ni (net)
                      3.503544    0.000000    2.528499 ^ _3914_/RESET_B (sg13g2_dfrbpq_1)
                                              2.528499   data arrival time

                      0.000000   10.000000   10.000000   clock core (rise edge)
                                  0.000000   10.000000   clock network delay (ideal)
                                  0.000000   10.000000   clock reconvergence pessimism
                                             10.000000 ^ _3914_/CLK (sg13g2_dfrbpq_1)
                                 -0.594928    9.405072   library recovery time
                                              9.405072   data required time
---------------------------------------------------------------------------------------------
                                              9.405072   data required time
                                             -2.528499   data arrival time
---------------------------------------------------------------------------------------------
                                              6.876573   slack (MET)


Startpoint: _4164_ (rising edge-triggered flip-flop clocked by core)
Endpoint: _3915_ (recovery check against rising-edge clock core)
Path Group: asynchronous
Path Type: max

Fanout         Cap        Slew       Delay        Time   Description
---------------------------------------------------------------------------------------------
                      0.000000    0.000000    0.000000   clock core (rise edge)
                                  0.000000    0.000000   clock network delay (ideal)
                      0.000000    0.000000    0.000000 ^ _4164_/CLK (sg13g2_dfrbpq_1)
   148    0.809297    3.503544    2.528499    2.528499 ^ _4164_/Q (sg13g2_dfrbpq_1)
                                                         u_uart_master_core.host_rst_ni (net)
                      3.503544    0.000000    2.528499 ^ _3915_/RESET_B (sg13g2_dfrbpq_1)
                                              2.528499   data arrival time

                      0.000000   10.000000   10.000000   clock core (rise edge)
                                  0.000000   10.000000   clock network delay (ideal)
                                  0.000000   10.000000   clock reconvergence pessimism
                                             10.000000 ^ _3915_/CLK (sg13g2_dfrbpq_1)
                                 -0.594928    9.405072   library recovery time
                                              9.405072   data required time
---------------------------------------------------------------------------------------------
                                              9.405072   data required time
                                             -2.528499   data arrival time
---------------------------------------------------------------------------------------------
                                              6.876573   slack (MET)


Startpoint: _4164_ (rising edge-triggered flip-flop clocked by core)
Endpoint: _3961_ (recovery check against rising-edge clock core)
Path Group: asynchronous
Path Type: max

Fanout         Cap        Slew       Delay        Time   Description
---------------------------------------------------------------------------------------------
                      0.000000    0.000000    0.000000   clock core (rise edge)
                                  0.000000    0.000000   clock network delay (ideal)
                      0.000000    0.000000    0.000000 ^ _4164_/CLK (sg13g2_dfrbpq_1)
   148    0.809297    3.503544    2.528499    2.528499 ^ _4164_/Q (sg13g2_dfrbpq_1)
                                                         u_uart_master_core.host_rst_ni (net)
                      3.503544    0.000000    2.528499 ^ _3961_/RESET_B (sg13g2_dfrbpq_1)
                                              2.528499   data arrival time

                      0.000000   10.000000   10.000000   clock core (rise edge)
                                  0.000000   10.000000   clock network delay (ideal)
                                  0.000000   10.000000   clock reconvergence pessimism
                                             10.000000 ^ _3961_/CLK (sg13g2_dfrbpq_1)
                                 -0.594928    9.405072   library recovery time
                                              9.405072   data required time
---------------------------------------------------------------------------------------------
                                              9.405072   data required time
                                             -2.528499   data arrival time
---------------------------------------------------------------------------------------------
                                              6.876573   slack (MET)


Startpoint: _4164_ (rising edge-triggered flip-flop clocked by core)
Endpoint: _3962_ (recovery check against rising-edge clock core)
Path Group: asynchronous
Path Type: max

Fanout         Cap        Slew       Delay        Time   Description
---------------------------------------------------------------------------------------------
                      0.000000    0.000000    0.000000   clock core (rise edge)
                                  0.000000    0.000000   clock network delay (ideal)
                      0.000000    0.000000    0.000000 ^ _4164_/CLK (sg13g2_dfrbpq_1)
   148    0.809297    3.503544    2.528499    2.528499 ^ _4164_/Q (sg13g2_dfrbpq_1)
                                                         u_uart_master_core.host_rst_ni (net)
                      3.503544    0.000000    2.528499 ^ _3962_/RESET_B (sg13g2_dfrbpq_1)
                                              2.528499   data arrival time

                      0.000000   10.000000   10.000000   clock core (rise edge)
                                  0.000000   10.000000   clock network delay (ideal)
                                  0.000000   10.000000   clock reconvergence pessimism
                                             10.000000 ^ _3962_/CLK (sg13g2_dfrbpq_1)
                                 -0.594928    9.405072   library recovery time
                                              9.405072   data required time
---------------------------------------------------------------------------------------------
                                              9.405072   data required time
                                             -2.528499   data arrival time
---------------------------------------------------------------------------------------------
                                              6.876573   slack (MET)


Startpoint: _4164_ (rising edge-triggered flip-flop clocked by core)
Endpoint: _3963_ (recovery check against rising-edge clock core)
Path Group: asynchronous
Path Type: max

Fanout         Cap        Slew       Delay        Time   Description
---------------------------------------------------------------------------------------------
                      0.000000    0.000000    0.000000   clock core (rise edge)
                                  0.000000    0.000000   clock network delay (ideal)
                      0.000000    0.000000    0.000000 ^ _4164_/CLK (sg13g2_dfrbpq_1)
   148    0.809297    3.503544    2.528499    2.528499 ^ _4164_/Q (sg13g2_dfrbpq_1)
                                                         u_uart_master_core.host_rst_ni (net)
                      3.503544    0.000000    2.528499 ^ _3963_/RESET_B (sg13g2_dfrbpq_1)
                                              2.528499   data arrival time

                      0.000000   10.000000   10.000000   clock core (rise edge)
                                  0.000000   10.000000   clock network delay (ideal)
                                  0.000000   10.000000   clock reconvergence pessimism
                                             10.000000 ^ _3963_/CLK (sg13g2_dfrbpq_1)
                                 -0.594928    9.405072   library recovery time
                                              9.405072   data required time
---------------------------------------------------------------------------------------------
                                              9.405072   data required time
                                             -2.528499   data arrival time
---------------------------------------------------------------------------------------------
                                              6.876573   slack (MET)


Startpoint: _4164_ (rising edge-triggered flip-flop clocked by core)
Endpoint: _4015_ (recovery check against rising-edge clock core)
Path Group: asynchronous
Path Type: max

Fanout         Cap        Slew       Delay        Time   Description
---------------------------------------------------------------------------------------------
                      0.000000    0.000000    0.000000   clock core (rise edge)
                                  0.000000    0.000000   clock network delay (ideal)
                      0.000000    0.000000    0.000000 ^ _4164_/CLK (sg13g2_dfrbpq_1)
   148    0.809297    3.503544    2.528499    2.528499 ^ _4164_/Q (sg13g2_dfrbpq_1)
                                                         u_uart_master_core.host_rst_ni (net)
                      3.503544    0.000000    2.528499 ^ _4015_/RESET_B (sg13g2_dfrbpq_1)
                                              2.528499   data arrival time

                      0.000000   10.000000   10.000000   clock core (rise edge)
                                  0.000000   10.000000   clock network delay (ideal)
                                  0.000000   10.000000   clock reconvergence pessimism
                                             10.000000 ^ _4015_/CLK (sg13g2_dfrbpq_1)
                                 -0.594928    9.405072   library recovery time
                                              9.405072   data required time
---------------------------------------------------------------------------------------------
                                              9.405072   data required time
                                             -2.528499   data arrival time
---------------------------------------------------------------------------------------------
                                              6.876573   slack (MET)


Startpoint: _4164_ (rising edge-triggered flip-flop clocked by core)
Endpoint: _4020_ (recovery check against rising-edge clock core)
Path Group: asynchronous
Path Type: max

Fanout         Cap        Slew       Delay        Time   Description
---------------------------------------------------------------------------------------------
                      0.000000    0.000000    0.000000   clock core (rise edge)
                                  0.000000    0.000000   clock network delay (ideal)
                      0.000000    0.000000    0.000000 ^ _4164_/CLK (sg13g2_dfrbpq_1)
   148    0.809297    3.503544    2.528499    2.528499 ^ _4164_/Q (sg13g2_dfrbpq_1)
                                                         u_uart_master_core.host_rst_ni (net)
                      3.503544    0.000000    2.528499 ^ _4020_/RESET_B (sg13g2_dfrbpq_1)
                                              2.528499   data arrival time

                      0.000000   10.000000   10.000000   clock core (rise edge)
                                  0.000000   10.000000   clock network delay (ideal)
                                  0.000000   10.000000   clock reconvergence pessimism
                                             10.000000 ^ _4020_/CLK (sg13g2_dfrbpq_1)
                                 -0.594928    9.405072   library recovery time
                                              9.405072   data required time
---------------------------------------------------------------------------------------------
                                              9.405072   data required time
                                             -2.528499   data arrival time
---------------------------------------------------------------------------------------------
                                              6.876573   slack (MET)


Startpoint: _4164_ (rising edge-triggered flip-flop clocked by core)
Endpoint: _4021_ (recovery check against rising-edge clock core)
Path Group: asynchronous
Path Type: max

Fanout         Cap        Slew       Delay        Time   Description
---------------------------------------------------------------------------------------------
                      0.000000    0.000000    0.000000   clock core (rise edge)
                                  0.000000    0.000000   clock network delay (ideal)
                      0.000000    0.000000    0.000000 ^ _4164_/CLK (sg13g2_dfrbpq_1)
   148    0.809297    3.503544    2.528499    2.528499 ^ _4164_/Q (sg13g2_dfrbpq_1)
                                                         u_uart_master_core.host_rst_ni (net)
                      3.503544    0.000000    2.528499 ^ _4021_/RESET_B (sg13g2_dfrbpq_1)
                                              2.528499   data arrival time

                      0.000000   10.000000   10.000000   clock core (rise edge)
                                  0.000000   10.000000   clock network delay (ideal)
                                  0.000000   10.000000   clock reconvergence pessimism
                                             10.000000 ^ _4021_/CLK (sg13g2_dfrbpq_1)
                                 -0.594928    9.405072   library recovery time
                                              9.405072   data required time
---------------------------------------------------------------------------------------------
                                              9.405072   data required time
                                             -2.528499   data arrival time
---------------------------------------------------------------------------------------------
                                              6.876573   slack (MET)


Startpoint: _4164_ (rising edge-triggered flip-flop clocked by core)
Endpoint: _4022_ (recovery check against rising-edge clock core)
Path Group: asynchronous
Path Type: max

Fanout         Cap        Slew       Delay        Time   Description
---------------------------------------------------------------------------------------------
                      0.000000    0.000000    0.000000   clock core (rise edge)
                                  0.000000    0.000000   clock network delay (ideal)
                      0.000000    0.000000    0.000000 ^ _4164_/CLK (sg13g2_dfrbpq_1)
   148    0.809297    3.503544    2.528499    2.528499 ^ _4164_/Q (sg13g2_dfrbpq_1)
                                                         u_uart_master_core.host_rst_ni (net)
                      3.503544    0.000000    2.528499 ^ _4022_/RESET_B (sg13g2_dfrbpq_1)
                                              2.528499   data arrival time

                      0.000000   10.000000   10.000000   clock core (rise edge)
                                  0.000000   10.000000   clock network delay (ideal)
                                  0.000000   10.000000   clock reconvergence pessimism
                                             10.000000 ^ _4022_/CLK (sg13g2_dfrbpq_1)
                                 -0.594928    9.405072   library recovery time
                                              9.405072   data required time
---------------------------------------------------------------------------------------------
                                              9.405072   data required time
                                             -2.528499   data arrival time
---------------------------------------------------------------------------------------------
                                              6.876573   slack (MET)


Startpoint: _4164_ (rising edge-triggered flip-flop clocked by core)
Endpoint: _4023_ (recovery check against rising-edge clock core)
Path Group: asynchronous
Path Type: max

Fanout         Cap        Slew       Delay        Time   Description
---------------------------------------------------------------------------------------------
                      0.000000    0.000000    0.000000   clock core (rise edge)
                                  0.000000    0.000000   clock network delay (ideal)
                      0.000000    0.000000    0.000000 ^ _4164_/CLK (sg13g2_dfrbpq_1)
   148    0.809297    3.503544    2.528499    2.528499 ^ _4164_/Q (sg13g2_dfrbpq_1)
                                                         u_uart_master_core.host_rst_ni (net)
                      3.503544    0.000000    2.528499 ^ _4023_/RESET_B (sg13g2_dfrbpq_1)
                                              2.528499   data arrival time

                      0.000000   10.000000   10.000000   clock core (rise edge)
                                  0.000000   10.000000   clock network delay (ideal)
                                  0.000000   10.000000   clock reconvergence pessimism
                                             10.000000 ^ _4023_/CLK (sg13g2_dfrbpq_1)
                                 -0.594928    9.405072   library recovery time
                                              9.405072   data required time
---------------------------------------------------------------------------------------------
                                              9.405072   data required time
                                             -2.528499   data arrival time
---------------------------------------------------------------------------------------------
                                              6.876573   slack (MET)

=== FlexSoC normalized power fields ===
dynamic_power_definition=internal_power+switching_power
power_unit=OpenSTA report unit; see Units section
internal_power=0.00354
switching_power=1.12e-05
dynamic_power=0.0035512
leakage_power=3.23e-06
total_power=0.00356

=== Gate-level timing/power fusion ===
power_semantics=average_instance_power_from_the_same_VCD_SAIF_context
path_power_sum=unique_instance_average_power_sum_not_incremental_path_energy
fanout_capacitance_source=OpenSTA_report_checks_output_pin_fields

Worst path 1: status=met slack=5.89382 type=max group=core
startpoint=cio_rx_i (input port clocked by core)
endpoint=cio_tx_o (output port clocked by core)
path_power_complete=true
path_average_power_sum internal=0 switching=1.49313e-10 dynamic=1.49313e-10 leakage=7.57323e-10 total=9.06636e-10
stage instance cell pins fanout capacitance slew delay arrival internal switching dynamic leakage total
1 _3230_ sg13g2_nand2_1 A,Y 1 0.003691 0.038054 0.025925 2.02657 0 4.02547e-11 4.02547e-11 1.27027e-10 1.67281e-10
2 _3231_ sg13g2_o21ai_1 B1,Y 1 0.01 0.090605 0.07961 2.10618 0 1.09059e-10 1.09059e-10 6.30296e-10 7.39355e-10

Worst path 2: status=met slack=6.74173 type=max group=core
startpoint=tl_i[64] (input port clocked by core)
endpoint=_3917_ (rising edge-triggered flip-flop clocked by core)
path_power_complete=true
path_average_power_sum internal=7.42849e-06 switching=5.84669e-08 dynamic=7.48696e-06 leakage=1.04793e-08 total=7.49744e-06
stage instance cell pins fanout capacitance slew delay arrival internal switching dynamic leakage total
1 _2293_ sg13g2_inv_1 A,Y 4 0.013093 0.062208 0.050786 2.05207 1.36453e-10 7.13978e-10 8.5043e-10 2.06135e-10 1.05657e-09
2 _2403_ sg13g2_and3_1 B,X 1 0.002476 0.032361 0.117149 2.16922 0 2.70072e-11 2.70072e-11 9.18203e-10 9.4521e-10
3 _2404_ sg13g2_buf_1 A,X 9 0.030861 0.143508 0.147629 2.31685 9.06233e-11 3.36563e-10 4.27186e-10 8.99765e-10 1.32695e-09
4 _2640_ sg13g2_a21oi_1 A2,Y 1 0.003358 0.080208 0.089013 2.40586 1.72583e-10 1.83118e-10 3.557e-10 7.70207e-10 1.12591e-09
5 _2641_ sg13g2_nor2_1 A,Y 4 0.013502 0.142708 0.135932 2.5418 1.44733e-09 6.62638e-09 8.07371e-09 7.34521e-10 8.80823e-09
6 _2642_ sg13g2_inv_1 A,Y 2 0.006389 0.05143 0.063742 2.60554 1.19887e-09 3.29638e-09 4.49525e-09 2.07418e-10 4.70267e-09
7 _2643_ sg13g2_nor2_1 B,Y 2 0.007335 0.08811 0.084214 2.68975 1.05332e-09 2.6399e-09 3.69321e-09 4.93792e-10 4.18701e-09
8 _2644_ sg13g2_nand2_1 A,Y 2 0.006189 0.081315 0.073291 2.76304 5.3775e-10 1.29259e-09 1.83034e-09 1.30794e-10 1.96114e-09
9 _2645_ sg13g2_nor2_1 B,Y 4 0.014426 0.153501 0.139548 2.90259 3.2624e-11 1.57325e-10 1.89949e-10 5.24081e-10 7.14031e-10
10 _2651_ sg13g2_inv_1 A,Y 2 0.006831 0.054822 0.067585 2.97018 2.70634e-11 7.45033e-11 1.01567e-10 2.0587e-10 3.07437e-10
11 _2656_ sg13g2_a21oi_1 A1,Y 1 0.003579 0.136167 0.072852 3.04303 1.723e-09 8.97728e-10 2.62073e-09 6.4536e-10 3.26609e-09
12 _2657_ sg13g2_a221oi_1 C1,Y 1 0.001743 0.183752 0.055143 3.09817 4.36019e-09 1.27396e-09 5.63415e-09 7.70739e-10 6.40488e-09
13 _3917_ sg13g2_dfrbpq_1 D - - 0.183752 0 3.09817 7.41771e-06 4.09475e-08 7.45866e-06 3.97246e-09 7.46263e-06

Worst path 3: status=met slack=6.76739 type=max group=core
startpoint=tl_i[108] (input port clocked by core)
endpoint=_3913_ (rising edge-triggered flip-flop clocked by core)
path_power_complete=true
path_average_power_sum internal=8.64798e-06 switching=1.51561e-08 dynamic=8.66314e-06 leakage=9.51988e-09 total=8.67265e-06
stage instance cell pins fanout capacitance slew delay arrival internal switching dynamic leakage total
1 _2264_ sg13g2_nand2_1 B,Y 4 0.011248 0.08381 0.074673 2.07502 6.18988e-10 1.89519e-09 2.51418e-09 1.9205e-10 2.70623e-09
2 _2299_ sg13g2_nor3_1 C,Y 2 0.006814 0.138813 0.128692 2.20371 6.06283e-10 9.66093e-10 1.57238e-09 3.86053e-10 1.95843e-09
3 _2300_ sg13g2_inv_1 A,Y 2 0.006392 0.050776 0.063083 2.26679 3.42575e-10 9.53055e-10 1.29563e-09 2.06193e-10 1.50182e-09
4 _2586_ sg13g2_nor2b_1 A,Y 3 0.010568 0.114884 0.104525 2.37132 5.31268e-10 1.49827e-09 2.02954e-09 1.34795e-09 3.3775e-09
5 _2587_ sg13g2_inv_1 A,Y 2 0.006639 0.047519 0.059935 2.43125 3.35007e-10 9.68222e-10 1.30323e-09 2.0619e-10 1.50942e-09
6 _2943_ sg13g2_nor3_1 B,Y 3 0.008427 0.156223 0.147961 2.57921 4.92176e-10 8.27104e-10 1.31928e-09 3.8622e-10 1.7055e-09
7 _2945_ sg13g2_buf_1 A,X 22 0.078507 0.350487 0.326214 2.90543 8.1e-10 7.70564e-09 8.51564e-09 8.99718e-10 9.41535e-09
8 _3282_ sg13g2_mux2_1 S,X 1 0.001743 0.034266 0.215571 3.121 1.02526e-09 5.70428e-11 1.0823e-09 1.92008e-09 3.00238e-09
9 _3913_ sg13g2_dfrbpq_1 D - - 0.034266 0 3.121 8.64322e-06 2.85534e-10 8.6435e-06 3.97542e-09 8.64748e-06

Worst path 4: status=met slack=6.76739 type=max group=core
startpoint=tl_i[108] (input port clocked by core)
endpoint=_3940_ (rising edge-triggered flip-flop clocked by core)
path_power_complete=true
path_average_power_sum internal=8.64798e-06 switching=1.50134e-08 dynamic=8.66299e-06 leakage=9.51963e-09 total=8.67251e-06
stage instance cell pins fanout capacitance slew delay arrival internal switching dynamic leakage total
1 _2264_ sg13g2_nand2_1 B,Y 4 0.011248 0.08381 0.074673 2.07502 6.18988e-10 1.89519e-09 2.51418e-09 1.9205e-10 2.70623e-09
2 _2299_ sg13g2_nor3_1 C,Y 2 0.006814 0.138813 0.128692 2.20371 6.06283e-10 9.66093e-10 1.57238e-09 3.86053e-10 1.95843e-09
3 _2300_ sg13g2_inv_1 A,Y 2 0.006392 0.050776 0.063083 2.26679 3.42575e-10 9.53055e-10 1.29563e-09 2.06193e-10 1.50182e-09
4 _2586_ sg13g2_nor2b_1 A,Y 3 0.010568 0.114884 0.104525 2.37132 5.31268e-10 1.49827e-09 2.02954e-09 1.34795e-09 3.3775e-09
5 _2587_ sg13g2_inv_1 A,Y 2 0.006639 0.047519 0.059935 2.43125 3.35007e-10 9.68222e-10 1.30323e-09 2.0619e-10 1.50942e-09
6 _2943_ sg13g2_nor3_1 B,Y 3 0.008427 0.156223 0.147961 2.57921 4.92176e-10 8.27104e-10 1.31928e-09 3.8622e-10 1.7055e-09
7 _2945_ sg13g2_buf_1 A,X 22 0.078507 0.350487 0.326214 2.90543 8.1e-10 7.70564e-09 8.51564e-09 8.99718e-10 9.41535e-09
8 _3197_ sg13g2_mux2_1 S,X 1 0.001743 0.034266 0.215571 3.121 1.02569e-09 5.70428e-11 1.08273e-09 1.91984e-09 3.00257e-09
9 _3940_ sg13g2_dfrbpq_1 D - - 0.034266 0 3.121 8.64322e-06 1.42764e-10 8.64336e-06 3.97542e-09 8.64733e-06

Worst path 5: status=met slack=6.81329 type=max group=core
startpoint=tl_i[62] (input port clocked by core)
endpoint=_3899_ (rising edge-triggered flip-flop clocked by core)
path_power_complete=true
path_average_power_sum internal=8.64722e-06 switching=1.27467e-08 dynamic=8.65997e-06 leakage=7.88522e-09 total=8.66785e-06
stage instance cell pins fanout capacitance slew delay arrival internal switching dynamic leakage total
1 _2348_ sg13g2_inv_1 A,Y 3 0.008947 0.034457 0.035659 2.0367 0 1.08816e-10 1.08816e-10 2.05869e-10 3.14686e-10
2 _2349_ sg13g2_nor3_1 B,Y 6 0.020048 0.29985 0.251227 2.28793 6.11474e-11 2.18642e-10 2.79789e-10 3.85394e-10 6.65183e-10
3 _2357_ sg13g2_inv_1 A,Y 3 0.009259 0.087474 0.101572 2.3895 3.2095e-11 1.16983e-10 1.49078e-10 2.0587e-10 3.54949e-10
4 _2591_ sg13g2_a22oi_1 B2,Y 1 0.003784 0.090453 0.089359 2.47886 8.02775e-10 5.36534e-10 1.33931e-09 2.72114e-10 1.61142e-09
5 _2592_ sg13g2_nor3_1 C,Y 1 0.003176 0.038607 0.049332 2.52819 7.62598e-10 4.73574e-10 1.23617e-09 3.8564e-10 1.62181e-09
6 _2593_ sg13g2_inv_1 A,Y 4 0.014891 0.075332 0.070278 2.59847 3.46095e-10 2.11126e-09 2.45735e-09 2.06663e-10 2.66402e-09
7 _2943_ sg13g2_nor3_1 C,Y 3 0.007969 0.058923 0.060724 2.65919 4.92176e-10 8.27104e-10 1.31928e-09 3.8622e-10 1.7055e-09
8 _2945_ sg13g2_buf_1 A,X 22 0.076781 0.271378 0.267661 2.92685 8.1e-10 7.70564e-09 8.51564e-09 8.99718e-10 9.41535e-09
9 _2972_ sg13g2_nand2b_1 B,Y 1 0.003691 0.076076 0.087315 3.01417 5.04598e-10 3.62293e-10 8.6689e-10 3.30721e-10 1.19761e-09
10 _2973_ sg13g2_o21ai_1 B1,Y 1 0.001743 0.073402 0.048237 3.0624 1.91653e-10 5.70428e-11 2.48695e-10 6.31587e-10 8.80283e-10
11 _3899_ sg13g2_dfrbpq_1 D - - 0.073402 0 3.0624 8.64322e-06 2.2877e-10 8.64344e-06 3.97542e-09 8.64742e-06

Worst path 6: status=met slack=6.81329 type=max group=core
startpoint=tl_i[62] (input port clocked by core)
endpoint=_3900_ (rising edge-triggered flip-flop clocked by core)
path_power_complete=true
path_average_power_sum internal=8.64722e-06 switching=1.38279e-08 dynamic=8.66104e-06 leakage=7.88522e-09 total=8.66893e-06
stage instance cell pins fanout capacitance slew delay arrival internal switching dynamic leakage total
1 _2348_ sg13g2_inv_1 A,Y 3 0.008947 0.034457 0.035659 2.0367 0 1.08816e-10 1.08816e-10 2.05869e-10 3.14686e-10
2 _2349_ sg13g2_nor3_1 B,Y 6 0.020048 0.29985 0.251227 2.28793 6.11474e-11 2.18642e-10 2.79789e-10 3.85394e-10 6.65183e-10
3 _2357_ sg13g2_inv_1 A,Y 3 0.009259 0.087474 0.101572 2.3895 3.2095e-11 1.16983e-10 1.49078e-10 2.0587e-10 3.54949e-10
4 _2591_ sg13g2_a22oi_1 B2,Y 1 0.003784 0.090453 0.089359 2.47886 8.02775e-10 5.36534e-10 1.33931e-09 2.72114e-10 1.61142e-09
5 _2592_ sg13g2_nor3_1 C,Y 1 0.003176 0.038607 0.049332 2.52819 7.62598e-10 4.73574e-10 1.23617e-09 3.8564e-10 1.62181e-09
6 _2593_ sg13g2_inv_1 A,Y 4 0.014891 0.075332 0.070278 2.59847 3.46095e-10 2.11126e-09 2.45735e-09 2.06663e-10 2.66402e-09
7 _2943_ sg13g2_nor3_1 C,Y 3 0.007969 0.058923 0.060724 2.65919 4.92176e-10 8.27104e-10 1.31928e-09 3.8622e-10 1.7055e-09
8 _2945_ sg13g2_buf_1 A,X 22 0.076781 0.271378 0.267661 2.92685 8.1e-10 7.70564e-09 8.51564e-09 8.99718e-10 9.41535e-09
9 _2970_ sg13g2_nand2b_1 B,Y 1 0.003691 0.076076 0.087315 3.01417 5.04598e-10 3.62293e-10 8.6689e-10 3.30721e-10 1.19761e-09
10 _2971_ sg13g2_o21ai_1 B1,Y 1 0.001743 0.073402 0.048237 3.0624 1.92107e-10 5.70428e-11 2.4915e-10 6.31588e-10 8.80738e-10
11 _3900_ sg13g2_dfrbpq_1 D - - 0.073402 0 3.0624 8.64321e-06 1.31007e-09 8.64452e-06 3.97542e-09 8.6485e-06

Worst path 7: status=met slack=6.81329 type=max group=core
startpoint=tl_i[62] (input port clocked by core)
endpoint=_3901_ (rising edge-triggered flip-flop clocked by core)
path_power_complete=true
path_average_power_sum internal=8.64722e-06 switching=1.27387e-08 dynamic=8.65996e-06 leakage=7.88522e-09 total=8.66784e-06
stage instance cell pins fanout capacitance slew delay arrival internal switching dynamic leakage total
1 _2348_ sg13g2_inv_1 A,Y 3 0.008947 0.034457 0.035659 2.0367 0 1.08816e-10 1.08816e-10 2.05869e-10 3.14686e-10
2 _2349_ sg13g2_nor3_1 B,Y 6 0.020048 0.29985 0.251227 2.28793 6.11474e-11 2.18642e-10 2.79789e-10 3.85394e-10 6.65183e-10
3 _2357_ sg13g2_inv_1 A,Y 3 0.009259 0.087474 0.101572 2.3895 3.2095e-11 1.16983e-10 1.49078e-10 2.0587e-10 3.54949e-10
4 _2591_ sg13g2_a22oi_1 B2,Y 1 0.003784 0.090453 0.089359 2.47886 8.02775e-10 5.36534e-10 1.33931e-09 2.72114e-10 1.61142e-09
5 _2592_ sg13g2_nor3_1 C,Y 1 0.003176 0.038607 0.049332 2.52819 7.62598e-10 4.73574e-10 1.23617e-09 3.8564e-10 1.62181e-09
6 _2593_ sg13g2_inv_1 A,Y 4 0.014891 0.075332 0.070278 2.59847 3.46095e-10 2.11126e-09 2.45735e-09 2.06663e-10 2.66402e-09
7 _2943_ sg13g2_nor3_1 C,Y 3 0.007969 0.058923 0.060724 2.65919 4.92176e-10 8.27104e-10 1.31928e-09 3.8622e-10 1.7055e-09
8 _2945_ sg13g2_buf_1 A,X 22 0.076781 0.271378 0.267661 2.92685 8.1e-10 7.70564e-09 8.51564e-09 8.99718e-10 9.41535e-09
9 _2968_ sg13g2_nand2b_1 B,Y 1 0.003691 0.076076 0.087315 3.01417 5.04598e-10 3.62293e-10 8.6689e-10 3.30721e-10 1.19761e-09
10 _2969_ sg13g2_o21ai_1 B1,Y 1 0.001743 0.073402 0.048237 3.0624 1.92089e-10 5.70428e-11 2.49132e-10 6.31587e-10 8.80719e-10
11 _3901_ sg13g2_dfrbpq_1 D - - 0.073402 0 3.0624 8.64322e-06 2.20846e-10 8.64344e-06 3.97542e-09 8.64741e-06

Worst path 8: status=met slack=6.81329 type=max group=core
startpoint=tl_i[62] (input port clocked by core)
endpoint=_3902_ (rising edge-triggered flip-flop clocked by core)
path_power_complete=true
path_average_power_sum internal=8.64722e-06 switching=1.27357e-08 dynamic=8.65995e-06 leakage=7.88522e-09 total=8.66784e-06
stage instance cell pins fanout capacitance slew delay arrival internal switching dynamic leakage total
1 _2348_ sg13g2_inv_1 A,Y 3 0.008947 0.034457 0.035659 2.0367 0 1.08816e-10 1.08816e-10 2.05869e-10 3.14686e-10
2 _2349_ sg13g2_nor3_1 B,Y 6 0.020048 0.29985 0.251227 2.28793 6.11474e-11 2.18642e-10 2.79789e-10 3.85394e-10 6.65183e-10
3 _2357_ sg13g2_inv_1 A,Y 3 0.009259 0.087474 0.101572 2.3895 3.2095e-11 1.16983e-10 1.49078e-10 2.0587e-10 3.54949e-10
4 _2591_ sg13g2_a22oi_1 B2,Y 1 0.003784 0.090453 0.089359 2.47886 8.02775e-10 5.36534e-10 1.33931e-09 2.72114e-10 1.61142e-09
5 _2592_ sg13g2_nor3_1 C,Y 1 0.003176 0.038607 0.049332 2.52819 7.62598e-10 4.73574e-10 1.23617e-09 3.8564e-10 1.62181e-09
6 _2593_ sg13g2_inv_1 A,Y 4 0.014891 0.075332 0.070278 2.59847 3.46095e-10 2.11126e-09 2.45735e-09 2.06663e-10 2.66402e-09
7 _2943_ sg13g2_nor3_1 C,Y 3 0.007969 0.058923 0.060724 2.65919 4.92176e-10 8.27104e-10 1.31928e-09 3.8622e-10 1.7055e-09
8 _2945_ sg13g2_buf_1 A,X 22 0.076781 0.271378 0.267661 2.92685 8.1e-10 7.70564e-09 8.51564e-09 8.99718e-10 9.41535e-09
9 _2966_ sg13g2_nand2b_1 B,Y 1 0.003691 0.076076 0.087315 3.01417 5.04598e-10 3.62293e-10 8.6689e-10 3.30721e-10 1.19761e-09
10 _2967_ sg13g2_o21ai_1 B1,Y 1 0.001743 0.073402 0.048237 3.0624 1.91266e-10 5.70428e-11 2.48308e-10 6.31587e-10 8.79896e-10
11 _3902_ sg13g2_dfrbpq_1 D - - 0.073402 0 3.0624 8.64321e-06 2.17773e-10 8.64343e-06 3.97542e-09 8.64741e-06

Worst path 9: status=met slack=6.81329 type=max group=core
startpoint=tl_i[62] (input port clocked by core)
endpoint=_3903_ (rising edge-triggered flip-flop clocked by core)
path_power_complete=true
path_average_power_sum internal=8.64721e-06 switching=1.25907e-08 dynamic=8.65981e-06 leakage=7.88522e-09 total=8.66769e-06
stage instance cell pins fanout capacitance slew delay arrival internal switching dynamic leakage total
1 _2348_ sg13g2_inv_1 A,Y 3 0.008947 0.034457 0.035659 2.0367 0 1.08816e-10 1.08816e-10 2.05869e-10 3.14686e-10
2 _2349_ sg13g2_nor3_1 B,Y 6 0.020048 0.29985 0.251227 2.28793 6.11474e-11 2.18642e-10 2.79789e-10 3.85394e-10 6.65183e-10
3 _2357_ sg13g2_inv_1 A,Y 3 0.009259 0.087474 0.101572 2.3895 3.2095e-11 1.16983e-10 1.49078e-10 2.0587e-10 3.54949e-10
4 _2591_ sg13g2_a22oi_1 B2,Y 1 0.003784 0.090453 0.089359 2.47886 8.02775e-10 5.36534e-10 1.33931e-09 2.72114e-10 1.61142e-09
5 _2592_ sg13g2_nor3_1 C,Y 1 0.003176 0.038607 0.049332 2.52819 7.62598e-10 4.73574e-10 1.23617e-09 3.8564e-10 1.62181e-09
6 _2593_ sg13g2_inv_1 A,Y 4 0.014891 0.075332 0.070278 2.59847 3.46095e-10 2.11126e-09 2.45735e-09 2.06663e-10 2.66402e-09
7 _2943_ sg13g2_nor3_1 C,Y 3 0.007969 0.058923 0.060724 2.65919 4.92176e-10 8.27104e-10 1.31928e-09 3.8622e-10 1.7055e-09
8 _2945_ sg13g2_buf_1 A,X 22 0.076781 0.271378 0.267661 2.92685 8.1e-10 7.70564e-09 8.51564e-09 8.99718e-10 9.41535e-09
9 _2964_ sg13g2_nand2b_1 B,Y 1 0.003691 0.076076 0.087315 3.01417 5.04598e-10 3.62293e-10 8.6689e-10 3.30721e-10 1.19761e-09
10 _2965_ sg13g2_o21ai_1 B1,Y 1 0.001743 0.073402 0.048237 3.0624 1.91363e-10 5.70428e-11 2.48406e-10 6.31587e-10 8.79993e-10
11 _3903_ sg13g2_dfrbpq_1 D - - 0.073402 0 3.0624 8.64321e-06 7.28575e-11 8.64328e-06 3.97542e-09 8.64726e-06

Worst path 10: status=met slack=6.81329 type=max group=core
startpoint=tl_i[62] (input port clocked by core)
endpoint=_3904_ (rising edge-triggered flip-flop clocked by core)
path_power_complete=true
path_average_power_sum internal=8.64722e-06 switching=1.27357e-08 dynamic=8.65995e-06 leakage=7.88522e-09 total=8.66784e-06
stage instance cell pins fanout capacitance slew delay arrival internal switching dynamic leakage total
1 _2348_ sg13g2_inv_1 A,Y 3 0.008947 0.034457 0.035659 2.0367 0 1.08816e-10 1.08816e-10 2.05869e-10 3.14686e-10
2 _2349_ sg13g2_nor3_1 B,Y 6 0.020048 0.29985 0.251227 2.28793 6.11474e-11 2.18642e-10 2.79789e-10 3.85394e-10 6.65183e-10
3 _2357_ sg13g2_inv_1 A,Y 3 0.009259 0.087474 0.101572 2.3895 3.2095e-11 1.16983e-10 1.49078e-10 2.0587e-10 3.54949e-10
4 _2591_ sg13g2_a22oi_1 B2,Y 1 0.003784 0.090453 0.089359 2.47886 8.02775e-10 5.36534e-10 1.33931e-09 2.72114e-10 1.61142e-09
5 _2592_ sg13g2_nor3_1 C,Y 1 0.003176 0.038607 0.049332 2.52819 7.62598e-10 4.73574e-10 1.23617e-09 3.8564e-10 1.62181e-09
6 _2593_ sg13g2_inv_1 A,Y 4 0.014891 0.075332 0.070278 2.59847 3.46095e-10 2.11126e-09 2.45735e-09 2.06663e-10 2.66402e-09
7 _2943_ sg13g2_nor3_1 C,Y 3 0.007969 0.058923 0.060724 2.65919 4.92176e-10 8.27104e-10 1.31928e-09 3.8622e-10 1.7055e-09
8 _2945_ sg13g2_buf_1 A,X 22 0.076781 0.271378 0.267661 2.92685 8.1e-10 7.70564e-09 8.51564e-09 8.99718e-10 9.41535e-09
9 _2962_ sg13g2_nand2b_1 B,Y 1 0.003691 0.076076 0.087315 3.01417 5.04598e-10 3.62293e-10 8.6689e-10 3.30721e-10 1.19761e-09
10 _2963_ sg13g2_o21ai_1 B1,Y 1 0.001743 0.073402 0.048237 3.0624 1.91668e-10 5.70428e-11 2.4871e-10 6.31587e-10 8.80298e-10
11 _3904_ sg13g2_dfrbpq_1 D - - 0.073402 0 3.0624 8.64321e-06 2.17773e-10 8.64343e-06 3.97542e-09 8.64741e-06

Worst path 11: status=met slack=6.87657 type=max group=asynchronous
startpoint=_4164_ (rising edge-triggered flip-flop clocked by core)
endpoint=_3914_ (recovery check against rising-edge clock core)
path_power_complete=true
path_average_power_sum internal=1.60262e-05 switching=2.06014e-08 dynamic=1.60468e-05 leakage=7.93695e-09 total=1.60548e-05
stage instance cell pins fanout capacitance slew delay arrival internal switching dynamic leakage total
1 _4164_ sg13g2_dfrbpq_1 CLK,Q 148 0.809297 3.50354 2.5285 2.5285 8.64661e-06 1.76522e-08 8.66426e-06 3.97446e-09 8.66824e-06
2 _3914_ sg13g2_dfrbpq_1 RESET_B - - 3.50354 0 2.5285 7.37961e-06 2.94923e-09 7.38256e-06 3.96249e-09 7.38652e-06

Worst path 12: status=met slack=6.87657 type=max group=asynchronous
startpoint=_4164_ (rising edge-triggered flip-flop clocked by core)
endpoint=_3915_ (recovery check against rising-edge clock core)
path_power_complete=true
path_average_power_sum internal=1.60231e-05 switching=1.93906e-08 dynamic=1.60425e-05 leakage=7.93709e-09 total=1.60505e-05
stage instance cell pins fanout capacitance slew delay arrival internal switching dynamic leakage total
1 _4164_ sg13g2_dfrbpq_1 CLK,Q 148 0.809297 3.50354 2.5285 2.5285 8.64661e-06 1.76522e-08 8.66426e-06 3.97446e-09 8.66824e-06
2 _3915_ sg13g2_dfrbpq_1 RESET_B - - 3.50354 0 2.5285 7.37652e-06 1.73843e-09 7.37826e-06 3.96263e-09 7.38222e-06

Worst path 13: status=met slack=6.87657 type=max group=asynchronous
startpoint=_4164_ (rising edge-triggered flip-flop clocked by core)
endpoint=_3961_ (recovery check against rising-edge clock core)
path_power_complete=true
path_average_power_sum internal=1.61692e-05 switching=1.98689e-08 dynamic=1.61891e-05 leakage=7.97144e-09 total=1.61971e-05
stage instance cell pins fanout capacitance slew delay arrival internal switching dynamic leakage total
1 _4164_ sg13g2_dfrbpq_1 CLK,Q 148 0.809297 3.50354 2.5285 2.5285 8.64661e-06 1.76522e-08 8.66426e-06 3.97446e-09 8.66824e-06
2 _3961_ sg13g2_dfrbpq_1 RESET_B - - 3.50354 0 2.5285 7.52263e-06 2.21669e-09 7.52485e-06 3.99698e-09 7.52884e-06

Worst path 14: status=met slack=6.87657 type=max group=asynchronous
startpoint=_4164_ (rising edge-triggered flip-flop clocked by core)
endpoint=_3962_ (recovery check against rising-edge clock core)
path_power_complete=true
path_average_power_sum internal=1.64768e-05 switching=1.94388e-08 dynamic=1.64963e-05 leakage=8.00663e-09 total=1.65043e-05
stage instance cell pins fanout capacitance slew delay arrival internal switching dynamic leakage total
1 _4164_ sg13g2_dfrbpq_1 CLK,Q 148 0.809297 3.50354 2.5285 2.5285 8.64661e-06 1.76522e-08 8.66426e-06 3.97446e-09 8.66824e-06
2 _3962_ sg13g2_dfrbpq_1 RESET_B - - 3.50354 0 2.5285 7.83021e-06 1.78663e-09 7.832e-06 4.03217e-09 7.83603e-06

Worst path 15: status=met slack=6.87657 type=max group=asynchronous
startpoint=_4164_ (rising edge-triggered flip-flop clocked by core)
endpoint=_3963_ (recovery check against rising-edge clock core)
path_power_complete=true
path_average_power_sum internal=1.53968e-05 switching=1.88088e-08 dynamic=1.54156e-05 leakage=7.55058e-09 total=1.54232e-05
stage instance cell pins fanout capacitance slew delay arrival internal switching dynamic leakage total
1 _4164_ sg13g2_dfrbpq_1 CLK,Q 148 0.809297 3.50354 2.5285 2.5285 8.64661e-06 1.76522e-08 8.66426e-06 3.97446e-09 8.66824e-06
2 _3963_ sg13g2_dfrbpq_1 RESET_B - - 3.50354 0 2.5285 6.75019e-06 1.15662e-09 6.75135e-06 3.57612e-09 6.75493e-06

Worst path 16: status=met slack=6.87657 type=max group=asynchronous
startpoint=_4164_ (rising edge-triggered flip-flop clocked by core)
endpoint=_4015_ (recovery check against rising-edge clock core)
path_power_complete=true
path_average_power_sum internal=1.53507e-05 switching=1.76522e-08 dynamic=1.53683e-05 leakage=7.49529e-09 total=1.53758e-05
stage instance cell pins fanout capacitance slew delay arrival internal switching dynamic leakage total
1 _4164_ sg13g2_dfrbpq_1 CLK,Q 148 0.809297 3.50354 2.5285 2.5285 8.64661e-06 1.76522e-08 8.66426e-06 3.97446e-09 8.66824e-06
2 _4015_ sg13g2_dfrbpq_1 RESET_B - - 3.50354 0 2.5285 6.70408e-06 0 6.70408e-06 3.52083e-09 6.7076e-06

Worst path 17: status=met slack=6.87657 type=max group=asynchronous
startpoint=_4164_ (rising edge-triggered flip-flop clocked by core)
endpoint=_4020_ (recovery check against rising-edge clock core)
path_power_complete=true
path_average_power_sum internal=1.53713e-05 switching=1.7799e-08 dynamic=1.53891e-05 leakage=7.52226e-09 total=1.53966e-05
stage instance cell pins fanout capacitance slew delay arrival internal switching dynamic leakage total
1 _4164_ sg13g2_dfrbpq_1 CLK,Q 148 0.809297 3.50354 2.5285 2.5285 8.64661e-06 1.76522e-08 8.66426e-06 3.97446e-09 8.66824e-06
2 _4020_ sg13g2_dfrbpq_1 RESET_B - - 3.50354 0 2.5285 6.72469e-06 1.46857e-10 6.72484e-06 3.5478e-09 6.72839e-06

Worst path 18: status=met slack=6.87657 type=max group=asynchronous
startpoint=_4164_ (rising edge-triggered flip-flop clocked by core)
endpoint=_4021_ (recovery check against rising-edge clock core)
path_power_complete=true
path_average_power_sum internal=1.53713e-05 switching=1.7799e-08 dynamic=1.53891e-05 leakage=7.52226e-09 total=1.53966e-05
stage instance cell pins fanout capacitance slew delay arrival internal switching dynamic leakage total
1 _4164_ sg13g2_dfrbpq_1 CLK,Q 148 0.809297 3.50354 2.5285 2.5285 8.64661e-06 1.76522e-08 8.66426e-06 3.97446e-09 8.66824e-06
2 _4021_ sg13g2_dfrbpq_1 RESET_B - - 3.50354 0 2.5285 6.72469e-06 1.46857e-10 6.72484e-06 3.5478e-09 6.72839e-06

Worst path 19: status=met slack=6.87657 type=max group=asynchronous
startpoint=_4164_ (rising edge-triggered flip-flop clocked by core)
endpoint=_4022_ (recovery check against rising-edge clock core)
path_power_complete=true
path_average_power_sum internal=1.53713e-05 switching=1.77949e-08 dynamic=1.53891e-05 leakage=7.52226e-09 total=1.53966e-05
stage instance cell pins fanout capacitance slew delay arrival internal switching dynamic leakage total
1 _4164_ sg13g2_dfrbpq_1 CLK,Q 148 0.809297 3.50354 2.5285 2.5285 8.64661e-06 1.76522e-08 8.66426e-06 3.97446e-09 8.66824e-06
2 _4022_ sg13g2_dfrbpq_1 RESET_B - - 3.50354 0 2.5285 6.72469e-06 1.42764e-10 6.72484e-06 3.5478e-09 6.72838e-06

Worst path 20: status=met slack=6.87657 type=max group=asynchronous
startpoint=_4164_ (rising edge-triggered flip-flop clocked by core)
endpoint=_4023_ (recovery check against rising-edge clock core)
path_power_complete=true
path_average_power_sum internal=1.53713e-05 switching=1.7799e-08 dynamic=1.53891e-05 leakage=7.52226e-09 total=1.53966e-05
stage instance cell pins fanout capacitance slew delay arrival internal switching dynamic leakage total
1 _4164_ sg13g2_dfrbpq_1 CLK,Q 148 0.809297 3.50354 2.5285 2.5285 8.64661e-06 1.76522e-08 8.66426e-06 3.97446e-09 8.66824e-06
2 _4023_ sg13g2_dfrbpq_1 RESET_B - - 3.50354 0 2.5285 6.72469e-06 1.46857e-10 6.72484e-06 3.5478e-09 6.72839e-06

=== Highest-power instances and worst path through each ===

Hotspot 1: instance=_4181_ selected_worst_paths=none internal=1.15847e-05 switching=1.43743e-06 dynamic=1.30221e-05 leakage=3.97914e-09 total=1.30261e-05
Worst path through hotspot: status=met slack=8.08264 type=max group=core
startpoint=_3900_ (rising edge-triggered flip-flop clocked by core)
endpoint=_4181_ (rising edge-triggered flip-flop clocked by core)
path_power_complete=true
path_average_power_sum internal=2.13812e-05 switching=1.61005e-06 dynamic=2.29912e-05 leakage=2.83212e-08 total=2.30195e-05
stage instance cell pins fanout capacitance slew delay arrival internal switching dynamic leakage total
1 _3900_ sg13g2_dfrbpq_1 CLK,Q 2 0.060063 0.268338 0.326505 0.326505 8.64321e-06 1.31007e-09 8.64452e-06 3.97542e-09 8.6485e-06
2 _3373_ sg13g2_xnor2_1 A,Y 2 0.009559 0.141825 0.167206 0.49371 8.63882e-10 9.38232e-10 1.80211e-09 1.4026e-09 3.20471e-09
3 _3374_ sg13g2_nor2b_2 B_N,Y 1 0.003199 0.042002 0.130914 0.624624 1.93223e-09 1.74413e-10 2.10665e-09 2.23159e-09 4.33824e-09
4 _3375_ sg13g2_a21o_2 B1,X 2 0.012103 0.045497 0.085398 0.710022 2.14495e-09 1.73636e-09 3.88131e-09 1.95224e-09 5.83355e-09
5 _3379_ sg13g2_a21oi_2 A1,Y 2 0.011543 0.061106 0.069273 0.779296 3.27324e-10 7.09847e-10 1.03717e-09 5.75142e-10 1.61231e-09
6 _3381_ sg13g2_nor2b_2 A,Y 1 0.007206 0.057619 0.060427 0.839722 9.73221e-10 7.85909e-11 1.05181e-09 2.23004e-09 3.28185e-09
7 _3382_ sg13g2_a21oi_2 B1,Y 2 0.0089 0.057241 0.04058 0.880303 4.16066e-10 5.45947e-10 9.62013e-10 8.75664e-10 1.83768e-09
8 _3384_ sg13g2_o21ai_1 A2,Y 3 0.012211 0.166665 0.154496 1.0348 2.07447e-10 6.74171e-10 8.81618e-10 1.39701e-09 2.27863e-09
9 _3390_ sg13g2_nand3_1 A,Y 2 0.009991 0.130209 0.144993 1.17979 5.40374e-11 1.08959e-10 1.62997e-10 1.04891e-10 2.67888e-10
10 _3396_ sg13g2_nand2_2 A,Y 3 0.009864 0.051848 0.059115 1.23891 1.45625e-09 1.82876e-09 3.28501e-09 3.03714e-09 6.32215e-09
11 _3408_ sg13g2_nand4_1 A,Y 1 0.002777 0.085132 0.080358 1.31926 2.46235e-10 1.51449e-10 3.97684e-10 1.3032e-10 5.28004e-10
12 _3419_ sg13g2_and3_1 A,X 1 0.002729 0.024705 0.091384 1.41065 1.95219e-09 5.28858e-10 2.48105e-09 1.92477e-09 4.40581e-09
13 _3420_ sg13g2_buf_2 A,X 3 0.011916 0.03456 0.079261 1.48991 2.50367e-09 2.53052e-09 5.03419e-09 1.09104e-09 6.12523e-09
14 _3424_ sg13g2_o21ai_1 A2,Y 2 0.012148 0.164403 0.145631 1.63554 1.71157e-10 6.65367e-10 8.36524e-10 1.13398e-09 1.9705e-09
15 _3430_ sg13g2_a21oi_2 A1,Y 2 0.012247 0.082354 0.104718 1.74026 1.1016e-09 2.27063e-09 3.37223e-09 5.73253e-10 3.94548e-09
16 _3452_ sg13g2_a21oi_2 A1,Y 1 0.001629 0.041801 0.060741 1.801 1.13888e-06 1.5837e-07 1.29725e-06 1.70696e-09 1.29895e-06
17 _4181_ sg13g2_dfrbpq_1 D - - 0.041801 0 1.801 1.15847e-05 1.43743e-06 1.30221e-05 3.97914e-09 1.30261e-05
OpenSTA targeted timing report:
Startpoint: _3900_ (rising edge-triggered flip-flop clocked by core)
Endpoint: _4181_ (rising edge-triggered flip-flop clocked by core)
Path Group: core
Path Type: max

Fanout         Cap        Slew       Delay        Time   Description
---------------------------------------------------------------------------------------------
                      0.000000    0.000000    0.000000   clock core (rise edge)
                                  0.000000    0.000000   clock network delay (ideal)
                      0.000000    0.000000    0.000000 ^ _3900_/CLK (sg13g2_dfrbpq_1)
     2    0.060063    0.268338    0.326505    0.326505 ^ _3900_/Q (sg13g2_dfrbpq_1)
                                                         _0030_ (net)
                      0.268338    0.000000    0.326505 ^ _3373_/A (sg13g2_xnor2_1)
     2    0.009559    0.141825    0.167206    0.493710 ^ _3373_/Y (sg13g2_xnor2_1)
                                                         _0579_ (net)
                      0.141825    0.000000    0.493710 ^ _3374_/B_N (sg13g2_nor2b_2)
     1    0.003199    0.042002    0.130914    0.624624 ^ _3374_/Y (sg13g2_nor2b_2)
                                                         _0580_ (net)
                      0.042002    0.000000    0.624624 ^ _3375_/B1 (sg13g2_a21o_2)
     2    0.012103    0.045497    0.085398    0.710022 ^ _3375_/X (sg13g2_a21o_2)
                                                         _0581_ (net)
                      0.045497    0.000000    0.710022 ^ _3379_/A1 (sg13g2_a21oi_2)
     2    0.011543    0.061106    0.069273    0.779296 v _3379_/Y (sg13g2_a21oi_2)
                                                         _0585_ (net)
                      0.061106    0.000000    0.779296 v _3381_/A (sg13g2_nor2b_2)
     1    0.007206    0.057619    0.060427    0.839722 ^ _3381_/Y (sg13g2_nor2b_2)
                                                         _0587_ (net)
                      0.057619    0.000000    0.839722 ^ _3382_/B1 (sg13g2_a21oi_2)
     2    0.008900    0.057241    0.040580    0.880303 v _3382_/Y (sg13g2_a21oi_2)
                                                         _0588_ (net)
                      0.057241    0.000000    0.880303 v _3384_/A2 (sg13g2_o21ai_1)
     3    0.012211    0.166665    0.154496    1.034799 ^ _3384_/Y (sg13g2_o21ai_1)
                                                         _0590_ (net)
                      0.166665    0.000000    1.034799 ^ _3390_/A (sg13g2_nand3_1)
     2    0.009991    0.130209    0.144993    1.179792 v _3390_/Y (sg13g2_nand3_1)
                                                         _0596_ (net)
                      0.130209    0.000000    1.179792 v _3396_/A (sg13g2_nand2_2)
     3    0.009864    0.051848    0.059115    1.238907 ^ _3396_/Y (sg13g2_nand2_2)
                                                         _0602_ (net)
                      0.051848    0.000000    1.238907 ^ _3408_/A (sg13g2_nand4_1)
     1    0.002777    0.085132    0.080358    1.319265 v _3408_/Y (sg13g2_nand4_1)
                                                         _0614_ (net)
                      0.085132    0.000000    1.319265 v _3419_/A (sg13g2_and3_1)
     1    0.002729    0.024705    0.091384    1.410648 v _3419_/X (sg13g2_and3_1)
                                                         _0625_ (net)
                      0.024705    0.000000    1.410648 v _3420_/A (sg13g2_buf_2)
     3    0.011916    0.034560    0.079261    1.489909 v _3420_/X (sg13g2_buf_2)
                                                         _0626_ (net)
                      0.034560    0.000000    1.489909 v _3424_/A2 (sg13g2_o21ai_1)
     2    0.012148    0.164403    0.145631    1.635540 ^ _3424_/Y (sg13g2_o21ai_1)
                                                         _0630_ (net)
                      0.164403    0.000000    1.635540 ^ _3430_/A1 (sg13g2_a21oi_2)
     2    0.012247    0.082354    0.104718    1.740258 v _3430_/Y (sg13g2_a21oi_2)
                                                         _0635_ (net)
                      0.082354    0.000000    1.740258 v _3452_/A1 (sg13g2_a21oi_2)
     1    0.001629    0.041801    0.060741    1.800998 ^ _3452_/Y (sg13g2_a21oi_2)
                                                         _0001_ (net)
                      0.041801    0.000000    1.800998 ^ _4181_/D (sg13g2_dfrbpq_1)
                                              1.800998   data arrival time

                      0.000000   10.000000   10.000000   clock core (rise edge)
                                  0.000000   10.000000   clock network delay (ideal)
                                  0.000000   10.000000   clock reconvergence pessimism
                                             10.000000 ^ _4181_/CLK (sg13g2_dfrbpq_1)
                                 -0.116365    9.883636   library setup time
                                              9.883636   data required time
---------------------------------------------------------------------------------------------
                                              9.883636   data required time
                                             -1.800998   data arrival time
---------------------------------------------------------------------------------------------
                                              8.082637   slack (MET)

Hotspot 2: instance=_4180_ selected_worst_paths=none internal=1.15675e-05 switching=6.41247e-07 dynamic=1.22088e-05 leakage=3.98054e-09 total=1.22128e-05
Worst path through hotspot: status=met slack=8.04833 type=max group=core
startpoint=_3900_ (rising edge-triggered flip-flop clocked by core)
endpoint=_4180_ (rising edge-triggered flip-flop clocked by core)
path_power_complete=true
path_average_power_sum internal=2.10396e-05 switching=8.13831e-07 dynamic=2.18534e-05 leakage=2.80737e-08 total=2.18815e-05
stage instance cell pins fanout capacitance slew delay arrival internal switching dynamic leakage total
1 _3900_ sg13g2_dfrbpq_1 CLK,Q 2 0.060063 0.268338 0.326505 0.326505 8.64321e-06 1.31007e-09 8.64452e-06 3.97542e-09 8.6485e-06
2 _3373_ sg13g2_xnor2_1 A,Y 2 0.009559 0.141825 0.167206 0.49371 8.63882e-10 9.38232e-10 1.80211e-09 1.4026e-09 3.20471e-09
3 _3374_ sg13g2_nor2b_2 B_N,Y 1 0.003199 0.042002 0.130914 0.624624 1.93223e-09 1.74413e-10 2.10665e-09 2.23159e-09 4.33824e-09
4 _3375_ sg13g2_a21o_2 B1,X 2 0.012103 0.045497 0.085398 0.710022 2.14495e-09 1.73636e-09 3.88131e-09 1.95224e-09 5.83355e-09
5 _3379_ sg13g2_a21oi_2 A1,Y 2 0.011543 0.061106 0.069273 0.779296 3.27324e-10 7.09847e-10 1.03717e-09 5.75142e-10 1.61231e-09
6 _3381_ sg13g2_nor2b_2 A,Y 1 0.007206 0.057619 0.060427 0.839722 9.73221e-10 7.85909e-11 1.05181e-09 2.23004e-09 3.28185e-09
7 _3382_ sg13g2_a21oi_2 B1,Y 2 0.0089 0.057241 0.04058 0.880303 4.16066e-10 5.45947e-10 9.62013e-10 8.75664e-10 1.83768e-09
8 _3384_ sg13g2_o21ai_1 A2,Y 3 0.012211 0.166665 0.154496 1.0348 2.07447e-10 6.74171e-10 8.81618e-10 1.39701e-09 2.27863e-09
9 _3390_ sg13g2_nand3_1 A,Y 2 0.009991 0.130209 0.144993 1.17979 5.40374e-11 1.08959e-10 1.62997e-10 1.04891e-10 2.67888e-10
10 _3396_ sg13g2_nand2_2 A,Y 3 0.009864 0.051848 0.059115 1.23891 1.45625e-09 1.82876e-09 3.28501e-09 3.03714e-09 6.32215e-09
11 _3408_ sg13g2_nand4_1 A,Y 1 0.002777 0.085132 0.080358 1.31926 2.46235e-10 1.51449e-10 3.97684e-10 1.3032e-10 5.28004e-10
12 _3419_ sg13g2_and3_1 A,X 1 0.002729 0.024705 0.091384 1.41065 1.95219e-09 5.28858e-10 2.48105e-09 1.92477e-09 4.40581e-09
13 _3420_ sg13g2_buf_2 A,X 3 0.011916 0.03456 0.079261 1.48991 2.50367e-09 2.53052e-09 5.03419e-09 1.09104e-09 6.12523e-09
14 _3424_ sg13g2_o21ai_1 A2,Y 2 0.012148 0.164403 0.145631 1.63554 1.71157e-10 6.65367e-10 8.36524e-10 1.13398e-09 1.9705e-09
15 _3430_ sg13g2_a21oi_2 A1,Y 2 0.012247 0.082354 0.104718 1.74026 1.1016e-09 2.27063e-09 3.37223e-09 5.73253e-10 3.94548e-09
16 _3431_ sg13g2_xnor2_1 B,Y 1 0.001743 0.039786 0.098013 1.83827 8.14487e-07 1.58332e-07 9.72819e-07 1.45808e-09 9.74277e-07
17 _4180_ sg13g2_dfrbpq_1 D - - 0.039786 0 1.83827 1.15675e-05 6.41247e-07 1.22088e-05 3.98054e-09 1.22128e-05
OpenSTA targeted timing report:
Startpoint: _3900_ (rising edge-triggered flip-flop clocked by core)
Endpoint: _4180_ (rising edge-triggered flip-flop clocked by core)
Path Group: core
Path Type: max

Fanout         Cap        Slew       Delay        Time   Description
---------------------------------------------------------------------------------------------
                      0.000000    0.000000    0.000000   clock core (rise edge)
                                  0.000000    0.000000   clock network delay (ideal)
                      0.000000    0.000000    0.000000 ^ _3900_/CLK (sg13g2_dfrbpq_1)
     2    0.060063    0.268338    0.326505    0.326505 ^ _3900_/Q (sg13g2_dfrbpq_1)
                                                         _0030_ (net)
                      0.268338    0.000000    0.326505 ^ _3373_/A (sg13g2_xnor2_1)
     2    0.009559    0.141825    0.167206    0.493710 ^ _3373_/Y (sg13g2_xnor2_1)
                                                         _0579_ (net)
                      0.141825    0.000000    0.493710 ^ _3374_/B_N (sg13g2_nor2b_2)
     1    0.003199    0.042002    0.130914    0.624624 ^ _3374_/Y (sg13g2_nor2b_2)
                                                         _0580_ (net)
                      0.042002    0.000000    0.624624 ^ _3375_/B1 (sg13g2_a21o_2)
     2    0.012103    0.045497    0.085398    0.710022 ^ _3375_/X (sg13g2_a21o_2)
                                                         _0581_ (net)
                      0.045497    0.000000    0.710022 ^ _3379_/A1 (sg13g2_a21oi_2)
     2    0.011543    0.061106    0.069273    0.779296 v _3379_/Y (sg13g2_a21oi_2)
                                                         _0585_ (net)
                      0.061106    0.000000    0.779296 v _3381_/A (sg13g2_nor2b_2)
     1    0.007206    0.057619    0.060427    0.839722 ^ _3381_/Y (sg13g2_nor2b_2)
                                                         _0587_ (net)
                      0.057619    0.000000    0.839722 ^ _3382_/B1 (sg13g2_a21oi_2)
     2    0.008900    0.057241    0.040580    0.880303 v _3382_/Y (sg13g2_a21oi_2)
                                                         _0588_ (net)
                      0.057241    0.000000    0.880303 v _3384_/A2 (sg13g2_o21ai_1)
     3    0.012211    0.166665    0.154496    1.034799 ^ _3384_/Y (sg13g2_o21ai_1)
                                                         _0590_ (net)
                      0.166665    0.000000    1.034799 ^ _3390_/A (sg13g2_nand3_1)
     2    0.009991    0.130209    0.144993    1.179792 v _3390_/Y (sg13g2_nand3_1)
                                                         _0596_ (net)
                      0.130209    0.000000    1.179792 v _3396_/A (sg13g2_nand2_2)
     3    0.009864    0.051848    0.059115    1.238907 ^ _3396_/Y (sg13g2_nand2_2)
                                                         _0602_ (net)
                      0.051848    0.000000    1.238907 ^ _3408_/A (sg13g2_nand4_1)
     1    0.002777    0.085132    0.080358    1.319265 v _3408_/Y (sg13g2_nand4_1)
                                                         _0614_ (net)
                      0.085132    0.000000    1.319265 v _3419_/A (sg13g2_and3_1)
     1    0.002729    0.024705    0.091384    1.410648 v _3419_/X (sg13g2_and3_1)
                                                         _0625_ (net)
                      0.024705    0.000000    1.410648 v _3420_/A (sg13g2_buf_2)
     3    0.011916    0.034560    0.079261    1.489909 v _3420_/X (sg13g2_buf_2)
                                                         _0626_ (net)
                      0.034560    0.000000    1.489909 v _3424_/A2 (sg13g2_o21ai_1)
     2    0.012148    0.164403    0.145631    1.635540 ^ _3424_/Y (sg13g2_o21ai_1)
                                                         _0630_ (net)
                      0.164403    0.000000    1.635540 ^ _3430_/A1 (sg13g2_a21oi_2)
     2    0.012247    0.082354    0.104718    1.740258 v _3430_/Y (sg13g2_a21oi_2)
                                                         _0635_ (net)
                      0.082354    0.000000    1.740258 v _3431_/B (sg13g2_xnor2_1)
     1    0.001743    0.039786    0.098013    1.838271 v _3431_/Y (sg13g2_xnor2_1)
                                                         _0008_ (net)
                      0.039786    0.000000    1.838271 v _4180_/D (sg13g2_dfrbpq_1)
                                              1.838271   data arrival time

                      0.000000   10.000000   10.000000   clock core (rise edge)
                                  0.000000   10.000000   clock network delay (ideal)
                                  0.000000   10.000000   clock reconvergence pessimism
                                             10.000000 ^ _4180_/CLK (sg13g2_dfrbpq_1)
                                 -0.113399    9.886601   library setup time
                                              9.886601   data required time
---------------------------------------------------------------------------------------------
                                              9.886601   data required time
                                             -1.838271   data arrival time
---------------------------------------------------------------------------------------------
                                              8.048330   slack (MET)

Hotspot 3: instance=_4016_ selected_worst_paths=none internal=9.50257e-06 switching=4.57154e-07 dynamic=9.95972e-06 leakage=3.98014e-09 total=9.9637e-06
Worst path through hotspot: status=met slack=8.09962 type=max group=asynchronous
startpoint=_4163_ (rising edge-triggered flip-flop clocked by core)
endpoint=_4016_ (recovery check against rising-edge clock core)
path_power_complete=true
path_average_power_sum internal=1.81516e-05 switching=4.66969e-07 dynamic=1.86186e-05 leakage=7.95432e-09 total=1.86265e-05
stage instance cell pins fanout capacitance slew delay arrival internal switching dynamic leakage total
1 _4163_ sg13g2_dfrbpq_1 CLK,Q 83 0.450023 1.95206 1.47267 1.47267 8.64903e-06 9.81578e-09 8.65884e-06 3.97418e-09 8.66282e-06
2 _4016_ sg13g2_dfrbpq_1 RESET_B - - 1.95206 0 1.47267 9.50257e-06 4.57154e-07 9.95972e-06 3.98014e-09 9.9637e-06
OpenSTA targeted timing report:
Startpoint: _4163_ (rising edge-triggered flip-flop clocked by core)
Endpoint: _4016_ (recovery check against rising-edge clock core)
Path Group: asynchronous
Path Type: max

Fanout         Cap        Slew       Delay        Time   Description
---------------------------------------------------------------------------------------------
                      0.000000    0.000000    0.000000   clock core (rise edge)
                                  0.000000    0.000000   clock network delay (ideal)
                      0.000000    0.000000    0.000000 ^ _4163_/CLK (sg13g2_dfrbpq_1)
    83    0.450023    1.952064    1.472672    1.472672 ^ _4163_/Q (sg13g2_dfrbpq_1)
                                                         u_uart_master_core.u_host_reset_stage.d_i (net)
                      1.952064    0.000000    1.472672 ^ _4016_/RESET_B (sg13g2_dfrbpq_1)
                                              1.472672   data arrival time

                      0.000000   10.000000   10.000000   clock core (rise edge)
                                  0.000000   10.000000   clock network delay (ideal)
                                  0.000000   10.000000   clock reconvergence pessimism
                                             10.000000 ^ _4016_/CLK (sg13g2_dfrbpq_1)
                                 -0.427711    9.572289   library recovery time
                                              9.572289   data required time
---------------------------------------------------------------------------------------------
                                              9.572289   data required time
                                             -1.472672   data arrival time
---------------------------------------------------------------------------------------------
                                              8.099617   slack (MET)

Hotspot 4: instance=_3942_ selected_worst_paths=none internal=9.49828e-06 switching=2.76051e-07 dynamic=9.77434e-06 leakage=3.98117e-09 total=9.77832e-06
Worst path through hotspot: status=met slack=8.09962 type=max group=asynchronous
startpoint=_4163_ (rising edge-triggered flip-flop clocked by core)
endpoint=_3942_ (recovery check against rising-edge clock core)
path_power_complete=true
path_average_power_sum internal=1.81473e-05 switching=2.85867e-07 dynamic=1.84332e-05 leakage=7.95535e-09 total=1.84411e-05
stage instance cell pins fanout capacitance slew delay arrival internal switching dynamic leakage total
1 _4163_ sg13g2_dfrbpq_1 CLK,Q 83 0.450023 1.95206 1.47267 1.47267 8.64903e-06 9.81578e-09 8.65884e-06 3.97418e-09 8.66282e-06
2 _3942_ sg13g2_dfrbpq_1 RESET_B - - 1.95206 0 1.47267 9.49828e-06 2.76051e-07 9.77434e-06 3.98117e-09 9.77832e-06
OpenSTA targeted timing report:
Startpoint: _4163_ (rising edge-triggered flip-flop clocked by core)
Endpoint: _3942_ (recovery check against rising-edge clock core)
Path Group: asynchronous
Path Type: max

Fanout         Cap        Slew       Delay        Time   Description
---------------------------------------------------------------------------------------------
                      0.000000    0.000000    0.000000   clock core (rise edge)
                                  0.000000    0.000000   clock network delay (ideal)
                      0.000000    0.000000    0.000000 ^ _4163_/CLK (sg13g2_dfrbpq_1)
    83    0.450023    1.952064    1.472672    1.472672 ^ _4163_/Q (sg13g2_dfrbpq_1)
                                                         u_uart_master_core.u_host_reset_stage.d_i (net)
                      1.952064    0.000000    1.472672 ^ _3942_/RESET_B (sg13g2_dfrbpq_1)
                                              1.472672   data arrival time

                      0.000000   10.000000   10.000000   clock core (rise edge)
                                  0.000000   10.000000   clock network delay (ideal)
                                  0.000000   10.000000   clock reconvergence pessimism
                                             10.000000 ^ _3942_/CLK (sg13g2_dfrbpq_1)
                                 -0.427711    9.572289   library recovery time
                                              9.572289   data required time
---------------------------------------------------------------------------------------------
                                              9.572289   data required time
                                             -1.472672   data arrival time
---------------------------------------------------------------------------------------------
                                              8.099617   slack (MET)

Hotspot 5: instance=_3943_ selected_worst_paths=none internal=8.92137e-06 switching=1.5376e-07 dynamic=9.07513e-06 leakage=3.97996e-09 total=9.07911e-06
Worst path through hotspot: status=met slack=8.09962 type=max group=asynchronous
startpoint=_4163_ (rising edge-triggered flip-flop clocked by core)
endpoint=_3943_ (recovery check against rising-edge clock core)
path_power_complete=true
path_average_power_sum internal=1.75704e-05 switching=1.63575e-07 dynamic=1.7734e-05 leakage=7.95414e-09 total=1.77419e-05
stage instance cell pins fanout capacitance slew delay arrival internal switching dynamic leakage total
1 _4163_ sg13g2_dfrbpq_1 CLK,Q 83 0.450023 1.95206 1.47267 1.47267 8.64903e-06 9.81578e-09 8.65884e-06 3.97418e-09 8.66282e-06
2 _3943_ sg13g2_dfrbpq_1 RESET_B - - 1.95206 0 1.47267 8.92137e-06 1.5376e-07 9.07513e-06 3.97996e-09 9.07911e-06
OpenSTA targeted timing report:
Startpoint: _4163_ (rising edge-triggered flip-flop clocked by core)
Endpoint: _3943_ (recovery check against rising-edge clock core)
Path Group: asynchronous
Path Type: max

Fanout         Cap        Slew       Delay        Time   Description
---------------------------------------------------------------------------------------------
                      0.000000    0.000000    0.000000   clock core (rise edge)
                                  0.000000    0.000000   clock network delay (ideal)
                      0.000000    0.000000    0.000000 ^ _4163_/CLK (sg13g2_dfrbpq_1)
    83    0.450023    1.952064    1.472672    1.472672 ^ _4163_/Q (sg13g2_dfrbpq_1)
                                                         u_uart_master_core.u_host_reset_stage.d_i (net)
                      1.952064    0.000000    1.472672 ^ _3943_/RESET_B (sg13g2_dfrbpq_1)
                                              1.472672   data arrival time

                      0.000000   10.000000   10.000000   clock core (rise edge)
                                  0.000000   10.000000   clock network delay (ideal)
                                  0.000000   10.000000   clock reconvergence pessimism
                                             10.000000 ^ _3943_/CLK (sg13g2_dfrbpq_1)
                                 -0.427711    9.572289   library recovery time
                                              9.572289   data required time
---------------------------------------------------------------------------------------------
                                              9.572289   data required time
                                             -1.472672   data arrival time
---------------------------------------------------------------------------------------------
                                              8.099617   slack (MET)

Hotspot 6: instance=_4017_ selected_worst_paths=none internal=8.69832e-06 switching=2.06858e-07 dynamic=8.90518e-06 leakage=3.97978e-09 total=8.90916e-06
Worst path through hotspot: status=met slack=8.09962 type=max group=asynchronous
startpoint=_4163_ (rising edge-triggered flip-flop clocked by core)
endpoint=_4017_ (recovery check against rising-edge clock core)
path_power_complete=true
path_average_power_sum internal=1.73473e-05 switching=2.16674e-07 dynamic=1.7564e-05 leakage=7.95396e-09 total=1.7572e-05
stage instance cell pins fanout capacitance slew delay arrival internal switching dynamic leakage total
1 _4163_ sg13g2_dfrbpq_1 CLK,Q 83 0.450023 1.95206 1.47267 1.47267 8.64903e-06 9.81578e-09 8.65884e-06 3.97418e-09 8.66282e-06
2 _4017_ sg13g2_dfrbpq_1 RESET_B - - 1.95206 0 1.47267 8.69832e-06 2.06858e-07 8.90518e-06 3.97978e-09 8.90916e-06
OpenSTA targeted timing report:
Startpoint: _4163_ (rising edge-triggered flip-flop clocked by core)
Endpoint: _4017_ (recovery check against rising-edge clock core)
Path Group: asynchronous
Path Type: max

Fanout         Cap        Slew       Delay        Time   Description
---------------------------------------------------------------------------------------------
                      0.000000    0.000000    0.000000   clock core (rise edge)
                                  0.000000    0.000000   clock network delay (ideal)
                      0.000000    0.000000    0.000000 ^ _4163_/CLK (sg13g2_dfrbpq_1)
    83    0.450023    1.952064    1.472672    1.472672 ^ _4163_/Q (sg13g2_dfrbpq_1)
                                                         u_uart_master_core.u_host_reset_stage.d_i (net)
                      1.952064    0.000000    1.472672 ^ _4017_/RESET_B (sg13g2_dfrbpq_1)
                                              1.472672   data arrival time

                      0.000000   10.000000   10.000000   clock core (rise edge)
                                  0.000000   10.000000   clock network delay (ideal)
                                  0.000000   10.000000   clock reconvergence pessimism
                                             10.000000 ^ _4017_/CLK (sg13g2_dfrbpq_1)
                                 -0.427711    9.572289   library recovery time
                                              9.572289   data required time
---------------------------------------------------------------------------------------------
                                              9.572289   data required time
                                             -1.472672   data arrival time
---------------------------------------------------------------------------------------------
                                              8.099617   slack (MET)

Hotspot 7: instance=_4159_ selected_worst_paths=none internal=8.65618e-06 switching=2.6227e-08 dynamic=8.6824e-06 leakage=3.97423e-09 total=8.68638e-06
Worst path through hotspot: status=met slack=7.88328 type=max group=asynchronous
startpoint=rst_ni (input port clocked by core)
endpoint=_4159_ (recovery check against rising-edge clock core)
path_power_complete=true
path_average_power_sum internal=8.65618e-06 switching=2.6227e-08 dynamic=8.6824e-06 leakage=3.97423e-09 total=8.68638e-06
stage instance cell pins fanout capacitance slew delay arrival internal switching dynamic leakage total
1 _4159_ sg13g2_dfrbpq_1 RESET_B - - 0.00164 0 2.00164 8.65618e-06 2.6227e-08 8.6824e-06 3.97423e-09 8.68638e-06
OpenSTA targeted timing report:
Startpoint: rst_ni (input port clocked by core)
Endpoint: _4159_ (recovery check against rising-edge clock core)
Path Group: asynchronous
Path Type: max

Fanout         Cap        Slew       Delay        Time   Description
---------------------------------------------------------------------------------------------
                      0.000000    0.000000    0.000000   clock core (rise edge)
                                  0.000000    0.000000   clock network delay (ideal)
                                  2.000000    2.000000 ^ input external delay
     3    0.016405    0.001640    0.001640    2.001641 ^ rst_ni (in)
                                                         rst_ni (net)
                      0.001640    0.000000    2.001641 ^ _4159_/RESET_B (sg13g2_dfrbpq_1)
                                              2.001641   data arrival time

                      0.000000   10.000000   10.000000   clock core (rise edge)
                                  0.000000   10.000000   clock network delay (ideal)
                                  0.000000   10.000000   clock reconvergence pessimism
                                             10.000000 ^ _4159_/CLK (sg13g2_dfrbpq_1)
                                 -0.115085    9.884915   library recovery time
                                              9.884915   data required time
---------------------------------------------------------------------------------------------
                                              9.884915   data required time
                                             -2.001641   data arrival time
---------------------------------------------------------------------------------------------
                                              7.883275   slack (MET)

Hotspot 8: instance=_4164_ selected_worst_paths=11,12,13,14,15,16,17,18,19,20 internal=8.64661e-06 switching=1.76522e-08 dynamic=8.66426e-06 leakage=3.97446e-09 total=8.66824e-06
Worst path through hotspot: status=met slack=6.87657 type=max group=asynchronous
startpoint=_4164_ (rising edge-triggered flip-flop clocked by core)
endpoint=_3914_ (recovery check against rising-edge clock core)
path_power_complete=true
path_average_power_sum internal=1.60262e-05 switching=2.06014e-08 dynamic=1.60468e-05 leakage=7.93695e-09 total=1.60548e-05
stage instance cell pins fanout capacitance slew delay arrival internal switching dynamic leakage total
1 _4164_ sg13g2_dfrbpq_1 CLK,Q 148 0.809297 3.50354 2.5285 2.5285 8.64661e-06 1.76522e-08 8.66426e-06 3.97446e-09 8.66824e-06
2 _3914_ sg13g2_dfrbpq_1 RESET_B - - 3.50354 0 2.5285 7.37961e-06 2.94923e-09 7.38256e-06 3.96249e-09 7.38652e-06
OpenSTA targeted timing report:
Startpoint: _4164_ (rising edge-triggered flip-flop clocked by core)
Endpoint: _3914_ (recovery check against rising-edge clock core)
Path Group: asynchronous
Path Type: max

Fanout         Cap        Slew       Delay        Time   Description
---------------------------------------------------------------------------------------------
                      0.000000    0.000000    0.000000   clock core (rise edge)
                                  0.000000    0.000000   clock network delay (ideal)
                      0.000000    0.000000    0.000000 ^ _4164_/CLK (sg13g2_dfrbpq_1)
   148    0.809297    3.503544    2.528499    2.528499 ^ _4164_/Q (sg13g2_dfrbpq_1)
                                                         u_uart_master_core.host_rst_ni (net)
                      3.503544    0.000000    2.528499 ^ _3914_/RESET_B (sg13g2_dfrbpq_1)
                                              2.528499   data arrival time

                      0.000000   10.000000   10.000000   clock core (rise edge)
                                  0.000000   10.000000   clock network delay (ideal)
                                  0.000000   10.000000   clock reconvergence pessimism
                                             10.000000 ^ _3914_/CLK (sg13g2_dfrbpq_1)
                                 -0.594928    9.405072   library recovery time
                                              9.405072   data required time
---------------------------------------------------------------------------------------------
                                              9.405072   data required time
                                             -2.528499   data arrival time
---------------------------------------------------------------------------------------------
                                              6.876573   slack (MET)

Hotspot 9: instance=_4163_ selected_worst_paths=none internal=8.64903e-06 switching=9.81578e-09 dynamic=8.65884e-06 leakage=3.97418e-09 total=8.66282e-06
Worst path through hotspot: status=met slack=8.09962 type=max group=asynchronous
startpoint=_4163_ (rising edge-triggered flip-flop clocked by core)
endpoint=_3887_ (recovery check against rising-edge clock core)
path_power_complete=true
path_average_power_sum internal=1.5353e-05 switching=9.81578e-09 dynamic=1.53628e-05 leakage=7.49506e-09 total=1.53703e-05
stage instance cell pins fanout capacitance slew delay arrival internal switching dynamic leakage total
1 _4163_ sg13g2_dfrbpq_1 CLK,Q 83 0.450023 1.95206 1.47267 1.47267 8.64903e-06 9.81578e-09 8.65884e-06 3.97418e-09 8.66282e-06
2 _3887_ sg13g2_dfrbpq_1 RESET_B - - 1.95206 0 1.47267 6.70393e-06 0 6.70393e-06 3.52088e-09 6.70745e-06
OpenSTA targeted timing report:
Startpoint: _4163_ (rising edge-triggered flip-flop clocked by core)
Endpoint: _3887_ (recovery check against rising-edge clock core)
Path Group: asynchronous
Path Type: max

Fanout         Cap        Slew       Delay        Time   Description
---------------------------------------------------------------------------------------------
                      0.000000    0.000000    0.000000   clock core (rise edge)
                                  0.000000    0.000000   clock network delay (ideal)
                      0.000000    0.000000    0.000000 ^ _4163_/CLK (sg13g2_dfrbpq_1)
    83    0.450023    1.952064    1.472672    1.472672 ^ _4163_/Q (sg13g2_dfrbpq_1)
                                                         u_uart_master_core.u_host_reset_stage.d_i (net)
                      1.952064    0.000000    1.472672 ^ _3887_/RESET_B (sg13g2_dfrbpq_1)
                                              1.472672   data arrival time

                      0.000000   10.000000   10.000000   clock core (rise edge)
                                  0.000000   10.000000   clock network delay (ideal)
                                  0.000000   10.000000   clock reconvergence pessimism
                                             10.000000 ^ _3887_/CLK (sg13g2_dfrbpq_1)
                                 -0.427711    9.572289   library recovery time
                                              9.572289   data required time
---------------------------------------------------------------------------------------------
                                              9.572289   data required time
                                             -1.472672   data arrival time
---------------------------------------------------------------------------------------------
                                              8.099617   slack (MET)

Hotspot 10: instance=_4158_ selected_worst_paths=none internal=8.65797e-06 switching=1.14086e-10 dynamic=8.65809e-06 leakage=3.97391e-09 total=8.66206e-06
Worst path through hotspot: status=met slack=7.88328 type=max group=asynchronous
startpoint=rst_ni (input port clocked by core)
endpoint=_4158_ (recovery check against rising-edge clock core)
path_power_complete=true
path_average_power_sum internal=8.65797e-06 switching=1.14086e-10 dynamic=8.65809e-06 leakage=3.97391e-09 total=8.66206e-06
stage instance cell pins fanout capacitance slew delay arrival internal switching dynamic leakage total
1 _4158_ sg13g2_dfrbpq_1 RESET_B - - 0.00164 0 2.00164 8.65797e-06 1.14086e-10 8.65809e-06 3.97391e-09 8.66206e-06
OpenSTA targeted timing report:
Startpoint: rst_ni (input port clocked by core)
Endpoint: _4158_ (recovery check against rising-edge clock core)
Path Group: asynchronous
Path Type: max

Fanout         Cap        Slew       Delay        Time   Description
---------------------------------------------------------------------------------------------
                      0.000000    0.000000    0.000000   clock core (rise edge)
                                  0.000000    0.000000   clock network delay (ideal)
                                  2.000000    2.000000 ^ input external delay
     3    0.016405    0.001640    0.001640    2.001641 ^ rst_ni (in)
                                                         rst_ni (net)
                      0.001640    0.000000    2.001641 ^ _4158_/RESET_B (sg13g2_dfrbpq_1)
                                              2.001641   data arrival time

                      0.000000   10.000000   10.000000   clock core (rise edge)
                                  0.000000   10.000000   clock network delay (ideal)
                                  0.000000   10.000000   clock reconvergence pessimism
                                             10.000000 ^ _4158_/CLK (sg13g2_dfrbpq_1)
                                 -0.115085    9.884915   library recovery time
                                              9.884915   data required time
---------------------------------------------------------------------------------------------
                                              9.884915   data required time
                                             -2.001641   data arrival time
---------------------------------------------------------------------------------------------
                                              7.883275   slack (MET)

Hotspot 11: instance=_4165_ selected_worst_paths=none internal=8.65276e-06 switching=1.82597e-09 dynamic=8.65458e-06 leakage=3.97468e-09 total=8.65856e-06
Worst path through hotspot: status=met slack=8.09962 type=max group=asynchronous
startpoint=_4163_ (rising edge-triggered flip-flop clocked by core)
endpoint=_4165_ (recovery check against rising-edge clock core)
path_power_complete=true
path_average_power_sum internal=1.73018e-05 switching=1.16418e-08 dynamic=1.73134e-05 leakage=7.94886e-09 total=1.73214e-05
stage instance cell pins fanout capacitance slew delay arrival internal switching dynamic leakage total
1 _4163_ sg13g2_dfrbpq_1 CLK,Q 83 0.450023 1.95206 1.47267 1.47267 8.64903e-06 9.81578e-09 8.65884e-06 3.97418e-09 8.66282e-06
2 _4165_ sg13g2_dfrbpq_1 RESET_B - - 1.95206 0 1.47267 8.65276e-06 1.82597e-09 8.65458e-06 3.97468e-09 8.65856e-06
OpenSTA targeted timing report:
Startpoint: _4163_ (rising edge-triggered flip-flop clocked by core)
Endpoint: _4165_ (recovery check against rising-edge clock core)
Path Group: asynchronous
Path Type: max

Fanout         Cap        Slew       Delay        Time   Description
---------------------------------------------------------------------------------------------
                      0.000000    0.000000    0.000000   clock core (rise edge)
                                  0.000000    0.000000   clock network delay (ideal)
                      0.000000    0.000000    0.000000 ^ _4163_/CLK (sg13g2_dfrbpq_1)
    83    0.450023    1.952064    1.472672    1.472672 ^ _4163_/Q (sg13g2_dfrbpq_1)
                                                         u_uart_master_core.u_host_reset_stage.d_i (net)
                      1.952064    0.000000    1.472672 ^ _4165_/RESET_B (sg13g2_dfrbpq_1)
                                              1.472672   data arrival time

                      0.000000   10.000000   10.000000   clock core (rise edge)
                                  0.000000   10.000000   clock network delay (ideal)
                                  0.000000   10.000000   clock reconvergence pessimism
                                             10.000000 ^ _4165_/CLK (sg13g2_dfrbpq_1)
                                 -0.427711    9.572289   library recovery time
                                              9.572289   data required time
---------------------------------------------------------------------------------------------
                                              9.572289   data required time
                                             -1.472672   data arrival time
---------------------------------------------------------------------------------------------
                                              8.099617   slack (MET)

Hotspot 12: instance=_4160_ selected_worst_paths=none internal=8.65417e-06 switching=2.38543e-10 dynamic=8.65441e-06 leakage=3.9744e-09 total=8.65839e-06
Worst path through hotspot: status=met slack=7.88328 type=max group=asynchronous
startpoint=rst_ni (input port clocked by core)
endpoint=_4160_ (recovery check against rising-edge clock core)
path_power_complete=true
path_average_power_sum internal=8.65417e-06 switching=2.38543e-10 dynamic=8.65441e-06 leakage=3.9744e-09 total=8.65839e-06
stage instance cell pins fanout capacitance slew delay arrival internal switching dynamic leakage total
1 _4160_ sg13g2_dfrbpq_1 RESET_B - - 0.00164 0 2.00164 8.65417e-06 2.38543e-10 8.65441e-06 3.9744e-09 8.65839e-06
OpenSTA targeted timing report:
Startpoint: rst_ni (input port clocked by core)
Endpoint: _4160_ (recovery check against rising-edge clock core)
Path Group: asynchronous
Path Type: max

Fanout         Cap        Slew       Delay        Time   Description
---------------------------------------------------------------------------------------------
                      0.000000    0.000000    0.000000   clock core (rise edge)
                                  0.000000    0.000000   clock network delay (ideal)
                                  2.000000    2.000000 ^ input external delay
     3    0.016405    0.001640    0.001640    2.001641 ^ rst_ni (in)
                                                         rst_ni (net)
                      0.001640    0.000000    2.001641 ^ _4160_/RESET_B (sg13g2_dfrbpq_1)
                                              2.001641   data arrival time

                      0.000000   10.000000   10.000000   clock core (rise edge)
                                  0.000000   10.000000   clock network delay (ideal)
                                  0.000000   10.000000   clock reconvergence pessimism
                                             10.000000 ^ _4160_/CLK (sg13g2_dfrbpq_1)
                                 -0.115085    9.884915   library recovery time
                                              9.884915   data required time
---------------------------------------------------------------------------------------------
                                              9.884915   data required time
                                             -2.001641   data arrival time
---------------------------------------------------------------------------------------------
                                              7.883275   slack (MET)

Hotspot 13: instance=_4173_ selected_worst_paths=none internal=8.65055e-06 switching=1.01443e-09 dynamic=8.65157e-06 leakage=3.97468e-09 total=8.65554e-06
Worst path through hotspot: status=met slack=8.09962 type=max group=asynchronous
startpoint=_4163_ (rising edge-triggered flip-flop clocked by core)
endpoint=_4173_ (recovery check against rising-edge clock core)
path_power_complete=true
path_average_power_sum internal=1.72996e-05 switching=1.08302e-08 dynamic=1.73104e-05 leakage=7.94886e-09 total=1.73184e-05
stage instance cell pins fanout capacitance slew delay arrival internal switching dynamic leakage total
1 _4163_ sg13g2_dfrbpq_1 CLK,Q 83 0.450023 1.95206 1.47267 1.47267 8.64903e-06 9.81578e-09 8.65884e-06 3.97418e-09 8.66282e-06
2 _4173_ sg13g2_dfrbpq_1 RESET_B - - 1.95206 0 1.47267 8.65055e-06 1.01443e-09 8.65157e-06 3.97468e-09 8.65554e-06
OpenSTA targeted timing report:
Startpoint: _4163_ (rising edge-triggered flip-flop clocked by core)
Endpoint: _4173_ (recovery check against rising-edge clock core)
Path Group: asynchronous
Path Type: max

Fanout         Cap        Slew       Delay        Time   Description
---------------------------------------------------------------------------------------------
                      0.000000    0.000000    0.000000   clock core (rise edge)
                                  0.000000    0.000000   clock network delay (ideal)
                      0.000000    0.000000    0.000000 ^ _4163_/CLK (sg13g2_dfrbpq_1)
    83    0.450023    1.952064    1.472672    1.472672 ^ _4163_/Q (sg13g2_dfrbpq_1)
                                                         u_uart_master_core.u_host_reset_stage.d_i (net)
                      1.952064    0.000000    1.472672 ^ _4173_/RESET_B (sg13g2_dfrbpq_1)
                                              1.472672   data arrival time

                      0.000000   10.000000   10.000000   clock core (rise edge)
                                  0.000000   10.000000   clock network delay (ideal)
                                  0.000000   10.000000   clock reconvergence pessimism
                                             10.000000 ^ _4173_/CLK (sg13g2_dfrbpq_1)
                                 -0.427711    9.572289   library recovery time
                                              9.572289   data required time
---------------------------------------------------------------------------------------------
                                              9.572289   data required time
                                             -1.472672   data arrival time
---------------------------------------------------------------------------------------------
                                              8.099617   slack (MET)

Hotspot 14: instance=_4166_ selected_worst_paths=none internal=8.64965e-06 switching=6.83543e-10 dynamic=8.65034e-06 leakage=3.97468e-09 total=8.65431e-06
Worst path through hotspot: status=met slack=8.09962 type=max group=asynchronous
startpoint=_4163_ (rising edge-triggered flip-flop clocked by core)
endpoint=_4166_ (recovery check against rising-edge clock core)
path_power_complete=true
path_average_power_sum internal=1.72987e-05 switching=1.04993e-08 dynamic=1.73092e-05 leakage=7.94886e-09 total=1.73171e-05
stage instance cell pins fanout capacitance slew delay arrival internal switching dynamic leakage total
1 _4163_ sg13g2_dfrbpq_1 CLK,Q 83 0.450023 1.95206 1.47267 1.47267 8.64903e-06 9.81578e-09 8.65884e-06 3.97418e-09 8.66282e-06
2 _4166_ sg13g2_dfrbpq_1 RESET_B - - 1.95206 0 1.47267 8.64965e-06 6.83543e-10 8.65034e-06 3.97468e-09 8.65431e-06
OpenSTA targeted timing report:
Startpoint: _4163_ (rising edge-triggered flip-flop clocked by core)
Endpoint: _4166_ (recovery check against rising-edge clock core)
Path Group: asynchronous
Path Type: max

Fanout         Cap        Slew       Delay        Time   Description
---------------------------------------------------------------------------------------------
                      0.000000    0.000000    0.000000   clock core (rise edge)
                                  0.000000    0.000000   clock network delay (ideal)
                      0.000000    0.000000    0.000000 ^ _4163_/CLK (sg13g2_dfrbpq_1)
    83    0.450023    1.952064    1.472672    1.472672 ^ _4163_/Q (sg13g2_dfrbpq_1)
                                                         u_uart_master_core.u_host_reset_stage.d_i (net)
                      1.952064    0.000000    1.472672 ^ _4166_/RESET_B (sg13g2_dfrbpq_1)
                                              1.472672   data arrival time

                      0.000000   10.000000   10.000000   clock core (rise edge)
                                  0.000000   10.000000   clock network delay (ideal)
                                  0.000000   10.000000   clock reconvergence pessimism
                                             10.000000 ^ _4166_/CLK (sg13g2_dfrbpq_1)
                                 -0.427711    9.572289   library recovery time
                                              9.572289   data required time
---------------------------------------------------------------------------------------------
                                              9.572289   data required time
                                             -1.472672   data arrival time
---------------------------------------------------------------------------------------------
                                              8.099617   slack (MET)

Hotspot 15: instance=_4175_ selected_worst_paths=none internal=8.64888e-06 switching=1.28108e-09 dynamic=8.65016e-06 leakage=3.97495e-09 total=8.65414e-06
Worst path through hotspot: status=met slack=8.09962 type=max group=asynchronous
startpoint=_4163_ (rising edge-triggered flip-flop clocked by core)
endpoint=_4175_ (recovery check against rising-edge clock core)
path_power_complete=true
path_average_power_sum internal=1.72979e-05 switching=1.10969e-08 dynamic=1.7309e-05 leakage=7.94914e-09 total=1.7317e-05
stage instance cell pins fanout capacitance slew delay arrival internal switching dynamic leakage total
1 _4163_ sg13g2_dfrbpq_1 CLK,Q 83 0.450023 1.95206 1.47267 1.47267 8.64903e-06 9.81578e-09 8.65884e-06 3.97418e-09 8.66282e-06
2 _4175_ sg13g2_dfrbpq_1 RESET_B - - 1.95206 0 1.47267 8.64888e-06 1.28108e-09 8.65016e-06 3.97495e-09 8.65414e-06
OpenSTA targeted timing report:
Startpoint: _4163_ (rising edge-triggered flip-flop clocked by core)
Endpoint: _4175_ (recovery check against rising-edge clock core)
Path Group: asynchronous
Path Type: max

Fanout         Cap        Slew       Delay        Time   Description
---------------------------------------------------------------------------------------------
                      0.000000    0.000000    0.000000   clock core (rise edge)
                                  0.000000    0.000000   clock network delay (ideal)
                      0.000000    0.000000    0.000000 ^ _4163_/CLK (sg13g2_dfrbpq_1)
    83    0.450023    1.952064    1.472672    1.472672 ^ _4163_/Q (sg13g2_dfrbpq_1)
                                                         u_uart_master_core.u_host_reset_stage.d_i (net)
                      1.952064    0.000000    1.472672 ^ _4175_/RESET_B (sg13g2_dfrbpq_1)
                                              1.472672   data arrival time

                      0.000000   10.000000   10.000000   clock core (rise edge)
                                  0.000000   10.000000   clock network delay (ideal)
                                  0.000000   10.000000   clock reconvergence pessimism
                                             10.000000 ^ _4175_/CLK (sg13g2_dfrbpq_1)
                                 -0.427711    9.572289   library recovery time
                                              9.572289   data required time
---------------------------------------------------------------------------------------------
                                              9.572289   data required time
                                             -1.472672   data arrival time
---------------------------------------------------------------------------------------------
                                              8.099617   slack (MET)

Hotspot 16: instance=_4170_ selected_worst_paths=none internal=8.64846e-06 switching=1.47988e-10 dynamic=8.64861e-06 leakage=3.97422e-09 total=8.65258e-06
Worst path through hotspot: status=met slack=8.09962 type=max group=asynchronous
startpoint=_4163_ (rising edge-triggered flip-flop clocked by core)
endpoint=_4170_ (recovery check against rising-edge clock core)
path_power_complete=true
path_average_power_sum internal=1.72975e-05 switching=9.96377e-09 dynamic=1.73075e-05 leakage=7.9484e-09 total=1.73154e-05
stage instance cell pins fanout capacitance slew delay arrival internal switching dynamic leakage total
1 _4163_ sg13g2_dfrbpq_1 CLK,Q 83 0.450023 1.95206 1.47267 1.47267 8.64903e-06 9.81578e-09 8.65884e-06 3.97418e-09 8.66282e-06
2 _4170_ sg13g2_dfrbpq_1 RESET_B - - 1.95206 0 1.47267 8.64846e-06 1.47988e-10 8.64861e-06 3.97422e-09 8.65258e-06
OpenSTA targeted timing report:
Startpoint: _4163_ (rising edge-triggered flip-flop clocked by core)
Endpoint: _4170_ (recovery check against rising-edge clock core)
Path Group: asynchronous
Path Type: max

Fanout         Cap        Slew       Delay        Time   Description
---------------------------------------------------------------------------------------------
                      0.000000    0.000000    0.000000   clock core (rise edge)
                                  0.000000    0.000000   clock network delay (ideal)
                      0.000000    0.000000    0.000000 ^ _4163_/CLK (sg13g2_dfrbpq_1)
    83    0.450023    1.952064    1.472672    1.472672 ^ _4163_/Q (sg13g2_dfrbpq_1)
                                                         u_uart_master_core.u_host_reset_stage.d_i (net)
                      1.952064    0.000000    1.472672 ^ _4170_/RESET_B (sg13g2_dfrbpq_1)
                                              1.472672   data arrival time

                      0.000000   10.000000   10.000000   clock core (rise edge)
                                  0.000000   10.000000   clock network delay (ideal)
                                  0.000000   10.000000   clock reconvergence pessimism
                                             10.000000 ^ _4170_/CLK (sg13g2_dfrbpq_1)
                                 -0.427711    9.572289   library recovery time
                                              9.572289   data required time
---------------------------------------------------------------------------------------------
                                              9.572289   data required time
                                             -1.472672   data arrival time
---------------------------------------------------------------------------------------------
                                              8.099617   slack (MET)

Hotspot 17: instance=_4174_ selected_worst_paths=none internal=8.64811e-06 switching=3.81345e-10 dynamic=8.64849e-06 leakage=3.97468e-09 total=8.65247e-06
Worst path through hotspot: status=met slack=8.09962 type=max group=asynchronous
startpoint=_4163_ (rising edge-triggered flip-flop clocked by core)
endpoint=_4174_ (recovery check against rising-edge clock core)
path_power_complete=true
path_average_power_sum internal=1.72971e-05 switching=1.01971e-08 dynamic=1.73073e-05 leakage=7.94886e-09 total=1.73153e-05
stage instance cell pins fanout capacitance slew delay arrival internal switching dynamic leakage total
1 _4163_ sg13g2_dfrbpq_1 CLK,Q 83 0.450023 1.95206 1.47267 1.47267 8.64903e-06 9.81578e-09 8.65884e-06 3.97418e-09 8.66282e-06
2 _4174_ sg13g2_dfrbpq_1 RESET_B - - 1.95206 0 1.47267 8.64811e-06 3.81345e-10 8.64849e-06 3.97468e-09 8.65247e-06
OpenSTA targeted timing report:
Startpoint: _4163_ (rising edge-triggered flip-flop clocked by core)
Endpoint: _4174_ (recovery check against rising-edge clock core)
Path Group: asynchronous
Path Type: max

Fanout         Cap        Slew       Delay        Time   Description
---------------------------------------------------------------------------------------------
                      0.000000    0.000000    0.000000   clock core (rise edge)
                                  0.000000    0.000000   clock network delay (ideal)
                      0.000000    0.000000    0.000000 ^ _4163_/CLK (sg13g2_dfrbpq_1)
    83    0.450023    1.952064    1.472672    1.472672 ^ _4163_/Q (sg13g2_dfrbpq_1)
                                                         u_uart_master_core.u_host_reset_stage.d_i (net)
                      1.952064    0.000000    1.472672 ^ _4174_/RESET_B (sg13g2_dfrbpq_1)
                                              1.472672   data arrival time

                      0.000000   10.000000   10.000000   clock core (rise edge)
                                  0.000000   10.000000   clock network delay (ideal)
                                  0.000000   10.000000   clock reconvergence pessimism
                                             10.000000 ^ _4174_/CLK (sg13g2_dfrbpq_1)
                                 -0.427711    9.572289   library recovery time
                                              9.572289   data required time
---------------------------------------------------------------------------------------------
                                              9.572289   data required time
                                             -1.472672   data arrival time
---------------------------------------------------------------------------------------------
                                              8.099617   slack (MET)

Hotspot 18: instance=_4169_ selected_worst_paths=none internal=8.64802e-06 switching=2.76388e-10 dynamic=8.6483e-06 leakage=3.97422e-09 total=8.65227e-06
Worst path through hotspot: status=met slack=8.09962 type=max group=asynchronous
startpoint=_4163_ (rising edge-triggered flip-flop clocked by core)
endpoint=_4169_ (recovery check against rising-edge clock core)
path_power_complete=true
path_average_power_sum internal=1.72971e-05 switching=1.00922e-08 dynamic=1.73071e-05 leakage=7.9484e-09 total=1.73151e-05
stage instance cell pins fanout capacitance slew delay arrival internal switching dynamic leakage total
1 _4163_ sg13g2_dfrbpq_1 CLK,Q 83 0.450023 1.95206 1.47267 1.47267 8.64903e-06 9.81578e-09 8.65884e-06 3.97418e-09 8.66282e-06
2 _4169_ sg13g2_dfrbpq_1 RESET_B - - 1.95206 0 1.47267 8.64802e-06 2.76388e-10 8.6483e-06 3.97422e-09 8.65227e-06
OpenSTA targeted timing report:
Startpoint: _4163_ (rising edge-triggered flip-flop clocked by core)
Endpoint: _4169_ (recovery check against rising-edge clock core)
Path Group: asynchronous
Path Type: max

Fanout         Cap        Slew       Delay        Time   Description
---------------------------------------------------------------------------------------------
                      0.000000    0.000000    0.000000   clock core (rise edge)
                                  0.000000    0.000000   clock network delay (ideal)
                      0.000000    0.000000    0.000000 ^ _4163_/CLK (sg13g2_dfrbpq_1)
    83    0.450023    1.952064    1.472672    1.472672 ^ _4163_/Q (sg13g2_dfrbpq_1)
                                                         u_uart_master_core.u_host_reset_stage.d_i (net)
                      1.952064    0.000000    1.472672 ^ _4169_/RESET_B (sg13g2_dfrbpq_1)
                                              1.472672   data arrival time

                      0.000000   10.000000   10.000000   clock core (rise edge)
                                  0.000000   10.000000   clock network delay (ideal)
                                  0.000000   10.000000   clock reconvergence pessimism
                                             10.000000 ^ _4169_/CLK (sg13g2_dfrbpq_1)
                                 -0.427711    9.572289   library recovery time
                                              9.572289   data required time
---------------------------------------------------------------------------------------------
                                              9.572289   data required time
                                             -1.472672   data arrival time
---------------------------------------------------------------------------------------------
                                              8.099617   slack (MET)

Hotspot 19: instance=_4167_ selected_worst_paths=none internal=8.64767e-06 switching=5.92768e-10 dynamic=8.64826e-06 leakage=3.97468e-09 total=8.65224e-06
Worst path through hotspot: status=met slack=8.09962 type=max group=asynchronous
startpoint=_4163_ (rising edge-triggered flip-flop clocked by core)
endpoint=_4167_ (recovery check against rising-edge clock core)
path_power_complete=true
path_average_power_sum internal=1.72967e-05 switching=1.04085e-08 dynamic=1.73071e-05 leakage=7.94886e-09 total=1.73151e-05
stage instance cell pins fanout capacitance slew delay arrival internal switching dynamic leakage total
1 _4163_ sg13g2_dfrbpq_1 CLK,Q 83 0.450023 1.95206 1.47267 1.47267 8.64903e-06 9.81578e-09 8.65884e-06 3.97418e-09 8.66282e-06
2 _4167_ sg13g2_dfrbpq_1 RESET_B - - 1.95206 0 1.47267 8.64767e-06 5.92768e-10 8.64826e-06 3.97468e-09 8.65224e-06
OpenSTA targeted timing report:
Startpoint: _4163_ (rising edge-triggered flip-flop clocked by core)
Endpoint: _4167_ (recovery check against rising-edge clock core)
Path Group: asynchronous
Path Type: max

Fanout         Cap        Slew       Delay        Time   Description
---------------------------------------------------------------------------------------------
                      0.000000    0.000000    0.000000   clock core (rise edge)
                                  0.000000    0.000000   clock network delay (ideal)
                      0.000000    0.000000    0.000000 ^ _4163_/CLK (sg13g2_dfrbpq_1)
    83    0.450023    1.952064    1.472672    1.472672 ^ _4163_/Q (sg13g2_dfrbpq_1)
                                                         u_uart_master_core.u_host_reset_stage.d_i (net)
                      1.952064    0.000000    1.472672 ^ _4167_/RESET_B (sg13g2_dfrbpq_1)
                                              1.472672   data arrival time

                      0.000000   10.000000   10.000000   clock core (rise edge)
                                  0.000000   10.000000   clock network delay (ideal)
                                  0.000000   10.000000   clock reconvergence pessimism
                                             10.000000 ^ _4167_/CLK (sg13g2_dfrbpq_1)
                                 -0.427711    9.572289   library recovery time
                                              9.572289   data required time
---------------------------------------------------------------------------------------------
                                              9.572289   data required time
                                             -1.472672   data arrival time
---------------------------------------------------------------------------------------------
                                              8.099617   slack (MET)

Hotspot 20: instance=_4171_ selected_worst_paths=none internal=8.64801e-06 switching=2.02886e-10 dynamic=8.64822e-06 leakage=3.97422e-09 total=8.65219e-06
Worst path through hotspot: status=met slack=8.09962 type=max group=asynchronous
startpoint=_4163_ (rising edge-triggered flip-flop clocked by core)
endpoint=_4171_ (recovery check against rising-edge clock core)
path_power_complete=true
path_average_power_sum internal=1.7297e-05 switching=1.00187e-08 dynamic=1.73071e-05 leakage=7.9484e-09 total=1.7315e-05
stage instance cell pins fanout capacitance slew delay arrival internal switching dynamic leakage total
1 _4163_ sg13g2_dfrbpq_1 CLK,Q 83 0.450023 1.95206 1.47267 1.47267 8.64903e-06 9.81578e-09 8.65884e-06 3.97418e-09 8.66282e-06
2 _4171_ sg13g2_dfrbpq_1 RESET_B - - 1.95206 0 1.47267 8.64801e-06 2.02886e-10 8.64822e-06 3.97422e-09 8.65219e-06
OpenSTA targeted timing report:
Startpoint: _4163_ (rising edge-triggered flip-flop clocked by core)
Endpoint: _4171_ (recovery check against rising-edge clock core)
Path Group: asynchronous
Path Type: max

Fanout         Cap        Slew       Delay        Time   Description
---------------------------------------------------------------------------------------------
                      0.000000    0.000000    0.000000   clock core (rise edge)
                                  0.000000    0.000000   clock network delay (ideal)
                      0.000000    0.000000    0.000000 ^ _4163_/CLK (sg13g2_dfrbpq_1)
    83    0.450023    1.952064    1.472672    1.472672 ^ _4163_/Q (sg13g2_dfrbpq_1)
                                                         u_uart_master_core.u_host_reset_stage.d_i (net)
                      1.952064    0.000000    1.472672 ^ _4171_/RESET_B (sg13g2_dfrbpq_1)
                                              1.472672   data arrival time

                      0.000000   10.000000   10.000000   clock core (rise edge)
                                  0.000000   10.000000   clock network delay (ideal)
                                  0.000000   10.000000   clock reconvergence pessimism
                                             10.000000 ^ _4171_/CLK (sg13g2_dfrbpq_1)
                                 -0.427711    9.572289   library recovery time
                                              9.572289   data required time
---------------------------------------------------------------------------------------------
                                              9.572289   data required time
                                             -1.472672   data arrival time
---------------------------------------------------------------------------------------------
                                              8.099617   slack (MET)
