analysis=fusion_analysis corner=tt mode=hold stage=post_syn
workload=auto_toggle_sv_tt
methodology=staged_public_opensta
path_power_semantics=average_instance_power_in_same_analysis_context
activity_file=/tmp/flexsoc-repack/gpio/runs/gpio/dev/signoff/sky130/power/activity/captures/gpio_sky130_auto_toggle_sv_tt.vcd
activity_scope=gpio_tb/u_gpio
liberty=/home/eneadim/github/flexsoc/.flexsoc/pdks/ciel/sky130/versions/f6eeac7dad085ffcc829ccfd721f7b4ce39edcf7/sky130A/libs.ref/sky130_fd_sc_hd/lib/sky130_fd_sc_hd__tt_100C_1v80.lib
netlist=/tmp/flexsoc-repack/gpio/runs/gpio/dev/syn/sky130/gpio_synth.v
sdc=/tmp/flexsoc-repack/gpio/runs/gpio/dev/constraints/gpio.sdc
spef=

=== Units ===
 time 1ns
 capacitance 1pF
 resistance 1kohm
 voltage 1v
 current 1mA
 power 1nW
 distance 1um

=== Constraint validation ===

=== Timing summary ===
wns min -0.29
tns min -0.59

=== Power summary ===
Group                  Internal  Switching    Leakage      Total
                          Power      Power      Power      Power (Watts)
----------------------------------------------------------------
Sequential             4.31e-04   8.21e-06   3.73e-07   4.39e-04  90.5%
Combinational          2.14e-05   2.45e-05   3.59e-07   4.62e-05   9.5%
Clock                  0.00e+00   0.00e+00   0.00e+00   0.00e+00   0.0%
Macro                  0.00e+00   0.00e+00   0.00e+00   0.00e+00   0.0%
Pad                    0.00e+00   0.00e+00   0.00e+00   0.00e+00   0.0%
----------------------------------------------------------------
Total                  4.52e-04   3.27e-05   7.32e-07   4.86e-04 100.0%
                          93.1%       6.7%       0.2%

=== Worst timing paths (violated or met) ===
Startpoint: rst_ni (input port clocked by core)
Endpoint: _631_ (removal check against rising-edge clock core)
Path Group: asynchronous
Path Type: min

Fanout         Cap        Slew       Delay        Time   Description
---------------------------------------------------------------------------------------------
                      0.000000    0.000000    0.000000   clock core (rise edge)
                                  0.000000    0.000000   clock network delay (ideal)
                                  0.000000    0.000000 ^ input external delay
     2    0.007228    0.000723    0.000723    0.000723 ^ rst_ni (in)
                                                         rst_ni (net)
                      0.000723    0.000000    0.000723 ^ _631_/RESET_B (sky130_fd_sc_hd__dfrtp_1)
                                              0.000723   data arrival time

                      0.000000    0.000000    0.000000   clock core (rise edge)
                                  0.000000    0.000000   clock network delay (ideal)
                                  0.000000    0.000000   clock reconvergence pessimism
                                              0.000000 ^ _631_/CLK (sky130_fd_sc_hd__dfrtp_1)
                                  0.295017    0.295017   library removal time
                                              0.295017   data required time
---------------------------------------------------------------------------------------------
                                              0.295017   data required time
                                             -0.000723   data arrival time
---------------------------------------------------------------------------------------------
                                             -0.294294   slack (VIOLATED)


Startpoint: rst_ni (input port clocked by core)
Endpoint: _632_ (removal check against rising-edge clock core)
Path Group: asynchronous
Path Type: min

Fanout         Cap        Slew       Delay        Time   Description
---------------------------------------------------------------------------------------------
                      0.000000    0.000000    0.000000   clock core (rise edge)
                                  0.000000    0.000000   clock network delay (ideal)
                                  0.000000    0.000000 ^ input external delay
     2    0.007228    0.000723    0.000723    0.000723 ^ rst_ni (in)
                                                         rst_ni (net)
                      0.000723    0.000000    0.000723 ^ _632_/RESET_B (sky130_fd_sc_hd__dfrtp_1)
                                              0.000723   data arrival time

                      0.000000    0.000000    0.000000   clock core (rise edge)
                                  0.000000    0.000000   clock network delay (ideal)
                                  0.000000    0.000000   clock reconvergence pessimism
                                              0.000000 ^ _632_/CLK (sky130_fd_sc_hd__dfrtp_1)
                                  0.295017    0.295017   library removal time
                                              0.295017   data required time
---------------------------------------------------------------------------------------------
                                              0.295017   data required time
                                             -0.000723   data arrival time
---------------------------------------------------------------------------------------------
                                             -0.294294   slack (VIOLATED)


Startpoint: cio_gpio_i[0] (input port clocked by core)
Endpoint: _637_ (rising edge-triggered flip-flop clocked by core)
Path Group: core
Path Type: min

Fanout         Cap        Slew       Delay        Time   Description
---------------------------------------------------------------------------------------------
                      0.000000    0.000000    0.000000   clock core (rise edge)
                                  0.000000    0.000000   clock network delay (ideal)
                                  0.000000    0.000000 v input external delay
     1    0.001991    0.000199    0.000199    0.000199 v cio_gpio_i[0] (in)
                                                         cio_gpio_i[0] (net)
                      0.000199    0.000000    0.000199 v _637_/D (sky130_fd_sc_hd__dfrtp_1)
                                              0.000199   data arrival time

                      0.000000    0.000000    0.000000   clock core (rise edge)
                                  0.000000    0.000000   clock network delay (ideal)
                                  0.000000    0.000000   clock reconvergence pessimism
                                              0.000000 ^ _637_/CLK (sky130_fd_sc_hd__dfrtp_1)
                                 -0.032026   -0.032026   library hold time
                                             -0.032026   data required time
---------------------------------------------------------------------------------------------
                                             -0.032026   data required time
                                             -0.000199   data arrival time
---------------------------------------------------------------------------------------------
                                              0.032225   slack (MET)


Startpoint: cio_gpio_i[1] (input port clocked by core)
Endpoint: _644_ (rising edge-triggered flip-flop clocked by core)
Path Group: core
Path Type: min

Fanout         Cap        Slew       Delay        Time   Description
---------------------------------------------------------------------------------------------
                      0.000000    0.000000    0.000000   clock core (rise edge)
                                  0.000000    0.000000   clock network delay (ideal)
                                  0.000000    0.000000 v input external delay
     1    0.001991    0.000199    0.000199    0.000199 v cio_gpio_i[1] (in)
                                                         cio_gpio_i[1] (net)
                      0.000199    0.000000    0.000199 v _644_/D (sky130_fd_sc_hd__dfrtp_1)
                                              0.000199   data arrival time

                      0.000000    0.000000    0.000000   clock core (rise edge)
                                  0.000000    0.000000   clock network delay (ideal)
                                  0.000000    0.000000   clock reconvergence pessimism
                                              0.000000 ^ _644_/CLK (sky130_fd_sc_hd__dfrtp_1)
                                 -0.032026   -0.032026   library hold time
                                             -0.032026   data required time
---------------------------------------------------------------------------------------------
                                             -0.032026   data required time
                                             -0.000199   data arrival time
---------------------------------------------------------------------------------------------
                                              0.032225   slack (MET)


Startpoint: cio_gpio_i[2] (input port clocked by core)
Endpoint: _651_ (rising edge-triggered flip-flop clocked by core)
Path Group: core
Path Type: min

Fanout         Cap        Slew       Delay        Time   Description
---------------------------------------------------------------------------------------------
                      0.000000    0.000000    0.000000   clock core (rise edge)
                                  0.000000    0.000000   clock network delay (ideal)
                                  0.000000    0.000000 v input external delay
     1    0.001991    0.000199    0.000199    0.000199 v cio_gpio_i[2] (in)
                                                         cio_gpio_i[2] (net)
                      0.000199    0.000000    0.000199 v _651_/D (sky130_fd_sc_hd__dfrtp_1)
                                              0.000199   data arrival time

                      0.000000    0.000000    0.000000   clock core (rise edge)
                                  0.000000    0.000000   clock network delay (ideal)
                                  0.000000    0.000000   clock reconvergence pessimism
                                              0.000000 ^ _651_/CLK (sky130_fd_sc_hd__dfrtp_1)
                                 -0.032026   -0.032026   library hold time
                                             -0.032026   data required time
---------------------------------------------------------------------------------------------
                                             -0.032026   data required time
                                             -0.000199   data arrival time
---------------------------------------------------------------------------------------------
                                              0.032225   slack (MET)


Startpoint: cio_gpio_i[3] (input port clocked by core)
Endpoint: _658_ (rising edge-triggered flip-flop clocked by core)
Path Group: core
Path Type: min

Fanout         Cap        Slew       Delay        Time   Description
---------------------------------------------------------------------------------------------
                      0.000000    0.000000    0.000000   clock core (rise edge)
                                  0.000000    0.000000   clock network delay (ideal)
                                  0.000000    0.000000 v input external delay
     1    0.001991    0.000199    0.000199    0.000199 v cio_gpio_i[3] (in)
                                                         cio_gpio_i[3] (net)
                      0.000199    0.000000    0.000199 v _658_/D (sky130_fd_sc_hd__dfrtp_1)
                                              0.000199   data arrival time

                      0.000000    0.000000    0.000000   clock core (rise edge)
                                  0.000000    0.000000   clock network delay (ideal)
                                  0.000000    0.000000   clock reconvergence pessimism
                                              0.000000 ^ _658_/CLK (sky130_fd_sc_hd__dfrtp_1)
                                 -0.032026   -0.032026   library hold time
                                             -0.032026   data required time
---------------------------------------------------------------------------------------------
                                             -0.032026   data required time
                                             -0.000199   data arrival time
---------------------------------------------------------------------------------------------
                                              0.032225   slack (MET)


Startpoint: tl_i[0] (input port clocked by core)
Endpoint: _620_ (rising edge-triggered flip-flop clocked by core)
Path Group: core
Path Type: min

Fanout         Cap        Slew       Delay        Time   Description
---------------------------------------------------------------------------------------------
                      0.000000    0.000000    0.000000   clock core (rise edge)
                                  0.000000    0.000000   clock network delay (ideal)
                                  0.000000    0.000000 ^ input external delay
     1    0.001850    0.000185    0.000185    0.000185 ^ tl_i[0] (in)
                                                         tl_i[0] (net)
                      0.000185    0.000000    0.000185 ^ _553_/A2 (sky130_fd_sc_hd__o21ai_0)
     1    0.001991    0.043496    0.050525    0.050710 v _553_/Y (sky130_fd_sc_hd__o21ai_0)
                                                         _060_ (net)
                      0.043496    0.000000    0.050710 v _620_/D (sky130_fd_sc_hd__dfrtp_1)
                                              0.050710   data arrival time

                      0.000000    0.000000    0.000000   clock core (rise edge)
                                  0.000000    0.000000   clock network delay (ideal)
                                  0.000000    0.000000   clock reconvergence pessimism
                                              0.000000 ^ _620_/CLK (sky130_fd_sc_hd__dfrtp_1)
                                 -0.047508   -0.047508   library hold time
                                             -0.047508   data required time
---------------------------------------------------------------------------------------------
                                             -0.047508   data required time
                                             -0.050710   data arrival time
---------------------------------------------------------------------------------------------
                                              0.098217   slack (MET)


Startpoint: tl_i[100] (input port clocked by core)
Endpoint: _610_ (rising edge-triggered flip-flop clocked by core)
Path Group: core
Path Type: min

Fanout         Cap        Slew       Delay        Time   Description
---------------------------------------------------------------------------------------------
                      0.000000    0.000000    0.000000   clock core (rise edge)
                                  0.000000    0.000000   clock network delay (ideal)
                                  0.000000    0.000000 ^ input external delay
     1    0.002490    0.000249    0.000249    0.000249 ^ tl_i[100] (in)
                                                         tl_i[100] (net)
                      0.000249    0.000000    0.000249 ^ _406_/B (sky130_fd_sc_hd__nand2_1)
     1    0.002323    0.031644    0.036768    0.037017 v _406_/Y (sky130_fd_sc_hd__nand2_1)
                                                         _165_ (net)
                      0.031644    0.000000    0.037017 v _408_/A (sky130_fd_sc_hd__nand2_1)
     1    0.002026    0.030800    0.040137    0.077154 ^ _408_/Y (sky130_fd_sc_hd__nand2_1)
                                                         _013_ (net)
                      0.030800    0.000000    0.077154 ^ _610_/D (sky130_fd_sc_hd__dfrtp_1)
                                              0.077154   data arrival time

                      0.000000    0.000000    0.000000   clock core (rise edge)
                                  0.000000    0.000000   clock network delay (ideal)
                                  0.000000    0.000000   clock reconvergence pessimism
                                              0.000000 ^ _610_/CLK (sky130_fd_sc_hd__dfrtp_1)
                                 -0.039926   -0.039926   library hold time
                                             -0.039926   data required time
---------------------------------------------------------------------------------------------
                                             -0.039926   data required time
                                             -0.077154   data arrival time
---------------------------------------------------------------------------------------------
                                              0.117079   slack (MET)


Startpoint: tl_i[101] (input port clocked by core)
Endpoint: _611_ (rising edge-triggered flip-flop clocked by core)
Path Group: core
Path Type: min

Fanout         Cap        Slew       Delay        Time   Description
---------------------------------------------------------------------------------------------
                      0.000000    0.000000    0.000000   clock core (rise edge)
                                  0.000000    0.000000   clock network delay (ideal)
                                  0.000000    0.000000 ^ input external delay
     1    0.002490    0.000249    0.000249    0.000249 ^ tl_i[101] (in)
                                                         tl_i[101] (net)
                      0.000249    0.000000    0.000249 ^ _547_/B (sky130_fd_sc_hd__nand2_1)
     1    0.002323    0.031644    0.036768    0.037017 v _547_/Y (sky130_fd_sc_hd__nand2_1)
                                                         _259_ (net)
                      0.031644    0.000000    0.037017 v _549_/A (sky130_fd_sc_hd__nand2_1)
     1    0.002026    0.030800    0.040137    0.077154 ^ _549_/Y (sky130_fd_sc_hd__nand2_1)
                                                         _058_ (net)
                      0.030800    0.000000    0.077154 ^ _611_/D (sky130_fd_sc_hd__dfrtp_1)
                                              0.077154   data arrival time

                      0.000000    0.000000    0.000000   clock core (rise edge)
                                  0.000000    0.000000   clock network delay (ideal)
                                  0.000000    0.000000   clock reconvergence pessimism
                                              0.000000 ^ _611_/CLK (sky130_fd_sc_hd__dfrtp_1)
                                 -0.039926   -0.039926   library hold time
                                             -0.039926   data required time
---------------------------------------------------------------------------------------------
                                             -0.039926   data required time
                                             -0.077154   data arrival time
---------------------------------------------------------------------------------------------
                                              0.117079   slack (MET)


Startpoint: tl_i[92] (input port clocked by core)
Endpoint: _612_ (rising edge-triggered flip-flop clocked by core)
Path Group: core
Path Type: min

Fanout         Cap        Slew       Delay        Time   Description
---------------------------------------------------------------------------------------------
                      0.000000    0.000000    0.000000   clock core (rise edge)
                                  0.000000    0.000000   clock network delay (ideal)
                                  0.000000    0.000000 ^ input external delay
     1    0.002490    0.000249    0.000249    0.000249 ^ tl_i[92] (in)
                                                         tl_i[92] (net)
                      0.000249    0.000000    0.000249 ^ _403_/B (sky130_fd_sc_hd__nand2_1)
     1    0.002323    0.031644    0.036768    0.037017 v _403_/Y (sky130_fd_sc_hd__nand2_1)
                                                         _163_ (net)
                      0.031644    0.000000    0.037017 v _405_/A (sky130_fd_sc_hd__nand2_1)
     1    0.002026    0.030800    0.040137    0.077154 ^ _405_/Y (sky130_fd_sc_hd__nand2_1)
                                                         _012_ (net)
                      0.030800    0.000000    0.077154 ^ _612_/D (sky130_fd_sc_hd__dfrtp_1)
                                              0.077154   data arrival time

                      0.000000    0.000000    0.000000   clock core (rise edge)
                                  0.000000    0.000000   clock network delay (ideal)
                                  0.000000    0.000000   clock reconvergence pessimism
                                              0.000000 ^ _612_/CLK (sky130_fd_sc_hd__dfrtp_1)
                                 -0.039926   -0.039926   library hold time
                                             -0.039926   data required time
---------------------------------------------------------------------------------------------
                                             -0.039926   data required time
                                             -0.077154   data arrival time
---------------------------------------------------------------------------------------------
                                              0.117079   slack (MET)


Startpoint: tl_i[93] (input port clocked by core)
Endpoint: _613_ (rising edge-triggered flip-flop clocked by core)
Path Group: core
Path Type: min

Fanout         Cap        Slew       Delay        Time   Description
---------------------------------------------------------------------------------------------
                      0.000000    0.000000    0.000000   clock core (rise edge)
                                  0.000000    0.000000   clock network delay (ideal)
                                  0.000000    0.000000 ^ input external delay
     1    0.002490    0.000249    0.000249    0.000249 ^ tl_i[93] (in)
                                                         tl_i[93] (net)
                      0.000249    0.000000    0.000249 ^ _400_/B (sky130_fd_sc_hd__nand2_1)
     1    0.002323    0.031644    0.036768    0.037017 v _400_/Y (sky130_fd_sc_hd__nand2_1)
                                                         _161_ (net)
                      0.031644    0.000000    0.037017 v _402_/A (sky130_fd_sc_hd__nand2_1)
     1    0.002026    0.030800    0.040137    0.077154 ^ _402_/Y (sky130_fd_sc_hd__nand2_1)
                                                         _011_ (net)
                      0.030800    0.000000    0.077154 ^ _613_/D (sky130_fd_sc_hd__dfrtp_1)
                                              0.077154   data arrival time

                      0.000000    0.000000    0.000000   clock core (rise edge)
                                  0.000000    0.000000   clock network delay (ideal)
                                  0.000000    0.000000   clock reconvergence pessimism
                                              0.000000 ^ _613_/CLK (sky130_fd_sc_hd__dfrtp_1)
                                 -0.039926   -0.039926   library hold time
                                             -0.039926   data required time
---------------------------------------------------------------------------------------------
                                             -0.039926   data required time
                                             -0.077154   data arrival time
---------------------------------------------------------------------------------------------
                                              0.117079   slack (MET)


Startpoint: tl_i[94] (input port clocked by core)
Endpoint: _614_ (rising edge-triggered flip-flop clocked by core)
Path Group: core
Path Type: min

Fanout         Cap        Slew       Delay        Time   Description
---------------------------------------------------------------------------------------------
                      0.000000    0.000000    0.000000   clock core (rise edge)
                                  0.000000    0.000000   clock network delay (ideal)
                                  0.000000    0.000000 ^ input external delay
     1    0.002490    0.000249    0.000249    0.000249 ^ tl_i[94] (in)
                                                         tl_i[94] (net)
                      0.000249    0.000000    0.000249 ^ _397_/B (sky130_fd_sc_hd__nand2_1)
     1    0.002323    0.031644    0.036768    0.037017 v _397_/Y (sky130_fd_sc_hd__nand2_1)
                                                         _159_ (net)
                      0.031644    0.000000    0.037017 v _399_/A (sky130_fd_sc_hd__nand2_1)
     1    0.002026    0.030800    0.040137    0.077154 ^ _399_/Y (sky130_fd_sc_hd__nand2_1)
                                                         _010_ (net)
                      0.030800    0.000000    0.077154 ^ _614_/D (sky130_fd_sc_hd__dfrtp_1)
                                              0.077154   data arrival time

                      0.000000    0.000000    0.000000   clock core (rise edge)
                                  0.000000    0.000000   clock network delay (ideal)
                                  0.000000    0.000000   clock reconvergence pessimism
                                              0.000000 ^ _614_/CLK (sky130_fd_sc_hd__dfrtp_1)
                                 -0.039926   -0.039926   library hold time
                                             -0.039926   data required time
---------------------------------------------------------------------------------------------
                                             -0.039926   data required time
                                             -0.077154   data arrival time
---------------------------------------------------------------------------------------------
                                              0.117079   slack (MET)


Startpoint: _632_ (rising edge-triggered flip-flop clocked by core)
Endpoint: _565_ (removal check against rising-edge clock core)
Path Group: asynchronous
Path Type: min

Fanout         Cap        Slew       Delay        Time   Description
---------------------------------------------------------------------------------------------
                      0.000000    0.000000    0.000000   clock core (rise edge)
                                  0.000000    0.000000   clock network delay (ideal)
                      0.000000    0.000000    0.000000 ^ _632_/CLK (sky130_fd_sc_hd__dfrtp_1)
    98    0.354172    2.893821    2.261437    2.261437 ^ _632_/Q (sky130_fd_sc_hd__dfrtp_1)
                                                         core_rst_sync_ni (net)
                      2.893821    0.000000    2.261437 ^ _565_/RESET_B (sky130_fd_sc_hd__dfrtp_1)
                                              2.261437   data arrival time

                      0.000000    0.000000    0.000000   clock core (rise edge)
                                  0.000000    0.000000   clock network delay (ideal)
                                  0.000000    0.000000   clock reconvergence pessimism
                                              0.000000 ^ _565_/CLK (sky130_fd_sc_hd__dfrtp_1)
                                  0.940355    0.940355   library removal time
                                              0.940355   data required time
---------------------------------------------------------------------------------------------
                                              0.940355   data required time
                                             -2.261437   data arrival time
---------------------------------------------------------------------------------------------
                                              1.321083   slack (MET)


Startpoint: _632_ (rising edge-triggered flip-flop clocked by core)
Endpoint: _566_ (removal check against rising-edge clock core)
Path Group: asynchronous
Path Type: min

Fanout         Cap        Slew       Delay        Time   Description
---------------------------------------------------------------------------------------------
                      0.000000    0.000000    0.000000   clock core (rise edge)
                                  0.000000    0.000000   clock network delay (ideal)
                      0.000000    0.000000    0.000000 ^ _632_/CLK (sky130_fd_sc_hd__dfrtp_1)
    98    0.354172    2.893821    2.261437    2.261437 ^ _632_/Q (sky130_fd_sc_hd__dfrtp_1)
                                                         core_rst_sync_ni (net)
                      2.893821    0.000000    2.261437 ^ _566_/RESET_B (sky130_fd_sc_hd__dfrtp_1)
                                              2.261437   data arrival time

                      0.000000    0.000000    0.000000   clock core (rise edge)
                                  0.000000    0.000000   clock network delay (ideal)
                                  0.000000    0.000000   clock reconvergence pessimism
                                              0.000000 ^ _566_/CLK (sky130_fd_sc_hd__dfrtp_1)
                                  0.940355    0.940355   library removal time
                                              0.940355   data required time
---------------------------------------------------------------------------------------------
                                              0.940355   data required time
                                             -2.261437   data arrival time
---------------------------------------------------------------------------------------------
                                              1.321083   slack (MET)


Startpoint: _632_ (rising edge-triggered flip-flop clocked by core)
Endpoint: _567_ (removal check against rising-edge clock core)
Path Group: asynchronous
Path Type: min

Fanout         Cap        Slew       Delay        Time   Description
---------------------------------------------------------------------------------------------
                      0.000000    0.000000    0.000000   clock core (rise edge)
                                  0.000000    0.000000   clock network delay (ideal)
                      0.000000    0.000000    0.000000 ^ _632_/CLK (sky130_fd_sc_hd__dfrtp_1)
    98    0.354172    2.893821    2.261437    2.261437 ^ _632_/Q (sky130_fd_sc_hd__dfrtp_1)
                                                         core_rst_sync_ni (net)
                      2.893821    0.000000    2.261437 ^ _567_/RESET_B (sky130_fd_sc_hd__dfrtp_1)
                                              2.261437   data arrival time

                      0.000000    0.000000    0.000000   clock core (rise edge)
                                  0.000000    0.000000   clock network delay (ideal)
                                  0.000000    0.000000   clock reconvergence pessimism
                                              0.000000 ^ _567_/CLK (sky130_fd_sc_hd__dfrtp_1)
                                  0.940355    0.940355   library removal time
                                              0.940355   data required time
---------------------------------------------------------------------------------------------
                                              0.940355   data required time
                                             -2.261437   data arrival time
---------------------------------------------------------------------------------------------
                                              1.321083   slack (MET)


Startpoint: _632_ (rising edge-triggered flip-flop clocked by core)
Endpoint: _568_ (removal check against rising-edge clock core)
Path Group: asynchronous
Path Type: min

Fanout         Cap        Slew       Delay        Time   Description
---------------------------------------------------------------------------------------------
                      0.000000    0.000000    0.000000   clock core (rise edge)
                                  0.000000    0.000000   clock network delay (ideal)
                      0.000000    0.000000    0.000000 ^ _632_/CLK (sky130_fd_sc_hd__dfrtp_1)
    98    0.354172    2.893821    2.261437    2.261437 ^ _632_/Q (sky130_fd_sc_hd__dfrtp_1)
                                                         core_rst_sync_ni (net)
                      2.893821    0.000000    2.261437 ^ _568_/RESET_B (sky130_fd_sc_hd__dfrtp_1)
                                              2.261437   data arrival time

                      0.000000    0.000000    0.000000   clock core (rise edge)
                                  0.000000    0.000000   clock network delay (ideal)
                                  0.000000    0.000000   clock reconvergence pessimism
                                              0.000000 ^ _568_/CLK (sky130_fd_sc_hd__dfrtp_1)
                                  0.940355    0.940355   library removal time
                                              0.940355   data required time
---------------------------------------------------------------------------------------------
                                              0.940355   data required time
                                             -2.261437   data arrival time
---------------------------------------------------------------------------------------------
                                              1.321083   slack (MET)


Startpoint: _632_ (rising edge-triggered flip-flop clocked by core)
Endpoint: _569_ (removal check against rising-edge clock core)
Path Group: asynchronous
Path Type: min

Fanout         Cap        Slew       Delay        Time   Description
---------------------------------------------------------------------------------------------
                      0.000000    0.000000    0.000000   clock core (rise edge)
                                  0.000000    0.000000   clock network delay (ideal)
                      0.000000    0.000000    0.000000 ^ _632_/CLK (sky130_fd_sc_hd__dfrtp_1)
    98    0.354172    2.893821    2.261437    2.261437 ^ _632_/Q (sky130_fd_sc_hd__dfrtp_1)
                                                         core_rst_sync_ni (net)
                      2.893821    0.000000    2.261437 ^ _569_/RESET_B (sky130_fd_sc_hd__dfrtp_1)
                                              2.261437   data arrival time

                      0.000000    0.000000    0.000000   clock core (rise edge)
                                  0.000000    0.000000   clock network delay (ideal)
                                  0.000000    0.000000   clock reconvergence pessimism
                                              0.000000 ^ _569_/CLK (sky130_fd_sc_hd__dfrtp_1)
                                  0.940355    0.940355   library removal time
                                              0.940355   data required time
---------------------------------------------------------------------------------------------
                                              0.940355   data required time
                                             -2.261437   data arrival time
---------------------------------------------------------------------------------------------
                                              1.321083   slack (MET)


Startpoint: _632_ (rising edge-triggered flip-flop clocked by core)
Endpoint: _570_ (removal check against rising-edge clock core)
Path Group: asynchronous
Path Type: min

Fanout         Cap        Slew       Delay        Time   Description
---------------------------------------------------------------------------------------------
                      0.000000    0.000000    0.000000   clock core (rise edge)
                                  0.000000    0.000000   clock network delay (ideal)
                      0.000000    0.000000    0.000000 ^ _632_/CLK (sky130_fd_sc_hd__dfrtp_1)
    98    0.354172    2.893821    2.261437    2.261437 ^ _632_/Q (sky130_fd_sc_hd__dfrtp_1)
                                                         core_rst_sync_ni (net)
                      2.893821    0.000000    2.261437 ^ _570_/RESET_B (sky130_fd_sc_hd__dfrtp_1)
                                              2.261437   data arrival time

                      0.000000    0.000000    0.000000   clock core (rise edge)
                                  0.000000    0.000000   clock network delay (ideal)
                                  0.000000    0.000000   clock reconvergence pessimism
                                              0.000000 ^ _570_/CLK (sky130_fd_sc_hd__dfrtp_1)
                                  0.940355    0.940355   library removal time
                                              0.940355   data required time
---------------------------------------------------------------------------------------------
                                              0.940355   data required time
                                             -2.261437   data arrival time
---------------------------------------------------------------------------------------------
                                              1.321083   slack (MET)


Startpoint: _632_ (rising edge-triggered flip-flop clocked by core)
Endpoint: _571_ (removal check against rising-edge clock core)
Path Group: asynchronous
Path Type: min

Fanout         Cap        Slew       Delay        Time   Description
---------------------------------------------------------------------------------------------
                      0.000000    0.000000    0.000000   clock core (rise edge)
                                  0.000000    0.000000   clock network delay (ideal)
                      0.000000    0.000000    0.000000 ^ _632_/CLK (sky130_fd_sc_hd__dfrtp_1)
    98    0.354172    2.893821    2.261437    2.261437 ^ _632_/Q (sky130_fd_sc_hd__dfrtp_1)
                                                         core_rst_sync_ni (net)
                      2.893821    0.000000    2.261437 ^ _571_/RESET_B (sky130_fd_sc_hd__dfrtp_1)
                                              2.261437   data arrival time

                      0.000000    0.000000    0.000000   clock core (rise edge)
                                  0.000000    0.000000   clock network delay (ideal)
                                  0.000000    0.000000   clock reconvergence pessimism
                                              0.000000 ^ _571_/CLK (sky130_fd_sc_hd__dfrtp_1)
                                  0.940355    0.940355   library removal time
                                              0.940355   data required time
---------------------------------------------------------------------------------------------
                                              0.940355   data required time
                                             -2.261437   data arrival time
---------------------------------------------------------------------------------------------
                                              1.321083   slack (MET)


Startpoint: _632_ (rising edge-triggered flip-flop clocked by core)
Endpoint: _572_ (removal check against rising-edge clock core)
Path Group: asynchronous
Path Type: min

Fanout         Cap        Slew       Delay        Time   Description
---------------------------------------------------------------------------------------------
                      0.000000    0.000000    0.000000   clock core (rise edge)
                                  0.000000    0.000000   clock network delay (ideal)
                      0.000000    0.000000    0.000000 ^ _632_/CLK (sky130_fd_sc_hd__dfrtp_1)
    98    0.354172    2.893821    2.261437    2.261437 ^ _632_/Q (sky130_fd_sc_hd__dfrtp_1)
                                                         core_rst_sync_ni (net)
                      2.893821    0.000000    2.261437 ^ _572_/RESET_B (sky130_fd_sc_hd__dfrtp_1)
                                              2.261437   data arrival time

                      0.000000    0.000000    0.000000   clock core (rise edge)
                                  0.000000    0.000000   clock network delay (ideal)
                                  0.000000    0.000000   clock reconvergence pessimism
                                              0.000000 ^ _572_/CLK (sky130_fd_sc_hd__dfrtp_1)
                                  0.940355    0.940355   library removal time
                                              0.940355   data required time
---------------------------------------------------------------------------------------------
                                              0.940355   data required time
                                             -2.261437   data arrival time
---------------------------------------------------------------------------------------------
                                              1.321083   slack (MET)

=== FlexSoC normalized power fields ===
dynamic_power_definition=internal_power+switching_power
power_unit=OpenSTA report unit; see Units section
internal_power=0.000452
switching_power=3.27e-05
dynamic_power=0.00048469999999999996
leakage_power=7.32e-07
total_power=0.000486

=== Gate-level timing/power fusion ===
power_semantics=average_instance_power_from_the_same_VCD_SAIF_context
path_power_sum=unique_instance_average_power_sum_not_incremental_path_energy
fanout_capacitance_source=OpenSTA_report_checks_output_pin_fields

Worst path 1: status=violated slack=-0.294294 type=min group=asynchronous
startpoint=rst_ni (input port clocked by core)
endpoint=_631_ (removal check against rising-edge clock core)
path_power_complete=true
path_average_power_sum internal=4.28551e-06 switching=1.89062e-08 dynamic=4.30442e-06 leakage=2.84169e-09 total=4.30726e-06
stage instance cell pins fanout capacitance slew delay arrival internal switching dynamic leakage total
1 _631_ sky130_fd_sc_hd__dfrtp_1 RESET_B - - 0.000723 0 0.000723 4.28551e-06 1.89062e-08 4.30442e-06 2.84169e-09 4.30726e-06

Worst path 2: status=violated slack=-0.294294 type=min group=asynchronous
startpoint=rst_ni (input port clocked by core)
endpoint=_632_ (removal check against rising-edge clock core)
path_power_complete=true
path_average_power_sum internal=4.26139e-06 switching=3.30506e-06 dynamic=7.56645e-06 leakage=2.9264e-09 total=7.56937e-06
stage instance cell pins fanout capacitance slew delay arrival internal switching dynamic leakage total
1 _632_ sky130_fd_sc_hd__dfrtp_1 RESET_B - - 0.000723 0 0.000723 4.26139e-06 3.30506e-06 7.56645e-06 2.9264e-09 7.56937e-06

Worst path 3: status=met slack=0.032225 type=min group=core
startpoint=cio_gpio_i[0] (input port clocked by core)
endpoint=_637_ (rising edge-triggered flip-flop clocked by core)
path_power_complete=true
path_average_power_sum internal=4.27739e-06 switching=1.5125e-08 dynamic=4.29251e-06 leakage=3.92369e-09 total=4.29644e-06
stage instance cell pins fanout capacitance slew delay arrival internal switching dynamic leakage total
1 _637_ sky130_fd_sc_hd__dfrtp_1 D - - 0.000199 0 0.000199 4.27739e-06 1.5125e-08 4.29251e-06 3.92369e-09 4.29644e-06

Worst path 4: status=met slack=0.032225 type=min group=core
startpoint=cio_gpio_i[1] (input port clocked by core)
endpoint=_644_ (rising edge-triggered flip-flop clocked by core)
path_power_complete=true
path_average_power_sum internal=4.27739e-06 switching=1.5125e-08 dynamic=4.29251e-06 leakage=3.92369e-09 total=4.29644e-06
stage instance cell pins fanout capacitance slew delay arrival internal switching dynamic leakage total
1 _644_ sky130_fd_sc_hd__dfrtp_1 D - - 0.000199 0 0.000199 4.27739e-06 1.5125e-08 4.29251e-06 3.92369e-09 4.29644e-06

Worst path 5: status=met slack=0.032225 type=min group=core
startpoint=cio_gpio_i[2] (input port clocked by core)
endpoint=_651_ (rising edge-triggered flip-flop clocked by core)
path_power_complete=true
path_average_power_sum internal=4.27739e-06 switching=1.5125e-08 dynamic=4.29251e-06 leakage=3.92369e-09 total=4.29644e-06
stage instance cell pins fanout capacitance slew delay arrival internal switching dynamic leakage total
1 _651_ sky130_fd_sc_hd__dfrtp_1 D - - 0.000199 0 0.000199 4.27739e-06 1.5125e-08 4.29251e-06 3.92369e-09 4.29644e-06

Worst path 6: status=met slack=0.032225 type=min group=core
startpoint=cio_gpio_i[3] (input port clocked by core)
endpoint=_658_ (rising edge-triggered flip-flop clocked by core)
path_power_complete=true
path_average_power_sum internal=4.27739e-06 switching=1.5125e-08 dynamic=4.29251e-06 leakage=3.92369e-09 total=4.29644e-06
stage instance cell pins fanout capacitance slew delay arrival internal switching dynamic leakage total
1 _658_ sky130_fd_sc_hd__dfrtp_1 D - - 0.000199 0 0.000199 4.27739e-06 1.5125e-08 4.29251e-06 3.92369e-09 4.29644e-06

Worst path 7: status=met slack=0.098217 type=min group=core
startpoint=tl_i[0] (input port clocked by core)
endpoint=_620_ (rising edge-triggered flip-flop clocked by core)
path_power_complete=true
path_average_power_sum internal=4.41872e-06 switching=4.03651e-07 dynamic=4.82237e-06 leakage=4.68737e-09 total=4.82705e-06
stage instance cell pins fanout capacitance slew delay arrival internal switching dynamic leakage total
1 _553_ sky130_fd_sc_hd__o21ai_0 A2,Y 1 0.001991 0.043496 0.050525 0.05071 3.83856e-08 3.21406e-08 7.05261e-08 7.32318e-10 7.12585e-08
2 _620_ sky130_fd_sc_hd__dfrtp_1 D - - 0.043496 0 0.05071 4.38033e-06 3.7151e-07 4.75184e-06 3.95505e-09 4.7558e-06

Worst path 8: status=met slack=0.117079 type=min group=core
startpoint=tl_i[100] (input port clocked by core)
endpoint=_610_ (rising edge-triggered flip-flop clocked by core)
path_power_complete=true
path_average_power_sum internal=4.18817e-06 switching=4.14798e-09 dynamic=4.19232e-06 leakage=6.47253e-09 total=4.19879e-06
stage instance cell pins fanout capacitance slew delay arrival internal switching dynamic leakage total
1 _406_ sky130_fd_sc_hd__nand2_1 B,Y 1 0.002323 0.031644 0.036768 0.037017 4.63481e-09 2.25736e-09 6.89217e-09 6.5106e-12 6.89868e-09
2 _408_ sky130_fd_sc_hd__nand2_1 A,Y 1 0.002026 0.0308 0.040137 0.077154 2.38615e-09 1.89062e-09 4.27677e-09 2.47699e-09 6.75375e-09
3 _610_ sky130_fd_sc_hd__dfrtp_1 D - - 0.0308 0 0.077154 4.18115e-06 0 4.18115e-06 3.98903e-09 4.18514e-06

Worst path 9: status=met slack=0.117079 type=min group=core
startpoint=tl_i[101] (input port clocked by core)
endpoint=_611_ (rising edge-triggered flip-flop clocked by core)
path_power_complete=true
path_average_power_sum internal=4.32791e-06 switching=8.94257e-08 dynamic=4.41733e-06 leakage=4.77838e-09 total=4.42211e-06
stage instance cell pins fanout capacitance slew delay arrival internal switching dynamic leakage total
1 _547_ sky130_fd_sc_hd__nand2_1 B,Y 1 0.002323 0.031644 0.036768 0.037017 3.68561e-08 3.83752e-08 7.52313e-08 1.16753e-10 7.5348e-08
2 _549_ sky130_fd_sc_hd__nand2_1 A,Y 1 0.002026 0.0308 0.040137 0.077154 4.34946e-08 3.21406e-08 7.56352e-08 1.19435e-09 7.68295e-08
3 _611_ sky130_fd_sc_hd__dfrtp_1 D - - 0.0308 0 0.077154 4.24756e-06 1.891e-08 4.26647e-06 3.46728e-09 4.26993e-06

Worst path 10: status=met slack=0.117079 type=min group=core
startpoint=tl_i[92] (input port clocked by core)
endpoint=_612_ (rising edge-triggered flip-flop clocked by core)
path_power_complete=true
path_average_power_sum internal=4.18817e-06 switching=4.14798e-09 dynamic=4.19232e-06 leakage=6.47253e-09 total=4.19879e-06
stage instance cell pins fanout capacitance slew delay arrival internal switching dynamic leakage total
1 _403_ sky130_fd_sc_hd__nand2_1 B,Y 1 0.002323 0.031644 0.036768 0.037017 4.63481e-09 2.25736e-09 6.89217e-09 6.5106e-12 6.89868e-09
2 _405_ sky130_fd_sc_hd__nand2_1 A,Y 1 0.002026 0.0308 0.040137 0.077154 2.38615e-09 1.89062e-09 4.27677e-09 2.47699e-09 6.75375e-09
3 _612_ sky130_fd_sc_hd__dfrtp_1 D - - 0.0308 0 0.077154 4.18115e-06 0 4.18115e-06 3.98903e-09 4.18514e-06

Worst path 11: status=met slack=0.117079 type=min group=core
startpoint=tl_i[93] (input port clocked by core)
endpoint=_613_ (rising edge-triggered flip-flop clocked by core)
path_power_complete=true
path_average_power_sum internal=4.18817e-06 switching=4.14798e-09 dynamic=4.19232e-06 leakage=6.47253e-09 total=4.19879e-06
stage instance cell pins fanout capacitance slew delay arrival internal switching dynamic leakage total
1 _400_ sky130_fd_sc_hd__nand2_1 B,Y 1 0.002323 0.031644 0.036768 0.037017 4.63481e-09 2.25736e-09 6.89217e-09 6.5106e-12 6.89868e-09
2 _402_ sky130_fd_sc_hd__nand2_1 A,Y 1 0.002026 0.0308 0.040137 0.077154 2.38615e-09 1.89062e-09 4.27677e-09 2.47699e-09 6.75375e-09
3 _613_ sky130_fd_sc_hd__dfrtp_1 D - - 0.0308 0 0.077154 4.18115e-06 0 4.18115e-06 3.98903e-09 4.18514e-06

Worst path 12: status=met slack=0.117079 type=min group=core
startpoint=tl_i[94] (input port clocked by core)
endpoint=_614_ (rising edge-triggered flip-flop clocked by core)
path_power_complete=true
path_average_power_sum internal=4.18817e-06 switching=4.14798e-09 dynamic=4.19232e-06 leakage=6.47253e-09 total=4.19879e-06
stage instance cell pins fanout capacitance slew delay arrival internal switching dynamic leakage total
1 _397_ sky130_fd_sc_hd__nand2_1 B,Y 1 0.002323 0.031644 0.036768 0.037017 4.63481e-09 2.25736e-09 6.89217e-09 6.5106e-12 6.89868e-09
2 _399_ sky130_fd_sc_hd__nand2_1 A,Y 1 0.002026 0.0308 0.040137 0.077154 2.38615e-09 1.89062e-09 4.27677e-09 2.47699e-09 6.75375e-09
3 _614_ sky130_fd_sc_hd__dfrtp_1 D - - 0.0308 0 0.077154 4.18115e-06 0 4.18115e-06 3.98903e-09 4.18514e-06

Worst path 13: status=met slack=1.32108 type=min group=asynchronous
startpoint=_632_ (rising edge-triggered flip-flop clocked by core)
endpoint=_565_ (removal check against rising-edge clock core)
path_power_complete=true
path_average_power_sum internal=8.44255e-06 switching=3.30506e-06 dynamic=1.17476e-05 leakage=6.91543e-09 total=1.17545e-05
stage instance cell pins fanout capacitance slew delay arrival internal switching dynamic leakage total
1 _632_ sky130_fd_sc_hd__dfrtp_1 CLK,Q 98 0.354172 2.89382 2.26144 2.26144 4.26139e-06 3.30506e-06 7.56645e-06 2.9264e-09 7.56937e-06
2 _565_ sky130_fd_sc_hd__dfrtp_1 RESET_B - - 2.89382 0 2.26144 4.18116e-06 0 4.18116e-06 3.98903e-09 4.18515e-06

Worst path 14: status=met slack=1.32108 type=min group=asynchronous
startpoint=_632_ (rising edge-triggered flip-flop clocked by core)
endpoint=_566_ (removal check against rising-edge clock core)
path_power_complete=true
path_average_power_sum internal=8.44257e-06 switching=3.30506e-06 dynamic=1.17476e-05 leakage=6.91543e-09 total=1.17545e-05
stage instance cell pins fanout capacitance slew delay arrival internal switching dynamic leakage total
1 _632_ sky130_fd_sc_hd__dfrtp_1 CLK,Q 98 0.354172 2.89382 2.26144 2.26144 4.26139e-06 3.30506e-06 7.56645e-06 2.9264e-09 7.56937e-06
2 _566_ sky130_fd_sc_hd__dfrtp_1 RESET_B - - 2.89382 0 2.26144 4.18118e-06 0 4.18118e-06 3.98903e-09 4.18517e-06

Worst path 15: status=met slack=1.32108 type=min group=asynchronous
startpoint=_632_ (rising edge-triggered flip-flop clocked by core)
endpoint=_567_ (removal check against rising-edge clock core)
path_power_complete=true
path_average_power_sum internal=8.44257e-06 switching=3.30506e-06 dynamic=1.17476e-05 leakage=6.91543e-09 total=1.17545e-05
stage instance cell pins fanout capacitance slew delay arrival internal switching dynamic leakage total
1 _632_ sky130_fd_sc_hd__dfrtp_1 CLK,Q 98 0.354172 2.89382 2.26144 2.26144 4.26139e-06 3.30506e-06 7.56645e-06 2.9264e-09 7.56937e-06
2 _567_ sky130_fd_sc_hd__dfrtp_1 RESET_B - - 2.89382 0 2.26144 4.18118e-06 0 4.18118e-06 3.98903e-09 4.18517e-06

Worst path 16: status=met slack=1.32108 type=min group=asynchronous
startpoint=_632_ (rising edge-triggered flip-flop clocked by core)
endpoint=_568_ (removal check against rising-edge clock core)
path_power_complete=true
path_average_power_sum internal=8.44257e-06 switching=3.30506e-06 dynamic=1.17476e-05 leakage=6.91543e-09 total=1.17545e-05
stage instance cell pins fanout capacitance slew delay arrival internal switching dynamic leakage total
1 _632_ sky130_fd_sc_hd__dfrtp_1 CLK,Q 98 0.354172 2.89382 2.26144 2.26144 4.26139e-06 3.30506e-06 7.56645e-06 2.9264e-09 7.56937e-06
2 _568_ sky130_fd_sc_hd__dfrtp_1 RESET_B - - 2.89382 0 2.26144 4.18118e-06 0 4.18118e-06 3.98903e-09 4.18517e-06

Worst path 17: status=met slack=1.32108 type=min group=asynchronous
startpoint=_632_ (rising edge-triggered flip-flop clocked by core)
endpoint=_569_ (removal check against rising-edge clock core)
path_power_complete=true
path_average_power_sum internal=8.44257e-06 switching=3.30506e-06 dynamic=1.17476e-05 leakage=6.91543e-09 total=1.17545e-05
stage instance cell pins fanout capacitance slew delay arrival internal switching dynamic leakage total
1 _632_ sky130_fd_sc_hd__dfrtp_1 CLK,Q 98 0.354172 2.89382 2.26144 2.26144 4.26139e-06 3.30506e-06 7.56645e-06 2.9264e-09 7.56937e-06
2 _569_ sky130_fd_sc_hd__dfrtp_1 RESET_B - - 2.89382 0 2.26144 4.18118e-06 0 4.18118e-06 3.98903e-09 4.18517e-06

Worst path 18: status=met slack=1.32108 type=min group=asynchronous
startpoint=_632_ (rising edge-triggered flip-flop clocked by core)
endpoint=_570_ (removal check against rising-edge clock core)
path_power_complete=true
path_average_power_sum internal=8.44257e-06 switching=3.30506e-06 dynamic=1.17476e-05 leakage=6.91543e-09 total=1.17545e-05
stage instance cell pins fanout capacitance slew delay arrival internal switching dynamic leakage total
1 _632_ sky130_fd_sc_hd__dfrtp_1 CLK,Q 98 0.354172 2.89382 2.26144 2.26144 4.26139e-06 3.30506e-06 7.56645e-06 2.9264e-09 7.56937e-06
2 _570_ sky130_fd_sc_hd__dfrtp_1 RESET_B - - 2.89382 0 2.26144 4.18118e-06 0 4.18118e-06 3.98903e-09 4.18517e-06

Worst path 19: status=met slack=1.32108 type=min group=asynchronous
startpoint=_632_ (rising edge-triggered flip-flop clocked by core)
endpoint=_571_ (removal check against rising-edge clock core)
path_power_complete=true
path_average_power_sum internal=8.44257e-06 switching=3.30506e-06 dynamic=1.17476e-05 leakage=6.91543e-09 total=1.17545e-05
stage instance cell pins fanout capacitance slew delay arrival internal switching dynamic leakage total
1 _632_ sky130_fd_sc_hd__dfrtp_1 CLK,Q 98 0.354172 2.89382 2.26144 2.26144 4.26139e-06 3.30506e-06 7.56645e-06 2.9264e-09 7.56937e-06
2 _571_ sky130_fd_sc_hd__dfrtp_1 RESET_B - - 2.89382 0 2.26144 4.18118e-06 0 4.18118e-06 3.98903e-09 4.18517e-06

Worst path 20: status=met slack=1.32108 type=min group=asynchronous
startpoint=_632_ (rising edge-triggered flip-flop clocked by core)
endpoint=_572_ (removal check against rising-edge clock core)
path_power_complete=true
path_average_power_sum internal=8.44257e-06 switching=3.30506e-06 dynamic=1.17476e-05 leakage=6.91543e-09 total=1.17545e-05
stage instance cell pins fanout capacitance slew delay arrival internal switching dynamic leakage total
1 _632_ sky130_fd_sc_hd__dfrtp_1 CLK,Q 98 0.354172 2.89382 2.26144 2.26144 4.26139e-06 3.30506e-06 7.56645e-06 2.9264e-09 7.56937e-06
2 _572_ sky130_fd_sc_hd__dfrtp_1 RESET_B - - 2.89382 0 2.26144 4.18118e-06 0 4.18118e-06 3.98903e-09 4.18517e-06

=== Highest-power instances and worst path through each ===

Hotspot 1: instance=_632_ selected_worst_paths=2,13,14,15,16,17,18,19,20 internal=4.26139e-06 switching=3.30506e-06 dynamic=7.56645e-06 leakage=2.9264e-09 total=7.56937e-06
Worst path through hotspot: status=violated slack=-0.294294 type=min group=asynchronous
startpoint=rst_ni (input port clocked by core)
endpoint=_632_ (removal check against rising-edge clock core)
path_power_complete=true
path_average_power_sum internal=4.26139e-06 switching=3.30506e-06 dynamic=7.56645e-06 leakage=2.9264e-09 total=7.56937e-06
stage instance cell pins fanout capacitance slew delay arrival internal switching dynamic leakage total
1 _632_ sky130_fd_sc_hd__dfrtp_1 RESET_B - - 0.000723 0 0.000723 4.26139e-06 3.30506e-06 7.56645e-06 2.9264e-09 7.56937e-06
OpenSTA targeted timing report:
Startpoint: rst_ni (input port clocked by core)
Endpoint: _632_ (removal check against rising-edge clock core)
Path Group: asynchronous
Path Type: min

Fanout         Cap        Slew       Delay        Time   Description
---------------------------------------------------------------------------------------------
                      0.000000    0.000000    0.000000   clock core (rise edge)
                                  0.000000    0.000000   clock network delay (ideal)
                                  0.000000    0.000000 ^ input external delay
     2    0.007228    0.000723    0.000723    0.000723 ^ rst_ni (in)
                                                         rst_ni (net)
                      0.000723    0.000000    0.000723 ^ _632_/RESET_B (sky130_fd_sc_hd__dfrtp_1)
                                              0.000723   data arrival time

                      0.000000    0.000000    0.000000   clock core (rise edge)
                                  0.000000    0.000000   clock network delay (ideal)
                                  0.000000    0.000000   clock reconvergence pessimism
                                              0.000000 ^ _632_/CLK (sky130_fd_sc_hd__dfrtp_1)
                                  0.295017    0.295017   library removal time
                                              0.295017   data required time
---------------------------------------------------------------------------------------------
                                              0.295017   data required time
                                             -0.000723   data arrival time
---------------------------------------------------------------------------------------------
                                             -0.294294   slack (VIOLATED)

Hotspot 2: instance=_654_ selected_worst_paths=none internal=5.30043e-06 switching=5.42047e-07 dynamic=5.84248e-06 leakage=3.40266e-09 total=5.84588e-06
Worst path through hotspot: status=met slack=0.556655 type=min group=core
startpoint=_653_ (rising edge-triggered flip-flop clocked by core)
endpoint=_654_ (rising edge-triggered flip-flop clocked by core)
path_power_complete=true
path_average_power_sum internal=9.97303e-06 switching=9.59688e-07 dynamic=1.09327e-05 leakage=1.00873e-08 total=1.09428e-05
stage instance cell pins fanout capacitance slew delay arrival internal switching dynamic leakage total
1 _653_ sky130_fd_sc_hd__dfrtp_1 CLK,Q 1 0.00472 0.063525 0.317959 0.317959 4.27791e-06 3.52369e-08 4.31315e-06 3.92373e-09 4.31707e-06
2 _315_ sky130_fd_sc_hd__xnor2_1 B,Y 1 0.002283 0.036587 0.061776 0.379736 1.58806e-07 3.87242e-08 1.9753e-07 2.14713e-10 1.97745e-07
3 _316_ sky130_fd_sc_hd__inv_1 A,Y 4 0.010104 0.088449 0.081421 0.461156 2.88667e-08 1.6029e-07 1.89157e-07 2.19447e-09 1.91352e-07
4 _326_ sky130_fd_sc_hd__nor2_1 A,Y 1 0.001991 0.033491 0.051569 0.512725 2.0702e-07 1.8339e-07 3.9041e-07 3.51747e-10 3.90762e-07
5 _654_ sky130_fd_sc_hd__dfrtp_1 D - - 0.033491 0 0.512725 5.30043e-06 5.42047e-07 5.84248e-06 3.40266e-09 5.84588e-06
OpenSTA targeted timing report:
Startpoint: _653_ (rising edge-triggered flip-flop clocked by core)
Endpoint: _654_ (rising edge-triggered flip-flop clocked by core)
Path Group: core
Path Type: min

Fanout         Cap        Slew       Delay        Time   Description
---------------------------------------------------------------------------------------------
                      0.000000    0.000000    0.000000   clock core (rise edge)
                                  0.000000    0.000000   clock network delay (ideal)
                      0.000000    0.000000    0.000000 ^ _653_/CLK (sky130_fd_sc_hd__dfrtp_1)
     1    0.004720    0.063525    0.317959    0.317959 ^ _653_/Q (sky130_fd_sc_hd__dfrtp_1)
                                                         u_gpio_core.gen_input_filter[2].u_filter.filter_q (net)
                      0.063525    0.000000    0.317959 ^ _315_/B (sky130_fd_sc_hd__xnor2_1)
     1    0.002283    0.036587    0.061776    0.379736 v _315_/Y (sky130_fd_sc_hd__xnor2_1)
                                                         _100_ (net)
                      0.036587    0.000000    0.379736 v _316_/A (sky130_fd_sc_hd__inv_1)
     4    0.010104    0.088449    0.081421    0.461156 ^ _316_/Y (sky130_fd_sc_hd__inv_1)
                                                         _101_ (net)
                      0.088449    0.000000    0.461156 ^ _326_/A (sky130_fd_sc_hd__nor2_1)
     1    0.001991    0.033491    0.051569    0.512725 v _326_/Y (sky130_fd_sc_hd__nor2_1)
                                                         u_gpio_core.gen_input_filter[2].u_filter.diff_ctr_d[0] (net)
                      0.033491    0.000000    0.512725 v _654_/D (sky130_fd_sc_hd__dfrtp_1)
                                              0.512725   data arrival time

                      0.000000    0.000000    0.000000   clock core (rise edge)
                                  0.000000    0.000000   clock network delay (ideal)
                                  0.000000    0.000000   clock reconvergence pessimism
                                              0.000000 ^ _654_/CLK (sky130_fd_sc_hd__dfrtp_1)
                                 -0.043930   -0.043930   library hold time
                                             -0.043930   data required time
---------------------------------------------------------------------------------------------
                                             -0.043930   data required time
                                             -0.512725   data arrival time
---------------------------------------------------------------------------------------------
                                              0.556655   slack (MET)

Hotspot 3: instance=_647_ selected_worst_paths=none internal=5.29431e-06 switching=4.14388e-07 dynamic=5.7087e-06 leakage=3.40235e-09 total=5.7121e-06
Worst path through hotspot: status=met slack=0.430024 type=min group=core
startpoint=_647_ (rising edge-triggered flip-flop clocked by core)
endpoint=_647_ (rising edge-triggered flip-flop clocked by core)
path_power_complete=true
path_average_power_sum internal=5.70186e-06 switching=5.97778e-07 dynamic=6.29963e-06 leakage=3.87701e-09 total=6.30351e-06
stage instance cell pins fanout capacitance slew delay arrival internal switching dynamic leakage total
1 _647_ sky130_fd_sc_hd__dfrtp_1 CLK,Q 2 0.004934 0.065108 0.319386 0.319386 5.29431e-06 4.14388e-07 5.7087e-06 3.40235e-09 5.7121e-06
2 _342_ sky130_fd_sc_hd__a21oi_1 A2,Y 1 0.001991 0.03669 0.065564 0.38495 4.07546e-07 1.8339e-07 5.90936e-07 4.74662e-10 5.91411e-07
3 _647_ sky130_fd_sc_hd__dfrtp_1 D - - 0.03669 0 0.38495 5.29431e-06 4.14388e-07 5.7087e-06 3.40235e-09 5.7121e-06
OpenSTA targeted timing report:
Startpoint: _647_ (rising edge-triggered flip-flop clocked by core)
Endpoint: _647_ (rising edge-triggered flip-flop clocked by core)
Path Group: core
Path Type: min

Fanout         Cap        Slew       Delay        Time   Description
---------------------------------------------------------------------------------------------
                      0.000000    0.000000    0.000000   clock core (rise edge)
                                  0.000000    0.000000   clock network delay (ideal)
                      0.000000    0.000000    0.000000 ^ _647_/CLK (sky130_fd_sc_hd__dfrtp_1)
     2    0.004934    0.065108    0.319386    0.319386 ^ _647_/Q (sky130_fd_sc_hd__dfrtp_1)
                                                         u_gpio_core.gen_input_filter[1].u_filter.diff_ctr_q[0] (net)
                      0.065108    0.000000    0.319386 ^ _342_/A2 (sky130_fd_sc_hd__a21oi_1)
     1    0.001991    0.036690    0.065564    0.384950 v _342_/Y (sky130_fd_sc_hd__a21oi_1)
                                                         u_gpio_core.gen_input_filter[1].u_filter.diff_ctr_d[0] (net)
                      0.036690    0.000000    0.384950 v _647_/D (sky130_fd_sc_hd__dfrtp_1)
                                              0.384950   data arrival time

                      0.000000    0.000000    0.000000   clock core (rise edge)
                                  0.000000    0.000000   clock network delay (ideal)
                                  0.000000    0.000000   clock reconvergence pessimism
                                              0.000000 ^ _647_/CLK (sky130_fd_sc_hd__dfrtp_1)
                                 -0.045074   -0.045074   library hold time
                                             -0.045074   data required time
---------------------------------------------------------------------------------------------
                                             -0.045074   data required time
                                             -0.384950   data arrival time
---------------------------------------------------------------------------------------------
                                              0.430024   slack (MET)

Hotspot 4: instance=_640_ selected_worst_paths=none internal=5.27643e-06 switching=2.0501e-07 dynamic=5.48144e-06 leakage=3.40235e-09 total=5.48484e-06
Worst path through hotspot: status=met slack=0.553072 type=min group=core
startpoint=_639_ (rising edge-triggered flip-flop clocked by core)
endpoint=_640_ (rising edge-triggered flip-flop clocked by core)
path_power_complete=true
path_average_power_sum internal=9.94904e-06 switching=6.09929e-07 dynamic=1.0559e-05 leakage=1.00877e-08 total=1.05691e-05
stage instance cell pins fanout capacitance slew delay arrival internal switching dynamic leakage total
1 _639_ sky130_fd_sc_hd__dfrtp_1 CLK,Q 1 0.00472 0.063525 0.317959 0.317959 4.27791e-06 3.52369e-08 4.31315e-06 3.92373e-09 4.31707e-06
2 _352_ sky130_fd_sc_hd__xnor2_1 B,Y 2 0.003953 0.050126 0.072738 0.390697 1.5921e-07 6.61372e-08 2.25347e-07 2.14713e-10 2.25562e-07
3 _355_ sky130_fd_sc_hd__inv_1 A,Y 3 0.007574 0.069482 0.072988 0.463686 2.83011e-08 1.20154e-07 1.48455e-07 2.19428e-09 1.5065e-07
4 _362_ sky130_fd_sc_hd__nor2_1 A,Y 1 0.001991 0.029622 0.04684 0.510525 2.07187e-07 1.8339e-07 3.90577e-07 3.52668e-10 3.9093e-07
5 _640_ sky130_fd_sc_hd__dfrtp_1 D - - 0.029622 0 0.510525 5.27643e-06 2.0501e-07 5.48144e-06 3.40235e-09 5.48484e-06
OpenSTA targeted timing report:
Startpoint: _639_ (rising edge-triggered flip-flop clocked by core)
Endpoint: _640_ (rising edge-triggered flip-flop clocked by core)
Path Group: core
Path Type: min

Fanout         Cap        Slew       Delay        Time   Description
---------------------------------------------------------------------------------------------
                      0.000000    0.000000    0.000000   clock core (rise edge)
                                  0.000000    0.000000   clock network delay (ideal)
                      0.000000    0.000000    0.000000 ^ _639_/CLK (sky130_fd_sc_hd__dfrtp_1)
     1    0.004720    0.063525    0.317959    0.317959 ^ _639_/Q (sky130_fd_sc_hd__dfrtp_1)
                                                         u_gpio_core.gen_input_filter[0].u_filter.filter_q (net)
                      0.063525    0.000000    0.317959 ^ _352_/B (sky130_fd_sc_hd__xnor2_1)
     2    0.003953    0.050126    0.072738    0.390697 v _352_/Y (sky130_fd_sc_hd__xnor2_1)
                                                         _129_ (net)
                      0.050126    0.000000    0.390697 v _355_/A (sky130_fd_sc_hd__inv_1)
     3    0.007574    0.069482    0.072988    0.463686 ^ _355_/Y (sky130_fd_sc_hd__inv_1)
                                                         _131_ (net)
                      0.069482    0.000000    0.463686 ^ _362_/A (sky130_fd_sc_hd__nor2_1)
     1    0.001991    0.029622    0.046840    0.510525 v _362_/Y (sky130_fd_sc_hd__nor2_1)
                                                         u_gpio_core.gen_input_filter[0].u_filter.diff_ctr_d[0] (net)
                      0.029622    0.000000    0.510525 v _640_/D (sky130_fd_sc_hd__dfrtp_1)
                                              0.510525   data arrival time

                      0.000000    0.000000    0.000000   clock core (rise edge)
                                  0.000000    0.000000   clock network delay (ideal)
                                  0.000000    0.000000   clock reconvergence pessimism
                                              0.000000 ^ _640_/CLK (sky130_fd_sc_hd__dfrtp_1)
                                 -0.042547   -0.042547   library hold time
                                             -0.042547   data required time
---------------------------------------------------------------------------------------------
                                             -0.042547   data required time
                                             -0.510525   data arrival time
---------------------------------------------------------------------------------------------
                                              0.553072   slack (MET)

Hotspot 5: instance=_661_ selected_worst_paths=none internal=5.27643e-06 switching=2.0501e-07 dynamic=5.48144e-06 leakage=3.40235e-09 total=5.48484e-06
Worst path through hotspot: status=met slack=0.553072 type=min group=core
startpoint=_660_ (rising edge-triggered flip-flop clocked by core)
endpoint=_661_ (rising edge-triggered flip-flop clocked by core)
path_power_complete=true
path_average_power_sum internal=9.94904e-06 switching=6.09929e-07 dynamic=1.0559e-05 leakage=1.00877e-08 total=1.05691e-05
stage instance cell pins fanout capacitance slew delay arrival internal switching dynamic leakage total
1 _660_ sky130_fd_sc_hd__dfrtp_1 CLK,Q 1 0.00472 0.063525 0.317959 0.317959 4.27791e-06 3.52369e-08 4.31315e-06 3.92373e-09 4.31707e-06
2 _299_ sky130_fd_sc_hd__xnor2_1 B,Y 2 0.003953 0.050126 0.072738 0.390697 1.5921e-07 6.61372e-08 2.25347e-07 2.14713e-10 2.25562e-07
3 _302_ sky130_fd_sc_hd__inv_1 A,Y 3 0.007574 0.069482 0.072988 0.463686 2.83011e-08 1.20154e-07 1.48455e-07 2.19428e-09 1.5065e-07
4 _309_ sky130_fd_sc_hd__nor2_1 A,Y 1 0.001991 0.029622 0.04684 0.510525 2.07187e-07 1.8339e-07 3.90578e-07 3.52656e-10 3.9093e-07
5 _661_ sky130_fd_sc_hd__dfrtp_1 D - - 0.029622 0 0.510525 5.27643e-06 2.0501e-07 5.48144e-06 3.40235e-09 5.48484e-06
OpenSTA targeted timing report:
Startpoint: _660_ (rising edge-triggered flip-flop clocked by core)
Endpoint: _661_ (rising edge-triggered flip-flop clocked by core)
Path Group: core
Path Type: min

Fanout         Cap        Slew       Delay        Time   Description
---------------------------------------------------------------------------------------------
                      0.000000    0.000000    0.000000   clock core (rise edge)
                                  0.000000    0.000000   clock network delay (ideal)
                      0.000000    0.000000    0.000000 ^ _660_/CLK (sky130_fd_sc_hd__dfrtp_1)
     1    0.004720    0.063525    0.317959    0.317959 ^ _660_/Q (sky130_fd_sc_hd__dfrtp_1)
                                                         u_gpio_core.gen_input_filter[3].u_filter.filter_q (net)
                      0.063525    0.000000    0.317959 ^ _299_/B (sky130_fd_sc_hd__xnor2_1)
     2    0.003953    0.050126    0.072738    0.390697 v _299_/Y (sky130_fd_sc_hd__xnor2_1)
                                                         _088_ (net)
                      0.050126    0.000000    0.390697 v _302_/A (sky130_fd_sc_hd__inv_1)
     3    0.007574    0.069482    0.072988    0.463686 ^ _302_/Y (sky130_fd_sc_hd__inv_1)
                                                         _090_ (net)
                      0.069482    0.000000    0.463686 ^ _309_/A (sky130_fd_sc_hd__nor2_1)
     1    0.001991    0.029622    0.046840    0.510525 v _309_/Y (sky130_fd_sc_hd__nor2_1)
                                                         u_gpio_core.gen_input_filter[3].u_filter.diff_ctr_d[0] (net)
                      0.029622    0.000000    0.510525 v _661_/D (sky130_fd_sc_hd__dfrtp_1)
                                              0.510525   data arrival time

                      0.000000    0.000000    0.000000   clock core (rise edge)
                                  0.000000    0.000000   clock network delay (ideal)
                                  0.000000    0.000000   clock reconvergence pessimism
                                              0.000000 ^ _661_/CLK (sky130_fd_sc_hd__dfrtp_1)
                                 -0.042547   -0.042547   library hold time
                                             -0.042547   data required time
---------------------------------------------------------------------------------------------
                                             -0.042547   data required time
                                             -0.510525   data arrival time
---------------------------------------------------------------------------------------------
                                              0.553072   slack (MET)

Hotspot 6: instance=_655_ selected_worst_paths=none internal=4.76731e-06 switching=1.57088e-07 dynamic=4.9244e-06 leakage=3.39563e-09 total=4.9278e-06
Worst path through hotspot: status=met slack=0.556655 type=min group=core
startpoint=_653_ (rising edge-triggered flip-flop clocked by core)
endpoint=_655_ (rising edge-triggered flip-flop clocked by core)
path_power_complete=true
path_average_power_sum internal=9.43268e-06 switching=5.70948e-07 dynamic=1.00036e-05 leakage=1.02596e-08 total=1.00139e-05
stage instance cell pins fanout capacitance slew delay arrival internal switching dynamic leakage total
1 _653_ sky130_fd_sc_hd__dfrtp_1 CLK,Q 1 0.00472 0.063525 0.317959 0.317959 4.27791e-06 3.52369e-08 4.31315e-06 3.92373e-09 4.31707e-06
2 _315_ sky130_fd_sc_hd__xnor2_1 B,Y 1 0.002283 0.036587 0.061776 0.379736 1.58806e-07 3.87242e-08 1.9753e-07 2.14713e-10 1.97745e-07
3 _316_ sky130_fd_sc_hd__inv_1 A,Y 4 0.010104 0.088449 0.081421 0.461156 2.88667e-08 1.6029e-07 1.89157e-07 2.19447e-09 1.91352e-07
4 _323_ sky130_fd_sc_hd__nor2_1 A,Y 1 0.001991 0.033491 0.051569 0.512725 1.99782e-07 1.79609e-07 3.79391e-07 5.31092e-10 3.79922e-07
5 _655_ sky130_fd_sc_hd__dfrtp_1 D - - 0.033491 0 0.512725 4.76731e-06 1.57088e-07 4.9244e-06 3.39563e-09 4.9278e-06
OpenSTA targeted timing report:
Startpoint: _653_ (rising edge-triggered flip-flop clocked by core)
Endpoint: _655_ (rising edge-triggered flip-flop clocked by core)
Path Group: core
Path Type: min

Fanout         Cap        Slew       Delay        Time   Description
---------------------------------------------------------------------------------------------
                      0.000000    0.000000    0.000000   clock core (rise edge)
                                  0.000000    0.000000   clock network delay (ideal)
                      0.000000    0.000000    0.000000 ^ _653_/CLK (sky130_fd_sc_hd__dfrtp_1)
     1    0.004720    0.063525    0.317959    0.317959 ^ _653_/Q (sky130_fd_sc_hd__dfrtp_1)
                                                         u_gpio_core.gen_input_filter[2].u_filter.filter_q (net)
                      0.063525    0.000000    0.317959 ^ _315_/B (sky130_fd_sc_hd__xnor2_1)
     1    0.002283    0.036587    0.061776    0.379736 v _315_/Y (sky130_fd_sc_hd__xnor2_1)
                                                         _100_ (net)
                      0.036587    0.000000    0.379736 v _316_/A (sky130_fd_sc_hd__inv_1)
     4    0.010104    0.088449    0.081421    0.461156 ^ _316_/Y (sky130_fd_sc_hd__inv_1)
                                                         _101_ (net)
                      0.088449    0.000000    0.461156 ^ _323_/A (sky130_fd_sc_hd__nor2_1)
     1    0.001991    0.033491    0.051569    0.512725 v _323_/Y (sky130_fd_sc_hd__nor2_1)
                                                         u_gpio_core.gen_input_filter[2].u_filter.diff_ctr_d[1] (net)
                      0.033491    0.000000    0.512725 v _655_/D (sky130_fd_sc_hd__dfrtp_1)
                                              0.512725   data arrival time

                      0.000000    0.000000    0.000000   clock core (rise edge)
                                  0.000000    0.000000   clock network delay (ideal)
                                  0.000000    0.000000   clock reconvergence pessimism
                                              0.000000 ^ _655_/CLK (sky130_fd_sc_hd__dfrtp_1)
                                 -0.043930   -0.043930   library hold time
                                             -0.043930   data required time
---------------------------------------------------------------------------------------------
                                             -0.043930   data required time
                                             -0.512725   data arrival time
---------------------------------------------------------------------------------------------
                                              0.556655   slack (MET)

Hotspot 7: instance=_648_ selected_worst_paths=none internal=4.72484e-06 switching=1.92284e-07 dynamic=4.91713e-06 leakage=3.39545e-09 total=4.92052e-06
Worst path through hotspot: status=met slack=0.550504 type=min group=core
startpoint=_646_ (rising edge-triggered flip-flop clocked by core)
endpoint=_648_ (rising edge-triggered flip-flop clocked by core)
path_power_complete=true
path_average_power_sum internal=9.44973e-06 switching=5.45771e-07 dynamic=9.9955e-06 leakage=1.03074e-08 total=1.00058e-05
stage instance cell pins fanout capacitance slew delay arrival internal switching dynamic leakage total
1 _646_ sky130_fd_sc_hd__dfrtp_1 CLK,Q 1 0.00472 0.063525 0.317959 0.317959 4.27791e-06 3.52369e-08 4.31315e-06 3.92373e-09 4.31707e-06
2 _333_ sky130_fd_sc_hd__xnor2_1 B,Y 1 0.002283 0.036587 0.061776 0.379736 1.58806e-07 3.87242e-08 1.9753e-07 2.14713e-10 1.97745e-07
3 _334_ sky130_fd_sc_hd__inv_1 A,Y 4 0.010112 0.088511 0.081463 0.461199 2.88671e-08 1.60417e-07 1.89284e-07 2.19447e-09 1.91479e-07
4 _341_ sky130_fd_sc_hd__a21oi_1 B1,Y 1 0.001991 0.03669 0.044232 0.50543 2.59306e-07 1.19109e-07 3.78415e-07 5.79001e-10 3.78994e-07
5 _648_ sky130_fd_sc_hd__dfrtp_1 D - - 0.03669 0 0.50543 4.72484e-06 1.92284e-07 4.91713e-06 3.39545e-09 4.92052e-06
OpenSTA targeted timing report:
Startpoint: _646_ (rising edge-triggered flip-flop clocked by core)
Endpoint: _648_ (rising edge-triggered flip-flop clocked by core)
Path Group: core
Path Type: min

Fanout         Cap        Slew       Delay        Time   Description
---------------------------------------------------------------------------------------------
                      0.000000    0.000000    0.000000   clock core (rise edge)
                                  0.000000    0.000000   clock network delay (ideal)
                      0.000000    0.000000    0.000000 ^ _646_/CLK (sky130_fd_sc_hd__dfrtp_1)
     1    0.004720    0.063525    0.317959    0.317959 ^ _646_/Q (sky130_fd_sc_hd__dfrtp_1)
                                                         u_gpio_core.gen_input_filter[1].u_filter.filter_q (net)
                      0.063525    0.000000    0.317959 ^ _333_/B (sky130_fd_sc_hd__xnor2_1)
     1    0.002283    0.036587    0.061776    0.379736 v _333_/Y (sky130_fd_sc_hd__xnor2_1)
                                                         _114_ (net)
                      0.036587    0.000000    0.379736 v _334_/A (sky130_fd_sc_hd__inv_1)
     4    0.010112    0.088511    0.081463    0.461199 ^ _334_/Y (sky130_fd_sc_hd__inv_1)
                                                         _115_ (net)
                      0.088511    0.000000    0.461199 ^ _341_/B1 (sky130_fd_sc_hd__a21oi_1)
     1    0.001991    0.036690    0.044232    0.505430 v _341_/Y (sky130_fd_sc_hd__a21oi_1)
                                                         u_gpio_core.gen_input_filter[1].u_filter.diff_ctr_d[1] (net)
                      0.036690    0.000000    0.505430 v _648_/D (sky130_fd_sc_hd__dfrtp_1)
                                              0.505430   data arrival time

                      0.000000    0.000000    0.000000   clock core (rise edge)
                                  0.000000    0.000000   clock network delay (ideal)
                                  0.000000    0.000000   clock reconvergence pessimism
                                              0.000000 ^ _648_/CLK (sky130_fd_sc_hd__dfrtp_1)
                                 -0.045074   -0.045074   library hold time
                                             -0.045074   data required time
---------------------------------------------------------------------------------------------
                                             -0.045074   data required time
                                             -0.505430   data arrival time
---------------------------------------------------------------------------------------------
                                              0.550504   slack (MET)

Hotspot 8: instance=_641_ selected_worst_paths=none internal=4.70706e-06 switching=9.56714e-08 dynamic=4.80273e-06 leakage=3.39542e-09 total=4.80612e-06
Worst path through hotspot: status=met slack=0.578701 type=min group=core
startpoint=_639_ (rising edge-triggered flip-flop clocked by core)
endpoint=_641_ (rising edge-triggered flip-flop clocked by core)
path_power_complete=true
path_average_power_sum internal=9.30259e-06 switching=6.81042e-07 dynamic=9.98363e-06 leakage=1.02615e-08 total=9.99389e-06
stage instance cell pins fanout capacitance slew delay arrival internal switching dynamic leakage total
1 _639_ sky130_fd_sc_hd__dfrtp_1 CLK,Q 1 0.00472 0.063525 0.317959 0.317959 4.27791e-06 3.52369e-08 4.31315e-06 3.92373e-09 4.31707e-06
2 _352_ sky130_fd_sc_hd__xnor2_1 B,Y 2 0.003953 0.050126 0.072738 0.390697 1.5921e-07 6.61372e-08 2.25347e-07 2.14713e-10 2.25562e-07
3 _355_ sky130_fd_sc_hd__inv_1 A,Y 3 0.007574 0.069482 0.072988 0.463686 2.83011e-08 1.20154e-07 1.48455e-07 2.19428e-09 1.5065e-07
4 _360_ sky130_fd_sc_hd__nor2_1 A,Y 3 0.006685 0.04714 0.066205 0.529891 1.30107e-07 3.63842e-07 4.9395e-07 5.33384e-10 4.94483e-07
5 _641_ sky130_fd_sc_hd__dfrtp_1 D - - 0.04714 0 0.529891 4.70706e-06 9.56714e-08 4.80273e-06 3.39542e-09 4.80612e-06
OpenSTA targeted timing report:
Startpoint: _639_ (rising edge-triggered flip-flop clocked by core)
Endpoint: _641_ (rising edge-triggered flip-flop clocked by core)
Path Group: core
Path Type: min

Fanout         Cap        Slew       Delay        Time   Description
---------------------------------------------------------------------------------------------
                      0.000000    0.000000    0.000000   clock core (rise edge)
                                  0.000000    0.000000   clock network delay (ideal)
                      0.000000    0.000000    0.000000 ^ _639_/CLK (sky130_fd_sc_hd__dfrtp_1)
     1    0.004720    0.063525    0.317959    0.317959 ^ _639_/Q (sky130_fd_sc_hd__dfrtp_1)
                                                         u_gpio_core.gen_input_filter[0].u_filter.filter_q (net)
                      0.063525    0.000000    0.317959 ^ _352_/B (sky130_fd_sc_hd__xnor2_1)
     2    0.003953    0.050126    0.072738    0.390697 v _352_/Y (sky130_fd_sc_hd__xnor2_1)
                                                         _129_ (net)
                      0.050126    0.000000    0.390697 v _355_/A (sky130_fd_sc_hd__inv_1)
     3    0.007574    0.069482    0.072988    0.463686 ^ _355_/Y (sky130_fd_sc_hd__inv_1)
                                                         _131_ (net)
                      0.069482    0.000000    0.463686 ^ _360_/A (sky130_fd_sc_hd__nor2_1)
     3    0.006685    0.047140    0.066205    0.529891 v _360_/Y (sky130_fd_sc_hd__nor2_1)
                                                         u_gpio_core.gen_input_filter[0].u_filter.diff_ctr_d[1] (net)
                      0.047140    0.000000    0.529891 v _641_/D (sky130_fd_sc_hd__dfrtp_1)
                                              0.529891   data arrival time

                      0.000000    0.000000    0.000000   clock core (rise edge)
                                  0.000000    0.000000   clock network delay (ideal)
                                  0.000000    0.000000   clock reconvergence pessimism
                                              0.000000 ^ _641_/CLK (sky130_fd_sc_hd__dfrtp_1)
                                 -0.048810   -0.048810   library hold time
                                             -0.048810   data required time
---------------------------------------------------------------------------------------------
                                             -0.048810   data required time
                                             -0.529891   data arrival time
---------------------------------------------------------------------------------------------
                                              0.578701   slack (MET)

Hotspot 9: instance=_662_ selected_worst_paths=none internal=4.70706e-06 switching=9.56714e-08 dynamic=4.80273e-06 leakage=3.3954e-09 total=4.80612e-06
Worst path through hotspot: status=met slack=0.578703 type=min group=core
startpoint=_660_ (rising edge-triggered flip-flop clocked by core)
endpoint=_662_ (rising edge-triggered flip-flop clocked by core)
path_power_complete=true
path_average_power_sum internal=9.30258e-06 switching=6.81042e-07 dynamic=9.98363e-06 leakage=1.02618e-08 total=9.99389e-06
stage instance cell pins fanout capacitance slew delay arrival internal switching dynamic leakage total
1 _660_ sky130_fd_sc_hd__dfrtp_1 CLK,Q 1 0.00472 0.063525 0.317959 0.317959 4.27791e-06 3.52369e-08 4.31315e-06 3.92373e-09 4.31707e-06
2 _299_ sky130_fd_sc_hd__xnor2_1 B,Y 2 0.003953 0.050126 0.072738 0.390697 1.5921e-07 6.61372e-08 2.25347e-07 2.14713e-10 2.25562e-07
3 _302_ sky130_fd_sc_hd__inv_1 A,Y 3 0.007574 0.069482 0.072988 0.463686 2.83011e-08 1.20154e-07 1.48455e-07 2.19428e-09 1.5065e-07
4 _307_ sky130_fd_sc_hd__nor2_1 A,Y 3 0.006685 0.047143 0.066205 0.529891 1.30104e-07 3.63842e-07 4.93946e-07 5.33663e-10 4.9448e-07
5 _662_ sky130_fd_sc_hd__dfrtp_1 D - - 0.047143 0 0.529891 4.70706e-06 9.56714e-08 4.80273e-06 3.3954e-09 4.80612e-06
OpenSTA targeted timing report:
Startpoint: _660_ (rising edge-triggered flip-flop clocked by core)
Endpoint: _662_ (rising edge-triggered flip-flop clocked by core)
Path Group: core
Path Type: min

Fanout         Cap        Slew       Delay        Time   Description
---------------------------------------------------------------------------------------------
                      0.000000    0.000000    0.000000   clock core (rise edge)
                                  0.000000    0.000000   clock network delay (ideal)
                      0.000000    0.000000    0.000000 ^ _660_/CLK (sky130_fd_sc_hd__dfrtp_1)
     1    0.004720    0.063525    0.317959    0.317959 ^ _660_/Q (sky130_fd_sc_hd__dfrtp_1)
                                                         u_gpio_core.gen_input_filter[3].u_filter.filter_q (net)
                      0.063525    0.000000    0.317959 ^ _299_/B (sky130_fd_sc_hd__xnor2_1)
     2    0.003953    0.050126    0.072738    0.390697 v _299_/Y (sky130_fd_sc_hd__xnor2_1)
                                                         _088_ (net)
                      0.050126    0.000000    0.390697 v _302_/A (sky130_fd_sc_hd__inv_1)
     3    0.007574    0.069482    0.072988    0.463686 ^ _302_/Y (sky130_fd_sc_hd__inv_1)
                                                         _090_ (net)
                      0.069482    0.000000    0.463686 ^ _307_/A (sky130_fd_sc_hd__nor2_1)
     3    0.006685    0.047143    0.066205    0.529891 v _307_/Y (sky130_fd_sc_hd__nor2_1)
                                                         u_gpio_core.gen_input_filter[3].u_filter.diff_ctr_d[1] (net)
                      0.047143    0.000000    0.529891 v _662_/D (sky130_fd_sc_hd__dfrtp_1)
                                              0.529891   data arrival time

                      0.000000    0.000000    0.000000   clock core (rise edge)
                                  0.000000    0.000000   clock network delay (ideal)
                                  0.000000    0.000000   clock reconvergence pessimism
                                              0.000000 ^ _662_/CLK (sky130_fd_sc_hd__dfrtp_1)
                                 -0.048812   -0.048812   library hold time
                                             -0.048812   data required time
---------------------------------------------------------------------------------------------
                                             -0.048812   data required time
                                             -0.529891   data arrival time
---------------------------------------------------------------------------------------------
                                              0.578703   slack (MET)

Hotspot 10: instance=_620_ selected_worst_paths=7 internal=4.38033e-06 switching=3.7151e-07 dynamic=4.75184e-06 leakage=3.95505e-09 total=4.7558e-06
Worst path through hotspot: status=met slack=0.098217 type=min group=core
startpoint=tl_i[0] (input port clocked by core)
endpoint=_620_ (rising edge-triggered flip-flop clocked by core)
path_power_complete=true
path_average_power_sum internal=4.41872e-06 switching=4.03651e-07 dynamic=4.82237e-06 leakage=4.68737e-09 total=4.82705e-06
stage instance cell pins fanout capacitance slew delay arrival internal switching dynamic leakage total
1 _553_ sky130_fd_sc_hd__o21ai_0 A2,Y 1 0.001991 0.043496 0.050525 0.05071 3.83856e-08 3.21406e-08 7.05261e-08 7.32318e-10 7.12585e-08
2 _620_ sky130_fd_sc_hd__dfrtp_1 D - - 0.043496 0 0.05071 4.38033e-06 3.7151e-07 4.75184e-06 3.95505e-09 4.7558e-06
OpenSTA targeted timing report:
Startpoint: tl_i[0] (input port clocked by core)
Endpoint: _620_ (rising edge-triggered flip-flop clocked by core)
Path Group: core
Path Type: min

Fanout         Cap        Slew       Delay        Time   Description
---------------------------------------------------------------------------------------------
                      0.000000    0.000000    0.000000   clock core (rise edge)
                                  0.000000    0.000000   clock network delay (ideal)
                                  0.000000    0.000000 ^ input external delay
     1    0.001850    0.000185    0.000185    0.000185 ^ tl_i[0] (in)
                                                         tl_i[0] (net)
                      0.000185    0.000000    0.000185 ^ _553_/A2 (sky130_fd_sc_hd__o21ai_0)
     1    0.001991    0.043496    0.050525    0.050710 v _553_/Y (sky130_fd_sc_hd__o21ai_0)
                                                         _060_ (net)
                      0.043496    0.000000    0.050710 v _620_/D (sky130_fd_sc_hd__dfrtp_1)
                                              0.050710   data arrival time

                      0.000000    0.000000    0.000000   clock core (rise edge)
                                  0.000000    0.000000   clock network delay (ideal)
                                  0.000000    0.000000   clock reconvergence pessimism
                                              0.000000 ^ _620_/CLK (sky130_fd_sc_hd__dfrtp_1)
                                 -0.047508   -0.047508   library hold time
                                             -0.047508   data required time
---------------------------------------------------------------------------------------------
                                             -0.047508   data required time
                                             -0.050710   data arrival time
---------------------------------------------------------------------------------------------
                                              0.098217   slack (MET)

Hotspot 11: instance=_642_ selected_worst_paths=none internal=4.37497e-06 switching=5.62297e-08 dynamic=4.4312e-06 leakage=3.48865e-09 total=4.43469e-06
Worst path through hotspot: status=met slack=0.530266 type=min group=core
startpoint=_643_ (rising edge-triggered flip-flop clocked by core)
endpoint=_642_ (rising edge-triggered flip-flop clocked by core)
path_power_complete=true
path_average_power_sum internal=8.74676e-06 switching=1.94567e-07 dynamic=8.94133e-06 leakage=8.69221e-09 total=8.95002e-06
stage instance cell pins fanout capacitance slew delay arrival internal switching dynamic leakage total
1 _643_ sky130_fd_sc_hd__dfrtp_1 CLK,Q 1 0.002441 0.046216 0.300769 0.300769 4.25358e-06 1.36673e-08 4.26725e-06 3.48868e-09 4.27074e-06
2 _351_ sky130_fd_sc_hd__inv_1 A,Y 4 0.009338 0.053731 0.062747 0.363516 1.239e-08 6.60607e-08 7.84507e-08 1.19436e-09 7.96451e-08
3 _354_ sky130_fd_sc_hd__a21oi_1 A2,Y 1 0.002026 0.07298 0.118668 0.482184 1.05812e-07 5.86093e-08 1.64421e-07 5.20528e-10 1.64942e-07
4 _642_ sky130_fd_sc_hd__dfrtp_1 D - - 0.07298 0 0.482184 4.37497e-06 5.62297e-08 4.4312e-06 3.48865e-09 4.43469e-06
OpenSTA targeted timing report:
Startpoint: _643_ (rising edge-triggered flip-flop clocked by core)
Endpoint: _642_ (rising edge-triggered flip-flop clocked by core)
Path Group: core
Path Type: min

Fanout         Cap        Slew       Delay        Time   Description
---------------------------------------------------------------------------------------------
                      0.000000    0.000000    0.000000   clock core (rise edge)
                                  0.000000    0.000000   clock network delay (ideal)
                      0.000000    0.000000    0.000000 ^ _643_/CLK (sky130_fd_sc_hd__dfrtp_1)
     1    0.002441    0.046216    0.300769    0.300769 ^ _643_/Q (sky130_fd_sc_hd__dfrtp_1)
                                                         u_gpio_core.gen_input_filter[0].u_filter.diff_ctr_q[3] (net)
                      0.046216    0.000000    0.300769 ^ _351_/A (sky130_fd_sc_hd__inv_1)
     4    0.009338    0.053731    0.062747    0.363516 v _351_/Y (sky130_fd_sc_hd__inv_1)
                                                         _128_ (net)
                      0.053731    0.000000    0.363516 v _354_/A2 (sky130_fd_sc_hd__a21oi_1)
     1    0.002026    0.072980    0.118668    0.482184 ^ _354_/Y (sky130_fd_sc_hd__a21oi_1)
                                                         u_gpio_core.gen_input_filter[0].u_filter.diff_ctr_d[2] (net)
                      0.072980    0.000000    0.482184 ^ _642_/D (sky130_fd_sc_hd__dfrtp_1)
                                              0.482184   data arrival time

                      0.000000    0.000000    0.000000   clock core (rise edge)
                                  0.000000    0.000000   clock network delay (ideal)
                                  0.000000    0.000000   clock reconvergence pessimism
                                              0.000000 ^ _642_/CLK (sky130_fd_sc_hd__dfrtp_1)
                                 -0.048082   -0.048082   library hold time
                                             -0.048082   data required time
---------------------------------------------------------------------------------------------
                                             -0.048082   data required time
                                             -0.482184   data arrival time
---------------------------------------------------------------------------------------------
                                              0.530266   slack (MET)

Hotspot 12: instance=_663_ selected_worst_paths=none internal=4.37497e-06 switching=5.62297e-08 dynamic=4.4312e-06 leakage=3.48865e-09 total=4.43469e-06
Worst path through hotspot: status=met slack=0.530266 type=min group=core
startpoint=_664_ (rising edge-triggered flip-flop clocked by core)
endpoint=_663_ (rising edge-triggered flip-flop clocked by core)
path_power_complete=true
path_average_power_sum internal=8.74676e-06 switching=1.94567e-07 dynamic=8.94133e-06 leakage=8.69218e-09 total=8.95002e-06
stage instance cell pins fanout capacitance slew delay arrival internal switching dynamic leakage total
1 _664_ sky130_fd_sc_hd__dfrtp_1 CLK,Q 1 0.002441 0.046216 0.300769 0.300769 4.25358e-06 1.36673e-08 4.26725e-06 3.48868e-09 4.27074e-06
2 _298_ sky130_fd_sc_hd__inv_1 A,Y 4 0.009338 0.053731 0.062747 0.363516 1.239e-08 6.60607e-08 7.84507e-08 1.19436e-09 7.96451e-08
3 _301_ sky130_fd_sc_hd__a21oi_1 A2,Y 1 0.002026 0.072981 0.118668 0.482184 1.05815e-07 5.86093e-08 1.64425e-07 5.20485e-10 1.64945e-07
4 _663_ sky130_fd_sc_hd__dfrtp_1 D - - 0.072981 0 0.482184 4.37497e-06 5.62297e-08 4.4312e-06 3.48865e-09 4.43469e-06
OpenSTA targeted timing report:
Startpoint: _664_ (rising edge-triggered flip-flop clocked by core)
Endpoint: _663_ (rising edge-triggered flip-flop clocked by core)
Path Group: core
Path Type: min

Fanout         Cap        Slew       Delay        Time   Description
---------------------------------------------------------------------------------------------
                      0.000000    0.000000    0.000000   clock core (rise edge)
                                  0.000000    0.000000   clock network delay (ideal)
                      0.000000    0.000000    0.000000 ^ _664_/CLK (sky130_fd_sc_hd__dfrtp_1)
     1    0.002441    0.046216    0.300769    0.300769 ^ _664_/Q (sky130_fd_sc_hd__dfrtp_1)
                                                         u_gpio_core.gen_input_filter[3].u_filter.diff_ctr_q[3] (net)
                      0.046216    0.000000    0.300769 ^ _298_/A (sky130_fd_sc_hd__inv_1)
     4    0.009338    0.053731    0.062747    0.363516 v _298_/Y (sky130_fd_sc_hd__inv_1)
                                                         _087_ (net)
                      0.053731    0.000000    0.363516 v _301_/A2 (sky130_fd_sc_hd__a21oi_1)
     1    0.002026    0.072981    0.118668    0.482184 ^ _301_/Y (sky130_fd_sc_hd__a21oi_1)
                                                         u_gpio_core.gen_input_filter[3].u_filter.diff_ctr_d[2] (net)
                      0.072981    0.000000    0.482184 ^ _663_/D (sky130_fd_sc_hd__dfrtp_1)
                                              0.482184   data arrival time

                      0.000000    0.000000    0.000000   clock core (rise edge)
                                  0.000000    0.000000   clock network delay (ideal)
                                  0.000000    0.000000   clock reconvergence pessimism
                                              0.000000 ^ _663_/CLK (sky130_fd_sc_hd__dfrtp_1)
                                 -0.048082   -0.048082   library hold time
                                             -0.048082   data required time
---------------------------------------------------------------------------------------------
                                             -0.048082   data required time
                                             -0.482184   data arrival time
---------------------------------------------------------------------------------------------
                                              0.530266   slack (MET)

Hotspot 13: instance=_649_ selected_worst_paths=none internal=4.36426e-06 switching=6.59105e-08 dynamic=4.43017e-06 leakage=3.48864e-09 total=4.43366e-06
Worst path through hotspot: status=met slack=0.530457 type=min group=core
startpoint=_650_ (rising edge-triggered flip-flop clocked by core)
endpoint=_649_ (rising edge-triggered flip-flop clocked by core)
path_power_complete=true
path_average_power_sum internal=8.81525e-06 switching=1.66035e-07 dynamic=8.98129e-06 leakage=7.75108e-09 total=8.98904e-06
stage instance cell pins fanout capacitance slew delay arrival internal switching dynamic leakage total
1 _650_ sky130_fd_sc_hd__dfrtp_1 CLK,Q 4 0.010116 0.103612 0.353432 0.353432 4.26732e-06 5.66403e-08 4.32396e-06 3.48881e-09 4.32745e-06
2 _336_ sky130_fd_sc_hd__o31a_1 A2,X 1 0.002026 0.039234 0.135468 0.4889 1.83671e-07 4.34843e-08 2.27155e-07 7.73629e-10 2.27929e-07
3 _649_ sky130_fd_sc_hd__dfrtp_1 D - - 0.039234 0 0.4889 4.36426e-06 6.59105e-08 4.43017e-06 3.48864e-09 4.43366e-06
OpenSTA targeted timing report:
Startpoint: _650_ (rising edge-triggered flip-flop clocked by core)
Endpoint: _649_ (rising edge-triggered flip-flop clocked by core)
Path Group: core
Path Type: min

Fanout         Cap        Slew       Delay        Time   Description
---------------------------------------------------------------------------------------------
                      0.000000    0.000000    0.000000   clock core (rise edge)
                                  0.000000    0.000000   clock network delay (ideal)
                      0.000000    0.000000    0.000000 ^ _650_/CLK (sky130_fd_sc_hd__dfrtp_1)
     4    0.010116    0.103612    0.353432    0.353432 ^ _650_/Q (sky130_fd_sc_hd__dfrtp_1)
                                                         u_gpio_core.gen_input_filter[1].u_filter.diff_ctr_q[3] (net)
                      0.103612    0.000000    0.353432 ^ _336_/A2 (sky130_fd_sc_hd__o31a_1)
     1    0.002026    0.039234    0.135468    0.488900 ^ _336_/X (sky130_fd_sc_hd__o31a_1)
                                                         u_gpio_core.gen_input_filter[1].u_filter.diff_ctr_d[2] (net)
                      0.039234    0.000000    0.488900 ^ _649_/D (sky130_fd_sc_hd__dfrtp_1)
                                              0.488900   data arrival time

                      0.000000    0.000000    0.000000   clock core (rise edge)
                                  0.000000    0.000000   clock network delay (ideal)
                                  0.000000    0.000000   clock reconvergence pessimism
                                              0.000000 ^ _649_/CLK (sky130_fd_sc_hd__dfrtp_1)
                                 -0.041557   -0.041557   library hold time
                                             -0.041557   data required time
---------------------------------------------------------------------------------------------
                                             -0.041557   data required time
                                             -0.488900   data arrival time
---------------------------------------------------------------------------------------------
                                              0.530457   slack (MET)

Hotspot 14: instance=_656_ selected_worst_paths=none internal=4.36219e-06 switching=3.18905e-08 dynamic=4.39408e-06 leakage=3.48863e-09 total=4.39757e-06
Worst path through hotspot: status=met slack=0.50118 type=min group=core
startpoint=_657_ (rising edge-triggered flip-flop clocked by core)
endpoint=_656_ (rising edge-triggered flip-flop clocked by core)
path_power_complete=true
path_average_power_sum internal=8.77981e-06 switching=1.17413e-07 dynamic=8.89722e-06 leakage=7.80362e-09 total=8.90502e-06
stage instance cell pins fanout capacitance slew delay arrival internal switching dynamic leakage total
1 _657_ sky130_fd_sc_hd__dfrtp_1 CLK,Q 3 0.007508 0.084147 0.336549 0.336549 4.25549e-06 4.20379e-08 4.29753e-06 3.48878e-09 4.30102e-06
2 _318_ sky130_fd_sc_hd__o21a_1 A1,X 1 0.002026 0.03468 0.123955 0.460504 1.62123e-07 4.34843e-08 2.05608e-07 8.26213e-10 2.06434e-07
3 _656_ sky130_fd_sc_hd__dfrtp_1 D - - 0.03468 0 0.460504 4.36219e-06 3.18905e-08 4.39408e-06 3.48863e-09 4.39757e-06
OpenSTA targeted timing report:
Startpoint: _657_ (rising edge-triggered flip-flop clocked by core)
Endpoint: _656_ (rising edge-triggered flip-flop clocked by core)
Path Group: core
Path Type: min

Fanout         Cap        Slew       Delay        Time   Description
---------------------------------------------------------------------------------------------
                      0.000000    0.000000    0.000000   clock core (rise edge)
                                  0.000000    0.000000   clock network delay (ideal)
                      0.000000    0.000000    0.000000 ^ _657_/CLK (sky130_fd_sc_hd__dfrtp_1)
     3    0.007508    0.084147    0.336549    0.336549 ^ _657_/Q (sky130_fd_sc_hd__dfrtp_1)
                                                         u_gpio_core.gen_input_filter[2].u_filter.diff_ctr_q[3] (net)
                      0.084147    0.000000    0.336549 ^ _318_/A1 (sky130_fd_sc_hd__o21a_1)
     1    0.002026    0.034680    0.123955    0.460504 ^ _318_/X (sky130_fd_sc_hd__o21a_1)
                                                         u_gpio_core.gen_input_filter[2].u_filter.diff_ctr_d[2] (net)
                      0.034680    0.000000    0.460504 ^ _656_/D (sky130_fd_sc_hd__dfrtp_1)
                                              0.460504   data arrival time

                      0.000000    0.000000    0.000000   clock core (rise edge)
                                  0.000000    0.000000   clock network delay (ideal)
                                  0.000000    0.000000   clock reconvergence pessimism
                                              0.000000 ^ _656_/CLK (sky130_fd_sc_hd__dfrtp_1)
                                 -0.040676   -0.040676   library hold time
                                             -0.040676   data required time
---------------------------------------------------------------------------------------------
                                             -0.040676   data required time
                                             -0.460504   data arrival time
---------------------------------------------------------------------------------------------
                                              0.501180   slack (MET)

Hotspot 15: instance=_609_ selected_worst_paths=none internal=4.23039e-06 switching=1.248e-07 dynamic=4.35519e-06 leakage=3.46772e-09 total=4.35866e-06
Worst path through hotspot: status=met slack=0.217749 type=min group=core
startpoint=tl_i[62] (input port clocked by core)
endpoint=_609_ (rising edge-triggered flip-flop clocked by core)
path_power_complete=true
path_average_power_sum internal=4.29881e-06 switching=1.64345e-07 dynamic=4.46316e-06 leakage=6.4723e-09 total=4.46963e-06
stage instance cell pins fanout capacitance slew delay arrival internal switching dynamic leakage total
1 _417_ sky130_fd_sc_hd__a221oi_4 A1,Y 13 0.030511 0.067471 0.094533 0.098005 5.29437e-08 3.00922e-08 8.30359e-08 2.54583e-09 8.55818e-08
2 _418_ sky130_fd_sc_hd__nor2_1 B,Y 1 0.002026 0.06496 0.073213 0.171218 1.54799e-08 9.45311e-09 2.4933e-08 4.58755e-10 2.53917e-08
3 _609_ sky130_fd_sc_hd__dfrtp_1 D - - 0.06496 0 0.171218 4.23039e-06 1.248e-07 4.35519e-06 3.46772e-09 4.35866e-06
OpenSTA targeted timing report:
Startpoint: tl_i[62] (input port clocked by core)
Endpoint: _609_ (rising edge-triggered flip-flop clocked by core)
Path Group: core
Path Type: min

Fanout         Cap        Slew       Delay        Time   Description
---------------------------------------------------------------------------------------------
                      0.000000    0.000000    0.000000   clock core (rise edge)
                                  0.000000    0.000000   clock network delay (ideal)
                                  0.000000    0.000000 ^ input external delay
     9    0.034717    0.003472    0.003472    0.003472 ^ tl_i[62] (in)
                                                         tl_i[62] (net)
                      0.003472    0.000000    0.003472 ^ _417_/A1 (sky130_fd_sc_hd__a221oi_4)
    13    0.030511    0.067471    0.094533    0.098005 v _417_/Y (sky130_fd_sc_hd__a221oi_4)
                                                         _175_ (net)
                      0.067471    0.000000    0.098005 v _418_/B (sky130_fd_sc_hd__nor2_1)
     1    0.002026    0.064960    0.073213    0.171218 ^ _418_/Y (sky130_fd_sc_hd__nor2_1)
                                                         _014_ (net)
                      0.064960    0.000000    0.171218 ^ _609_/D (sky130_fd_sc_hd__dfrtp_1)
                                              0.171218   data arrival time

                      0.000000    0.000000    0.000000   clock core (rise edge)
                                  0.000000    0.000000   clock network delay (ideal)
                                  0.000000    0.000000   clock reconvergence pessimism
                                              0.000000 ^ _609_/CLK (sky130_fd_sc_hd__dfrtp_1)
                                 -0.046531   -0.046531   library hold time
                                             -0.046531   data required time
---------------------------------------------------------------------------------------------
                                             -0.046531   data required time
                                             -0.171218   data arrival time
---------------------------------------------------------------------------------------------
                                              0.217749   slack (MET)

Hotspot 16: instance=_638_ selected_worst_paths=none internal=4.27958e-06 switching=6.91747e-08 dynamic=4.34875e-06 leakage=3.92375e-09 total=4.35268e-06
Worst path through hotspot: status=met slack=0.339555 type=min group=core
startpoint=_637_ (rising edge-triggered flip-flop clocked by core)
endpoint=_638_ (rising edge-triggered flip-flop clocked by core)
path_power_complete=true
path_average_power_sum internal=8.55697e-06 switching=8.42997e-08 dynamic=8.64127e-06 leakage=7.84744e-09 total=8.64911e-06
stage instance cell pins fanout capacitance slew delay arrival internal switching dynamic leakage total
1 _637_ sky130_fd_sc_hd__dfrtp_1 CLK,Q 1 0.002026 0.042981 0.297273 0.297273 4.27739e-06 1.5125e-08 4.29251e-06 3.92369e-09 4.29644e-06
2 _638_ sky130_fd_sc_hd__dfrtp_1 D - - 0.042981 0 0.297273 4.27958e-06 6.91747e-08 4.34875e-06 3.92375e-09 4.35268e-06
OpenSTA targeted timing report:
Startpoint: _637_ (rising edge-triggered flip-flop clocked by core)
Endpoint: _638_ (rising edge-triggered flip-flop clocked by core)
Path Group: core
Path Type: min

Fanout         Cap        Slew       Delay        Time   Description
---------------------------------------------------------------------------------------------
                      0.000000    0.000000    0.000000   clock core (rise edge)
                                  0.000000    0.000000   clock network delay (ideal)
                      0.000000    0.000000    0.000000 ^ _637_/CLK (sky130_fd_sc_hd__dfrtp_1)
     1    0.002026    0.042981    0.297273    0.297273 ^ _637_/Q (sky130_fd_sc_hd__dfrtp_1)
                                                         u_gpio_core.gen_input_filter[0].u_filter.gen_async.prim_flop_2sync.intq (net)
                      0.042981    0.000000    0.297273 ^ _638_/D (sky130_fd_sc_hd__dfrtp_1)
                                              0.297273   data arrival time

                      0.000000    0.000000    0.000000   clock core (rise edge)
                                  0.000000    0.000000   clock network delay (ideal)
                                  0.000000    0.000000   clock reconvergence pessimism
                                              0.000000 ^ _638_/CLK (sky130_fd_sc_hd__dfrtp_1)
                                 -0.042281   -0.042281   library hold time
                                             -0.042281   data required time
---------------------------------------------------------------------------------------------
                                             -0.042281   data required time
                                             -0.297273   data arrival time
---------------------------------------------------------------------------------------------
                                              0.339555   slack (MET)

Hotspot 17: instance=_645_ selected_worst_paths=none internal=4.27958e-06 switching=6.91747e-08 dynamic=4.34875e-06 leakage=3.92375e-09 total=4.35268e-06
Worst path through hotspot: status=met slack=0.339555 type=min group=core
startpoint=_644_ (rising edge-triggered flip-flop clocked by core)
endpoint=_645_ (rising edge-triggered flip-flop clocked by core)
path_power_complete=true
path_average_power_sum internal=8.55697e-06 switching=8.42997e-08 dynamic=8.64127e-06 leakage=7.84744e-09 total=8.64911e-06
stage instance cell pins fanout capacitance slew delay arrival internal switching dynamic leakage total
1 _644_ sky130_fd_sc_hd__dfrtp_1 CLK,Q 1 0.002026 0.042981 0.297273 0.297273 4.27739e-06 1.5125e-08 4.29251e-06 3.92369e-09 4.29644e-06
2 _645_ sky130_fd_sc_hd__dfrtp_1 D - - 0.042981 0 0.297273 4.27958e-06 6.91747e-08 4.34875e-06 3.92375e-09 4.35268e-06
OpenSTA targeted timing report:
Startpoint: _644_ (rising edge-triggered flip-flop clocked by core)
Endpoint: _645_ (rising edge-triggered flip-flop clocked by core)
Path Group: core
Path Type: min

Fanout         Cap        Slew       Delay        Time   Description
---------------------------------------------------------------------------------------------
                      0.000000    0.000000    0.000000   clock core (rise edge)
                                  0.000000    0.000000   clock network delay (ideal)
                      0.000000    0.000000    0.000000 ^ _644_/CLK (sky130_fd_sc_hd__dfrtp_1)
     1    0.002026    0.042981    0.297273    0.297273 ^ _644_/Q (sky130_fd_sc_hd__dfrtp_1)
                                                         u_gpio_core.gen_input_filter[1].u_filter.gen_async.prim_flop_2sync.intq (net)
                      0.042981    0.000000    0.297273 ^ _645_/D (sky130_fd_sc_hd__dfrtp_1)
                                              0.297273   data arrival time

                      0.000000    0.000000    0.000000   clock core (rise edge)
                                  0.000000    0.000000   clock network delay (ideal)
                                  0.000000    0.000000   clock reconvergence pessimism
                                              0.000000 ^ _645_/CLK (sky130_fd_sc_hd__dfrtp_1)
                                 -0.042281   -0.042281   library hold time
                                             -0.042281   data required time
---------------------------------------------------------------------------------------------
                                             -0.042281   data required time
                                             -0.297273   data arrival time
---------------------------------------------------------------------------------------------
                                              0.339555   slack (MET)

Hotspot 18: instance=_652_ selected_worst_paths=none internal=4.27958e-06 switching=6.91747e-08 dynamic=4.34875e-06 leakage=3.92375e-09 total=4.35268e-06
Worst path through hotspot: status=met slack=0.339555 type=min group=core
startpoint=_651_ (rising edge-triggered flip-flop clocked by core)
endpoint=_652_ (rising edge-triggered flip-flop clocked by core)
path_power_complete=true
path_average_power_sum internal=8.55697e-06 switching=8.42997e-08 dynamic=8.64127e-06 leakage=7.84744e-09 total=8.64911e-06
stage instance cell pins fanout capacitance slew delay arrival internal switching dynamic leakage total
1 _651_ sky130_fd_sc_hd__dfrtp_1 CLK,Q 1 0.002026 0.042981 0.297273 0.297273 4.27739e-06 1.5125e-08 4.29251e-06 3.92369e-09 4.29644e-06
2 _652_ sky130_fd_sc_hd__dfrtp_1 D - - 0.042981 0 0.297273 4.27958e-06 6.91747e-08 4.34875e-06 3.92375e-09 4.35268e-06
OpenSTA targeted timing report:
Startpoint: _651_ (rising edge-triggered flip-flop clocked by core)
Endpoint: _652_ (rising edge-triggered flip-flop clocked by core)
Path Group: core
Path Type: min

Fanout         Cap        Slew       Delay        Time   Description
---------------------------------------------------------------------------------------------
                      0.000000    0.000000    0.000000   clock core (rise edge)
                                  0.000000    0.000000   clock network delay (ideal)
                      0.000000    0.000000    0.000000 ^ _651_/CLK (sky130_fd_sc_hd__dfrtp_1)
     1    0.002026    0.042981    0.297273    0.297273 ^ _651_/Q (sky130_fd_sc_hd__dfrtp_1)
                                                         u_gpio_core.gen_input_filter[2].u_filter.gen_async.prim_flop_2sync.intq (net)
                      0.042981    0.000000    0.297273 ^ _652_/D (sky130_fd_sc_hd__dfrtp_1)
                                              0.297273   data arrival time

                      0.000000    0.000000    0.000000   clock core (rise edge)
                                  0.000000    0.000000   clock network delay (ideal)
                                  0.000000    0.000000   clock reconvergence pessimism
                                              0.000000 ^ _652_/CLK (sky130_fd_sc_hd__dfrtp_1)
                                 -0.042281   -0.042281   library hold time
                                             -0.042281   data required time
---------------------------------------------------------------------------------------------
                                             -0.042281   data required time
                                             -0.297273   data arrival time
---------------------------------------------------------------------------------------------
                                              0.339555   slack (MET)

Hotspot 19: instance=_659_ selected_worst_paths=none internal=4.27958e-06 switching=6.91747e-08 dynamic=4.34875e-06 leakage=3.92375e-09 total=4.35268e-06
Worst path through hotspot: status=met slack=0.339555 type=min group=core
startpoint=_658_ (rising edge-triggered flip-flop clocked by core)
endpoint=_659_ (rising edge-triggered flip-flop clocked by core)
path_power_complete=true
path_average_power_sum internal=8.55697e-06 switching=8.42997e-08 dynamic=8.64127e-06 leakage=7.84744e-09 total=8.64911e-06
stage instance cell pins fanout capacitance slew delay arrival internal switching dynamic leakage total
1 _658_ sky130_fd_sc_hd__dfrtp_1 CLK,Q 1 0.002026 0.042981 0.297273 0.297273 4.27739e-06 1.5125e-08 4.29251e-06 3.92369e-09 4.29644e-06
2 _659_ sky130_fd_sc_hd__dfrtp_1 D - - 0.042981 0 0.297273 4.27958e-06 6.91747e-08 4.34875e-06 3.92375e-09 4.35268e-06
OpenSTA targeted timing report:
Startpoint: _658_ (rising edge-triggered flip-flop clocked by core)
Endpoint: _659_ (rising edge-triggered flip-flop clocked by core)
Path Group: core
Path Type: min

Fanout         Cap        Slew       Delay        Time   Description
---------------------------------------------------------------------------------------------
                      0.000000    0.000000    0.000000   clock core (rise edge)
                                  0.000000    0.000000   clock network delay (ideal)
                      0.000000    0.000000    0.000000 ^ _658_/CLK (sky130_fd_sc_hd__dfrtp_1)
     1    0.002026    0.042981    0.297273    0.297273 ^ _658_/Q (sky130_fd_sc_hd__dfrtp_1)
                                                         u_gpio_core.gen_input_filter[3].u_filter.gen_async.prim_flop_2sync.intq (net)
                      0.042981    0.000000    0.297273 ^ _659_/D (sky130_fd_sc_hd__dfrtp_1)
                                              0.297273   data arrival time

                      0.000000    0.000000    0.000000   clock core (rise edge)
                                  0.000000    0.000000   clock network delay (ideal)
                                  0.000000    0.000000   clock reconvergence pessimism
                                              0.000000 ^ _659_/CLK (sky130_fd_sc_hd__dfrtp_1)
                                 -0.042281   -0.042281   library hold time
                                             -0.042281   data required time
---------------------------------------------------------------------------------------------
                                             -0.042281   data required time
                                             -0.297273   data arrival time
---------------------------------------------------------------------------------------------
                                              0.339555   slack (MET)

Hotspot 20: instance=_621_ selected_worst_paths=none internal=4.27934e-06 switching=6.40758e-08 dynamic=4.34342e-06 leakage=3.84795e-09 total=4.34726e-06
Worst path through hotspot: status=met slack=0.168087 type=min group=core
startpoint=tl_i[40] (input port clocked by core)
endpoint=_621_ (rising edge-triggered flip-flop clocked by core)
path_power_complete=true
path_average_power_sum internal=4.41616e-06 switching=7.92008e-08 dynamic=4.49536e-06 leakage=5.78783e-09 total=4.50115e-06
stage instance cell pins fanout capacitance slew delay arrival internal switching dynamic leakage total
1 _382_ sky130_fd_sc_hd__mux2_2 A0,X 1 0.002026 0.036135 0.126931 0.12713 1.36823e-07 1.5125e-08 1.51948e-07 1.93988e-09 1.53888e-07
2 _621_ sky130_fd_sc_hd__dfrtp_1 D - - 0.036135 0 0.12713 4.27934e-06 6.40758e-08 4.34342e-06 3.84795e-09 4.34726e-06
OpenSTA targeted timing report:
Startpoint: tl_i[40] (input port clocked by core)
Endpoint: _621_ (rising edge-triggered flip-flop clocked by core)
Path Group: core
Path Type: min

Fanout         Cap        Slew       Delay        Time   Description
---------------------------------------------------------------------------------------------
                      0.000000    0.000000    0.000000   clock core (rise edge)
                                  0.000000    0.000000   clock network delay (ideal)
                                  0.000000    0.000000 ^ input external delay
     1    0.001990    0.000199    0.000199    0.000199 ^ tl_i[40] (in)
                                                         tl_i[40] (net)
                      0.000199    0.000000    0.000199 ^ _382_/A0 (sky130_fd_sc_hd__mux2_2)
     1    0.002026    0.036135    0.126931    0.127130 ^ _382_/X (sky130_fd_sc_hd__mux2_2)
                                                         _005_ (net)
                      0.036135    0.000000    0.127130 ^ _621_/D (sky130_fd_sc_hd__dfrtp_1)
                                              0.127130   data arrival time

                      0.000000    0.000000    0.000000   clock core (rise edge)
                                  0.000000    0.000000   clock network delay (ideal)
                                  0.000000    0.000000   clock reconvergence pessimism
                                              0.000000 ^ _621_/CLK (sky130_fd_sc_hd__dfrtp_1)
                                 -0.040957   -0.040957   library hold time
                                             -0.040957   data required time
---------------------------------------------------------------------------------------------
                                             -0.040957   data required time
                                             -0.127130   data arrival time
---------------------------------------------------------------------------------------------
                                              0.168087   slack (MET)
