analysis=fusion_analysis corner=ff mode=setup stage=post_syn
workload=random_seed_2_sv_ff
methodology=staged_public_opensta
path_power_semantics=average_instance_power_in_same_analysis_context
activity_file=/home/eneadim/github/flexsoc/runs/uart_master/refresh_tlul_repo/signoff/ihp-sg13g2/power/activity/captures/uart_master_ihp-sg13g2_random_seed_2_sv_ff.vcd
activity_scope=uart_master_tb/u_uart_master
liberty=/home/eneadim/github/flexsoc/.flexsoc/pdks/ihp-sg13g2/ihp-sg13g2/libs.ref/sg13g2_stdcell/lib/sg13g2_stdcell_fast_1p65V_m40C.lib
netlist=/home/eneadim/github/flexsoc/runs/uart_master/refresh_tlul_repo/syn/ihp-sg13g2/uart_master_synth.v
sdc=/home/eneadim/github/flexsoc/runs/uart_master/refresh_tlul_repo/constraints/uart_master.sdc
spef=

=== Units ===
 time 1ns
 capacitance 1pF
 resistance 1kohm
 voltage 1v
 current 1uA
 power 1pW
 distance 1um

=== Constraint validation ===

=== Timing summary ===
wns max 0.00
tns max 0.00

=== Activity annotation ===
annotated_percent=100.00%
Unannotated pins: none

=== Power summary ===
Group                  Internal  Switching    Leakage      Total
                          Power      Power      Power      Power (Watts)
----------------------------------------------------------------
Sequential             4.90e-03   6.71e-06   2.30e-06   4.91e-03  99.4%
Combinational          1.38e-05   1.38e-05   2.18e-06   2.98e-05   0.6%
Clock                  0.00e+00   0.00e+00   0.00e+00   0.00e+00   0.0%
Macro                  0.00e+00   0.00e+00   0.00e+00   0.00e+00   0.0%
Pad                    0.00e+00   0.00e+00   0.00e+00   0.00e+00   0.0%
----------------------------------------------------------------
Total                  4.92e-03   2.05e-05   4.48e-06   4.94e-03 100.0%
                          99.5%       0.4%       0.1%

=== Worst timing paths (violated or met) ===
Startpoint: cio_rx_i (input port clocked by core)
Endpoint: cio_tx_o (output port clocked by core)
Path Group: core
Path Type: max

Fanout         Cap        Slew       Delay        Time   Description
---------------------------------------------------------------------------------------------
                      0.000000    0.000000    0.000000   clock core (rise edge)
                                  0.000000    0.000000   clock network delay (ideal)
                                  2.000000    2.000000 v input external delay
     2    0.007888    0.000789    0.000789    2.000789 v cio_rx_i (in)
                                                         cio_rx_i (net)
                      0.000789    0.000000    2.000789 v _3215_/A (sg13g2_nand2_1)
     1    0.004234    0.020306    0.014811    2.015600 ^ _3215_/Y (sg13g2_nand2_1)
                                                         _1898_ (net)
                      0.020306    0.000000    2.015600 ^ _3216_/B1 (sg13g2_o21ai_1)
     1    0.010000    0.045540    0.037145    2.052745 v _3216_/Y (sg13g2_o21ai_1)
                                                         cio_tx_o (net)
                      0.045540    0.000000    2.052745 v cio_tx_o (out)
                                              2.052745   data arrival time

                      0.000000   10.000000   10.000000   clock core (rise edge)
                                  0.000000   10.000000   clock network delay (ideal)
                                  0.000000   10.000000   clock reconvergence pessimism
                                 -2.000000    8.000000   output external delay
                                              8.000000   data required time
---------------------------------------------------------------------------------------------
                                              8.000000   data required time
                                             -2.052745   data arrival time
---------------------------------------------------------------------------------------------
                                              5.947255   slack (MET)


Startpoint: tl_i[62] (input port clocked by core)
Endpoint: _3925_ (rising edge-triggered flip-flop clocked by core)
Path Group: core
Path Type: max

Fanout         Cap        Slew       Delay        Time   Description
---------------------------------------------------------------------------------------------
                      0.000000    0.000000    0.000000   clock core (rise edge)
                                  0.000000    0.000000   clock network delay (ideal)
                                  2.000000    2.000000 ^ input external delay
     2    0.007830    0.000783    0.000783    2.000783 ^ tl_i[62] (in)
                                                         tl_i[62] (net)
                      0.000783    0.000000    2.000783 ^ _3633_/A (sg13g2_inv_1)
     4    0.014054    0.023127    0.023655    2.024438 v _3633_/Y (sg13g2_inv_1)
                                                         _0767_ (net)
                      0.023127    0.000000    2.024438 v _3686_/B (sg13g2_nor3_1)
     6    0.023938    0.157200    0.127578    2.152016 ^ _3686_/Y (sg13g2_nor3_1)
                                                         _0810_ (net)
                      0.157200    0.000000    2.152016 ^ _3694_/A (sg13g2_inv_1)
     3    0.010600    0.043964    0.045948    2.197965 v _3694_/Y (sg13g2_inv_1)
                                                         _0817_ (net)
                      0.043964    0.000000    2.197965 v _2080_/B1 (sg13g2_a22oi_1)
     1    0.005214    0.047270    0.047534    2.245498 ^ _2080_/Y (sg13g2_a22oi_1)
                                                         _1123_ (net)
                      0.047270    0.000000    2.245498 ^ _2081_/D (sg13g2_nor4_1)
     2    0.008209    0.025211    0.028835    2.274333 v _2081_/Y (sg13g2_nor4_1)
                                                         _1124_ (net)
                      0.025211    0.000000    2.274333 v _2085_/A (sg13g2_nand2_1)
     2    0.009142    0.027742    0.025483    2.299816 ^ _2085_/Y (sg13g2_nand2_1)
                                                         _1128_ (net)
                      0.027742    0.000000    2.299816 ^ _2928_/A (sg13g2_inv_1)
     2    0.008379    0.019636    0.021971    2.321787 v _2928_/Y (sg13g2_inv_1)
                                                         _1671_ (net)
                      0.019636    0.000000    2.321787 v _2929_/A (sg13g2_nand2_1)
     1    0.003303    0.016786    0.015901    2.337688 ^ _2929_/Y (sg13g2_nand2_1)
                                                         _1672_ (net)
                      0.016786    0.000000    2.337688 ^ _2930_/A (sg13g2_buf_2)
    22    0.084815    0.089122    0.089301    2.426988 ^ _2930_/X (sg13g2_buf_2)
                                                         _1673_ (net)
                      0.089122    0.000000    2.426988 ^ _2931_/A (sg13g2_buf_2)
    21    0.113737    0.118225    0.126421    2.553409 ^ _2931_/X (sg13g2_buf_2)
                                                         _1674_ (net)
                      0.118225    0.000000    2.553409 ^ _2935_/S (sg13g2_mux2_1)
     1    0.001894    0.015799    0.084875    2.638285 v _2935_/X (sg13g2_mux2_1)
                                                         _0426_ (net)
                      0.015799    0.000000    2.638285 v _3925_/D (sg13g2_dfrbpq_1)
                                              2.638285   data arrival time

                      0.000000   10.000000   10.000000   clock core (rise edge)
                                  0.000000   10.000000   clock network delay (ideal)
                                  0.000000   10.000000   clock reconvergence pessimism
                                             10.000000 ^ _3925_/CLK (sg13g2_dfrbpq_1)
                                 -0.045284    9.954717   library setup time
                                              9.954717   data required time
---------------------------------------------------------------------------------------------
                                              9.954717   data required time
                                             -2.638285   data arrival time
---------------------------------------------------------------------------------------------
                                              7.316432   slack (MET)


Startpoint: tl_i[62] (input port clocked by core)
Endpoint: _3926_ (rising edge-triggered flip-flop clocked by core)
Path Group: core
Path Type: max

Fanout         Cap        Slew       Delay        Time   Description
---------------------------------------------------------------------------------------------
                      0.000000    0.000000    0.000000   clock core (rise edge)
                                  0.000000    0.000000   clock network delay (ideal)
                                  2.000000    2.000000 ^ input external delay
     2    0.007830    0.000783    0.000783    2.000783 ^ tl_i[62] (in)
                                                         tl_i[62] (net)
                      0.000783    0.000000    2.000783 ^ _3633_/A (sg13g2_inv_1)
     4    0.014054    0.023127    0.023655    2.024438 v _3633_/Y (sg13g2_inv_1)
                                                         _0767_ (net)
                      0.023127    0.000000    2.024438 v _3686_/B (sg13g2_nor3_1)
     6    0.023938    0.157200    0.127578    2.152016 ^ _3686_/Y (sg13g2_nor3_1)
                                                         _0810_ (net)
                      0.157200    0.000000    2.152016 ^ _3694_/A (sg13g2_inv_1)
     3    0.010600    0.043964    0.045948    2.197965 v _3694_/Y (sg13g2_inv_1)
                                                         _0817_ (net)
                      0.043964    0.000000    2.197965 v _2080_/B1 (sg13g2_a22oi_1)
     1    0.005214    0.047270    0.047534    2.245498 ^ _2080_/Y (sg13g2_a22oi_1)
                                                         _1123_ (net)
                      0.047270    0.000000    2.245498 ^ _2081_/D (sg13g2_nor4_1)
     2    0.008209    0.025211    0.028835    2.274333 v _2081_/Y (sg13g2_nor4_1)
                                                         _1124_ (net)
                      0.025211    0.000000    2.274333 v _2085_/A (sg13g2_nand2_1)
     2    0.009142    0.027742    0.025483    2.299816 ^ _2085_/Y (sg13g2_nand2_1)
                                                         _1128_ (net)
                      0.027742    0.000000    2.299816 ^ _2928_/A (sg13g2_inv_1)
     2    0.008379    0.019636    0.021971    2.321787 v _2928_/Y (sg13g2_inv_1)
                                                         _1671_ (net)
                      0.019636    0.000000    2.321787 v _2929_/A (sg13g2_nand2_1)
     1    0.003303    0.016786    0.015901    2.337688 ^ _2929_/Y (sg13g2_nand2_1)
                                                         _1672_ (net)
                      0.016786    0.000000    2.337688 ^ _2930_/A (sg13g2_buf_2)
    22    0.084815    0.089122    0.089301    2.426988 ^ _2930_/X (sg13g2_buf_2)
                                                         _1673_ (net)
                      0.089122    0.000000    2.426988 ^ _2931_/A (sg13g2_buf_2)
    21    0.113737    0.118225    0.126421    2.553409 ^ _2931_/X (sg13g2_buf_2)
                                                         _1674_ (net)
                      0.118225    0.000000    2.553409 ^ _2934_/S (sg13g2_mux2_1)
     1    0.001894    0.015589    0.084875    2.638285 v _2934_/X (sg13g2_mux2_1)
                                                         _0425_ (net)
                      0.015589    0.000000    2.638285 v _3926_/D (sg13g2_dfrbpq_1)
                                              2.638285   data arrival time

                      0.000000   10.000000   10.000000   clock core (rise edge)
                                  0.000000   10.000000   clock network delay (ideal)
                                  0.000000   10.000000   clock reconvergence pessimism
                                             10.000000 ^ _3926_/CLK (sg13g2_dfrbpq_1)
                                 -0.045243    9.954758   library setup time
                                              9.954758   data required time
---------------------------------------------------------------------------------------------
                                              9.954758   data required time
                                             -2.638285   data arrival time
---------------------------------------------------------------------------------------------
                                              7.316473   slack (MET)


Startpoint: tl_i[62] (input port clocked by core)
Endpoint: _3920_ (rising edge-triggered flip-flop clocked by core)
Path Group: core
Path Type: max

Fanout         Cap        Slew       Delay        Time   Description
---------------------------------------------------------------------------------------------
                      0.000000    0.000000    0.000000   clock core (rise edge)
                                  0.000000    0.000000   clock network delay (ideal)
                                  2.000000    2.000000 ^ input external delay
     2    0.007830    0.000783    0.000783    2.000783 ^ tl_i[62] (in)
                                                         tl_i[62] (net)
                      0.000783    0.000000    2.000783 ^ _3633_/A (sg13g2_inv_1)
     4    0.014054    0.023127    0.023655    2.024438 v _3633_/Y (sg13g2_inv_1)
                                                         _0767_ (net)
                      0.023127    0.000000    2.024438 v _3686_/B (sg13g2_nor3_1)
     6    0.023938    0.157200    0.127578    2.152016 ^ _3686_/Y (sg13g2_nor3_1)
                                                         _0810_ (net)
                      0.157200    0.000000    2.152016 ^ _3694_/A (sg13g2_inv_1)
     3    0.010600    0.043964    0.045948    2.197965 v _3694_/Y (sg13g2_inv_1)
                                                         _0817_ (net)
                      0.043964    0.000000    2.197965 v _2080_/B1 (sg13g2_a22oi_1)
     1    0.005214    0.047270    0.047534    2.245498 ^ _2080_/Y (sg13g2_a22oi_1)
                                                         _1123_ (net)
                      0.047270    0.000000    2.245498 ^ _2081_/D (sg13g2_nor4_1)
     2    0.008209    0.025211    0.028835    2.274333 v _2081_/Y (sg13g2_nor4_1)
                                                         _1124_ (net)
                      0.025211    0.000000    2.274333 v _2085_/A (sg13g2_nand2_1)
     2    0.009142    0.027742    0.025483    2.299816 ^ _2085_/Y (sg13g2_nand2_1)
                                                         _1128_ (net)
                      0.027742    0.000000    2.299816 ^ _2928_/A (sg13g2_inv_1)
     2    0.008379    0.019636    0.021971    2.321787 v _2928_/Y (sg13g2_inv_1)
                                                         _1671_ (net)
                      0.019636    0.000000    2.321787 v _2929_/A (sg13g2_nand2_1)
     1    0.003303    0.016786    0.015901    2.337688 ^ _2929_/Y (sg13g2_nand2_1)
                                                         _1672_ (net)
                      0.016786    0.000000    2.337688 ^ _2930_/A (sg13g2_buf_2)
    22    0.084815    0.089122    0.089301    2.426988 ^ _2930_/X (sg13g2_buf_2)
                                                         _1673_ (net)
                      0.089122    0.000000    2.426988 ^ _2931_/A (sg13g2_buf_2)
    21    0.113737    0.118225    0.126421    2.553409 ^ _2931_/X (sg13g2_buf_2)
                                                         _1674_ (net)
                      0.118225    0.000000    2.553409 ^ _2944_/A2 (sg13g2_a21oi_1)
     1    0.001894    0.032043    0.038398    2.591808 v _2944_/Y (sg13g2_a21oi_1)
                                                         _0431_ (net)
                      0.032043    0.000000    2.591808 v _3920_/D (sg13g2_dfrbpq_1)
                                              2.591808   data arrival time

                      0.000000   10.000000   10.000000   clock core (rise edge)
                                  0.000000   10.000000   clock network delay (ideal)
                                  0.000000   10.000000   clock reconvergence pessimism
                                             10.000000 ^ _3920_/CLK (sg13g2_dfrbpq_1)
                                 -0.048481    9.951519   library setup time
                                              9.951519   data required time
---------------------------------------------------------------------------------------------
                                              9.951519   data required time
                                             -2.591808   data arrival time
---------------------------------------------------------------------------------------------
                                              7.359711   slack (MET)


Startpoint: tl_i[62] (input port clocked by core)
Endpoint: _3912_ (rising edge-triggered flip-flop clocked by core)
Path Group: core
Path Type: max

Fanout         Cap        Slew       Delay        Time   Description
---------------------------------------------------------------------------------------------
                      0.000000    0.000000    0.000000   clock core (rise edge)
                                  0.000000    0.000000   clock network delay (ideal)
                                  2.000000    2.000000 ^ input external delay
     2    0.007830    0.000783    0.000783    2.000783 ^ tl_i[62] (in)
                                                         tl_i[62] (net)
                      0.000783    0.000000    2.000783 ^ _3633_/A (sg13g2_inv_1)
     4    0.014054    0.023127    0.023655    2.024438 v _3633_/Y (sg13g2_inv_1)
                                                         _0767_ (net)
                      0.023127    0.000000    2.024438 v _3686_/B (sg13g2_nor3_1)
     6    0.023938    0.157200    0.127578    2.152016 ^ _3686_/Y (sg13g2_nor3_1)
                                                         _0810_ (net)
                      0.157200    0.000000    2.152016 ^ _3694_/A (sg13g2_inv_1)
     3    0.010600    0.043964    0.045948    2.197965 v _3694_/Y (sg13g2_inv_1)
                                                         _0817_ (net)
                      0.043964    0.000000    2.197965 v _2080_/B1 (sg13g2_a22oi_1)
     1    0.005214    0.047270    0.047534    2.245498 ^ _2080_/Y (sg13g2_a22oi_1)
                                                         _1123_ (net)
                      0.047270    0.000000    2.245498 ^ _2081_/D (sg13g2_nor4_1)
     2    0.008209    0.025211    0.028835    2.274333 v _2081_/Y (sg13g2_nor4_1)
                                                         _1124_ (net)
                      0.025211    0.000000    2.274333 v _2085_/A (sg13g2_nand2_1)
     2    0.009142    0.027742    0.025483    2.299816 ^ _2085_/Y (sg13g2_nand2_1)
                                                         _1128_ (net)
                      0.027742    0.000000    2.299816 ^ _2928_/A (sg13g2_inv_1)
     2    0.008379    0.019636    0.021971    2.321787 v _2928_/Y (sg13g2_inv_1)
                                                         _1671_ (net)
                      0.019636    0.000000    2.321787 v _2929_/A (sg13g2_nand2_1)
     1    0.003303    0.016786    0.015901    2.337688 ^ _2929_/Y (sg13g2_nand2_1)
                                                         _1672_ (net)
                      0.016786    0.000000    2.337688 ^ _2930_/A (sg13g2_buf_2)
    22    0.084815    0.089122    0.089301    2.426988 ^ _2930_/X (sg13g2_buf_2)
                                                         _1673_ (net)
                      0.089122    0.000000    2.426988 ^ _2931_/A (sg13g2_buf_2)
    21    0.113737    0.118225    0.126421    2.553409 ^ _2931_/X (sg13g2_buf_2)
                                                         _1674_ (net)
                      0.118225    0.000000    2.553409 ^ _3285_/A2 (sg13g2_o21ai_1)
     1    0.001894    0.026703    0.029861    2.583270 v _3285_/Y (sg13g2_o21ai_1)
                                                         _0502_ (net)
                      0.026703    0.000000    2.583270 v _3912_/D (sg13g2_dfrbpq_1)
                                              2.583270   data arrival time

                      0.000000   10.000000   10.000000   clock core (rise edge)
                                  0.000000   10.000000   clock network delay (ideal)
                                  0.000000   10.000000   clock reconvergence pessimism
                                             10.000000 ^ _3912_/CLK (sg13g2_dfrbpq_1)
                                 -0.047430    9.952570   library setup time
                                              9.952570   data required time
---------------------------------------------------------------------------------------------
                                              9.952570   data required time
                                             -2.583270   data arrival time
---------------------------------------------------------------------------------------------
                                              7.369299   slack (MET)


Startpoint: tl_i[62] (input port clocked by core)
Endpoint: _3913_ (rising edge-triggered flip-flop clocked by core)
Path Group: core
Path Type: max

Fanout         Cap        Slew       Delay        Time   Description
---------------------------------------------------------------------------------------------
                      0.000000    0.000000    0.000000   clock core (rise edge)
                                  0.000000    0.000000   clock network delay (ideal)
                                  2.000000    2.000000 ^ input external delay
     2    0.007830    0.000783    0.000783    2.000783 ^ tl_i[62] (in)
                                                         tl_i[62] (net)
                      0.000783    0.000000    2.000783 ^ _3633_/A (sg13g2_inv_1)
     4    0.014054    0.023127    0.023655    2.024438 v _3633_/Y (sg13g2_inv_1)
                                                         _0767_ (net)
                      0.023127    0.000000    2.024438 v _3686_/B (sg13g2_nor3_1)
     6    0.023938    0.157200    0.127578    2.152016 ^ _3686_/Y (sg13g2_nor3_1)
                                                         _0810_ (net)
                      0.157200    0.000000    2.152016 ^ _3694_/A (sg13g2_inv_1)
     3    0.010600    0.043964    0.045948    2.197965 v _3694_/Y (sg13g2_inv_1)
                                                         _0817_ (net)
                      0.043964    0.000000    2.197965 v _2080_/B1 (sg13g2_a22oi_1)
     1    0.005214    0.047270    0.047534    2.245498 ^ _2080_/Y (sg13g2_a22oi_1)
                                                         _1123_ (net)
                      0.047270    0.000000    2.245498 ^ _2081_/D (sg13g2_nor4_1)
     2    0.008209    0.025211    0.028835    2.274333 v _2081_/Y (sg13g2_nor4_1)
                                                         _1124_ (net)
                      0.025211    0.000000    2.274333 v _2085_/A (sg13g2_nand2_1)
     2    0.009142    0.027742    0.025483    2.299816 ^ _2085_/Y (sg13g2_nand2_1)
                                                         _1128_ (net)
                      0.027742    0.000000    2.299816 ^ _2928_/A (sg13g2_inv_1)
     2    0.008379    0.019636    0.021971    2.321787 v _2928_/Y (sg13g2_inv_1)
                                                         _1671_ (net)
                      0.019636    0.000000    2.321787 v _2929_/A (sg13g2_nand2_1)
     1    0.003303    0.016786    0.015901    2.337688 ^ _2929_/Y (sg13g2_nand2_1)
                                                         _1672_ (net)
                      0.016786    0.000000    2.337688 ^ _2930_/A (sg13g2_buf_2)
    22    0.084815    0.089122    0.089301    2.426988 ^ _2930_/X (sg13g2_buf_2)
                                                         _1673_ (net)
                      0.089122    0.000000    2.426988 ^ _2931_/A (sg13g2_buf_2)
    21    0.113737    0.118225    0.126421    2.553409 ^ _2931_/X (sg13g2_buf_2)
                                                         _1674_ (net)
                      0.118225    0.000000    2.553409 ^ _2958_/A2 (sg13g2_o21ai_1)
     1    0.001894    0.026703    0.029861    2.583270 v _2958_/Y (sg13g2_o21ai_1)
                                                         _0438_ (net)
                      0.026703    0.000000    2.583270 v _3913_/D (sg13g2_dfrbpq_1)
                                              2.583270   data arrival time

                      0.000000   10.000000   10.000000   clock core (rise edge)
                                  0.000000   10.000000   clock network delay (ideal)
                                  0.000000   10.000000   clock reconvergence pessimism
                                             10.000000 ^ _3913_/CLK (sg13g2_dfrbpq_1)
                                 -0.047430    9.952570   library setup time
                                              9.952570   data required time
---------------------------------------------------------------------------------------------
                                              9.952570   data required time
                                             -2.583270   data arrival time
---------------------------------------------------------------------------------------------
                                              7.369299   slack (MET)


Startpoint: tl_i[62] (input port clocked by core)
Endpoint: _3914_ (rising edge-triggered flip-flop clocked by core)
Path Group: core
Path Type: max

Fanout         Cap        Slew       Delay        Time   Description
---------------------------------------------------------------------------------------------
                      0.000000    0.000000    0.000000   clock core (rise edge)
                                  0.000000    0.000000   clock network delay (ideal)
                                  2.000000    2.000000 ^ input external delay
     2    0.007830    0.000783    0.000783    2.000783 ^ tl_i[62] (in)
                                                         tl_i[62] (net)
                      0.000783    0.000000    2.000783 ^ _3633_/A (sg13g2_inv_1)
     4    0.014054    0.023127    0.023655    2.024438 v _3633_/Y (sg13g2_inv_1)
                                                         _0767_ (net)
                      0.023127    0.000000    2.024438 v _3686_/B (sg13g2_nor3_1)
     6    0.023938    0.157200    0.127578    2.152016 ^ _3686_/Y (sg13g2_nor3_1)
                                                         _0810_ (net)
                      0.157200    0.000000    2.152016 ^ _3694_/A (sg13g2_inv_1)
     3    0.010600    0.043964    0.045948    2.197965 v _3694_/Y (sg13g2_inv_1)
                                                         _0817_ (net)
                      0.043964    0.000000    2.197965 v _2080_/B1 (sg13g2_a22oi_1)
     1    0.005214    0.047270    0.047534    2.245498 ^ _2080_/Y (sg13g2_a22oi_1)
                                                         _1123_ (net)
                      0.047270    0.000000    2.245498 ^ _2081_/D (sg13g2_nor4_1)
     2    0.008209    0.025211    0.028835    2.274333 v _2081_/Y (sg13g2_nor4_1)
                                                         _1124_ (net)
                      0.025211    0.000000    2.274333 v _2085_/A (sg13g2_nand2_1)
     2    0.009142    0.027742    0.025483    2.299816 ^ _2085_/Y (sg13g2_nand2_1)
                                                         _1128_ (net)
                      0.027742    0.000000    2.299816 ^ _2928_/A (sg13g2_inv_1)
     2    0.008379    0.019636    0.021971    2.321787 v _2928_/Y (sg13g2_inv_1)
                                                         _1671_ (net)
                      0.019636    0.000000    2.321787 v _2929_/A (sg13g2_nand2_1)
     1    0.003303    0.016786    0.015901    2.337688 ^ _2929_/Y (sg13g2_nand2_1)
                                                         _1672_ (net)
                      0.016786    0.000000    2.337688 ^ _2930_/A (sg13g2_buf_2)
    22    0.084815    0.089122    0.089301    2.426988 ^ _2930_/X (sg13g2_buf_2)
                                                         _1673_ (net)
                      0.089122    0.000000    2.426988 ^ _2931_/A (sg13g2_buf_2)
    21    0.113737    0.118225    0.126421    2.553409 ^ _2931_/X (sg13g2_buf_2)
                                                         _1674_ (net)
                      0.118225    0.000000    2.553409 ^ _2956_/A2 (sg13g2_o21ai_1)
     1    0.001894    0.026703    0.029861    2.583270 v _2956_/Y (sg13g2_o21ai_1)
                                                         _0437_ (net)
                      0.026703    0.000000    2.583270 v _3914_/D (sg13g2_dfrbpq_1)
                                              2.583270   data arrival time

                      0.000000   10.000000   10.000000   clock core (rise edge)
                                  0.000000   10.000000   clock network delay (ideal)
                                  0.000000   10.000000   clock reconvergence pessimism
                                             10.000000 ^ _3914_/CLK (sg13g2_dfrbpq_1)
                                 -0.047430    9.952570   library setup time
                                              9.952570   data required time
---------------------------------------------------------------------------------------------
                                              9.952570   data required time
                                             -2.583270   data arrival time
---------------------------------------------------------------------------------------------
                                              7.369299   slack (MET)


Startpoint: tl_i[62] (input port clocked by core)
Endpoint: _3915_ (rising edge-triggered flip-flop clocked by core)
Path Group: core
Path Type: max

Fanout         Cap        Slew       Delay        Time   Description
---------------------------------------------------------------------------------------------
                      0.000000    0.000000    0.000000   clock core (rise edge)
                                  0.000000    0.000000   clock network delay (ideal)
                                  2.000000    2.000000 ^ input external delay
     2    0.007830    0.000783    0.000783    2.000783 ^ tl_i[62] (in)
                                                         tl_i[62] (net)
                      0.000783    0.000000    2.000783 ^ _3633_/A (sg13g2_inv_1)
     4    0.014054    0.023127    0.023655    2.024438 v _3633_/Y (sg13g2_inv_1)
                                                         _0767_ (net)
                      0.023127    0.000000    2.024438 v _3686_/B (sg13g2_nor3_1)
     6    0.023938    0.157200    0.127578    2.152016 ^ _3686_/Y (sg13g2_nor3_1)
                                                         _0810_ (net)
                      0.157200    0.000000    2.152016 ^ _3694_/A (sg13g2_inv_1)
     3    0.010600    0.043964    0.045948    2.197965 v _3694_/Y (sg13g2_inv_1)
                                                         _0817_ (net)
                      0.043964    0.000000    2.197965 v _2080_/B1 (sg13g2_a22oi_1)
     1    0.005214    0.047270    0.047534    2.245498 ^ _2080_/Y (sg13g2_a22oi_1)
                                                         _1123_ (net)
                      0.047270    0.000000    2.245498 ^ _2081_/D (sg13g2_nor4_1)
     2    0.008209    0.025211    0.028835    2.274333 v _2081_/Y (sg13g2_nor4_1)
                                                         _1124_ (net)
                      0.025211    0.000000    2.274333 v _2085_/A (sg13g2_nand2_1)
     2    0.009142    0.027742    0.025483    2.299816 ^ _2085_/Y (sg13g2_nand2_1)
                                                         _1128_ (net)
                      0.027742    0.000000    2.299816 ^ _2928_/A (sg13g2_inv_1)
     2    0.008379    0.019636    0.021971    2.321787 v _2928_/Y (sg13g2_inv_1)
                                                         _1671_ (net)
                      0.019636    0.000000    2.321787 v _2929_/A (sg13g2_nand2_1)
     1    0.003303    0.016786    0.015901    2.337688 ^ _2929_/Y (sg13g2_nand2_1)
                                                         _1672_ (net)
                      0.016786    0.000000    2.337688 ^ _2930_/A (sg13g2_buf_2)
    22    0.084815    0.089122    0.089301    2.426988 ^ _2930_/X (sg13g2_buf_2)
                                                         _1673_ (net)
                      0.089122    0.000000    2.426988 ^ _2931_/A (sg13g2_buf_2)
    21    0.113737    0.118225    0.126421    2.553409 ^ _2931_/X (sg13g2_buf_2)
                                                         _1674_ (net)
                      0.118225    0.000000    2.553409 ^ _2954_/A2 (sg13g2_o21ai_1)
     1    0.001894    0.026703    0.029861    2.583270 v _2954_/Y (sg13g2_o21ai_1)
                                                         _0436_ (net)
                      0.026703    0.000000    2.583270 v _3915_/D (sg13g2_dfrbpq_1)
                                              2.583270   data arrival time

                      0.000000   10.000000   10.000000   clock core (rise edge)
                                  0.000000   10.000000   clock network delay (ideal)
                                  0.000000   10.000000   clock reconvergence pessimism
                                             10.000000 ^ _3915_/CLK (sg13g2_dfrbpq_1)
                                 -0.047430    9.952570   library setup time
                                              9.952570   data required time
---------------------------------------------------------------------------------------------
                                              9.952570   data required time
                                             -2.583270   data arrival time
---------------------------------------------------------------------------------------------
                                              7.369299   slack (MET)


Startpoint: tl_i[62] (input port clocked by core)
Endpoint: _3916_ (rising edge-triggered flip-flop clocked by core)
Path Group: core
Path Type: max

Fanout         Cap        Slew       Delay        Time   Description
---------------------------------------------------------------------------------------------
                      0.000000    0.000000    0.000000   clock core (rise edge)
                                  0.000000    0.000000   clock network delay (ideal)
                                  2.000000    2.000000 ^ input external delay
     2    0.007830    0.000783    0.000783    2.000783 ^ tl_i[62] (in)
                                                         tl_i[62] (net)
                      0.000783    0.000000    2.000783 ^ _3633_/A (sg13g2_inv_1)
     4    0.014054    0.023127    0.023655    2.024438 v _3633_/Y (sg13g2_inv_1)
                                                         _0767_ (net)
                      0.023127    0.000000    2.024438 v _3686_/B (sg13g2_nor3_1)
     6    0.023938    0.157200    0.127578    2.152016 ^ _3686_/Y (sg13g2_nor3_1)
                                                         _0810_ (net)
                      0.157200    0.000000    2.152016 ^ _3694_/A (sg13g2_inv_1)
     3    0.010600    0.043964    0.045948    2.197965 v _3694_/Y (sg13g2_inv_1)
                                                         _0817_ (net)
                      0.043964    0.000000    2.197965 v _2080_/B1 (sg13g2_a22oi_1)
     1    0.005214    0.047270    0.047534    2.245498 ^ _2080_/Y (sg13g2_a22oi_1)
                                                         _1123_ (net)
                      0.047270    0.000000    2.245498 ^ _2081_/D (sg13g2_nor4_1)
     2    0.008209    0.025211    0.028835    2.274333 v _2081_/Y (sg13g2_nor4_1)
                                                         _1124_ (net)
                      0.025211    0.000000    2.274333 v _2085_/A (sg13g2_nand2_1)
     2    0.009142    0.027742    0.025483    2.299816 ^ _2085_/Y (sg13g2_nand2_1)
                                                         _1128_ (net)
                      0.027742    0.000000    2.299816 ^ _2928_/A (sg13g2_inv_1)
     2    0.008379    0.019636    0.021971    2.321787 v _2928_/Y (sg13g2_inv_1)
                                                         _1671_ (net)
                      0.019636    0.000000    2.321787 v _2929_/A (sg13g2_nand2_1)
     1    0.003303    0.016786    0.015901    2.337688 ^ _2929_/Y (sg13g2_nand2_1)
                                                         _1672_ (net)
                      0.016786    0.000000    2.337688 ^ _2930_/A (sg13g2_buf_2)
    22    0.084815    0.089122    0.089301    2.426988 ^ _2930_/X (sg13g2_buf_2)
                                                         _1673_ (net)
                      0.089122    0.000000    2.426988 ^ _2931_/A (sg13g2_buf_2)
    21    0.113737    0.118225    0.126421    2.553409 ^ _2931_/X (sg13g2_buf_2)
                                                         _1674_ (net)
                      0.118225    0.000000    2.553409 ^ _2952_/A2 (sg13g2_o21ai_1)
     1    0.001894    0.026703    0.029861    2.583270 v _2952_/Y (sg13g2_o21ai_1)
                                                         _0435_ (net)
                      0.026703    0.000000    2.583270 v _3916_/D (sg13g2_dfrbpq_1)
                                              2.583270   data arrival time

                      0.000000   10.000000   10.000000   clock core (rise edge)
                                  0.000000   10.000000   clock network delay (ideal)
                                  0.000000   10.000000   clock reconvergence pessimism
                                             10.000000 ^ _3916_/CLK (sg13g2_dfrbpq_1)
                                 -0.047430    9.952570   library setup time
                                              9.952570   data required time
---------------------------------------------------------------------------------------------
                                              9.952570   data required time
                                             -2.583270   data arrival time
---------------------------------------------------------------------------------------------
                                              7.369299   slack (MET)


Startpoint: tl_i[62] (input port clocked by core)
Endpoint: _3917_ (rising edge-triggered flip-flop clocked by core)
Path Group: core
Path Type: max

Fanout         Cap        Slew       Delay        Time   Description
---------------------------------------------------------------------------------------------
                      0.000000    0.000000    0.000000   clock core (rise edge)
                                  0.000000    0.000000   clock network delay (ideal)
                                  2.000000    2.000000 ^ input external delay
     2    0.007830    0.000783    0.000783    2.000783 ^ tl_i[62] (in)
                                                         tl_i[62] (net)
                      0.000783    0.000000    2.000783 ^ _3633_/A (sg13g2_inv_1)
     4    0.014054    0.023127    0.023655    2.024438 v _3633_/Y (sg13g2_inv_1)
                                                         _0767_ (net)
                      0.023127    0.000000    2.024438 v _3686_/B (sg13g2_nor3_1)
     6    0.023938    0.157200    0.127578    2.152016 ^ _3686_/Y (sg13g2_nor3_1)
                                                         _0810_ (net)
                      0.157200    0.000000    2.152016 ^ _3694_/A (sg13g2_inv_1)
     3    0.010600    0.043964    0.045948    2.197965 v _3694_/Y (sg13g2_inv_1)
                                                         _0817_ (net)
                      0.043964    0.000000    2.197965 v _2080_/B1 (sg13g2_a22oi_1)
     1    0.005214    0.047270    0.047534    2.245498 ^ _2080_/Y (sg13g2_a22oi_1)
                                                         _1123_ (net)
                      0.047270    0.000000    2.245498 ^ _2081_/D (sg13g2_nor4_1)
     2    0.008209    0.025211    0.028835    2.274333 v _2081_/Y (sg13g2_nor4_1)
                                                         _1124_ (net)
                      0.025211    0.000000    2.274333 v _2085_/A (sg13g2_nand2_1)
     2    0.009142    0.027742    0.025483    2.299816 ^ _2085_/Y (sg13g2_nand2_1)
                                                         _1128_ (net)
                      0.027742    0.000000    2.299816 ^ _2928_/A (sg13g2_inv_1)
     2    0.008379    0.019636    0.021971    2.321787 v _2928_/Y (sg13g2_inv_1)
                                                         _1671_ (net)
                      0.019636    0.000000    2.321787 v _2929_/A (sg13g2_nand2_1)
     1    0.003303    0.016786    0.015901    2.337688 ^ _2929_/Y (sg13g2_nand2_1)
                                                         _1672_ (net)
                      0.016786    0.000000    2.337688 ^ _2930_/A (sg13g2_buf_2)
    22    0.084815    0.089122    0.089301    2.426988 ^ _2930_/X (sg13g2_buf_2)
                                                         _1673_ (net)
                      0.089122    0.000000    2.426988 ^ _2931_/A (sg13g2_buf_2)
    21    0.113737    0.118225    0.126421    2.553409 ^ _2931_/X (sg13g2_buf_2)
                                                         _1674_ (net)
                      0.118225    0.000000    2.553409 ^ _2950_/A2 (sg13g2_o21ai_1)
     1    0.001894    0.026703    0.029861    2.583270 v _2950_/Y (sg13g2_o21ai_1)
                                                         _0434_ (net)
                      0.026703    0.000000    2.583270 v _3917_/D (sg13g2_dfrbpq_1)
                                              2.583270   data arrival time

                      0.000000   10.000000   10.000000   clock core (rise edge)
                                  0.000000   10.000000   clock network delay (ideal)
                                  0.000000   10.000000   clock reconvergence pessimism
                                             10.000000 ^ _3917_/CLK (sg13g2_dfrbpq_1)
                                 -0.047430    9.952570   library setup time
                                              9.952570   data required time
---------------------------------------------------------------------------------------------
                                              9.952570   data required time
                                             -2.583270   data arrival time
---------------------------------------------------------------------------------------------
                                              7.369299   slack (MET)


Startpoint: rst_ni (input port clocked by core)
Endpoint: _4172_ (recovery check against rising-edge clock core)
Path Group: asynchronous
Path Type: max

Fanout         Cap        Slew       Delay        Time   Description
---------------------------------------------------------------------------------------------
                      0.000000    0.000000    0.000000   clock core (rise edge)
                                  0.000000    0.000000   clock network delay (ideal)
                                  2.000000    2.000000 ^ input external delay
     2    0.013193    0.001319    0.001319    2.001319 ^ rst_ni (in)
                                                         rst_ni (net)
                      0.001319    0.000000    2.001319 ^ _4172_/RESET_B (sg13g2_dfrbpq_1)
                                              2.001319   data arrival time

                      0.000000   10.000000   10.000000   clock core (rise edge)
                                  0.000000   10.000000   clock network delay (ideal)
                                  0.000000   10.000000   clock reconvergence pessimism
                                             10.000000 ^ _4172_/CLK (sg13g2_dfrbpq_1)
                                 -0.049426    9.950574   library recovery time
                                              9.950574   data required time
---------------------------------------------------------------------------------------------
                                              9.950574   data required time
                                             -2.001319   data arrival time
---------------------------------------------------------------------------------------------
                                              7.949255   slack (MET)


Startpoint: rst_ni (input port clocked by core)
Endpoint: _4173_ (recovery check against rising-edge clock core)
Path Group: asynchronous
Path Type: max

Fanout         Cap        Slew       Delay        Time   Description
---------------------------------------------------------------------------------------------
                      0.000000    0.000000    0.000000   clock core (rise edge)
                                  0.000000    0.000000   clock network delay (ideal)
                                  2.000000    2.000000 ^ input external delay
     2    0.013193    0.001319    0.001319    2.001319 ^ rst_ni (in)
                                                         rst_ni (net)
                      0.001319    0.000000    2.001319 ^ _4173_/RESET_B (sg13g2_dfrbpq_1)
                                              2.001319   data arrival time

                      0.000000   10.000000   10.000000   clock core (rise edge)
                                  0.000000   10.000000   clock network delay (ideal)
                                  0.000000   10.000000   clock reconvergence pessimism
                                             10.000000 ^ _4173_/CLK (sg13g2_dfrbpq_1)
                                 -0.049426    9.950574   library recovery time
                                              9.950574   data required time
---------------------------------------------------------------------------------------------
                                              9.950574   data required time
                                             -2.001319   data arrival time
---------------------------------------------------------------------------------------------
                                              7.949255   slack (MET)


Startpoint: _4204_ (rising edge-triggered flip-flop clocked by core)
Endpoint: _3951_ (recovery check against rising-edge clock core)
Path Group: asynchronous
Path Type: max

Fanout         Cap        Slew       Delay        Time   Description
---------------------------------------------------------------------------------------------
                      0.000000    0.000000    0.000000   clock core (rise edge)
                                  0.000000    0.000000   clock network delay (ideal)
                      0.000000    0.000000    0.000000 ^ _4204_/CLK (sg13g2_dfrbpq_1)
   148    0.976266    1.920023    1.348317    1.348317 ^ _4204_/Q (sg13g2_dfrbpq_1)
                                                         u_uart_master_core_u_host_bridge_bus_rst_ni (net)
                      1.920023    0.000000    1.348317 ^ _3951_/RESET_B (sg13g2_dfrbpq_1)
                                              1.348317   data arrival time

                      0.000000   10.000000   10.000000   clock core (rise edge)
                                  0.000000   10.000000   clock network delay (ideal)
                                  0.000000   10.000000   clock reconvergence pessimism
                                             10.000000 ^ _3951_/CLK (sg13g2_dfrbpq_1)
                                 -0.265729    9.734271   library recovery time
                                              9.734271   data required time
---------------------------------------------------------------------------------------------
                                              9.734271   data required time
                                             -1.348317   data arrival time
---------------------------------------------------------------------------------------------
                                              8.385955   slack (MET)


Startpoint: _4204_ (rising edge-triggered flip-flop clocked by core)
Endpoint: _3952_ (recovery check against rising-edge clock core)
Path Group: asynchronous
Path Type: max

Fanout         Cap        Slew       Delay        Time   Description
---------------------------------------------------------------------------------------------
                      0.000000    0.000000    0.000000   clock core (rise edge)
                                  0.000000    0.000000   clock network delay (ideal)
                      0.000000    0.000000    0.000000 ^ _4204_/CLK (sg13g2_dfrbpq_1)
   148    0.976266    1.920023    1.348317    1.348317 ^ _4204_/Q (sg13g2_dfrbpq_1)
                                                         u_uart_master_core_u_host_bridge_bus_rst_ni (net)
                      1.920023    0.000000    1.348317 ^ _3952_/RESET_B (sg13g2_dfrbpq_1)
                                              1.348317   data arrival time

                      0.000000   10.000000   10.000000   clock core (rise edge)
                                  0.000000   10.000000   clock network delay (ideal)
                                  0.000000   10.000000   clock reconvergence pessimism
                                             10.000000 ^ _3952_/CLK (sg13g2_dfrbpq_1)
                                 -0.265729    9.734271   library recovery time
                                              9.734271   data required time
---------------------------------------------------------------------------------------------
                                              9.734271   data required time
                                             -1.348317   data arrival time
---------------------------------------------------------------------------------------------
                                              8.385955   slack (MET)


Startpoint: _4204_ (rising edge-triggered flip-flop clocked by core)
Endpoint: _3953_ (recovery check against rising-edge clock core)
Path Group: asynchronous
Path Type: max

Fanout         Cap        Slew       Delay        Time   Description
---------------------------------------------------------------------------------------------
                      0.000000    0.000000    0.000000   clock core (rise edge)
                                  0.000000    0.000000   clock network delay (ideal)
                      0.000000    0.000000    0.000000 ^ _4204_/CLK (sg13g2_dfrbpq_1)
   148    0.976266    1.920023    1.348317    1.348317 ^ _4204_/Q (sg13g2_dfrbpq_1)
                                                         u_uart_master_core_u_host_bridge_bus_rst_ni (net)
                      1.920023    0.000000    1.348317 ^ _3953_/RESET_B (sg13g2_dfrbpq_1)
                                              1.348317   data arrival time

                      0.000000   10.000000   10.000000   clock core (rise edge)
                                  0.000000   10.000000   clock network delay (ideal)
                                  0.000000   10.000000   clock reconvergence pessimism
                                             10.000000 ^ _3953_/CLK (sg13g2_dfrbpq_1)
                                 -0.265729    9.734271   library recovery time
                                              9.734271   data required time
---------------------------------------------------------------------------------------------
                                              9.734271   data required time
                                             -1.348317   data arrival time
---------------------------------------------------------------------------------------------
                                              8.385955   slack (MET)


Startpoint: _4204_ (rising edge-triggered flip-flop clocked by core)
Endpoint: _3954_ (recovery check against rising-edge clock core)
Path Group: asynchronous
Path Type: max

Fanout         Cap        Slew       Delay        Time   Description
---------------------------------------------------------------------------------------------
                      0.000000    0.000000    0.000000   clock core (rise edge)
                                  0.000000    0.000000   clock network delay (ideal)
                      0.000000    0.000000    0.000000 ^ _4204_/CLK (sg13g2_dfrbpq_1)
   148    0.976266    1.920023    1.348317    1.348317 ^ _4204_/Q (sg13g2_dfrbpq_1)
                                                         u_uart_master_core_u_host_bridge_bus_rst_ni (net)
                      1.920023    0.000000    1.348317 ^ _3954_/RESET_B (sg13g2_dfrbpq_1)
                                              1.348317   data arrival time

                      0.000000   10.000000   10.000000   clock core (rise edge)
                                  0.000000   10.000000   clock network delay (ideal)
                                  0.000000   10.000000   clock reconvergence pessimism
                                             10.000000 ^ _3954_/CLK (sg13g2_dfrbpq_1)
                                 -0.265729    9.734271   library recovery time
                                              9.734271   data required time
---------------------------------------------------------------------------------------------
                                              9.734271   data required time
                                             -1.348317   data arrival time
---------------------------------------------------------------------------------------------
                                              8.385955   slack (MET)


Startpoint: _4204_ (rising edge-triggered flip-flop clocked by core)
Endpoint: _3955_ (recovery check against rising-edge clock core)
Path Group: asynchronous
Path Type: max

Fanout         Cap        Slew       Delay        Time   Description
---------------------------------------------------------------------------------------------
                      0.000000    0.000000    0.000000   clock core (rise edge)
                                  0.000000    0.000000   clock network delay (ideal)
                      0.000000    0.000000    0.000000 ^ _4204_/CLK (sg13g2_dfrbpq_1)
   148    0.976266    1.920023    1.348317    1.348317 ^ _4204_/Q (sg13g2_dfrbpq_1)
                                                         u_uart_master_core_u_host_bridge_bus_rst_ni (net)
                      1.920023    0.000000    1.348317 ^ _3955_/RESET_B (sg13g2_dfrbpq_1)
                                              1.348317   data arrival time

                      0.000000   10.000000   10.000000   clock core (rise edge)
                                  0.000000   10.000000   clock network delay (ideal)
                                  0.000000   10.000000   clock reconvergence pessimism
                                             10.000000 ^ _3955_/CLK (sg13g2_dfrbpq_1)
                                 -0.265729    9.734271   library recovery time
                                              9.734271   data required time
---------------------------------------------------------------------------------------------
                                              9.734271   data required time
                                             -1.348317   data arrival time
---------------------------------------------------------------------------------------------
                                              8.385955   slack (MET)


Startpoint: _4204_ (rising edge-triggered flip-flop clocked by core)
Endpoint: _3956_ (recovery check against rising-edge clock core)
Path Group: asynchronous
Path Type: max

Fanout         Cap        Slew       Delay        Time   Description
---------------------------------------------------------------------------------------------
                      0.000000    0.000000    0.000000   clock core (rise edge)
                                  0.000000    0.000000   clock network delay (ideal)
                      0.000000    0.000000    0.000000 ^ _4204_/CLK (sg13g2_dfrbpq_1)
   148    0.976266    1.920023    1.348317    1.348317 ^ _4204_/Q (sg13g2_dfrbpq_1)
                                                         u_uart_master_core_u_host_bridge_bus_rst_ni (net)
                      1.920023    0.000000    1.348317 ^ _3956_/RESET_B (sg13g2_dfrbpq_1)
                                              1.348317   data arrival time

                      0.000000   10.000000   10.000000   clock core (rise edge)
                                  0.000000   10.000000   clock network delay (ideal)
                                  0.000000   10.000000   clock reconvergence pessimism
                                             10.000000 ^ _3956_/CLK (sg13g2_dfrbpq_1)
                                 -0.265729    9.734271   library recovery time
                                              9.734271   data required time
---------------------------------------------------------------------------------------------
                                              9.734271   data required time
                                             -1.348317   data arrival time
---------------------------------------------------------------------------------------------
                                              8.385955   slack (MET)


Startpoint: _4204_ (rising edge-triggered flip-flop clocked by core)
Endpoint: _3957_ (recovery check against rising-edge clock core)
Path Group: asynchronous
Path Type: max

Fanout         Cap        Slew       Delay        Time   Description
---------------------------------------------------------------------------------------------
                      0.000000    0.000000    0.000000   clock core (rise edge)
                                  0.000000    0.000000   clock network delay (ideal)
                      0.000000    0.000000    0.000000 ^ _4204_/CLK (sg13g2_dfrbpq_1)
   148    0.976266    1.920023    1.348317    1.348317 ^ _4204_/Q (sg13g2_dfrbpq_1)
                                                         u_uart_master_core_u_host_bridge_bus_rst_ni (net)
                      1.920023    0.000000    1.348317 ^ _3957_/RESET_B (sg13g2_dfrbpq_1)
                                              1.348317   data arrival time

                      0.000000   10.000000   10.000000   clock core (rise edge)
                                  0.000000   10.000000   clock network delay (ideal)
                                  0.000000   10.000000   clock reconvergence pessimism
                                             10.000000 ^ _3957_/CLK (sg13g2_dfrbpq_1)
                                 -0.265729    9.734271   library recovery time
                                              9.734271   data required time
---------------------------------------------------------------------------------------------
                                              9.734271   data required time
                                             -1.348317   data arrival time
---------------------------------------------------------------------------------------------
                                              8.385955   slack (MET)


Startpoint: _4204_ (rising edge-triggered flip-flop clocked by core)
Endpoint: _3958_ (recovery check against rising-edge clock core)
Path Group: asynchronous
Path Type: max

Fanout         Cap        Slew       Delay        Time   Description
---------------------------------------------------------------------------------------------
                      0.000000    0.000000    0.000000   clock core (rise edge)
                                  0.000000    0.000000   clock network delay (ideal)
                      0.000000    0.000000    0.000000 ^ _4204_/CLK (sg13g2_dfrbpq_1)
   148    0.976266    1.920023    1.348317    1.348317 ^ _4204_/Q (sg13g2_dfrbpq_1)
                                                         u_uart_master_core_u_host_bridge_bus_rst_ni (net)
                      1.920023    0.000000    1.348317 ^ _3958_/RESET_B (sg13g2_dfrbpq_1)
                                              1.348317   data arrival time

                      0.000000   10.000000   10.000000   clock core (rise edge)
                                  0.000000   10.000000   clock network delay (ideal)
                                  0.000000   10.000000   clock reconvergence pessimism
                                             10.000000 ^ _3958_/CLK (sg13g2_dfrbpq_1)
                                 -0.265729    9.734271   library recovery time
                                              9.734271   data required time
---------------------------------------------------------------------------------------------
                                              9.734271   data required time
                                             -1.348317   data arrival time
---------------------------------------------------------------------------------------------
                                              8.385955   slack (MET)

=== FlexSoC normalized power fields ===
dynamic_power_definition=internal_power+switching_power
power_unit=OpenSTA report unit; see Units section
internal_power=0.00492
switching_power=2.05e-05
dynamic_power=0.0049405
leakage_power=4.48e-06
total_power=0.00494

=== Gate-level timing/power fusion ===
power_semantics=average_instance_power_from_the_same_VCD_SAIF_context
path_power_sum=unique_instance_average_power_sum_not_incremental_path_energy
fanout_capacitance_source=OpenSTA_report_checks_output_pin_fields

Worst path 1: status=met slack=5.94726 type=max group=core
startpoint=cio_rx_i (input port clocked by core)
endpoint=cio_tx_o (output port clocked by core)
path_power_complete=true
path_average_power_sum internal=1.25853e-09 switching=1.38469e-09 dynamic=2.64322e-09 leakage=7.28176e-10 total=3.3714e-09
stage instance cell pins fanout capacitance slew delay arrival internal switching dynamic leakage total
1 _3215_ sg13g2_nand2_1 A,Y 1 0.004234 0.020306 0.014811 2.0156 9.46882e-10 9.40418e-10 1.8873e-09 2.71896e-10 2.1592e-09
2 _3216_ sg13g2_o21ai_1 B1,Y 1 0.01 0.04554 0.037145 2.05274 3.11649e-10 4.44272e-10 7.55921e-10 4.5628e-10 1.2122e-09

Worst path 2: status=met slack=7.31643 type=max group=core
startpoint=tl_i[62] (input port clocked by core)
endpoint=_3925_ (rising edge-triggered flip-flop clocked by core)
path_power_complete=true
path_average_power_sum internal=9.41262e-06 switching=1.40761e-07 dynamic=9.55338e-06 leakage=1.6483e-08 total=9.56986e-06
stage instance cell pins fanout capacitance slew delay arrival internal switching dynamic leakage total
1 _3633_ sg13g2_inv_1 A,Y 4 0.014054 0.023127 0.023655 2.02444 9.24555e-10 7.10393e-09 8.02848e-09 2.09939e-10 8.23842e-09
2 _3686_ sg13g2_nor3_1 B,Y 6 0.023938 0.1572 0.127578 2.15202 1.99921e-09 9.57159e-09 1.15708e-08 2.084e-09 1.36548e-08
3 _3694_ sg13g2_inv_1 A,Y 3 0.0106 0.043964 0.045948 2.19796 1.61437e-09 5.16752e-09 6.78189e-09 2.09935e-10 6.99183e-09
4 _2080_ sg13g2_a22oi_1 B1,Y 1 0.005214 0.04727 0.047534 2.2455 9.67978e-09 1.04244e-08 2.01042e-08 1.25265e-09 2.13568e-08
5 _2081_ sg13g2_nor4_1 D,Y 2 0.008209 0.025211 0.028835 2.27433 8.42809e-09 1.34941e-08 2.19222e-08 1.68846e-09 2.36107e-08
6 _2085_ sg13g2_nand2_1 A,Y 2 0.009142 0.027742 0.025483 2.29982 2.3894e-09 5.27988e-09 7.66927e-09 3.81757e-10 8.05103e-09
7 _2928_ sg13g2_inv_1 A,Y 2 0.008379 0.019636 0.021971 2.32179 1.5237e-09 4.83958e-09 6.36328e-09 7.28844e-10 7.09212e-09
8 _2929_ sg13g2_nand2_1 A,Y 1 0.003303 0.016786 0.015901 2.33769 1.13562e-09 1.32058e-09 2.4562e-09 8.59205e-10 3.3154e-09
9 _2930_ sg13g2_buf_2 A,X 22 0.084815 0.089122 0.089301 2.42699 6.02574e-09 3.79975e-08 4.40233e-08 1.02935e-09 4.50526e-08
10 _2931_ sg13g2_buf_2 A,X 21 0.113737 0.118225 0.126421 2.55341 6.36422e-09 4.54771e-08 5.18413e-08 1.02935e-09 5.28707e-08
11 _2935_ sg13g2_mux2_1 S,X 1 0.001894 0.015799 0.084875 2.63829 3.59218e-09 8.44553e-11 3.67663e-09 2.41498e-09 6.09161e-09
12 _3925_ sg13g2_dfrbpq_1 D - - 0.015799 0 2.63829 9.36894e-06 0 9.36894e-06 4.59455e-09 9.37354e-06

Worst path 3: status=met slack=7.31647 type=max group=core
startpoint=tl_i[62] (input port clocked by core)
endpoint=_3926_ (rising edge-triggered flip-flop clocked by core)
path_power_complete=true
path_average_power_sum internal=9.41262e-06 switching=1.40761e-07 dynamic=9.55338e-06 leakage=1.6483e-08 total=9.56986e-06
stage instance cell pins fanout capacitance slew delay arrival internal switching dynamic leakage total
1 _3633_ sg13g2_inv_1 A,Y 4 0.014054 0.023127 0.023655 2.02444 9.24555e-10 7.10393e-09 8.02848e-09 2.09939e-10 8.23842e-09
2 _3686_ sg13g2_nor3_1 B,Y 6 0.023938 0.1572 0.127578 2.15202 1.99921e-09 9.57159e-09 1.15708e-08 2.084e-09 1.36548e-08
3 _3694_ sg13g2_inv_1 A,Y 3 0.0106 0.043964 0.045948 2.19796 1.61437e-09 5.16752e-09 6.78189e-09 2.09935e-10 6.99183e-09
4 _2080_ sg13g2_a22oi_1 B1,Y 1 0.005214 0.04727 0.047534 2.2455 9.67978e-09 1.04244e-08 2.01042e-08 1.25265e-09 2.13568e-08
5 _2081_ sg13g2_nor4_1 D,Y 2 0.008209 0.025211 0.028835 2.27433 8.42809e-09 1.34941e-08 2.19222e-08 1.68846e-09 2.36107e-08
6 _2085_ sg13g2_nand2_1 A,Y 2 0.009142 0.027742 0.025483 2.29982 2.3894e-09 5.27988e-09 7.66927e-09 3.81757e-10 8.05103e-09
7 _2928_ sg13g2_inv_1 A,Y 2 0.008379 0.019636 0.021971 2.32179 1.5237e-09 4.83958e-09 6.36328e-09 7.28844e-10 7.09212e-09
8 _2929_ sg13g2_nand2_1 A,Y 1 0.003303 0.016786 0.015901 2.33769 1.13562e-09 1.32058e-09 2.4562e-09 8.59205e-10 3.3154e-09
9 _2930_ sg13g2_buf_2 A,X 22 0.084815 0.089122 0.089301 2.42699 6.02574e-09 3.79975e-08 4.40233e-08 1.02935e-09 4.50526e-08
10 _2931_ sg13g2_buf_2 A,X 21 0.113737 0.118225 0.126421 2.55341 6.36422e-09 4.54771e-08 5.18413e-08 1.02935e-09 5.28707e-08
11 _2934_ sg13g2_mux2_1 S,X 1 0.001894 0.015589 0.084875 2.63829 3.59218e-09 8.44553e-11 3.67663e-09 2.41498e-09 6.09161e-09
12 _3926_ sg13g2_dfrbpq_1 D - - 0.015589 0 2.63829 9.36894e-06 0 9.36894e-06 4.59455e-09 9.37354e-06

Worst path 4: status=met slack=7.35971 type=max group=core
startpoint=tl_i[62] (input port clocked by core)
endpoint=_3920_ (rising edge-triggered flip-flop clocked by core)
path_power_complete=true
path_average_power_sum internal=9.41515e-06 switching=1.41436e-07 dynamic=9.55658e-06 leakage=1.5478e-08 total=9.57206e-06
stage instance cell pins fanout capacitance slew delay arrival internal switching dynamic leakage total
1 _3633_ sg13g2_inv_1 A,Y 4 0.014054 0.023127 0.023655 2.02444 9.24555e-10 7.10393e-09 8.02848e-09 2.09939e-10 8.23842e-09
2 _3686_ sg13g2_nor3_1 B,Y 6 0.023938 0.1572 0.127578 2.15202 1.99921e-09 9.57159e-09 1.15708e-08 2.084e-09 1.36548e-08
3 _3694_ sg13g2_inv_1 A,Y 3 0.0106 0.043964 0.045948 2.19796 1.61437e-09 5.16752e-09 6.78189e-09 2.09935e-10 6.99183e-09
4 _2080_ sg13g2_a22oi_1 B1,Y 1 0.005214 0.04727 0.047534 2.2455 9.67978e-09 1.04244e-08 2.01042e-08 1.25265e-09 2.13568e-08
5 _2081_ sg13g2_nor4_1 D,Y 2 0.008209 0.025211 0.028835 2.27433 8.42809e-09 1.34941e-08 2.19222e-08 1.68846e-09 2.36107e-08
6 _2085_ sg13g2_nand2_1 A,Y 2 0.009142 0.027742 0.025483 2.29982 2.3894e-09 5.27988e-09 7.66927e-09 3.81757e-10 8.05103e-09
7 _2928_ sg13g2_inv_1 A,Y 2 0.008379 0.019636 0.021971 2.32179 1.5237e-09 4.83958e-09 6.36328e-09 7.28844e-10 7.09212e-09
8 _2929_ sg13g2_nand2_1 A,Y 1 0.003303 0.016786 0.015901 2.33769 1.13562e-09 1.32058e-09 2.4562e-09 8.59205e-10 3.3154e-09
9 _2930_ sg13g2_buf_2 A,X 22 0.084815 0.089122 0.089301 2.42699 6.02574e-09 3.79975e-08 4.40233e-08 1.02935e-09 4.50526e-08
10 _2931_ sg13g2_buf_2 A,X 21 0.113737 0.118225 0.126421 2.55341 6.36422e-09 4.54771e-08 5.18413e-08 1.02935e-09 5.28707e-08
11 _2944_ sg13g2_a21oi_1 A2,Y 1 0.001894 0.032043 0.038398 2.59181 2.77677e-09 7.60097e-10 3.53687e-09 1.40994e-09 4.94681e-09
12 _3920_ sg13g2_dfrbpq_1 D - - 0.032043 0 2.59181 9.37229e-06 0 9.37229e-06 4.59455e-09 9.37688e-06

Worst path 5: status=met slack=7.3693 type=max group=core
startpoint=tl_i[62] (input port clocked by core)
endpoint=_3912_ (rising edge-triggered flip-flop clocked by core)
path_power_complete=true
path_average_power_sum internal=9.40917e-06 switching=1.40761e-07 dynamic=9.54993e-06 leakage=1.69385e-08 total=9.56687e-06
stage instance cell pins fanout capacitance slew delay arrival internal switching dynamic leakage total
1 _3633_ sg13g2_inv_1 A,Y 4 0.014054 0.023127 0.023655 2.02444 9.24555e-10 7.10393e-09 8.02848e-09 2.09939e-10 8.23842e-09
2 _3686_ sg13g2_nor3_1 B,Y 6 0.023938 0.1572 0.127578 2.15202 1.99921e-09 9.57159e-09 1.15708e-08 2.084e-09 1.36548e-08
3 _3694_ sg13g2_inv_1 A,Y 3 0.0106 0.043964 0.045948 2.19796 1.61437e-09 5.16752e-09 6.78189e-09 2.09935e-10 6.99183e-09
4 _2080_ sg13g2_a22oi_1 B1,Y 1 0.005214 0.04727 0.047534 2.2455 9.67978e-09 1.04244e-08 2.01042e-08 1.25265e-09 2.13568e-08
5 _2081_ sg13g2_nor4_1 D,Y 2 0.008209 0.025211 0.028835 2.27433 8.42809e-09 1.34941e-08 2.19222e-08 1.68846e-09 2.36107e-08
6 _2085_ sg13g2_nand2_1 A,Y 2 0.009142 0.027742 0.025483 2.29982 2.3894e-09 5.27988e-09 7.66927e-09 3.81757e-10 8.05103e-09
7 _2928_ sg13g2_inv_1 A,Y 2 0.008379 0.019636 0.021971 2.32179 1.5237e-09 4.83958e-09 6.36328e-09 7.28844e-10 7.09212e-09
8 _2929_ sg13g2_nand2_1 A,Y 1 0.003303 0.016786 0.015901 2.33769 1.13562e-09 1.32058e-09 2.4562e-09 8.59205e-10 3.3154e-09
9 _2930_ sg13g2_buf_2 A,X 22 0.084815 0.089122 0.089301 2.42699 6.02574e-09 3.79975e-08 4.40233e-08 1.02935e-09 4.50526e-08
10 _2931_ sg13g2_buf_2 A,X 21 0.113737 0.118225 0.126421 2.55341 6.36422e-09 4.54771e-08 5.18413e-08 1.02935e-09 5.28707e-08
11 _3285_ sg13g2_o21ai_1 A2,Y 1 0.001894 0.026703 0.029861 2.58327 1.33728e-10 8.44553e-11 2.18183e-10 2.87042e-09 3.08861e-09
12 _3912_ sg13g2_dfrbpq_1 D - - 0.026703 0 2.58327 9.36896e-06 0 9.36896e-06 4.59455e-09 9.37355e-06

Worst path 6: status=met slack=7.3693 type=max group=core
startpoint=tl_i[62] (input port clocked by core)
endpoint=_3913_ (rising edge-triggered flip-flop clocked by core)
path_power_complete=true
path_average_power_sum internal=1.16501e-05 switching=1.42622e-07 dynamic=1.17928e-05 leakage=1.54295e-08 total=1.18082e-05
stage instance cell pins fanout capacitance slew delay arrival internal switching dynamic leakage total
1 _3633_ sg13g2_inv_1 A,Y 4 0.014054 0.023127 0.023655 2.02444 9.24555e-10 7.10393e-09 8.02848e-09 2.09939e-10 8.23842e-09
2 _3686_ sg13g2_nor3_1 B,Y 6 0.023938 0.1572 0.127578 2.15202 1.99921e-09 9.57159e-09 1.15708e-08 2.084e-09 1.36548e-08
3 _3694_ sg13g2_inv_1 A,Y 3 0.0106 0.043964 0.045948 2.19796 1.61437e-09 5.16752e-09 6.78189e-09 2.09935e-10 6.99183e-09
4 _2080_ sg13g2_a22oi_1 B1,Y 1 0.005214 0.04727 0.047534 2.2455 9.67978e-09 1.04244e-08 2.01042e-08 1.25265e-09 2.13568e-08
5 _2081_ sg13g2_nor4_1 D,Y 2 0.008209 0.025211 0.028835 2.27433 8.42809e-09 1.34941e-08 2.19222e-08 1.68846e-09 2.36107e-08
6 _2085_ sg13g2_nand2_1 A,Y 2 0.009142 0.027742 0.025483 2.29982 2.3894e-09 5.27988e-09 7.66927e-09 3.81757e-10 8.05103e-09
7 _2928_ sg13g2_inv_1 A,Y 2 0.008379 0.019636 0.021971 2.32179 1.5237e-09 4.83958e-09 6.36328e-09 7.28844e-10 7.09212e-09
8 _2929_ sg13g2_nand2_1 A,Y 1 0.003303 0.016786 0.015901 2.33769 1.13562e-09 1.32058e-09 2.4562e-09 8.59205e-10 3.3154e-09
9 _2930_ sg13g2_buf_2 A,X 22 0.084815 0.089122 0.089301 2.42699 6.02574e-09 3.79975e-08 4.40233e-08 1.02935e-09 4.50526e-08
10 _2931_ sg13g2_buf_2 A,X 21 0.113737 0.118225 0.126421 2.55341 6.36422e-09 4.54771e-08 5.18413e-08 1.02935e-09 5.28707e-08
11 _2958_ sg13g2_o21ai_1 A2,Y 1 0.001894 0.026703 0.029861 2.58327 9.42669e-10 5.91187e-10 1.53386e-09 1.37359e-09 2.90745e-09
12 _3913_ sg13g2_dfrbpq_1 D - - 0.026703 0 2.58327 1.16091e-05 1.35427e-09 1.16105e-05 4.58243e-09 1.16151e-05

Worst path 7: status=met slack=7.3693 type=max group=core
startpoint=tl_i[62] (input port clocked by core)
endpoint=_3914_ (rising edge-triggered flip-flop clocked by core)
path_power_complete=true
path_average_power_sum internal=1.16501e-05 switching=1.42778e-07 dynamic=1.17929e-05 leakage=1.54295e-08 total=1.18084e-05
stage instance cell pins fanout capacitance slew delay arrival internal switching dynamic leakage total
1 _3633_ sg13g2_inv_1 A,Y 4 0.014054 0.023127 0.023655 2.02444 9.24555e-10 7.10393e-09 8.02848e-09 2.09939e-10 8.23842e-09
2 _3686_ sg13g2_nor3_1 B,Y 6 0.023938 0.1572 0.127578 2.15202 1.99921e-09 9.57159e-09 1.15708e-08 2.084e-09 1.36548e-08
3 _3694_ sg13g2_inv_1 A,Y 3 0.0106 0.043964 0.045948 2.19796 1.61437e-09 5.16752e-09 6.78189e-09 2.09935e-10 6.99183e-09
4 _2080_ sg13g2_a22oi_1 B1,Y 1 0.005214 0.04727 0.047534 2.2455 9.67978e-09 1.04244e-08 2.01042e-08 1.25265e-09 2.13568e-08
5 _2081_ sg13g2_nor4_1 D,Y 2 0.008209 0.025211 0.028835 2.27433 8.42809e-09 1.34941e-08 2.19222e-08 1.68846e-09 2.36107e-08
6 _2085_ sg13g2_nand2_1 A,Y 2 0.009142 0.027742 0.025483 2.29982 2.3894e-09 5.27988e-09 7.66927e-09 3.81757e-10 8.05103e-09
7 _2928_ sg13g2_inv_1 A,Y 2 0.008379 0.019636 0.021971 2.32179 1.5237e-09 4.83958e-09 6.36328e-09 7.28844e-10 7.09212e-09
8 _2929_ sg13g2_nand2_1 A,Y 1 0.003303 0.016786 0.015901 2.33769 1.13562e-09 1.32058e-09 2.4562e-09 8.59205e-10 3.3154e-09
9 _2930_ sg13g2_buf_2 A,X 22 0.084815 0.089122 0.089301 2.42699 6.02574e-09 3.79975e-08 4.40233e-08 1.02935e-09 4.50526e-08
10 _2931_ sg13g2_buf_2 A,X 21 0.113737 0.118225 0.126421 2.55341 6.36422e-09 4.54771e-08 5.18413e-08 1.02935e-09 5.28707e-08
11 _2956_ sg13g2_o21ai_1 A2,Y 1 0.001894 0.026703 0.029861 2.58327 9.42669e-10 5.91187e-10 1.53386e-09 1.37359e-09 2.90745e-09
12 _3914_ sg13g2_dfrbpq_1 D - - 0.026703 0 2.58327 1.16091e-05 1.51063e-09 1.16106e-05 4.58243e-09 1.16152e-05

Worst path 8: status=met slack=7.3693 type=max group=core
startpoint=tl_i[62] (input port clocked by core)
endpoint=_3915_ (rising edge-triggered flip-flop clocked by core)
path_power_complete=true
path_average_power_sum internal=1.16501e-05 switching=1.42622e-07 dynamic=1.17928e-05 leakage=1.54295e-08 total=1.18082e-05
stage instance cell pins fanout capacitance slew delay arrival internal switching dynamic leakage total
1 _3633_ sg13g2_inv_1 A,Y 4 0.014054 0.023127 0.023655 2.02444 9.24555e-10 7.10393e-09 8.02848e-09 2.09939e-10 8.23842e-09
2 _3686_ sg13g2_nor3_1 B,Y 6 0.023938 0.1572 0.127578 2.15202 1.99921e-09 9.57159e-09 1.15708e-08 2.084e-09 1.36548e-08
3 _3694_ sg13g2_inv_1 A,Y 3 0.0106 0.043964 0.045948 2.19796 1.61437e-09 5.16752e-09 6.78189e-09 2.09935e-10 6.99183e-09
4 _2080_ sg13g2_a22oi_1 B1,Y 1 0.005214 0.04727 0.047534 2.2455 9.67978e-09 1.04244e-08 2.01042e-08 1.25265e-09 2.13568e-08
5 _2081_ sg13g2_nor4_1 D,Y 2 0.008209 0.025211 0.028835 2.27433 8.42809e-09 1.34941e-08 2.19222e-08 1.68846e-09 2.36107e-08
6 _2085_ sg13g2_nand2_1 A,Y 2 0.009142 0.027742 0.025483 2.29982 2.3894e-09 5.27988e-09 7.66927e-09 3.81757e-10 8.05103e-09
7 _2928_ sg13g2_inv_1 A,Y 2 0.008379 0.019636 0.021971 2.32179 1.5237e-09 4.83958e-09 6.36328e-09 7.28844e-10 7.09212e-09
8 _2929_ sg13g2_nand2_1 A,Y 1 0.003303 0.016786 0.015901 2.33769 1.13562e-09 1.32058e-09 2.4562e-09 8.59205e-10 3.3154e-09
9 _2930_ sg13g2_buf_2 A,X 22 0.084815 0.089122 0.089301 2.42699 6.02574e-09 3.79975e-08 4.40233e-08 1.02935e-09 4.50526e-08
10 _2931_ sg13g2_buf_2 A,X 21 0.113737 0.118225 0.126421 2.55341 6.36422e-09 4.54771e-08 5.18413e-08 1.02935e-09 5.28707e-08
11 _2954_ sg13g2_o21ai_1 A2,Y 1 0.001894 0.026703 0.029861 2.58327 9.42669e-10 5.91187e-10 1.53386e-09 1.37359e-09 2.90745e-09
12 _3915_ sg13g2_dfrbpq_1 D - - 0.026703 0 2.58327 1.16091e-05 1.35427e-09 1.16105e-05 4.58243e-09 1.16151e-05

Worst path 9: status=met slack=7.3693 type=max group=core
startpoint=tl_i[62] (input port clocked by core)
endpoint=_3916_ (rising edge-triggered flip-flop clocked by core)
path_power_complete=true
path_average_power_sum internal=1.16501e-05 switching=1.42662e-07 dynamic=1.17928e-05 leakage=1.54295e-08 total=1.18082e-05
stage instance cell pins fanout capacitance slew delay arrival internal switching dynamic leakage total
1 _3633_ sg13g2_inv_1 A,Y 4 0.014054 0.023127 0.023655 2.02444 9.24555e-10 7.10393e-09 8.02848e-09 2.09939e-10 8.23842e-09
2 _3686_ sg13g2_nor3_1 B,Y 6 0.023938 0.1572 0.127578 2.15202 1.99921e-09 9.57159e-09 1.15708e-08 2.084e-09 1.36548e-08
3 _3694_ sg13g2_inv_1 A,Y 3 0.0106 0.043964 0.045948 2.19796 1.61437e-09 5.16752e-09 6.78189e-09 2.09935e-10 6.99183e-09
4 _2080_ sg13g2_a22oi_1 B1,Y 1 0.005214 0.04727 0.047534 2.2455 9.67978e-09 1.04244e-08 2.01042e-08 1.25265e-09 2.13568e-08
5 _2081_ sg13g2_nor4_1 D,Y 2 0.008209 0.025211 0.028835 2.27433 8.42809e-09 1.34941e-08 2.19222e-08 1.68846e-09 2.36107e-08
6 _2085_ sg13g2_nand2_1 A,Y 2 0.009142 0.027742 0.025483 2.29982 2.3894e-09 5.27988e-09 7.66927e-09 3.81757e-10 8.05103e-09
7 _2928_ sg13g2_inv_1 A,Y 2 0.008379 0.019636 0.021971 2.32179 1.5237e-09 4.83958e-09 6.36328e-09 7.28844e-10 7.09212e-09
8 _2929_ sg13g2_nand2_1 A,Y 1 0.003303 0.016786 0.015901 2.33769 1.13562e-09 1.32058e-09 2.4562e-09 8.59205e-10 3.3154e-09
9 _2930_ sg13g2_buf_2 A,X 22 0.084815 0.089122 0.089301 2.42699 6.02574e-09 3.79975e-08 4.40233e-08 1.02935e-09 4.50526e-08
10 _2931_ sg13g2_buf_2 A,X 21 0.113737 0.118225 0.126421 2.55341 6.36422e-09 4.54771e-08 5.18413e-08 1.02935e-09 5.28707e-08
11 _2952_ sg13g2_o21ai_1 A2,Y 1 0.001894 0.026703 0.029861 2.58327 9.42669e-10 5.91187e-10 1.53386e-09 1.37359e-09 2.90745e-09
12 _3916_ sg13g2_dfrbpq_1 D - - 0.026703 0 2.58327 1.16091e-05 1.3943e-09 1.16105e-05 4.58243e-09 1.16151e-05

Worst path 10: status=met slack=7.3693 type=max group=core
startpoint=tl_i[62] (input port clocked by core)
endpoint=_3917_ (rising edge-triggered flip-flop clocked by core)
path_power_complete=true
path_average_power_sum internal=1.16501e-05 switching=1.42622e-07 dynamic=1.17928e-05 leakage=1.54295e-08 total=1.18082e-05
stage instance cell pins fanout capacitance slew delay arrival internal switching dynamic leakage total
1 _3633_ sg13g2_inv_1 A,Y 4 0.014054 0.023127 0.023655 2.02444 9.24555e-10 7.10393e-09 8.02848e-09 2.09939e-10 8.23842e-09
2 _3686_ sg13g2_nor3_1 B,Y 6 0.023938 0.1572 0.127578 2.15202 1.99921e-09 9.57159e-09 1.15708e-08 2.084e-09 1.36548e-08
3 _3694_ sg13g2_inv_1 A,Y 3 0.0106 0.043964 0.045948 2.19796 1.61437e-09 5.16752e-09 6.78189e-09 2.09935e-10 6.99183e-09
4 _2080_ sg13g2_a22oi_1 B1,Y 1 0.005214 0.04727 0.047534 2.2455 9.67978e-09 1.04244e-08 2.01042e-08 1.25265e-09 2.13568e-08
5 _2081_ sg13g2_nor4_1 D,Y 2 0.008209 0.025211 0.028835 2.27433 8.42809e-09 1.34941e-08 2.19222e-08 1.68846e-09 2.36107e-08
6 _2085_ sg13g2_nand2_1 A,Y 2 0.009142 0.027742 0.025483 2.29982 2.3894e-09 5.27988e-09 7.66927e-09 3.81757e-10 8.05103e-09
7 _2928_ sg13g2_inv_1 A,Y 2 0.008379 0.019636 0.021971 2.32179 1.5237e-09 4.83958e-09 6.36328e-09 7.28844e-10 7.09212e-09
8 _2929_ sg13g2_nand2_1 A,Y 1 0.003303 0.016786 0.015901 2.33769 1.13562e-09 1.32058e-09 2.4562e-09 8.59205e-10 3.3154e-09
9 _2930_ sg13g2_buf_2 A,X 22 0.084815 0.089122 0.089301 2.42699 6.02574e-09 3.79975e-08 4.40233e-08 1.02935e-09 4.50526e-08
10 _2931_ sg13g2_buf_2 A,X 21 0.113737 0.118225 0.126421 2.55341 6.36422e-09 4.54771e-08 5.18413e-08 1.02935e-09 5.28707e-08
11 _2950_ sg13g2_o21ai_1 A2,Y 1 0.001894 0.026703 0.029861 2.58327 9.42669e-10 5.91187e-10 1.53386e-09 1.37359e-09 2.90745e-09
12 _3917_ sg13g2_dfrbpq_1 D - - 0.026703 0 2.58327 1.16091e-05 1.35427e-09 1.16105e-05 4.58243e-09 1.16151e-05

Worst path 11: status=met slack=7.94925 type=max group=asynchronous
startpoint=rst_ni (input port clocked by core)
endpoint=_4172_ (recovery check against rising-edge clock core)
path_power_complete=true
path_average_power_sum internal=1.16337e-05 switching=5.06731e-10 dynamic=1.16342e-05 leakage=4.58298e-09 total=1.16388e-05
stage instance cell pins fanout capacitance slew delay arrival internal switching dynamic leakage total
1 _4172_ sg13g2_dfrbpq_1 RESET_B - - 0.001319 0 2.00132 1.16337e-05 5.06731e-10 1.16342e-05 4.58298e-09 1.16388e-05

Worst path 12: status=met slack=7.94925 type=max group=asynchronous
startpoint=rst_ni (input port clocked by core)
endpoint=_4173_ (recovery check against rising-edge clock core)
path_power_complete=true
path_average_power_sum internal=1.16389e-05 switching=1.75836e-09 dynamic=1.16406e-05 leakage=4.58242e-09 total=1.16452e-05
stage instance cell pins fanout capacitance slew delay arrival internal switching dynamic leakage total
1 _4173_ sg13g2_dfrbpq_1 RESET_B - - 0.001319 0 2.00132 1.16389e-05 1.75836e-09 1.16406e-05 4.58242e-09 1.16452e-05

Worst path 13: status=met slack=8.38595 type=max group=asynchronous
startpoint=_4204_ (rising edge-triggered flip-flop clocked by core)
endpoint=_3951_ (recovery check against rising-edge clock core)
path_power_complete=true
path_average_power_sum internal=2.0968e-05 switching=8.67456e-08 dynamic=2.10548e-05 leakage=9.1771e-09 total=2.1064e-05
stage instance cell pins fanout capacitance slew delay arrival internal switching dynamic leakage total
1 _4204_ sg13g2_dfrbpq_1 CLK,Q 148 0.976266 1.92002 1.34832 1.34832 1.15966e-05 8.67456e-08 1.16834e-05 4.58351e-09 1.16879e-05
2 _3951_ sg13g2_dfrbpq_1 RESET_B - - 1.92002 0 1.34832 9.37143e-06 0 9.37143e-06 4.59358e-09 9.37602e-06

Worst path 14: status=met slack=8.38595 type=max group=asynchronous
startpoint=_4204_ (rising edge-triggered flip-flop clocked by core)
endpoint=_3952_ (recovery check against rising-edge clock core)
path_power_complete=true
path_average_power_sum internal=2.0968e-05 switching=8.67456e-08 dynamic=2.10548e-05 leakage=9.1771e-09 total=2.1064e-05
stage instance cell pins fanout capacitance slew delay arrival internal switching dynamic leakage total
1 _4204_ sg13g2_dfrbpq_1 CLK,Q 148 0.976266 1.92002 1.34832 1.34832 1.15966e-05 8.67456e-08 1.16834e-05 4.58351e-09 1.16879e-05
2 _3952_ sg13g2_dfrbpq_1 RESET_B - - 1.92002 0 1.34832 9.37143e-06 0 9.37143e-06 4.59358e-09 9.37602e-06

Worst path 15: status=met slack=8.38595 type=max group=asynchronous
startpoint=_4204_ (rising edge-triggered flip-flop clocked by core)
endpoint=_3953_ (recovery check against rising-edge clock core)
path_power_complete=true
path_average_power_sum internal=2.0968e-05 switching=8.67456e-08 dynamic=2.10548e-05 leakage=9.1771e-09 total=2.1064e-05
stage instance cell pins fanout capacitance slew delay arrival internal switching dynamic leakage total
1 _4204_ sg13g2_dfrbpq_1 CLK,Q 148 0.976266 1.92002 1.34832 1.34832 1.15966e-05 8.67456e-08 1.16834e-05 4.58351e-09 1.16879e-05
2 _3953_ sg13g2_dfrbpq_1 RESET_B - - 1.92002 0 1.34832 9.37143e-06 0 9.37143e-06 4.59358e-09 9.37602e-06

Worst path 16: status=met slack=8.38595 type=max group=asynchronous
startpoint=_4204_ (rising edge-triggered flip-flop clocked by core)
endpoint=_3954_ (recovery check against rising-edge clock core)
path_power_complete=true
path_average_power_sum internal=2.0968e-05 switching=8.67456e-08 dynamic=2.10548e-05 leakage=9.1771e-09 total=2.1064e-05
stage instance cell pins fanout capacitance slew delay arrival internal switching dynamic leakage total
1 _4204_ sg13g2_dfrbpq_1 CLK,Q 148 0.976266 1.92002 1.34832 1.34832 1.15966e-05 8.67456e-08 1.16834e-05 4.58351e-09 1.16879e-05
2 _3954_ sg13g2_dfrbpq_1 RESET_B - - 1.92002 0 1.34832 9.37143e-06 0 9.37143e-06 4.59358e-09 9.37602e-06

Worst path 17: status=met slack=8.38595 type=max group=asynchronous
startpoint=_4204_ (rising edge-triggered flip-flop clocked by core)
endpoint=_3955_ (recovery check against rising-edge clock core)
path_power_complete=true
path_average_power_sum internal=2.0968e-05 switching=8.67456e-08 dynamic=2.10548e-05 leakage=9.1771e-09 total=2.1064e-05
stage instance cell pins fanout capacitance slew delay arrival internal switching dynamic leakage total
1 _4204_ sg13g2_dfrbpq_1 CLK,Q 148 0.976266 1.92002 1.34832 1.34832 1.15966e-05 8.67456e-08 1.16834e-05 4.58351e-09 1.16879e-05
2 _3955_ sg13g2_dfrbpq_1 RESET_B - - 1.92002 0 1.34832 9.37143e-06 0 9.37143e-06 4.59358e-09 9.37602e-06

Worst path 18: status=met slack=8.38595 type=max group=asynchronous
startpoint=_4204_ (rising edge-triggered flip-flop clocked by core)
endpoint=_3956_ (recovery check against rising-edge clock core)
path_power_complete=true
path_average_power_sum internal=2.0968e-05 switching=8.67456e-08 dynamic=2.10548e-05 leakage=9.1771e-09 total=2.1064e-05
stage instance cell pins fanout capacitance slew delay arrival internal switching dynamic leakage total
1 _4204_ sg13g2_dfrbpq_1 CLK,Q 148 0.976266 1.92002 1.34832 1.34832 1.15966e-05 8.67456e-08 1.16834e-05 4.58351e-09 1.16879e-05
2 _3956_ sg13g2_dfrbpq_1 RESET_B - - 1.92002 0 1.34832 9.37143e-06 0 9.37143e-06 4.59358e-09 9.37602e-06

Worst path 19: status=met slack=8.38595 type=max group=asynchronous
startpoint=_4204_ (rising edge-triggered flip-flop clocked by core)
endpoint=_3957_ (recovery check against rising-edge clock core)
path_power_complete=true
path_average_power_sum internal=2.0968e-05 switching=8.67456e-08 dynamic=2.10548e-05 leakage=9.1771e-09 total=2.1064e-05
stage instance cell pins fanout capacitance slew delay arrival internal switching dynamic leakage total
1 _4204_ sg13g2_dfrbpq_1 CLK,Q 148 0.976266 1.92002 1.34832 1.34832 1.15966e-05 8.67456e-08 1.16834e-05 4.58351e-09 1.16879e-05
2 _3957_ sg13g2_dfrbpq_1 RESET_B - - 1.92002 0 1.34832 9.37143e-06 0 9.37143e-06 4.59358e-09 9.37602e-06

Worst path 20: status=met slack=8.38595 type=max group=asynchronous
startpoint=_4204_ (rising edge-triggered flip-flop clocked by core)
endpoint=_3958_ (recovery check against rising-edge clock core)
path_power_complete=true
path_average_power_sum internal=2.0968e-05 switching=8.67456e-08 dynamic=2.10548e-05 leakage=9.1771e-09 total=2.1064e-05
stage instance cell pins fanout capacitance slew delay arrival internal switching dynamic leakage total
1 _4204_ sg13g2_dfrbpq_1 CLK,Q 148 0.976266 1.92002 1.34832 1.34832 1.15966e-05 8.67456e-08 1.16834e-05 4.58351e-09 1.16879e-05
2 _3958_ sg13g2_dfrbpq_1 RESET_B - - 1.92002 0 1.34832 9.37143e-06 0 9.37143e-06 4.59358e-09 9.37602e-06

=== Highest-power instances and worst path through each ===

Hotspot 1: instance=_4194_ selected_worst_paths=none internal=1.71235e-05 switching=2.52236e-06 dynamic=1.96459e-05 leakage=4.61175e-09 total=1.96505e-05
Worst path through hotspot: status=met slack=9.01928 type=max group=asynchronous
startpoint=_4177_ (rising edge-triggered flip-flop clocked by core)
endpoint=_4194_ (recovery check against rising-edge clock core)
path_power_complete=true
path_average_power_sum internal=2.87252e-05 switching=2.57101e-06 dynamic=3.12963e-05 leakage=9.19517e-09 total=3.13054e-05
stage instance cell pins fanout capacitance slew delay arrival internal switching dynamic leakage total
1 _4177_ sg13g2_dfrbpq_1 CLK,Q 83 0.547501 1.07882 0.787583 0.787583 1.16017e-05 4.86479e-08 1.16504e-05 4.58342e-09 1.1655e-05
2 _4194_ sg13g2_dfrbpq_1 RESET_B - - 1.07882 0 0.787583 1.71235e-05 2.52236e-06 1.96459e-05 4.61175e-09 1.96505e-05
OpenSTA targeted timing report:
Startpoint: _4177_ (rising edge-triggered flip-flop clocked by core)
Endpoint: _4194_ (recovery check against rising-edge clock core)
Path Group: asynchronous
Path Type: max

Fanout         Cap        Slew       Delay        Time   Description
---------------------------------------------------------------------------------------------
                      0.000000    0.000000    0.000000   clock core (rise edge)
                                  0.000000    0.000000   clock network delay (ideal)
                      0.000000    0.000000    0.000000 ^ _4177_/CLK (sg13g2_dfrbpq_1)
    83    0.547501    1.078822    0.787583    0.787583 ^ _4177_/Q (sg13g2_dfrbpq_1)
                                                         u_uart_master_core_host_rst_ni (net)
                      1.078822    0.000000    0.787583 ^ _4194_/RESET_B (sg13g2_dfrbpq_1)
                                              0.787583   data arrival time

                      0.000000   10.000000   10.000000   clock core (rise edge)
                                  0.000000   10.000000   clock network delay (ideal)
                                  0.000000   10.000000   clock reconvergence pessimism
                                             10.000000 ^ _4194_/CLK (sg13g2_dfrbpq_1)
                                 -0.193138    9.806862   library recovery time
                                              9.806862   data required time
---------------------------------------------------------------------------------------------
                                              9.806862   data required time
                                             -0.787583   data arrival time
---------------------------------------------------------------------------------------------
                                              9.019279   slack (MET)

Hotspot 2: instance=_4193_ selected_worst_paths=none internal=1.71011e-05 switching=1.15734e-06 dynamic=1.82584e-05 leakage=4.61221e-09 total=1.8263e-05
Worst path through hotspot: status=met slack=9.01928 type=max group=asynchronous
startpoint=_4177_ (rising edge-triggered flip-flop clocked by core)
endpoint=_4193_ (recovery check against rising-edge clock core)
path_power_complete=true
path_average_power_sum internal=2.87028e-05 switching=1.20598e-06 dynamic=2.99088e-05 leakage=9.19564e-09 total=2.9918e-05
stage instance cell pins fanout capacitance slew delay arrival internal switching dynamic leakage total
1 _4177_ sg13g2_dfrbpq_1 CLK,Q 83 0.547501 1.07882 0.787583 0.787583 1.16017e-05 4.86479e-08 1.16504e-05 4.58342e-09 1.1655e-05
2 _4193_ sg13g2_dfrbpq_1 RESET_B - - 1.07882 0 0.787583 1.71011e-05 1.15734e-06 1.82584e-05 4.61221e-09 1.8263e-05
OpenSTA targeted timing report:
Startpoint: _4177_ (rising edge-triggered flip-flop clocked by core)
Endpoint: _4193_ (recovery check against rising-edge clock core)
Path Group: asynchronous
Path Type: max

Fanout         Cap        Slew       Delay        Time   Description
---------------------------------------------------------------------------------------------
                      0.000000    0.000000    0.000000   clock core (rise edge)
                                  0.000000    0.000000   clock network delay (ideal)
                      0.000000    0.000000    0.000000 ^ _4177_/CLK (sg13g2_dfrbpq_1)
    83    0.547501    1.078822    0.787583    0.787583 ^ _4177_/Q (sg13g2_dfrbpq_1)
                                                         u_uart_master_core_host_rst_ni (net)
                      1.078822    0.000000    0.787583 ^ _4193_/RESET_B (sg13g2_dfrbpq_1)
                                              0.787583   data arrival time

                      0.000000   10.000000   10.000000   clock core (rise edge)
                                  0.000000   10.000000   clock network delay (ideal)
                                  0.000000   10.000000   clock reconvergence pessimism
                                             10.000000 ^ _4193_/CLK (sg13g2_dfrbpq_1)
                                 -0.193138    9.806862   library recovery time
                                              9.806862   data required time
---------------------------------------------------------------------------------------------
                                              9.806862   data required time
                                             -0.787583   data arrival time
---------------------------------------------------------------------------------------------
                                              9.019279   slack (MET)

Hotspot 3: instance=_3996_ selected_worst_paths=none internal=1.3982e-05 switching=7.85939e-07 dynamic=1.47679e-05 leakage=4.61203e-09 total=1.47725e-05
Worst path through hotspot: status=met slack=9.01928 type=max group=asynchronous
startpoint=_4177_ (rising edge-triggered flip-flop clocked by core)
endpoint=_3996_ (recovery check against rising-edge clock core)
path_power_complete=true
path_average_power_sum internal=2.55837e-05 switching=8.34587e-07 dynamic=2.64183e-05 leakage=9.19545e-09 total=2.64275e-05
stage instance cell pins fanout capacitance slew delay arrival internal switching dynamic leakage total
1 _4177_ sg13g2_dfrbpq_1 CLK,Q 83 0.547501 1.07882 0.787583 0.787583 1.16017e-05 4.86479e-08 1.16504e-05 4.58342e-09 1.1655e-05
2 _3996_ sg13g2_dfrbpq_1 RESET_B - - 1.07882 0 0.787583 1.3982e-05 7.85939e-07 1.47679e-05 4.61203e-09 1.47725e-05
OpenSTA targeted timing report:
Startpoint: _4177_ (rising edge-triggered flip-flop clocked by core)
Endpoint: _3996_ (recovery check against rising-edge clock core)
Path Group: asynchronous
Path Type: max

Fanout         Cap        Slew       Delay        Time   Description
---------------------------------------------------------------------------------------------
                      0.000000    0.000000    0.000000   clock core (rise edge)
                                  0.000000    0.000000   clock network delay (ideal)
                      0.000000    0.000000    0.000000 ^ _4177_/CLK (sg13g2_dfrbpq_1)
    83    0.547501    1.078822    0.787583    0.787583 ^ _4177_/Q (sg13g2_dfrbpq_1)
                                                         u_uart_master_core_host_rst_ni (net)
                      1.078822    0.000000    0.787583 ^ _3996_/RESET_B (sg13g2_dfrbpq_1)
                                              0.787583   data arrival time

                      0.000000   10.000000   10.000000   clock core (rise edge)
                                  0.000000   10.000000   clock network delay (ideal)
                                  0.000000   10.000000   clock reconvergence pessimism
                                             10.000000 ^ _3996_/CLK (sg13g2_dfrbpq_1)
                                 -0.193138    9.806862   library recovery time
                                              9.806862   data required time
---------------------------------------------------------------------------------------------
                                              9.806862   data required time
                                             -0.787583   data arrival time
---------------------------------------------------------------------------------------------
                                              9.019279   slack (MET)

Hotspot 4: instance=_3932_ selected_worst_paths=none internal=1.39812e-05 switching=4.7555e-07 dynamic=1.44568e-05 leakage=4.61251e-09 total=1.44614e-05
Worst path through hotspot: status=met slack=9.01928 type=max group=asynchronous
startpoint=_4177_ (rising edge-triggered flip-flop clocked by core)
endpoint=_3932_ (recovery check against rising-edge clock core)
path_power_complete=true
path_average_power_sum internal=2.55829e-05 switching=5.24198e-07 dynamic=2.61071e-05 leakage=9.19594e-09 total=2.61163e-05
stage instance cell pins fanout capacitance slew delay arrival internal switching dynamic leakage total
1 _4177_ sg13g2_dfrbpq_1 CLK,Q 83 0.547501 1.07882 0.787583 0.787583 1.16017e-05 4.86479e-08 1.16504e-05 4.58342e-09 1.1655e-05
2 _3932_ sg13g2_dfrbpq_1 RESET_B - - 1.07882 0 0.787583 1.39812e-05 4.7555e-07 1.44568e-05 4.61251e-09 1.44614e-05
OpenSTA targeted timing report:
Startpoint: _4177_ (rising edge-triggered flip-flop clocked by core)
Endpoint: _3932_ (recovery check against rising-edge clock core)
Path Group: asynchronous
Path Type: max

Fanout         Cap        Slew       Delay        Time   Description
---------------------------------------------------------------------------------------------
                      0.000000    0.000000    0.000000   clock core (rise edge)
                                  0.000000    0.000000   clock network delay (ideal)
                      0.000000    0.000000    0.000000 ^ _4177_/CLK (sg13g2_dfrbpq_1)
    83    0.547501    1.078822    0.787583    0.787583 ^ _4177_/Q (sg13g2_dfrbpq_1)
                                                         u_uart_master_core_host_rst_ni (net)
                      1.078822    0.000000    0.787583 ^ _3932_/RESET_B (sg13g2_dfrbpq_1)
                                              0.787583   data arrival time

                      0.000000   10.000000   10.000000   clock core (rise edge)
                                  0.000000   10.000000   clock network delay (ideal)
                                  0.000000   10.000000   clock reconvergence pessimism
                                             10.000000 ^ _3932_/CLK (sg13g2_dfrbpq_1)
                                 -0.193138    9.806862   library recovery time
                                              9.806862   data required time
---------------------------------------------------------------------------------------------
                                              9.806862   data required time
                                             -0.787583   data arrival time
---------------------------------------------------------------------------------------------
                                              9.019279   slack (MET)

Hotspot 5: instance=_3933_ selected_worst_paths=none internal=1.30407e-05 switching=2.63575e-07 dynamic=1.33042e-05 leakage=4.61197e-09 total=1.33088e-05
Worst path through hotspot: status=met slack=9.01928 type=max group=asynchronous
startpoint=_4177_ (rising edge-triggered flip-flop clocked by core)
endpoint=_3933_ (recovery check against rising-edge clock core)
path_power_complete=true
path_average_power_sum internal=2.46424e-05 switching=3.12223e-07 dynamic=2.49546e-05 leakage=9.1954e-09 total=2.49638e-05
stage instance cell pins fanout capacitance slew delay arrival internal switching dynamic leakage total
1 _4177_ sg13g2_dfrbpq_1 CLK,Q 83 0.547501 1.07882 0.787583 0.787583 1.16017e-05 4.86479e-08 1.16504e-05 4.58342e-09 1.1655e-05
2 _3933_ sg13g2_dfrbpq_1 RESET_B - - 1.07882 0 0.787583 1.30407e-05 2.63575e-07 1.33042e-05 4.61197e-09 1.33088e-05
OpenSTA targeted timing report:
Startpoint: _4177_ (rising edge-triggered flip-flop clocked by core)
Endpoint: _3933_ (recovery check against rising-edge clock core)
Path Group: asynchronous
Path Type: max

Fanout         Cap        Slew       Delay        Time   Description
---------------------------------------------------------------------------------------------
                      0.000000    0.000000    0.000000   clock core (rise edge)
                                  0.000000    0.000000   clock network delay (ideal)
                      0.000000    0.000000    0.000000 ^ _4177_/CLK (sg13g2_dfrbpq_1)
    83    0.547501    1.078822    0.787583    0.787583 ^ _4177_/Q (sg13g2_dfrbpq_1)
                                                         u_uart_master_core_host_rst_ni (net)
                      1.078822    0.000000    0.787583 ^ _3933_/RESET_B (sg13g2_dfrbpq_1)
                                              0.787583   data arrival time

                      0.000000   10.000000   10.000000   clock core (rise edge)
                                  0.000000   10.000000   clock network delay (ideal)
                                  0.000000   10.000000   clock reconvergence pessimism
                                             10.000000 ^ _3933_/CLK (sg13g2_dfrbpq_1)
                                 -0.193138    9.806862   library recovery time
                                              9.806862   data required time
---------------------------------------------------------------------------------------------
                                              9.806862   data required time
                                             -0.787583   data arrival time
---------------------------------------------------------------------------------------------
                                              9.019279   slack (MET)

Hotspot 6: instance=_3997_ selected_worst_paths=none internal=1.2417e-05 switching=3.45086e-07 dynamic=1.27621e-05 leakage=4.6122e-09 total=1.27667e-05
Worst path through hotspot: status=met slack=9.01928 type=max group=asynchronous
startpoint=_4177_ (rising edge-triggered flip-flop clocked by core)
endpoint=_3997_ (recovery check against rising-edge clock core)
path_power_complete=true
path_average_power_sum internal=2.40188e-05 switching=3.93734e-07 dynamic=2.44125e-05 leakage=9.19562e-09 total=2.44217e-05
stage instance cell pins fanout capacitance slew delay arrival internal switching dynamic leakage total
1 _4177_ sg13g2_dfrbpq_1 CLK,Q 83 0.547501 1.07882 0.787583 0.787583 1.16017e-05 4.86479e-08 1.16504e-05 4.58342e-09 1.1655e-05
2 _3997_ sg13g2_dfrbpq_1 RESET_B - - 1.07882 0 0.787583 1.2417e-05 3.45086e-07 1.27621e-05 4.6122e-09 1.27667e-05
OpenSTA targeted timing report:
Startpoint: _4177_ (rising edge-triggered flip-flop clocked by core)
Endpoint: _3997_ (recovery check against rising-edge clock core)
Path Group: asynchronous
Path Type: max

Fanout         Cap        Slew       Delay        Time   Description
---------------------------------------------------------------------------------------------
                      0.000000    0.000000    0.000000   clock core (rise edge)
                                  0.000000    0.000000   clock network delay (ideal)
                      0.000000    0.000000    0.000000 ^ _4177_/CLK (sg13g2_dfrbpq_1)
    83    0.547501    1.078822    0.787583    0.787583 ^ _4177_/Q (sg13g2_dfrbpq_1)
                                                         u_uart_master_core_host_rst_ni (net)
                      1.078822    0.000000    0.787583 ^ _3997_/RESET_B (sg13g2_dfrbpq_1)
                                              0.787583   data arrival time

                      0.000000   10.000000   10.000000   clock core (rise edge)
                                  0.000000   10.000000   clock network delay (ideal)
                                  0.000000   10.000000   clock reconvergence pessimism
                                             10.000000 ^ _3997_/CLK (sg13g2_dfrbpq_1)
                                 -0.193138    9.806862   library recovery time
                                              9.806862   data required time
---------------------------------------------------------------------------------------------
                                              9.806862   data required time
                                             -0.787583   data arrival time
---------------------------------------------------------------------------------------------
                                              9.019279   slack (MET)

Hotspot 7: instance=_3998_ selected_worst_paths=none internal=1.19486e-05 switching=1.88622e-07 dynamic=1.21372e-05 leakage=4.61224e-09 total=1.21418e-05
Worst path through hotspot: status=met slack=9.01928 type=max group=asynchronous
startpoint=_4177_ (rising edge-triggered flip-flop clocked by core)
endpoint=_3998_ (recovery check against rising-edge clock core)
path_power_complete=true
path_average_power_sum internal=2.35503e-05 switching=2.3727e-07 dynamic=2.37876e-05 leakage=9.19567e-09 total=2.37968e-05
stage instance cell pins fanout capacitance slew delay arrival internal switching dynamic leakage total
1 _4177_ sg13g2_dfrbpq_1 CLK,Q 83 0.547501 1.07882 0.787583 0.787583 1.16017e-05 4.86479e-08 1.16504e-05 4.58342e-09 1.1655e-05
2 _3998_ sg13g2_dfrbpq_1 RESET_B - - 1.07882 0 0.787583 1.19486e-05 1.88622e-07 1.21372e-05 4.61224e-09 1.21418e-05
OpenSTA targeted timing report:
Startpoint: _4177_ (rising edge-triggered flip-flop clocked by core)
Endpoint: _3998_ (recovery check against rising-edge clock core)
Path Group: asynchronous
Path Type: max

Fanout         Cap        Slew       Delay        Time   Description
---------------------------------------------------------------------------------------------
                      0.000000    0.000000    0.000000   clock core (rise edge)
                                  0.000000    0.000000   clock network delay (ideal)
                      0.000000    0.000000    0.000000 ^ _4177_/CLK (sg13g2_dfrbpq_1)
    83    0.547501    1.078822    0.787583    0.787583 ^ _4177_/Q (sg13g2_dfrbpq_1)
                                                         u_uart_master_core_host_rst_ni (net)
                      1.078822    0.000000    0.787583 ^ _3998_/RESET_B (sg13g2_dfrbpq_1)
                                              0.787583   data arrival time

                      0.000000   10.000000   10.000000   clock core (rise edge)
                                  0.000000   10.000000   clock network delay (ideal)
                                  0.000000   10.000000   clock reconvergence pessimism
                                             10.000000 ^ _3998_/CLK (sg13g2_dfrbpq_1)
                                 -0.193138    9.806862   library recovery time
                                              9.806862   data required time
---------------------------------------------------------------------------------------------
                                              9.806862   data required time
                                             -0.787583   data arrival time
---------------------------------------------------------------------------------------------
                                              9.019279   slack (MET)

Hotspot 8: instance=_3934_ selected_worst_paths=none internal=1.19423e-05 switching=6.59576e-08 dynamic=1.20082e-05 leakage=4.61229e-09 total=1.20128e-05
Worst path through hotspot: status=met slack=9.01928 type=max group=asynchronous
startpoint=_4177_ (rising edge-triggered flip-flop clocked by core)
endpoint=_3934_ (recovery check against rising-edge clock core)
path_power_complete=true
path_average_power_sum internal=2.3544e-05 switching=1.14605e-07 dynamic=2.36586e-05 leakage=9.19572e-09 total=2.36678e-05
stage instance cell pins fanout capacitance slew delay arrival internal switching dynamic leakage total
1 _4177_ sg13g2_dfrbpq_1 CLK,Q 83 0.547501 1.07882 0.787583 0.787583 1.16017e-05 4.86479e-08 1.16504e-05 4.58342e-09 1.1655e-05
2 _3934_ sg13g2_dfrbpq_1 RESET_B - - 1.07882 0 0.787583 1.19423e-05 6.59576e-08 1.20082e-05 4.61229e-09 1.20128e-05
OpenSTA targeted timing report:
Startpoint: _4177_ (rising edge-triggered flip-flop clocked by core)
Endpoint: _3934_ (recovery check against rising-edge clock core)
Path Group: asynchronous
Path Type: max

Fanout         Cap        Slew       Delay        Time   Description
---------------------------------------------------------------------------------------------
                      0.000000    0.000000    0.000000   clock core (rise edge)
                                  0.000000    0.000000   clock network delay (ideal)
                      0.000000    0.000000    0.000000 ^ _4177_/CLK (sg13g2_dfrbpq_1)
    83    0.547501    1.078822    0.787583    0.787583 ^ _4177_/Q (sg13g2_dfrbpq_1)
                                                         u_uart_master_core_host_rst_ni (net)
                      1.078822    0.000000    0.787583 ^ _3934_/RESET_B (sg13g2_dfrbpq_1)
                                              0.787583   data arrival time

                      0.000000   10.000000   10.000000   clock core (rise edge)
                                  0.000000   10.000000   clock network delay (ideal)
                                  0.000000   10.000000   clock reconvergence pessimism
                                             10.000000 ^ _3934_/CLK (sg13g2_dfrbpq_1)
                                 -0.193138    9.806862   library recovery time
                                              9.806862   data required time
---------------------------------------------------------------------------------------------
                                              9.806862   data required time
                                             -0.787583   data arrival time
---------------------------------------------------------------------------------------------
                                              9.019279   slack (MET)

Hotspot 9: instance=_4204_ selected_worst_paths=13,14,15,16,17,18,19,20 internal=1.15966e-05 switching=8.67456e-08 dynamic=1.16834e-05 leakage=4.58351e-09 total=1.16879e-05
Worst path through hotspot: status=met slack=8.38595 type=max group=asynchronous
startpoint=_4204_ (rising edge-triggered flip-flop clocked by core)
endpoint=_3951_ (recovery check against rising-edge clock core)
path_power_complete=true
path_average_power_sum internal=2.0968e-05 switching=8.67456e-08 dynamic=2.10548e-05 leakage=9.1771e-09 total=2.1064e-05
stage instance cell pins fanout capacitance slew delay arrival internal switching dynamic leakage total
1 _4204_ sg13g2_dfrbpq_1 CLK,Q 148 0.976266 1.92002 1.34832 1.34832 1.15966e-05 8.67456e-08 1.16834e-05 4.58351e-09 1.16879e-05
2 _3951_ sg13g2_dfrbpq_1 RESET_B - - 1.92002 0 1.34832 9.37143e-06 0 9.37143e-06 4.59358e-09 9.37602e-06
OpenSTA targeted timing report:
Startpoint: _4204_ (rising edge-triggered flip-flop clocked by core)
Endpoint: _3951_ (recovery check against rising-edge clock core)
Path Group: asynchronous
Path Type: max

Fanout         Cap        Slew       Delay        Time   Description
---------------------------------------------------------------------------------------------
                      0.000000    0.000000    0.000000   clock core (rise edge)
                                  0.000000    0.000000   clock network delay (ideal)
                      0.000000    0.000000    0.000000 ^ _4204_/CLK (sg13g2_dfrbpq_1)
   148    0.976266    1.920023    1.348317    1.348317 ^ _4204_/Q (sg13g2_dfrbpq_1)
                                                         u_uart_master_core_u_host_bridge_bus_rst_ni (net)
                      1.920023    0.000000    1.348317 ^ _3951_/RESET_B (sg13g2_dfrbpq_1)
                                              1.348317   data arrival time

                      0.000000   10.000000   10.000000   clock core (rise edge)
                                  0.000000   10.000000   clock network delay (ideal)
                                  0.000000   10.000000   clock reconvergence pessimism
                                             10.000000 ^ _3951_/CLK (sg13g2_dfrbpq_1)
                                 -0.265729    9.734271   library recovery time
                                              9.734271   data required time
---------------------------------------------------------------------------------------------
                                              9.734271   data required time
                                             -1.348317   data arrival time
---------------------------------------------------------------------------------------------
                                              8.385955   slack (MET)

Hotspot 10: instance=_4174_ selected_worst_paths=none internal=1.16122e-05 switching=4.33728e-08 dynamic=1.16556e-05 leakage=4.58344e-09 total=1.16601e-05
Worst path through hotspot: status=met slack=9.10936 type=max group=asynchronous
startpoint=_4174_ (rising edge-triggered flip-flop clocked by core)
endpoint=_3911_ (recovery check against rising-edge clock core)
path_power_complete=true
path_average_power_sum internal=2.10612e-05 switching=4.39323e-08 dynamic=2.11051e-05 leakage=9.17961e-09 total=2.11143e-05
stage instance cell pins fanout capacitance slew delay arrival internal switching dynamic leakage total
1 _4174_ sg13g2_dfrbpq_1 CLK,Q 74 0.488133 0.962348 0.709943 0.709943 1.16122e-05 4.33728e-08 1.16556e-05 4.58344e-09 1.16601e-05
2 _3911_ sg13g2_dfrbpq_1 RESET_B - - 0.962348 0 0.709943 9.44902e-06 5.59536e-10 9.44958e-06 4.59617e-09 9.45417e-06
OpenSTA targeted timing report:
Startpoint: _4174_ (rising edge-triggered flip-flop clocked by core)
Endpoint: _3911_ (recovery check against rising-edge clock core)
Path Group: asynchronous
Path Type: max

Fanout         Cap        Slew       Delay        Time   Description
---------------------------------------------------------------------------------------------
                      0.000000    0.000000    0.000000   clock core (rise edge)
                                  0.000000    0.000000   clock network delay (ideal)
                      0.000000    0.000000    0.000000 ^ _4174_/CLK (sg13g2_dfrbpq_1)
    74    0.488133    0.962348    0.709943    0.709943 ^ _4174_/Q (sg13g2_dfrbpq_1)
                                                         core_rst_ni (net)
                      0.962348    0.000000    0.709943 ^ _3911_/RESET_B (sg13g2_dfrbpq_1)
                                              0.709943   data arrival time

                      0.000000   10.000000   10.000000   clock core (rise edge)
                                  0.000000   10.000000   clock network delay (ideal)
                                  0.000000   10.000000   clock reconvergence pessimism
                                             10.000000 ^ _3911_/CLK (sg13g2_dfrbpq_1)
                                 -0.180698    9.819303   library recovery time
                                              9.819303   data required time
---------------------------------------------------------------------------------------------
                                              9.819303   data required time
                                             -0.709943   data arrival time
---------------------------------------------------------------------------------------------
                                              9.109359   slack (MET)

Hotspot 11: instance=_4177_ selected_worst_paths=none internal=1.16017e-05 switching=4.86479e-08 dynamic=1.16504e-05 leakage=4.58342e-09 total=1.1655e-05
Worst path through hotspot: status=met slack=9.01928 type=max group=asynchronous
startpoint=_4177_ (rising edge-triggered flip-flop clocked by core)
endpoint=_3901_ (recovery check against rising-edge clock core)
path_power_complete=true
path_average_power_sum internal=2.09711e-05 switching=4.86479e-08 dynamic=2.10197e-05 leakage=9.1775e-09 total=2.10289e-05
stage instance cell pins fanout capacitance slew delay arrival internal switching dynamic leakage total
1 _4177_ sg13g2_dfrbpq_1 CLK,Q 83 0.547501 1.07882 0.787583 0.787583 1.16017e-05 4.86479e-08 1.16504e-05 4.58342e-09 1.1655e-05
2 _3901_ sg13g2_dfrbpq_1 RESET_B - - 1.07882 0 0.787583 9.36932e-06 0 9.36932e-06 4.59407e-09 9.37391e-06
OpenSTA targeted timing report:
Startpoint: _4177_ (rising edge-triggered flip-flop clocked by core)
Endpoint: _3901_ (recovery check against rising-edge clock core)
Path Group: asynchronous
Path Type: max

Fanout         Cap        Slew       Delay        Time   Description
---------------------------------------------------------------------------------------------
                      0.000000    0.000000    0.000000   clock core (rise edge)
                                  0.000000    0.000000   clock network delay (ideal)
                      0.000000    0.000000    0.000000 ^ _4177_/CLK (sg13g2_dfrbpq_1)
    83    0.547501    1.078822    0.787583    0.787583 ^ _4177_/Q (sg13g2_dfrbpq_1)
                                                         u_uart_master_core_host_rst_ni (net)
                      1.078822    0.000000    0.787583 ^ _3901_/RESET_B (sg13g2_dfrbpq_1)
                                              0.787583   data arrival time

                      0.000000   10.000000   10.000000   clock core (rise edge)
                                  0.000000   10.000000   clock network delay (ideal)
                                  0.000000   10.000000   clock reconvergence pessimism
                                             10.000000 ^ _3901_/CLK (sg13g2_dfrbpq_1)
                                 -0.193138    9.806862   library recovery time
                                              9.806862   data required time
---------------------------------------------------------------------------------------------
                                              9.806862   data required time
                                             -0.787583   data arrival time
---------------------------------------------------------------------------------------------
                                              9.019279   slack (MET)

Hotspot 12: instance=_4188_ selected_worst_paths=none internal=1.16348e-05 switching=6.31058e-09 dynamic=1.16411e-05 leakage=4.5821e-09 total=1.16457e-05
Worst path through hotspot: status=met slack=9.01928 type=max group=asynchronous
startpoint=_4177_ (rising edge-triggered flip-flop clocked by core)
endpoint=_4188_ (recovery check against rising-edge clock core)
path_power_complete=true
path_average_power_sum internal=2.32366e-05 switching=5.49584e-08 dynamic=2.32915e-05 leakage=9.16553e-09 total=2.33007e-05
stage instance cell pins fanout capacitance slew delay arrival internal switching dynamic leakage total
1 _4177_ sg13g2_dfrbpq_1 CLK,Q 83 0.547501 1.07882 0.787583 0.787583 1.16017e-05 4.86479e-08 1.16504e-05 4.58342e-09 1.1655e-05
2 _4188_ sg13g2_dfrbpq_1 RESET_B - - 1.07882 0 0.787583 1.16348e-05 6.31058e-09 1.16411e-05 4.5821e-09 1.16457e-05
OpenSTA targeted timing report:
Startpoint: _4177_ (rising edge-triggered flip-flop clocked by core)
Endpoint: _4188_ (recovery check against rising-edge clock core)
Path Group: asynchronous
Path Type: max

Fanout         Cap        Slew       Delay        Time   Description
---------------------------------------------------------------------------------------------
                      0.000000    0.000000    0.000000   clock core (rise edge)
                                  0.000000    0.000000   clock network delay (ideal)
                      0.000000    0.000000    0.000000 ^ _4177_/CLK (sg13g2_dfrbpq_1)
    83    0.547501    1.078822    0.787583    0.787583 ^ _4177_/Q (sg13g2_dfrbpq_1)
                                                         u_uart_master_core_host_rst_ni (net)
                      1.078822    0.000000    0.787583 ^ _4188_/RESET_B (sg13g2_dfrbpq_1)
                                              0.787583   data arrival time

                      0.000000   10.000000   10.000000   clock core (rise edge)
                                  0.000000   10.000000   clock network delay (ideal)
                                  0.000000   10.000000   clock reconvergence pessimism
                                             10.000000 ^ _4188_/CLK (sg13g2_dfrbpq_1)
                                 -0.193138    9.806862   library recovery time
                                              9.806862   data required time
---------------------------------------------------------------------------------------------
                                              9.806862   data required time
                                             -0.787583   data arrival time
---------------------------------------------------------------------------------------------
                                              9.019279   slack (MET)

Hotspot 13: instance=_4173_ selected_worst_paths=12 internal=1.16389e-05 switching=1.75836e-09 dynamic=1.16406e-05 leakage=4.58242e-09 total=1.16452e-05
Worst path through hotspot: status=met slack=7.94925 type=max group=asynchronous
startpoint=rst_ni (input port clocked by core)
endpoint=_4173_ (recovery check against rising-edge clock core)
path_power_complete=true
path_average_power_sum internal=1.16389e-05 switching=1.75836e-09 dynamic=1.16406e-05 leakage=4.58242e-09 total=1.16452e-05
stage instance cell pins fanout capacitance slew delay arrival internal switching dynamic leakage total
1 _4173_ sg13g2_dfrbpq_1 RESET_B - - 0.001319 0 2.00132 1.16389e-05 1.75836e-09 1.16406e-05 4.58242e-09 1.16452e-05
OpenSTA targeted timing report:
Startpoint: rst_ni (input port clocked by core)
Endpoint: _4173_ (recovery check against rising-edge clock core)
Path Group: asynchronous
Path Type: max

Fanout         Cap        Slew       Delay        Time   Description
---------------------------------------------------------------------------------------------
                      0.000000    0.000000    0.000000   clock core (rise edge)
                                  0.000000    0.000000   clock network delay (ideal)
                                  2.000000    2.000000 ^ input external delay
     2    0.013193    0.001319    0.001319    2.001319 ^ rst_ni (in)
                                                         rst_ni (net)
                      0.001319    0.000000    2.001319 ^ _4173_/RESET_B (sg13g2_dfrbpq_1)
                                              2.001319   data arrival time

                      0.000000   10.000000   10.000000   clock core (rise edge)
                                  0.000000   10.000000   clock network delay (ideal)
                                  0.000000   10.000000   clock reconvergence pessimism
                                             10.000000 ^ _4173_/CLK (sg13g2_dfrbpq_1)
                                 -0.049426    9.950574   library recovery time
                                              9.950574   data required time
---------------------------------------------------------------------------------------------
                                              9.950574   data required time
                                             -2.001319   data arrival time
---------------------------------------------------------------------------------------------
                                              7.949255   slack (MET)

Hotspot 14: instance=_4178_ selected_worst_paths=none internal=1.16285e-05 switching=8.55052e-09 dynamic=1.16371e-05 leakage=4.58378e-09 total=1.16417e-05
Worst path through hotspot: status=met slack=9.01928 type=max group=asynchronous
startpoint=_4177_ (rising edge-triggered flip-flop clocked by core)
endpoint=_4178_ (recovery check against rising-edge clock core)
path_power_complete=true
path_average_power_sum internal=2.32303e-05 switching=5.71984e-08 dynamic=2.32875e-05 leakage=9.16721e-09 total=2.32967e-05
stage instance cell pins fanout capacitance slew delay arrival internal switching dynamic leakage total
1 _4177_ sg13g2_dfrbpq_1 CLK,Q 83 0.547501 1.07882 0.787583 0.787583 1.16017e-05 4.86479e-08 1.16504e-05 4.58342e-09 1.1655e-05
2 _4178_ sg13g2_dfrbpq_1 RESET_B - - 1.07882 0 0.787583 1.16285e-05 8.55052e-09 1.16371e-05 4.58378e-09 1.16417e-05
OpenSTA targeted timing report:
Startpoint: _4177_ (rising edge-triggered flip-flop clocked by core)
Endpoint: _4178_ (recovery check against rising-edge clock core)
Path Group: asynchronous
Path Type: max

Fanout         Cap        Slew       Delay        Time   Description
---------------------------------------------------------------------------------------------
                      0.000000    0.000000    0.000000   clock core (rise edge)
                                  0.000000    0.000000   clock network delay (ideal)
                      0.000000    0.000000    0.000000 ^ _4177_/CLK (sg13g2_dfrbpq_1)
    83    0.547501    1.078822    0.787583    0.787583 ^ _4177_/Q (sg13g2_dfrbpq_1)
                                                         u_uart_master_core_host_rst_ni (net)
                      1.078822    0.000000    0.787583 ^ _4178_/RESET_B (sg13g2_dfrbpq_1)
                                              0.787583   data arrival time

                      0.000000   10.000000   10.000000   clock core (rise edge)
                                  0.000000   10.000000   clock network delay (ideal)
                                  0.000000   10.000000   clock reconvergence pessimism
                                             10.000000 ^ _4178_/CLK (sg13g2_dfrbpq_1)
                                 -0.193138    9.806862   library recovery time
                                              9.806862   data required time
---------------------------------------------------------------------------------------------
                                              9.806862   data required time
                                             -0.787583   data arrival time
---------------------------------------------------------------------------------------------
                                              9.019279   slack (MET)

Hotspot 15: instance=_4172_ selected_worst_paths=11 internal=1.16337e-05 switching=5.06731e-10 dynamic=1.16342e-05 leakage=4.58298e-09 total=1.16388e-05
Worst path through hotspot: status=met slack=7.94925 type=max group=asynchronous
startpoint=rst_ni (input port clocked by core)
endpoint=_4172_ (recovery check against rising-edge clock core)
path_power_complete=true
path_average_power_sum internal=1.16337e-05 switching=5.06731e-10 dynamic=1.16342e-05 leakage=4.58298e-09 total=1.16388e-05
stage instance cell pins fanout capacitance slew delay arrival internal switching dynamic leakage total
1 _4172_ sg13g2_dfrbpq_1 RESET_B - - 0.001319 0 2.00132 1.16337e-05 5.06731e-10 1.16342e-05 4.58298e-09 1.16388e-05
OpenSTA targeted timing report:
Startpoint: rst_ni (input port clocked by core)
Endpoint: _4172_ (recovery check against rising-edge clock core)
Path Group: asynchronous
Path Type: max

Fanout         Cap        Slew       Delay        Time   Description
---------------------------------------------------------------------------------------------
                      0.000000    0.000000    0.000000   clock core (rise edge)
                                  0.000000    0.000000   clock network delay (ideal)
                                  2.000000    2.000000 ^ input external delay
     2    0.013193    0.001319    0.001319    2.001319 ^ rst_ni (in)
                                                         rst_ni (net)
                      0.001319    0.000000    2.001319 ^ _4172_/RESET_B (sg13g2_dfrbpq_1)
                                              2.001319   data arrival time

                      0.000000   10.000000   10.000000   clock core (rise edge)
                                  0.000000   10.000000   clock network delay (ideal)
                                  0.000000   10.000000   clock reconvergence pessimism
                                             10.000000 ^ _4172_/CLK (sg13g2_dfrbpq_1)
                                 -0.049426    9.950574   library recovery time
                                              9.950574   data required time
---------------------------------------------------------------------------------------------
                                              9.950574   data required time
                                             -2.001319   data arrival time
---------------------------------------------------------------------------------------------
                                              7.949255   slack (MET)

Hotspot 16: instance=_4135_ selected_worst_paths=none internal=1.16266e-05 switching=3.63452e-09 dynamic=1.16302e-05 leakage=4.58358e-09 total=1.16348e-05
Worst path through hotspot: status=met slack=7.52815 type=max group=core
startpoint=tl_i[108] (input port clocked by core)
endpoint=_4135_ (rising edge-triggered flip-flop clocked by core)
path_power_complete=true
path_average_power_sum internal=1.16743e-05 switching=1.76801e-07 dynamic=1.18511e-05 leakage=1.13605e-08 total=1.18624e-05
stage instance cell pins fanout capacitance slew delay arrival internal switching dynamic leakage total
1 _3620_ sg13g2_nand2_1 B,Y 4 0.01275 0.044791 0.03941 2.0398 6.93625e-09 2.81909e-08 3.51271e-08 2.11787e-10 3.53389e-08
2 _3640_ sg13g2_nor3_1 C,Y 3 0.013579 0.101131 0.085253 2.12506 2.61537e-09 7.84265e-09 1.0458e-08 2.08176e-09 1.25398e-08
3 _3641_ sg13g2_nor3_1 C,Y 1 0.002764 0.024276 0.024241 2.1493 1.1785e-08 4.75027e-09 1.65353e-08 7.45788e-10 1.72811e-08
4 _3642_ sg13g2_buf_1 A,X 16 0.058203 0.096018 0.096062 2.24536 9.6179e-09 7.32461e-08 8.2864e-08 8.82648e-10 8.37466e-08
5 _3672_ sg13g2_inv_1 A,Y 10 0.04664 0.10774 0.107466 2.35282 3.55773e-09 5.18023e-08 5.53601e-08 2.10226e-10 5.55703e-08
6 _3755_ sg13g2_a21oi_1 B1,Y 1 0.003359 0.052099 0.025832 2.37866 5.12206e-09 4.88522e-09 1.00073e-08 1.55913e-09 1.15664e-08
7 _3784_ sg13g2_a22oi_1 B1,Y 1 0.001901 0.040454 0.039961 2.41862 8.05498e-09 2.4492e-09 1.05042e-08 1.08558e-09 1.15898e-08
8 _4135_ sg13g2_dfrbpq_1 D - - 0.040454 0 2.41862 1.16266e-05 3.63452e-09 1.16302e-05 4.58358e-09 1.16348e-05
OpenSTA targeted timing report:
Startpoint: tl_i[108] (input port clocked by core)
Endpoint: _4135_ (rising edge-triggered flip-flop clocked by core)
Path Group: core
Path Type: max

Fanout         Cap        Slew       Delay        Time   Description
---------------------------------------------------------------------------------------------
                      0.000000    0.000000    0.000000   clock core (rise edge)
                                  0.000000    0.000000   clock network delay (ideal)
                                  2.000000    2.000000 ^ input external delay
     1    0.003917    0.000392    0.000392    2.000392 ^ tl_i[108] (in)
                                                         tl_i[108] (net)
                      0.000392    0.000000    2.000392 ^ _3620_/B (sg13g2_nand2_1)
     4    0.012750    0.044791    0.039410    2.039802 v _3620_/Y (sg13g2_nand2_1)
                                                         _0762_ (net)
                      0.044791    0.000000    2.039802 v _3640_/C (sg13g2_nor3_1)
     3    0.013579    0.101131    0.085253    2.125055 ^ _3640_/Y (sg13g2_nor3_1)
                                                         _0774_ (net)
                      0.101131    0.000000    2.125055 ^ _3641_/C (sg13g2_nor3_1)
     1    0.002764    0.024276    0.024241    2.149296 v _3641_/Y (sg13g2_nor3_1)
                                                         _0775_ (net)
                      0.024276    0.000000    2.149296 v _3642_/A (sg13g2_buf_1)
    16    0.058203    0.096018    0.096062    2.245358 v _3642_/X (sg13g2_buf_1)
                                                         _0776_ (net)
                      0.096018    0.000000    2.245358 v _3672_/A (sg13g2_inv_1)
    10    0.046640    0.107740    0.107466    2.352824 ^ _3672_/Y (sg13g2_inv_1)
                                                         _0796_ (net)
                      0.107740    0.000000    2.352824 ^ _3755_/B1 (sg13g2_a21oi_1)
     1    0.003359    0.052099    0.025832    2.378656 v _3755_/Y (sg13g2_a21oi_1)
                                                         _0871_ (net)
                      0.052099    0.000000    2.378656 v _3784_/B1 (sg13g2_a22oi_1)
     1    0.001901    0.040454    0.039961    2.418617 ^ _3784_/Y (sg13g2_a22oi_1)
                                                         _0115_ (net)
                      0.040454    0.000000    2.418617 ^ _4135_/D (sg13g2_dfrbpq_1)
                                              2.418617   data arrival time

                      0.000000   10.000000   10.000000   clock core (rise edge)
                                  0.000000   10.000000   clock network delay (ideal)
                                  0.000000   10.000000   clock reconvergence pessimism
                                             10.000000 ^ _4135_/CLK (sg13g2_dfrbpq_1)
                                 -0.053235    9.946766   library setup time
                                              9.946766   data required time
---------------------------------------------------------------------------------------------
                                              9.946766   data required time
                                             -2.418617   data arrival time
---------------------------------------------------------------------------------------------
                                              7.528148   slack (MET)

Hotspot 17: instance=_4136_ selected_worst_paths=none internal=1.16266e-05 switching=3.63452e-09 dynamic=1.16302e-05 leakage=4.58358e-09 total=1.16348e-05
Worst path through hotspot: status=met slack=7.53031 type=max group=core
startpoint=tl_i[108] (input port clocked by core)
endpoint=_4136_ (rising edge-triggered flip-flop clocked by core)
path_power_complete=true
path_average_power_sum internal=1.16742e-05 switching=1.76801e-07 dynamic=1.1851e-05 leakage=1.13605e-08 total=1.18624e-05
stage instance cell pins fanout capacitance slew delay arrival internal switching dynamic leakage total
1 _3620_ sg13g2_nand2_1 B,Y 4 0.01275 0.044791 0.03941 2.0398 6.93625e-09 2.81909e-08 3.51271e-08 2.11787e-10 3.53389e-08
2 _3640_ sg13g2_nor3_1 C,Y 3 0.013579 0.101131 0.085253 2.12506 2.61537e-09 7.84265e-09 1.0458e-08 2.08176e-09 1.25398e-08
3 _3641_ sg13g2_nor3_1 C,Y 1 0.002764 0.024276 0.024241 2.1493 1.1785e-08 4.75027e-09 1.65353e-08 7.45788e-10 1.72811e-08
4 _3642_ sg13g2_buf_1 A,X 16 0.058203 0.096018 0.096062 2.24536 9.6179e-09 7.32461e-08 8.2864e-08 8.82648e-10 8.37466e-08
5 _3672_ sg13g2_inv_1 A,Y 10 0.04664 0.10774 0.107466 2.35282 3.55773e-09 5.18023e-08 5.53601e-08 2.10226e-10 5.55703e-08
6 _3715_ sg13g2_a21oi_1 B1,Y 1 0.003359 0.042967 0.025832 2.37866 5.12206e-09 4.88522e-09 1.00073e-08 1.55913e-09 1.15664e-08
7 _3753_ sg13g2_a22oi_1 B1,Y 1 0.001901 0.040454 0.037802 2.41646 7.99281e-09 2.4492e-09 1.0442e-08 1.08558e-09 1.15276e-08
8 _4136_ sg13g2_dfrbpq_1 D - - 0.040454 0 2.41646 1.16266e-05 3.63452e-09 1.16302e-05 4.58358e-09 1.16348e-05
OpenSTA targeted timing report:
Startpoint: tl_i[108] (input port clocked by core)
Endpoint: _4136_ (rising edge-triggered flip-flop clocked by core)
Path Group: core
Path Type: max

Fanout         Cap        Slew       Delay        Time   Description
---------------------------------------------------------------------------------------------
                      0.000000    0.000000    0.000000   clock core (rise edge)
                                  0.000000    0.000000   clock network delay (ideal)
                                  2.000000    2.000000 ^ input external delay
     1    0.003917    0.000392    0.000392    2.000392 ^ tl_i[108] (in)
                                                         tl_i[108] (net)
                      0.000392    0.000000    2.000392 ^ _3620_/B (sg13g2_nand2_1)
     4    0.012750    0.044791    0.039410    2.039802 v _3620_/Y (sg13g2_nand2_1)
                                                         _0762_ (net)
                      0.044791    0.000000    2.039802 v _3640_/C (sg13g2_nor3_1)
     3    0.013579    0.101131    0.085253    2.125055 ^ _3640_/Y (sg13g2_nor3_1)
                                                         _0774_ (net)
                      0.101131    0.000000    2.125055 ^ _3641_/C (sg13g2_nor3_1)
     1    0.002764    0.024276    0.024241    2.149296 v _3641_/Y (sg13g2_nor3_1)
                                                         _0775_ (net)
                      0.024276    0.000000    2.149296 v _3642_/A (sg13g2_buf_1)
    16    0.058203    0.096018    0.096062    2.245358 v _3642_/X (sg13g2_buf_1)
                                                         _0776_ (net)
                      0.096018    0.000000    2.245358 v _3672_/A (sg13g2_inv_1)
    10    0.046640    0.107740    0.107466    2.352824 ^ _3672_/Y (sg13g2_inv_1)
                                                         _0796_ (net)
                      0.107740    0.000000    2.352824 ^ _3715_/B1 (sg13g2_a21oi_1)
     1    0.003359    0.042967    0.025832    2.378656 v _3715_/Y (sg13g2_a21oi_1)
                                                         _0832_ (net)
                      0.042967    0.000000    2.378656 v _3753_/B1 (sg13g2_a22oi_1)
     1    0.001901    0.040454    0.037802    2.416458 ^ _3753_/Y (sg13g2_a22oi_1)
                                                         _0114_ (net)
                      0.040454    0.000000    2.416458 ^ _4136_/D (sg13g2_dfrbpq_1)
                                              2.416458   data arrival time

                      0.000000   10.000000   10.000000   clock core (rise edge)
                                  0.000000   10.000000   clock network delay (ideal)
                                  0.000000   10.000000   clock reconvergence pessimism
                                             10.000000 ^ _4136_/CLK (sg13g2_dfrbpq_1)
                                 -0.053235    9.946766   library setup time
                                              9.946766   data required time
---------------------------------------------------------------------------------------------
                                              9.946766   data required time
                                             -2.416458   data arrival time
---------------------------------------------------------------------------------------------
                                              7.530307   slack (MET)

Hotspot 18: instance=_4186_ selected_worst_paths=none internal=1.16204e-05 switching=4.75029e-09 dynamic=1.16251e-05 leakage=4.58378e-09 total=1.16297e-05
Worst path through hotspot: status=met slack=9.01928 type=max group=asynchronous
startpoint=_4177_ (rising edge-triggered flip-flop clocked by core)
endpoint=_4186_ (recovery check against rising-edge clock core)
path_power_complete=true
path_average_power_sum internal=2.32221e-05 switching=5.33982e-08 dynamic=2.32755e-05 leakage=9.1672e-09 total=2.32847e-05
stage instance cell pins fanout capacitance slew delay arrival internal switching dynamic leakage total
1 _4177_ sg13g2_dfrbpq_1 CLK,Q 83 0.547501 1.07882 0.787583 0.787583 1.16017e-05 4.86479e-08 1.16504e-05 4.58342e-09 1.1655e-05
2 _4186_ sg13g2_dfrbpq_1 RESET_B - - 1.07882 0 0.787583 1.16204e-05 4.75029e-09 1.16251e-05 4.58378e-09 1.16297e-05
OpenSTA targeted timing report:
Startpoint: _4177_ (rising edge-triggered flip-flop clocked by core)
Endpoint: _4186_ (recovery check against rising-edge clock core)
Path Group: asynchronous
Path Type: max

Fanout         Cap        Slew       Delay        Time   Description
---------------------------------------------------------------------------------------------
                      0.000000    0.000000    0.000000   clock core (rise edge)
                                  0.000000    0.000000   clock network delay (ideal)
                      0.000000    0.000000    0.000000 ^ _4177_/CLK (sg13g2_dfrbpq_1)
    83    0.547501    1.078822    0.787583    0.787583 ^ _4177_/Q (sg13g2_dfrbpq_1)
                                                         u_uart_master_core_host_rst_ni (net)
                      1.078822    0.000000    0.787583 ^ _4186_/RESET_B (sg13g2_dfrbpq_1)
                                              0.787583   data arrival time

                      0.000000   10.000000   10.000000   clock core (rise edge)
                                  0.000000   10.000000   clock network delay (ideal)
                                  0.000000   10.000000   clock reconvergence pessimism
                                             10.000000 ^ _4186_/CLK (sg13g2_dfrbpq_1)
                                 -0.193138    9.806862   library recovery time
                                              9.806862   data required time
---------------------------------------------------------------------------------------------
                                              9.806862   data required time
                                             -0.787583   data arrival time
---------------------------------------------------------------------------------------------
                                              9.019279   slack (MET)

Hotspot 19: instance=_4133_ selected_worst_paths=none internal=1.16217e-05 switching=2.42301e-09 dynamic=1.16241e-05 leakage=4.58358e-09 total=1.16287e-05
Worst path through hotspot: status=met slack=7.52457 type=max group=core
startpoint=tl_i[108] (input port clocked by core)
endpoint=_4133_ (rising edge-triggered flip-flop clocked by core)
path_power_complete=true
path_average_power_sum internal=1.16717e-05 switching=1.75928e-07 dynamic=1.18476e-05 leakage=1.18219e-08 total=1.18594e-05
stage instance cell pins fanout capacitance slew delay arrival internal switching dynamic leakage total
1 _3620_ sg13g2_nand2_1 B,Y 4 0.01275 0.044791 0.03941 2.0398 6.93625e-09 2.81909e-08 3.51271e-08 2.11787e-10 3.53389e-08
2 _3640_ sg13g2_nor3_1 C,Y 3 0.013579 0.101131 0.085253 2.12506 2.61537e-09 7.84265e-09 1.0458e-08 2.08176e-09 1.25398e-08
3 _3641_ sg13g2_nor3_1 C,Y 1 0.002764 0.024276 0.024241 2.1493 1.1785e-08 4.75027e-09 1.65353e-08 7.45788e-10 1.72811e-08
4 _3642_ sg13g2_buf_1 A,X 16 0.058203 0.096018 0.096062 2.24536 9.6179e-09 7.32461e-08 8.2864e-08 8.82648e-10 8.37466e-08
5 _3672_ sg13g2_inv_1 A,Y 10 0.04664 0.10774 0.107466 2.35282 3.55773e-09 5.18023e-08 5.53601e-08 2.10226e-10 5.55703e-08
6 _3822_ sg13g2_a221oi_1 C1,Y 1 0.003359 0.053833 0.028999 2.38182 6.13928e-09 4.88522e-09 1.10245e-08 2.02035e-09 1.30448e-08
7 _3848_ sg13g2_a22oi_1 B1,Y 1 0.001901 0.040454 0.040371 2.42219 9.28675e-09 2.78702e-09 1.20738e-08 1.08571e-09 1.31595e-08
8 _4133_ sg13g2_dfrbpq_1 D - - 0.040454 0 2.42219 1.16217e-05 2.42301e-09 1.16241e-05 4.58358e-09 1.16287e-05
OpenSTA targeted timing report:
Startpoint: tl_i[108] (input port clocked by core)
Endpoint: _4133_ (rising edge-triggered flip-flop clocked by core)
Path Group: core
Path Type: max

Fanout         Cap        Slew       Delay        Time   Description
---------------------------------------------------------------------------------------------
                      0.000000    0.000000    0.000000   clock core (rise edge)
                                  0.000000    0.000000   clock network delay (ideal)
                                  2.000000    2.000000 ^ input external delay
     1    0.003917    0.000392    0.000392    2.000392 ^ tl_i[108] (in)
                                                         tl_i[108] (net)
                      0.000392    0.000000    2.000392 ^ _3620_/B (sg13g2_nand2_1)
     4    0.012750    0.044791    0.039410    2.039802 v _3620_/Y (sg13g2_nand2_1)
                                                         _0762_ (net)
                      0.044791    0.000000    2.039802 v _3640_/C (sg13g2_nor3_1)
     3    0.013579    0.101131    0.085253    2.125055 ^ _3640_/Y (sg13g2_nor3_1)
                                                         _0774_ (net)
                      0.101131    0.000000    2.125055 ^ _3641_/C (sg13g2_nor3_1)
     1    0.002764    0.024276    0.024241    2.149296 v _3641_/Y (sg13g2_nor3_1)
                                                         _0775_ (net)
                      0.024276    0.000000    2.149296 v _3642_/A (sg13g2_buf_1)
    16    0.058203    0.096018    0.096062    2.245358 v _3642_/X (sg13g2_buf_1)
                                                         _0776_ (net)
                      0.096018    0.000000    2.245358 v _3672_/A (sg13g2_inv_1)
    10    0.046640    0.107740    0.107466    2.352824 ^ _3672_/Y (sg13g2_inv_1)
                                                         _0796_ (net)
                      0.107740    0.000000    2.352824 ^ _3822_/C1 (sg13g2_a221oi_1)
     1    0.003359    0.053833    0.028999    2.381823 v _3822_/Y (sg13g2_a221oi_1)
                                                         _0936_ (net)
                      0.053833    0.000000    2.381823 v _3848_/B1 (sg13g2_a22oi_1)
     1    0.001901    0.040454    0.040371    2.422194 ^ _3848_/Y (sg13g2_a22oi_1)
                                                         _0117_ (net)
                      0.040454    0.000000    2.422194 ^ _4133_/D (sg13g2_dfrbpq_1)
                                              2.422194   data arrival time

                      0.000000   10.000000   10.000000   clock core (rise edge)
                                  0.000000   10.000000   clock network delay (ideal)
                                  0.000000   10.000000   clock reconvergence pessimism
                                             10.000000 ^ _4133_/CLK (sg13g2_dfrbpq_1)
                                 -0.053235    9.946766   library setup time
                                              9.946766   data required time
---------------------------------------------------------------------------------------------
                                              9.946766   data required time
                                             -2.422194   data arrival time
---------------------------------------------------------------------------------------------
                                              7.524571   slack (MET)

Hotspot 20: instance=_4179_ selected_worst_paths=none internal=1.16186e-05 switching=3.23889e-09 dynamic=1.16219e-05 leakage=4.58378e-09 total=1.16265e-05
Worst path through hotspot: status=met slack=9.01928 type=max group=asynchronous
startpoint=_4177_ (rising edge-triggered flip-flop clocked by core)
endpoint=_4179_ (recovery check against rising-edge clock core)
path_power_complete=true
path_average_power_sum internal=2.32204e-05 switching=5.18867e-08 dynamic=2.32723e-05 leakage=9.16721e-09 total=2.32814e-05
stage instance cell pins fanout capacitance slew delay arrival internal switching dynamic leakage total
1 _4177_ sg13g2_dfrbpq_1 CLK,Q 83 0.547501 1.07882 0.787583 0.787583 1.16017e-05 4.86479e-08 1.16504e-05 4.58342e-09 1.1655e-05
2 _4179_ sg13g2_dfrbpq_1 RESET_B - - 1.07882 0 0.787583 1.16186e-05 3.23889e-09 1.16219e-05 4.58378e-09 1.16265e-05
OpenSTA targeted timing report:
Startpoint: _4177_ (rising edge-triggered flip-flop clocked by core)
Endpoint: _4179_ (recovery check against rising-edge clock core)
Path Group: asynchronous
Path Type: max

Fanout         Cap        Slew       Delay        Time   Description
---------------------------------------------------------------------------------------------
                      0.000000    0.000000    0.000000   clock core (rise edge)
                                  0.000000    0.000000   clock network delay (ideal)
                      0.000000    0.000000    0.000000 ^ _4177_/CLK (sg13g2_dfrbpq_1)
    83    0.547501    1.078822    0.787583    0.787583 ^ _4177_/Q (sg13g2_dfrbpq_1)
                                                         u_uart_master_core_host_rst_ni (net)
                      1.078822    0.000000    0.787583 ^ _4179_/RESET_B (sg13g2_dfrbpq_1)
                                              0.787583   data arrival time

                      0.000000   10.000000   10.000000   clock core (rise edge)
                                  0.000000   10.000000   clock network delay (ideal)
                                  0.000000   10.000000   clock reconvergence pessimism
                                             10.000000 ^ _4179_/CLK (sg13g2_dfrbpq_1)
                                 -0.193138    9.806862   library recovery time
                                              9.806862   data required time
---------------------------------------------------------------------------------------------
                                              9.806862   data required time
                                             -0.787583   data arrival time
---------------------------------------------------------------------------------------------
                                              9.019279   slack (MET)
