analysis=fusion_analysis corner=ff mode=setup stage=post_syn
workload=reconfig_sv_ff
methodology=staged_public_opensta
path_power_semantics=average_instance_power_in_same_analysis_context
activity_file=/tmp/flexsoc-develop-gpio/runs/gpio/develop/signoff/ihp-sg13g2/power/activity/captures/gpio_ihp-sg13g2_reconfig_sv_ff.vcd
activity_scope=gpio_tb/u_gpio
liberty=/home/eneadim/github/flexsoc/.flexsoc/pdks/ihp-sg13g2/ihp-sg13g2/libs.ref/sg13g2_stdcell/lib/sg13g2_stdcell_fast_1p65V_m40C.lib
netlist=/tmp/flexsoc-develop-gpio/runs/gpio/develop/syn/ihp-sg13g2/gpio_synth.v
sdc=/tmp/flexsoc-develop-gpio/runs/gpio/develop/signoff/ihp-sg13g2/gpio.sdc
spef=

=== Units ===
 time 1ns
 capacitance 1pF
 resistance 1kohm
 voltage 1v
 current 1uA
 power 1pW
 distance 1um

=== Constraint validation ===

=== Timing summary ===
wns max wns max 0.00
tns max tns max 0.00

=== Power summary ===
Group                  Internal  Switching    Leakage      Total
                          Power      Power      Power      Power (Watts)
----------------------------------------------------------------
Sequential             1.03e-03   5.42e-06   4.47e-07   1.04e-03  97.5%
Combinational          1.27e-05   1.33e-05   3.94e-07   2.64e-05   2.5%
Clock                  0.00e+00   0.00e+00   0.00e+00   0.00e+00   0.0%
Macro                  0.00e+00   0.00e+00   0.00e+00   0.00e+00   0.0%
Pad                    0.00e+00   0.00e+00   0.00e+00   0.00e+00   0.0%
----------------------------------------------------------------
Total                  1.04e-03   1.88e-05   8.41e-07   1.06e-03 100.0%
                          98.2%       1.8%       0.1%

=== Worst timing paths (violated or met) ===
Startpoint: tl_i[107] (input port clocked by core)
Endpoint: _580_ (rising edge-triggered flip-flop clocked by core)
Path Group: core
Path Type: max

Fanout         Cap        Slew       Delay        Time   Description
---------------------------------------------------------------------------------------------
                      0.000000    0.000000    0.000000   clock core (rise edge)
                                  0.000000    0.000000   clock network delay (ideal)
                                  2.000000    2.000000 v input external delay
     1    0.003698    0.000000    0.000000    2.000000 v tl_i[107] (in)
                                                         tl_i[107] (net)
                      0.000000    0.000000    2.000000 v _349_/A (sg13g2_inv_1)
     2    0.009104    0.020347    0.019449    2.019449 ^ _349_/Y (sg13g2_inv_1)
                                                         _133_ (net)
                      0.020347    0.000000    2.019449 ^ _350_/B (sg13g2_nand2b_1)
     3    0.012457    0.043763    0.043812    2.063261 v _350_/Y (sg13g2_nand2b_1)
                                                         _134_ (net)
                      0.043763    0.000000    2.063261 v _351_/B (sg13g2_nor2_2)
     2    0.010792    0.035477    0.035748    2.099009 ^ _351_/Y (sg13g2_nor2_2)
                                                         _135_ (net)
                      0.035477    0.000000    2.099009 ^ _353_/A (sg13g2_nand2_2)
     4    0.015019    0.033426    0.034460    2.133470 v _353_/Y (sg13g2_nand2_2)
                                                         _137_ (net)
                      0.033426    0.000000    2.133470 v _361_/A2 (sg13g2_o21ai_1)
     3    0.012915    0.083844    0.075069    2.208538 ^ _361_/Y (sg13g2_o21ai_1)
                                                         _145_ (net)
                      0.083844    0.000000    2.208538 ^ _382_/A (sg13g2_and2_1)
     1    0.004675    0.018728    0.053675    2.262213 ^ _382_/X (sg13g2_and2_1)
                                                         _155_ (net)
                      0.018728    0.000000    2.262213 ^ _383_/B (sg13g2_nor2_1)
     3    0.010286    0.025020    0.024114    2.286327 v _383_/Y (sg13g2_nor2_1)
                                                         _156_ (net)
                      0.025020    0.000000    2.286327 v _384_/A (sg13g2_and3_1)
     1    0.004722    0.014729    0.037136    2.323463 v _384_/X (sg13g2_and3_1)
                                                         _157_ (net)
                      0.014729    0.000000    2.323463 v _385_/A (sg13g2_buf_4)
    13    0.046809    0.025508    0.047550    2.371014 v _385_/X (sg13g2_buf_4)
                                                         _158_ (net)
                      0.025508    0.000000    2.371014 v _422_/B2 (sg13g2_a22oi_1)
     1    0.001901    0.038687    0.029257    2.400270 ^ _422_/Y (sg13g2_a22oi_1)
                                                         _023_ (net)
                      0.038687    0.000000    2.400270 ^ _580_/D (sg13g2_dfrbpq_1)
                                              2.400270   data arrival time

                      0.000000   10.000000   10.000000   clock core (rise edge)
                                  0.000000   10.000000   clock network delay (ideal)
                                  0.000000   10.000000   clock reconvergence pessimism
                                             10.000000 ^ _580_/CLK (sg13g2_dfrbpq_1)
                                 -0.052956    9.947043   library setup time
                                              9.947043   data required time
---------------------------------------------------------------------------------------------
                                              9.947043   data required time
                                             -2.400270   data arrival time
---------------------------------------------------------------------------------------------
                                              7.546773   slack (MET)


Startpoint: tl_i[107] (input port clocked by core)
Endpoint: _581_ (rising edge-triggered flip-flop clocked by core)
Path Group: core
Path Type: max

Fanout         Cap        Slew       Delay        Time   Description
---------------------------------------------------------------------------------------------
                      0.000000    0.000000    0.000000   clock core (rise edge)
                                  0.000000    0.000000   clock network delay (ideal)
                                  2.000000    2.000000 v input external delay
     1    0.003698    0.000000    0.000000    2.000000 v tl_i[107] (in)
                                                         tl_i[107] (net)
                      0.000000    0.000000    2.000000 v _349_/A (sg13g2_inv_1)
     2    0.009104    0.020347    0.019449    2.019449 ^ _349_/Y (sg13g2_inv_1)
                                                         _133_ (net)
                      0.020347    0.000000    2.019449 ^ _350_/B (sg13g2_nand2b_1)
     3    0.012457    0.043763    0.043812    2.063261 v _350_/Y (sg13g2_nand2b_1)
                                                         _134_ (net)
                      0.043763    0.000000    2.063261 v _351_/B (sg13g2_nor2_2)
     2    0.010792    0.035477    0.035748    2.099009 ^ _351_/Y (sg13g2_nor2_2)
                                                         _135_ (net)
                      0.035477    0.000000    2.099009 ^ _353_/A (sg13g2_nand2_2)
     4    0.015019    0.033426    0.034460    2.133470 v _353_/Y (sg13g2_nand2_2)
                                                         _137_ (net)
                      0.033426    0.000000    2.133470 v _361_/A2 (sg13g2_o21ai_1)
     3    0.012915    0.083844    0.075069    2.208538 ^ _361_/Y (sg13g2_o21ai_1)
                                                         _145_ (net)
                      0.083844    0.000000    2.208538 ^ _382_/A (sg13g2_and2_1)
     1    0.004675    0.018728    0.053675    2.262213 ^ _382_/X (sg13g2_and2_1)
                                                         _155_ (net)
                      0.018728    0.000000    2.262213 ^ _383_/B (sg13g2_nor2_1)
     3    0.010286    0.025020    0.024114    2.286327 v _383_/Y (sg13g2_nor2_1)
                                                         _156_ (net)
                      0.025020    0.000000    2.286327 v _384_/A (sg13g2_and3_1)
     1    0.004722    0.014729    0.037136    2.323463 v _384_/X (sg13g2_and3_1)
                                                         _157_ (net)
                      0.014729    0.000000    2.323463 v _385_/A (sg13g2_buf_4)
    13    0.046809    0.025508    0.047550    2.371014 v _385_/X (sg13g2_buf_4)
                                                         _158_ (net)
                      0.025508    0.000000    2.371014 v _419_/B2 (sg13g2_a22oi_1)
     1    0.001901    0.038687    0.029257    2.400270 ^ _419_/Y (sg13g2_a22oi_1)
                                                         _022_ (net)
                      0.038687    0.000000    2.400270 ^ _581_/D (sg13g2_dfrbpq_1)
                                              2.400270   data arrival time

                      0.000000   10.000000   10.000000   clock core (rise edge)
                                  0.000000   10.000000   clock network delay (ideal)
                                  0.000000   10.000000   clock reconvergence pessimism
                                             10.000000 ^ _581_/CLK (sg13g2_dfrbpq_1)
                                 -0.052956    9.947043   library setup time
                                              9.947043   data required time
---------------------------------------------------------------------------------------------
                                              9.947043   data required time
                                             -2.400270   data arrival time
---------------------------------------------------------------------------------------------
                                              7.546773   slack (MET)


Startpoint: tl_i[107] (input port clocked by core)
Endpoint: _582_ (rising edge-triggered flip-flop clocked by core)
Path Group: core
Path Type: max

Fanout         Cap        Slew       Delay        Time   Description
---------------------------------------------------------------------------------------------
                      0.000000    0.000000    0.000000   clock core (rise edge)
                                  0.000000    0.000000   clock network delay (ideal)
                                  2.000000    2.000000 v input external delay
     1    0.003698    0.000000    0.000000    2.000000 v tl_i[107] (in)
                                                         tl_i[107] (net)
                      0.000000    0.000000    2.000000 v _349_/A (sg13g2_inv_1)
     2    0.009104    0.020347    0.019449    2.019449 ^ _349_/Y (sg13g2_inv_1)
                                                         _133_ (net)
                      0.020347    0.000000    2.019449 ^ _350_/B (sg13g2_nand2b_1)
     3    0.012457    0.043763    0.043812    2.063261 v _350_/Y (sg13g2_nand2b_1)
                                                         _134_ (net)
                      0.043763    0.000000    2.063261 v _351_/B (sg13g2_nor2_2)
     2    0.010792    0.035477    0.035748    2.099009 ^ _351_/Y (sg13g2_nor2_2)
                                                         _135_ (net)
                      0.035477    0.000000    2.099009 ^ _353_/A (sg13g2_nand2_2)
     4    0.015019    0.033426    0.034460    2.133470 v _353_/Y (sg13g2_nand2_2)
                                                         _137_ (net)
                      0.033426    0.000000    2.133470 v _361_/A2 (sg13g2_o21ai_1)
     3    0.012915    0.083844    0.075069    2.208538 ^ _361_/Y (sg13g2_o21ai_1)
                                                         _145_ (net)
                      0.083844    0.000000    2.208538 ^ _382_/A (sg13g2_and2_1)
     1    0.004675    0.018728    0.053675    2.262213 ^ _382_/X (sg13g2_and2_1)
                                                         _155_ (net)
                      0.018728    0.000000    2.262213 ^ _383_/B (sg13g2_nor2_1)
     3    0.010286    0.025020    0.024114    2.286327 v _383_/Y (sg13g2_nor2_1)
                                                         _156_ (net)
                      0.025020    0.000000    2.286327 v _384_/A (sg13g2_and3_1)
     1    0.004722    0.014729    0.037136    2.323463 v _384_/X (sg13g2_and3_1)
                                                         _157_ (net)
                      0.014729    0.000000    2.323463 v _385_/A (sg13g2_buf_4)
    13    0.046809    0.025508    0.047550    2.371014 v _385_/X (sg13g2_buf_4)
                                                         _158_ (net)
                      0.025508    0.000000    2.371014 v _416_/B2 (sg13g2_a22oi_1)
     1    0.001901    0.038687    0.029257    2.400270 ^ _416_/Y (sg13g2_a22oi_1)
                                                         _021_ (net)
                      0.038687    0.000000    2.400270 ^ _582_/D (sg13g2_dfrbpq_1)
                                              2.400270   data arrival time

                      0.000000   10.000000   10.000000   clock core (rise edge)
                                  0.000000   10.000000   clock network delay (ideal)
                                  0.000000   10.000000   clock reconvergence pessimism
                                             10.000000 ^ _582_/CLK (sg13g2_dfrbpq_1)
                                 -0.052956    9.947043   library setup time
                                              9.947043   data required time
---------------------------------------------------------------------------------------------
                                              9.947043   data required time
                                             -2.400270   data arrival time
---------------------------------------------------------------------------------------------
                                              7.546773   slack (MET)


Startpoint: tl_i[107] (input port clocked by core)
Endpoint: _583_ (rising edge-triggered flip-flop clocked by core)
Path Group: core
Path Type: max

Fanout         Cap        Slew       Delay        Time   Description
---------------------------------------------------------------------------------------------
                      0.000000    0.000000    0.000000   clock core (rise edge)
                                  0.000000    0.000000   clock network delay (ideal)
                                  2.000000    2.000000 v input external delay
     1    0.003698    0.000000    0.000000    2.000000 v tl_i[107] (in)
                                                         tl_i[107] (net)
                      0.000000    0.000000    2.000000 v _349_/A (sg13g2_inv_1)
     2    0.009104    0.020347    0.019449    2.019449 ^ _349_/Y (sg13g2_inv_1)
                                                         _133_ (net)
                      0.020347    0.000000    2.019449 ^ _350_/B (sg13g2_nand2b_1)
     3    0.012457    0.043763    0.043812    2.063261 v _350_/Y (sg13g2_nand2b_1)
                                                         _134_ (net)
                      0.043763    0.000000    2.063261 v _351_/B (sg13g2_nor2_2)
     2    0.010792    0.035477    0.035748    2.099009 ^ _351_/Y (sg13g2_nor2_2)
                                                         _135_ (net)
                      0.035477    0.000000    2.099009 ^ _353_/A (sg13g2_nand2_2)
     4    0.015019    0.033426    0.034460    2.133470 v _353_/Y (sg13g2_nand2_2)
                                                         _137_ (net)
                      0.033426    0.000000    2.133470 v _361_/A2 (sg13g2_o21ai_1)
     3    0.012915    0.083844    0.075069    2.208538 ^ _361_/Y (sg13g2_o21ai_1)
                                                         _145_ (net)
                      0.083844    0.000000    2.208538 ^ _382_/A (sg13g2_and2_1)
     1    0.004675    0.018728    0.053675    2.262213 ^ _382_/X (sg13g2_and2_1)
                                                         _155_ (net)
                      0.018728    0.000000    2.262213 ^ _383_/B (sg13g2_nor2_1)
     3    0.010286    0.025020    0.024114    2.286327 v _383_/Y (sg13g2_nor2_1)
                                                         _156_ (net)
                      0.025020    0.000000    2.286327 v _384_/A (sg13g2_and3_1)
     1    0.004722    0.014729    0.037136    2.323463 v _384_/X (sg13g2_and3_1)
                                                         _157_ (net)
                      0.014729    0.000000    2.323463 v _385_/A (sg13g2_buf_4)
    13    0.046809    0.025508    0.047550    2.371014 v _385_/X (sg13g2_buf_4)
                                                         _158_ (net)
                      0.025508    0.000000    2.371014 v _413_/B2 (sg13g2_a22oi_1)
     1    0.001901    0.038687    0.029257    2.400270 ^ _413_/Y (sg13g2_a22oi_1)
                                                         _020_ (net)
                      0.038687    0.000000    2.400270 ^ _583_/D (sg13g2_dfrbpq_1)
                                              2.400270   data arrival time

                      0.000000   10.000000   10.000000   clock core (rise edge)
                                  0.000000   10.000000   clock network delay (ideal)
                                  0.000000   10.000000   clock reconvergence pessimism
                                             10.000000 ^ _583_/CLK (sg13g2_dfrbpq_1)
                                 -0.052956    9.947043   library setup time
                                              9.947043   data required time
---------------------------------------------------------------------------------------------
                                              9.947043   data required time
                                             -2.400270   data arrival time
---------------------------------------------------------------------------------------------
                                              7.546773   slack (MET)


Startpoint: tl_i[107] (input port clocked by core)
Endpoint: _584_ (rising edge-triggered flip-flop clocked by core)
Path Group: core
Path Type: max

Fanout         Cap        Slew       Delay        Time   Description
---------------------------------------------------------------------------------------------
                      0.000000    0.000000    0.000000   clock core (rise edge)
                                  0.000000    0.000000   clock network delay (ideal)
                                  2.000000    2.000000 v input external delay
     1    0.003698    0.000000    0.000000    2.000000 v tl_i[107] (in)
                                                         tl_i[107] (net)
                      0.000000    0.000000    2.000000 v _349_/A (sg13g2_inv_1)
     2    0.009104    0.020347    0.019449    2.019449 ^ _349_/Y (sg13g2_inv_1)
                                                         _133_ (net)
                      0.020347    0.000000    2.019449 ^ _350_/B (sg13g2_nand2b_1)
     3    0.012457    0.043763    0.043812    2.063261 v _350_/Y (sg13g2_nand2b_1)
                                                         _134_ (net)
                      0.043763    0.000000    2.063261 v _351_/B (sg13g2_nor2_2)
     2    0.010792    0.035477    0.035748    2.099009 ^ _351_/Y (sg13g2_nor2_2)
                                                         _135_ (net)
                      0.035477    0.000000    2.099009 ^ _353_/A (sg13g2_nand2_2)
     4    0.015019    0.033426    0.034460    2.133470 v _353_/Y (sg13g2_nand2_2)
                                                         _137_ (net)
                      0.033426    0.000000    2.133470 v _361_/A2 (sg13g2_o21ai_1)
     3    0.012915    0.083844    0.075069    2.208538 ^ _361_/Y (sg13g2_o21ai_1)
                                                         _145_ (net)
                      0.083844    0.000000    2.208538 ^ _382_/A (sg13g2_and2_1)
     1    0.004675    0.018728    0.053675    2.262213 ^ _382_/X (sg13g2_and2_1)
                                                         _155_ (net)
                      0.018728    0.000000    2.262213 ^ _383_/B (sg13g2_nor2_1)
     3    0.010286    0.025020    0.024114    2.286327 v _383_/Y (sg13g2_nor2_1)
                                                         _156_ (net)
                      0.025020    0.000000    2.286327 v _384_/A (sg13g2_and3_1)
     1    0.004722    0.014729    0.037136    2.323463 v _384_/X (sg13g2_and3_1)
                                                         _157_ (net)
                      0.014729    0.000000    2.323463 v _385_/A (sg13g2_buf_4)
    13    0.046809    0.025508    0.047550    2.371014 v _385_/X (sg13g2_buf_4)
                                                         _158_ (net)
                      0.025508    0.000000    2.371014 v _410_/B2 (sg13g2_a22oi_1)
     1    0.001901    0.038687    0.029257    2.400270 ^ _410_/Y (sg13g2_a22oi_1)
                                                         _019_ (net)
                      0.038687    0.000000    2.400270 ^ _584_/D (sg13g2_dfrbpq_1)
                                              2.400270   data arrival time

                      0.000000   10.000000   10.000000   clock core (rise edge)
                                  0.000000   10.000000   clock network delay (ideal)
                                  0.000000   10.000000   clock reconvergence pessimism
                                             10.000000 ^ _584_/CLK (sg13g2_dfrbpq_1)
                                 -0.052956    9.947043   library setup time
                                              9.947043   data required time
---------------------------------------------------------------------------------------------
                                              9.947043   data required time
                                             -2.400270   data arrival time
---------------------------------------------------------------------------------------------
                                              7.546773   slack (MET)


Startpoint: tl_i[107] (input port clocked by core)
Endpoint: _585_ (rising edge-triggered flip-flop clocked by core)
Path Group: core
Path Type: max

Fanout         Cap        Slew       Delay        Time   Description
---------------------------------------------------------------------------------------------
                      0.000000    0.000000    0.000000   clock core (rise edge)
                                  0.000000    0.000000   clock network delay (ideal)
                                  2.000000    2.000000 v input external delay
     1    0.003698    0.000000    0.000000    2.000000 v tl_i[107] (in)
                                                         tl_i[107] (net)
                      0.000000    0.000000    2.000000 v _349_/A (sg13g2_inv_1)
     2    0.009104    0.020347    0.019449    2.019449 ^ _349_/Y (sg13g2_inv_1)
                                                         _133_ (net)
                      0.020347    0.000000    2.019449 ^ _350_/B (sg13g2_nand2b_1)
     3    0.012457    0.043763    0.043812    2.063261 v _350_/Y (sg13g2_nand2b_1)
                                                         _134_ (net)
                      0.043763    0.000000    2.063261 v _351_/B (sg13g2_nor2_2)
     2    0.010792    0.035477    0.035748    2.099009 ^ _351_/Y (sg13g2_nor2_2)
                                                         _135_ (net)
                      0.035477    0.000000    2.099009 ^ _353_/A (sg13g2_nand2_2)
     4    0.015019    0.033426    0.034460    2.133470 v _353_/Y (sg13g2_nand2_2)
                                                         _137_ (net)
                      0.033426    0.000000    2.133470 v _361_/A2 (sg13g2_o21ai_1)
     3    0.012915    0.083844    0.075069    2.208538 ^ _361_/Y (sg13g2_o21ai_1)
                                                         _145_ (net)
                      0.083844    0.000000    2.208538 ^ _382_/A (sg13g2_and2_1)
     1    0.004675    0.018728    0.053675    2.262213 ^ _382_/X (sg13g2_and2_1)
                                                         _155_ (net)
                      0.018728    0.000000    2.262213 ^ _383_/B (sg13g2_nor2_1)
     3    0.010286    0.025020    0.024114    2.286327 v _383_/Y (sg13g2_nor2_1)
                                                         _156_ (net)
                      0.025020    0.000000    2.286327 v _384_/A (sg13g2_and3_1)
     1    0.004722    0.014729    0.037136    2.323463 v _384_/X (sg13g2_and3_1)
                                                         _157_ (net)
                      0.014729    0.000000    2.323463 v _385_/A (sg13g2_buf_4)
    13    0.046809    0.025508    0.047550    2.371014 v _385_/X (sg13g2_buf_4)
                                                         _158_ (net)
                      0.025508    0.000000    2.371014 v _407_/B2 (sg13g2_a22oi_1)
     1    0.001901    0.038687    0.029257    2.400270 ^ _407_/Y (sg13g2_a22oi_1)
                                                         _018_ (net)
                      0.038687    0.000000    2.400270 ^ _585_/D (sg13g2_dfrbpq_1)
                                              2.400270   data arrival time

                      0.000000   10.000000   10.000000   clock core (rise edge)
                                  0.000000   10.000000   clock network delay (ideal)
                                  0.000000   10.000000   clock reconvergence pessimism
                                             10.000000 ^ _585_/CLK (sg13g2_dfrbpq_1)
                                 -0.052956    9.947043   library setup time
                                              9.947043   data required time
---------------------------------------------------------------------------------------------
                                              9.947043   data required time
                                             -2.400270   data arrival time
---------------------------------------------------------------------------------------------
                                              7.546773   slack (MET)


Startpoint: tl_i[107] (input port clocked by core)
Endpoint: _586_ (rising edge-triggered flip-flop clocked by core)
Path Group: core
Path Type: max

Fanout         Cap        Slew       Delay        Time   Description
---------------------------------------------------------------------------------------------
                      0.000000    0.000000    0.000000   clock core (rise edge)
                                  0.000000    0.000000   clock network delay (ideal)
                                  2.000000    2.000000 v input external delay
     1    0.003698    0.000000    0.000000    2.000000 v tl_i[107] (in)
                                                         tl_i[107] (net)
                      0.000000    0.000000    2.000000 v _349_/A (sg13g2_inv_1)
     2    0.009104    0.020347    0.019449    2.019449 ^ _349_/Y (sg13g2_inv_1)
                                                         _133_ (net)
                      0.020347    0.000000    2.019449 ^ _350_/B (sg13g2_nand2b_1)
     3    0.012457    0.043763    0.043812    2.063261 v _350_/Y (sg13g2_nand2b_1)
                                                         _134_ (net)
                      0.043763    0.000000    2.063261 v _351_/B (sg13g2_nor2_2)
     2    0.010792    0.035477    0.035748    2.099009 ^ _351_/Y (sg13g2_nor2_2)
                                                         _135_ (net)
                      0.035477    0.000000    2.099009 ^ _353_/A (sg13g2_nand2_2)
     4    0.015019    0.033426    0.034460    2.133470 v _353_/Y (sg13g2_nand2_2)
                                                         _137_ (net)
                      0.033426    0.000000    2.133470 v _361_/A2 (sg13g2_o21ai_1)
     3    0.012915    0.083844    0.075069    2.208538 ^ _361_/Y (sg13g2_o21ai_1)
                                                         _145_ (net)
                      0.083844    0.000000    2.208538 ^ _382_/A (sg13g2_and2_1)
     1    0.004675    0.018728    0.053675    2.262213 ^ _382_/X (sg13g2_and2_1)
                                                         _155_ (net)
                      0.018728    0.000000    2.262213 ^ _383_/B (sg13g2_nor2_1)
     3    0.010286    0.025020    0.024114    2.286327 v _383_/Y (sg13g2_nor2_1)
                                                         _156_ (net)
                      0.025020    0.000000    2.286327 v _384_/A (sg13g2_and3_1)
     1    0.004722    0.014729    0.037136    2.323463 v _384_/X (sg13g2_and3_1)
                                                         _157_ (net)
                      0.014729    0.000000    2.323463 v _385_/A (sg13g2_buf_4)
    13    0.046809    0.025508    0.047550    2.371014 v _385_/X (sg13g2_buf_4)
                                                         _158_ (net)
                      0.025508    0.000000    2.371014 v _404_/B2 (sg13g2_a22oi_1)
     1    0.001901    0.038687    0.029257    2.400270 ^ _404_/Y (sg13g2_a22oi_1)
                                                         _017_ (net)
                      0.038687    0.000000    2.400270 ^ _586_/D (sg13g2_dfrbpq_1)
                                              2.400270   data arrival time

                      0.000000   10.000000   10.000000   clock core (rise edge)
                                  0.000000   10.000000   clock network delay (ideal)
                                  0.000000   10.000000   clock reconvergence pessimism
                                             10.000000 ^ _586_/CLK (sg13g2_dfrbpq_1)
                                 -0.052956    9.947043   library setup time
                                              9.947043   data required time
---------------------------------------------------------------------------------------------
                                              9.947043   data required time
                                             -2.400270   data arrival time
---------------------------------------------------------------------------------------------
                                              7.546773   slack (MET)


Startpoint: tl_i[107] (input port clocked by core)
Endpoint: _587_ (rising edge-triggered flip-flop clocked by core)
Path Group: core
Path Type: max

Fanout         Cap        Slew       Delay        Time   Description
---------------------------------------------------------------------------------------------
                      0.000000    0.000000    0.000000   clock core (rise edge)
                                  0.000000    0.000000   clock network delay (ideal)
                                  2.000000    2.000000 v input external delay
     1    0.003698    0.000000    0.000000    2.000000 v tl_i[107] (in)
                                                         tl_i[107] (net)
                      0.000000    0.000000    2.000000 v _349_/A (sg13g2_inv_1)
     2    0.009104    0.020347    0.019449    2.019449 ^ _349_/Y (sg13g2_inv_1)
                                                         _133_ (net)
                      0.020347    0.000000    2.019449 ^ _350_/B (sg13g2_nand2b_1)
     3    0.012457    0.043763    0.043812    2.063261 v _350_/Y (sg13g2_nand2b_1)
                                                         _134_ (net)
                      0.043763    0.000000    2.063261 v _351_/B (sg13g2_nor2_2)
     2    0.010792    0.035477    0.035748    2.099009 ^ _351_/Y (sg13g2_nor2_2)
                                                         _135_ (net)
                      0.035477    0.000000    2.099009 ^ _353_/A (sg13g2_nand2_2)
     4    0.015019    0.033426    0.034460    2.133470 v _353_/Y (sg13g2_nand2_2)
                                                         _137_ (net)
                      0.033426    0.000000    2.133470 v _361_/A2 (sg13g2_o21ai_1)
     3    0.012915    0.083844    0.075069    2.208538 ^ _361_/Y (sg13g2_o21ai_1)
                                                         _145_ (net)
                      0.083844    0.000000    2.208538 ^ _382_/A (sg13g2_and2_1)
     1    0.004675    0.018728    0.053675    2.262213 ^ _382_/X (sg13g2_and2_1)
                                                         _155_ (net)
                      0.018728    0.000000    2.262213 ^ _383_/B (sg13g2_nor2_1)
     3    0.010286    0.025020    0.024114    2.286327 v _383_/Y (sg13g2_nor2_1)
                                                         _156_ (net)
                      0.025020    0.000000    2.286327 v _384_/A (sg13g2_and3_1)
     1    0.004722    0.014729    0.037136    2.323463 v _384_/X (sg13g2_and3_1)
                                                         _157_ (net)
                      0.014729    0.000000    2.323463 v _385_/A (sg13g2_buf_4)
    13    0.046809    0.025508    0.047550    2.371014 v _385_/X (sg13g2_buf_4)
                                                         _158_ (net)
                      0.025508    0.000000    2.371014 v _401_/B2 (sg13g2_a22oi_1)
     1    0.001901    0.038687    0.029257    2.400270 ^ _401_/Y (sg13g2_a22oi_1)
                                                         _016_ (net)
                      0.038687    0.000000    2.400270 ^ _587_/D (sg13g2_dfrbpq_1)
                                              2.400270   data arrival time

                      0.000000   10.000000   10.000000   clock core (rise edge)
                                  0.000000   10.000000   clock network delay (ideal)
                                  0.000000   10.000000   clock reconvergence pessimism
                                             10.000000 ^ _587_/CLK (sg13g2_dfrbpq_1)
                                 -0.052956    9.947043   library setup time
                                              9.947043   data required time
---------------------------------------------------------------------------------------------
                                              9.947043   data required time
                                             -2.400270   data arrival time
---------------------------------------------------------------------------------------------
                                              7.546773   slack (MET)


Startpoint: tl_i[107] (input port clocked by core)
Endpoint: _588_ (rising edge-triggered flip-flop clocked by core)
Path Group: core
Path Type: max

Fanout         Cap        Slew       Delay        Time   Description
---------------------------------------------------------------------------------------------
                      0.000000    0.000000    0.000000   clock core (rise edge)
                                  0.000000    0.000000   clock network delay (ideal)
                                  2.000000    2.000000 v input external delay
     1    0.003698    0.000000    0.000000    2.000000 v tl_i[107] (in)
                                                         tl_i[107] (net)
                      0.000000    0.000000    2.000000 v _349_/A (sg13g2_inv_1)
     2    0.009104    0.020347    0.019449    2.019449 ^ _349_/Y (sg13g2_inv_1)
                                                         _133_ (net)
                      0.020347    0.000000    2.019449 ^ _350_/B (sg13g2_nand2b_1)
     3    0.012457    0.043763    0.043812    2.063261 v _350_/Y (sg13g2_nand2b_1)
                                                         _134_ (net)
                      0.043763    0.000000    2.063261 v _351_/B (sg13g2_nor2_2)
     2    0.010792    0.035477    0.035748    2.099009 ^ _351_/Y (sg13g2_nor2_2)
                                                         _135_ (net)
                      0.035477    0.000000    2.099009 ^ _353_/A (sg13g2_nand2_2)
     4    0.015019    0.033426    0.034460    2.133470 v _353_/Y (sg13g2_nand2_2)
                                                         _137_ (net)
                      0.033426    0.000000    2.133470 v _361_/A2 (sg13g2_o21ai_1)
     3    0.012915    0.083844    0.075069    2.208538 ^ _361_/Y (sg13g2_o21ai_1)
                                                         _145_ (net)
                      0.083844    0.000000    2.208538 ^ _382_/A (sg13g2_and2_1)
     1    0.004675    0.018728    0.053675    2.262213 ^ _382_/X (sg13g2_and2_1)
                                                         _155_ (net)
                      0.018728    0.000000    2.262213 ^ _383_/B (sg13g2_nor2_1)
     3    0.010286    0.025020    0.024114    2.286327 v _383_/Y (sg13g2_nor2_1)
                                                         _156_ (net)
                      0.025020    0.000000    2.286327 v _384_/A (sg13g2_and3_1)
     1    0.004722    0.014729    0.037136    2.323463 v _384_/X (sg13g2_and3_1)
                                                         _157_ (net)
                      0.014729    0.000000    2.323463 v _385_/A (sg13g2_buf_4)
    13    0.046809    0.025508    0.047550    2.371014 v _385_/X (sg13g2_buf_4)
                                                         _158_ (net)
                      0.025508    0.000000    2.371014 v _398_/B2 (sg13g2_a22oi_1)
     1    0.001901    0.038687    0.029257    2.400270 ^ _398_/Y (sg13g2_a22oi_1)
                                                         _015_ (net)
                      0.038687    0.000000    2.400270 ^ _588_/D (sg13g2_dfrbpq_1)
                                              2.400270   data arrival time

                      0.000000   10.000000   10.000000   clock core (rise edge)
                                  0.000000   10.000000   clock network delay (ideal)
                                  0.000000   10.000000   clock reconvergence pessimism
                                             10.000000 ^ _588_/CLK (sg13g2_dfrbpq_1)
                                 -0.052956    9.947043   library setup time
                                              9.947043   data required time
---------------------------------------------------------------------------------------------
                                              9.947043   data required time
                                             -2.400270   data arrival time
---------------------------------------------------------------------------------------------
                                              7.546773   slack (MET)


Startpoint: tl_i[107] (input port clocked by core)
Endpoint: _589_ (rising edge-triggered flip-flop clocked by core)
Path Group: core
Path Type: max

Fanout         Cap        Slew       Delay        Time   Description
---------------------------------------------------------------------------------------------
                      0.000000    0.000000    0.000000   clock core (rise edge)
                                  0.000000    0.000000   clock network delay (ideal)
                                  2.000000    2.000000 v input external delay
     1    0.003698    0.000000    0.000000    2.000000 v tl_i[107] (in)
                                                         tl_i[107] (net)
                      0.000000    0.000000    2.000000 v _349_/A (sg13g2_inv_1)
     2    0.009104    0.020347    0.019449    2.019449 ^ _349_/Y (sg13g2_inv_1)
                                                         _133_ (net)
                      0.020347    0.000000    2.019449 ^ _350_/B (sg13g2_nand2b_1)
     3    0.012457    0.043763    0.043812    2.063261 v _350_/Y (sg13g2_nand2b_1)
                                                         _134_ (net)
                      0.043763    0.000000    2.063261 v _351_/B (sg13g2_nor2_2)
     2    0.010792    0.035477    0.035748    2.099009 ^ _351_/Y (sg13g2_nor2_2)
                                                         _135_ (net)
                      0.035477    0.000000    2.099009 ^ _353_/A (sg13g2_nand2_2)
     4    0.015019    0.033426    0.034460    2.133470 v _353_/Y (sg13g2_nand2_2)
                                                         _137_ (net)
                      0.033426    0.000000    2.133470 v _361_/A2 (sg13g2_o21ai_1)
     3    0.012915    0.083844    0.075069    2.208538 ^ _361_/Y (sg13g2_o21ai_1)
                                                         _145_ (net)
                      0.083844    0.000000    2.208538 ^ _382_/A (sg13g2_and2_1)
     1    0.004675    0.018728    0.053675    2.262213 ^ _382_/X (sg13g2_and2_1)
                                                         _155_ (net)
                      0.018728    0.000000    2.262213 ^ _383_/B (sg13g2_nor2_1)
     3    0.010286    0.025020    0.024114    2.286327 v _383_/Y (sg13g2_nor2_1)
                                                         _156_ (net)
                      0.025020    0.000000    2.286327 v _384_/A (sg13g2_and3_1)
     1    0.004722    0.014729    0.037136    2.323463 v _384_/X (sg13g2_and3_1)
                                                         _157_ (net)
                      0.014729    0.000000    2.323463 v _385_/A (sg13g2_buf_4)
    13    0.046809    0.025508    0.047550    2.371014 v _385_/X (sg13g2_buf_4)
                                                         _158_ (net)
                      0.025508    0.000000    2.371014 v _395_/B2 (sg13g2_a22oi_1)
     1    0.001901    0.038687    0.029257    2.400270 ^ _395_/Y (sg13g2_a22oi_1)
                                                         _014_ (net)
                      0.038687    0.000000    2.400270 ^ _589_/D (sg13g2_dfrbpq_1)
                                              2.400270   data arrival time

                      0.000000   10.000000   10.000000   clock core (rise edge)
                                  0.000000   10.000000   clock network delay (ideal)
                                  0.000000   10.000000   clock reconvergence pessimism
                                             10.000000 ^ _589_/CLK (sg13g2_dfrbpq_1)
                                 -0.052956    9.947043   library setup time
                                              9.947043   data required time
---------------------------------------------------------------------------------------------
                                              9.947043   data required time
                                             -2.400270   data arrival time
---------------------------------------------------------------------------------------------
                                              7.546773   slack (MET)


Startpoint: rst_ni (input port clocked by core)
Endpoint: _542_ (recovery check against rising-edge clock core)
Path Group: asynchronous
Path Type: max

Fanout         Cap        Slew       Delay        Time   Description
---------------------------------------------------------------------------------------------
                      0.000000    0.000000    0.000000   clock core (rise edge)
                                  0.000000    0.000000   clock network delay (ideal)
                                  2.000000    2.000000 ^ input external delay
    98    0.646447    0.000000    0.000000    2.000000 ^ rst_ni (in)
                                                         rst_ni (net)
                      0.000000    0.000000    2.000000 ^ _542_/RESET_B (sg13g2_dfrbpq_1)
                                              2.000000   data arrival time

                      0.000000   10.000000   10.000000   clock core (rise edge)
                                  0.000000   10.000000   clock network delay (ideal)
                                  0.000000   10.000000   clock reconvergence pessimism
                                             10.000000 ^ _542_/CLK (sg13g2_dfrbpq_1)
                                 -0.049212    9.950788   library recovery time
                                              9.950788   data required time
---------------------------------------------------------------------------------------------
                                              9.950788   data required time
                                             -2.000000   data arrival time
---------------------------------------------------------------------------------------------
                                              7.950788   slack (MET)


Startpoint: rst_ni (input port clocked by core)
Endpoint: _543_ (recovery check against rising-edge clock core)
Path Group: asynchronous
Path Type: max

Fanout         Cap        Slew       Delay        Time   Description
---------------------------------------------------------------------------------------------
                      0.000000    0.000000    0.000000   clock core (rise edge)
                                  0.000000    0.000000   clock network delay (ideal)
                                  2.000000    2.000000 ^ input external delay
    98    0.646447    0.000000    0.000000    2.000000 ^ rst_ni (in)
                                                         rst_ni (net)
                      0.000000    0.000000    2.000000 ^ _543_/RESET_B (sg13g2_dfrbpq_1)
                                              2.000000   data arrival time

                      0.000000   10.000000   10.000000   clock core (rise edge)
                                  0.000000   10.000000   clock network delay (ideal)
                                  0.000000   10.000000   clock reconvergence pessimism
                                             10.000000 ^ _543_/CLK (sg13g2_dfrbpq_1)
                                 -0.049212    9.950788   library recovery time
                                              9.950788   data required time
---------------------------------------------------------------------------------------------
                                              9.950788   data required time
                                             -2.000000   data arrival time
---------------------------------------------------------------------------------------------
                                              7.950788   slack (MET)


Startpoint: rst_ni (input port clocked by core)
Endpoint: _544_ (recovery check against rising-edge clock core)
Path Group: asynchronous
Path Type: max

Fanout         Cap        Slew       Delay        Time   Description
---------------------------------------------------------------------------------------------
                      0.000000    0.000000    0.000000   clock core (rise edge)
                                  0.000000    0.000000   clock network delay (ideal)
                                  2.000000    2.000000 ^ input external delay
    98    0.646447    0.000000    0.000000    2.000000 ^ rst_ni (in)
                                                         rst_ni (net)
                      0.000000    0.000000    2.000000 ^ _544_/RESET_B (sg13g2_dfrbpq_1)
                                              2.000000   data arrival time

                      0.000000   10.000000   10.000000   clock core (rise edge)
                                  0.000000   10.000000   clock network delay (ideal)
                                  0.000000   10.000000   clock reconvergence pessimism
                                             10.000000 ^ _544_/CLK (sg13g2_dfrbpq_1)
                                 -0.049212    9.950788   library recovery time
                                              9.950788   data required time
---------------------------------------------------------------------------------------------
                                              9.950788   data required time
                                             -2.000000   data arrival time
---------------------------------------------------------------------------------------------
                                              7.950788   slack (MET)


Startpoint: rst_ni (input port clocked by core)
Endpoint: _545_ (recovery check against rising-edge clock core)
Path Group: asynchronous
Path Type: max

Fanout         Cap        Slew       Delay        Time   Description
---------------------------------------------------------------------------------------------
                      0.000000    0.000000    0.000000   clock core (rise edge)
                                  0.000000    0.000000   clock network delay (ideal)
                                  2.000000    2.000000 ^ input external delay
    98    0.646447    0.000000    0.000000    2.000000 ^ rst_ni (in)
                                                         rst_ni (net)
                      0.000000    0.000000    2.000000 ^ _545_/RESET_B (sg13g2_dfrbpq_1)
                                              2.000000   data arrival time

                      0.000000   10.000000   10.000000   clock core (rise edge)
                                  0.000000   10.000000   clock network delay (ideal)
                                  0.000000   10.000000   clock reconvergence pessimism
                                             10.000000 ^ _545_/CLK (sg13g2_dfrbpq_1)
                                 -0.049212    9.950788   library recovery time
                                              9.950788   data required time
---------------------------------------------------------------------------------------------
                                              9.950788   data required time
                                             -2.000000   data arrival time
---------------------------------------------------------------------------------------------
                                              7.950788   slack (MET)


Startpoint: rst_ni (input port clocked by core)
Endpoint: _546_ (recovery check against rising-edge clock core)
Path Group: asynchronous
Path Type: max

Fanout         Cap        Slew       Delay        Time   Description
---------------------------------------------------------------------------------------------
                      0.000000    0.000000    0.000000   clock core (rise edge)
                                  0.000000    0.000000   clock network delay (ideal)
                                  2.000000    2.000000 ^ input external delay
    98    0.646447    0.000000    0.000000    2.000000 ^ rst_ni (in)
                                                         rst_ni (net)
                      0.000000    0.000000    2.000000 ^ _546_/RESET_B (sg13g2_dfrbpq_1)
                                              2.000000   data arrival time

                      0.000000   10.000000   10.000000   clock core (rise edge)
                                  0.000000   10.000000   clock network delay (ideal)
                                  0.000000   10.000000   clock reconvergence pessimism
                                             10.000000 ^ _546_/CLK (sg13g2_dfrbpq_1)
                                 -0.049212    9.950788   library recovery time
                                              9.950788   data required time
---------------------------------------------------------------------------------------------
                                              9.950788   data required time
                                             -2.000000   data arrival time
---------------------------------------------------------------------------------------------
                                              7.950788   slack (MET)


Startpoint: rst_ni (input port clocked by core)
Endpoint: _547_ (recovery check against rising-edge clock core)
Path Group: asynchronous
Path Type: max

Fanout         Cap        Slew       Delay        Time   Description
---------------------------------------------------------------------------------------------
                      0.000000    0.000000    0.000000   clock core (rise edge)
                                  0.000000    0.000000   clock network delay (ideal)
                                  2.000000    2.000000 ^ input external delay
    98    0.646447    0.000000    0.000000    2.000000 ^ rst_ni (in)
                                                         rst_ni (net)
                      0.000000    0.000000    2.000000 ^ _547_/RESET_B (sg13g2_dfrbpq_1)
                                              2.000000   data arrival time

                      0.000000   10.000000   10.000000   clock core (rise edge)
                                  0.000000   10.000000   clock network delay (ideal)
                                  0.000000   10.000000   clock reconvergence pessimism
                                             10.000000 ^ _547_/CLK (sg13g2_dfrbpq_1)
                                 -0.049212    9.950788   library recovery time
                                              9.950788   data required time
---------------------------------------------------------------------------------------------
                                              9.950788   data required time
                                             -2.000000   data arrival time
---------------------------------------------------------------------------------------------
                                              7.950788   slack (MET)


Startpoint: rst_ni (input port clocked by core)
Endpoint: _548_ (recovery check against rising-edge clock core)
Path Group: asynchronous
Path Type: max

Fanout         Cap        Slew       Delay        Time   Description
---------------------------------------------------------------------------------------------
                      0.000000    0.000000    0.000000   clock core (rise edge)
                                  0.000000    0.000000   clock network delay (ideal)
                                  2.000000    2.000000 ^ input external delay
    98    0.646447    0.000000    0.000000    2.000000 ^ rst_ni (in)
                                                         rst_ni (net)
                      0.000000    0.000000    2.000000 ^ _548_/RESET_B (sg13g2_dfrbpq_1)
                                              2.000000   data arrival time

                      0.000000   10.000000   10.000000   clock core (rise edge)
                                  0.000000   10.000000   clock network delay (ideal)
                                  0.000000   10.000000   clock reconvergence pessimism
                                             10.000000 ^ _548_/CLK (sg13g2_dfrbpq_1)
                                 -0.049212    9.950788   library recovery time
                                              9.950788   data required time
---------------------------------------------------------------------------------------------
                                              9.950788   data required time
                                             -2.000000   data arrival time
---------------------------------------------------------------------------------------------
                                              7.950788   slack (MET)


Startpoint: rst_ni (input port clocked by core)
Endpoint: _549_ (recovery check against rising-edge clock core)
Path Group: asynchronous
Path Type: max

Fanout         Cap        Slew       Delay        Time   Description
---------------------------------------------------------------------------------------------
                      0.000000    0.000000    0.000000   clock core (rise edge)
                                  0.000000    0.000000   clock network delay (ideal)
                                  2.000000    2.000000 ^ input external delay
    98    0.646447    0.000000    0.000000    2.000000 ^ rst_ni (in)
                                                         rst_ni (net)
                      0.000000    0.000000    2.000000 ^ _549_/RESET_B (sg13g2_dfrbpq_1)
                                              2.000000   data arrival time

                      0.000000   10.000000   10.000000   clock core (rise edge)
                                  0.000000   10.000000   clock network delay (ideal)
                                  0.000000   10.000000   clock reconvergence pessimism
                                             10.000000 ^ _549_/CLK (sg13g2_dfrbpq_1)
                                 -0.049212    9.950788   library recovery time
                                              9.950788   data required time
---------------------------------------------------------------------------------------------
                                              9.950788   data required time
                                             -2.000000   data arrival time
---------------------------------------------------------------------------------------------
                                              7.950788   slack (MET)


Startpoint: rst_ni (input port clocked by core)
Endpoint: _550_ (recovery check against rising-edge clock core)
Path Group: asynchronous
Path Type: max

Fanout         Cap        Slew       Delay        Time   Description
---------------------------------------------------------------------------------------------
                      0.000000    0.000000    0.000000   clock core (rise edge)
                                  0.000000    0.000000   clock network delay (ideal)
                                  2.000000    2.000000 ^ input external delay
    98    0.646447    0.000000    0.000000    2.000000 ^ rst_ni (in)
                                                         rst_ni (net)
                      0.000000    0.000000    2.000000 ^ _550_/RESET_B (sg13g2_dfrbpq_1)
                                              2.000000   data arrival time

                      0.000000   10.000000   10.000000   clock core (rise edge)
                                  0.000000   10.000000   clock network delay (ideal)
                                  0.000000   10.000000   clock reconvergence pessimism
                                             10.000000 ^ _550_/CLK (sg13g2_dfrbpq_1)
                                 -0.049212    9.950788   library recovery time
                                              9.950788   data required time
---------------------------------------------------------------------------------------------
                                              9.950788   data required time
                                             -2.000000   data arrival time
---------------------------------------------------------------------------------------------
                                              7.950788   slack (MET)


Startpoint: rst_ni (input port clocked by core)
Endpoint: _551_ (recovery check against rising-edge clock core)
Path Group: asynchronous
Path Type: max

Fanout         Cap        Slew       Delay        Time   Description
---------------------------------------------------------------------------------------------
                      0.000000    0.000000    0.000000   clock core (rise edge)
                                  0.000000    0.000000   clock network delay (ideal)
                                  2.000000    2.000000 ^ input external delay
    98    0.646447    0.000000    0.000000    2.000000 ^ rst_ni (in)
                                                         rst_ni (net)
                      0.000000    0.000000    2.000000 ^ _551_/RESET_B (sg13g2_dfrbpq_1)
                                              2.000000   data arrival time

                      0.000000   10.000000   10.000000   clock core (rise edge)
                                  0.000000   10.000000   clock network delay (ideal)
                                  0.000000   10.000000   clock reconvergence pessimism
                                             10.000000 ^ _551_/CLK (sg13g2_dfrbpq_1)
                                 -0.049212    9.950788   library recovery time
                                              9.950788   data required time
---------------------------------------------------------------------------------------------
                                              9.950788   data required time
                                             -2.000000   data arrival time
---------------------------------------------------------------------------------------------
                                              7.950788   slack (MET)

=== FlexSoC normalized power fields ===
dynamic_power_definition=internal_power+switching_power
power_unit=OpenSTA report unit; see Units section
internal_power=0.00104
switching_power=1.88e-05
dynamic_power=0.0010588
leakage_power=8.41e-07
total_power=0.00106

=== Gate-level timing/power fusion ===
power_semantics=average_instance_power_from_the_same_VCD_SAIF_context
path_power_sum=unique_instance_average_power_sum_not_incremental_path_energy
fanout_capacitance_source=OpenSTA_report_checks_output_pin_fields

Worst path 1: status=met slack=7.54677 type=max group=core
startpoint=tl_i[107] (input port clocked by core)
endpoint=_580_ (rising edge-triggered flip-flop clocked by core)
path_power_complete=true
path_average_power_sum internal=1.13959e-05 switching=8.27277e-07 dynamic=1.22231e-05 leakage=2.07361e-08 total=1.22439e-05
stage instance cell pins fanout capacitance slew delay arrival internal switching dynamic leakage total
1 _349_ sg13g2_inv_1 A,Y 2 0.009104 0.020347 0.019449 2.01945 1.46913e-08 6.84238e-08 8.31151e-08 7.04097e-10 8.38192e-08
2 _350_ sg13g2_nand2b_1 B,Y 3 0.012457 0.043763 0.043812 2.06326 3.31903e-08 1.17417e-07 1.50607e-07 4.18652e-10 1.51026e-07
3 _351_ sg13g2_nor2_2 B,Y 2 0.010792 0.035477 0.035748 2.09901 6.25767e-08 9.13389e-08 1.53916e-07 2.59086e-09 1.56506e-07
4 _353_ sg13g2_nand2_2 A,Y 4 0.015019 0.033426 0.03446 2.13347 4.38969e-08 1.31319e-07 1.75216e-07 1.70182e-09 1.76918e-07
5 _361_ sg13g2_o21ai_1 A2,Y 3 0.012915 0.083844 0.075069 2.20854 4.14183e-09 1.07854e-08 1.49272e-08 2.19597e-09 1.71232e-08
6 _382_ sg13g2_and2_1 A,X 1 0.004675 0.018728 0.053675 2.26221 7.95167e-09 3.90408e-09 1.18558e-08 1.02444e-09 1.28802e-08
7 _383_ sg13g2_nor2_1 B,Y 3 0.010286 0.02502 0.024114 2.28633 4.9774e-08 1.22375e-07 1.72149e-07 6.99747e-10 1.72848e-07
8 _384_ sg13g2_and3_1 A,X 1 0.004722 0.014729 0.037136 2.32346 4.14787e-08 1.97167e-08 6.11954e-08 1.94957e-09 6.3145e-08
9 _385_ sg13g2_buf_4 A,X 13 0.046809 0.025508 0.04755 2.37101 1.19046e-07 2.24936e-07 3.43982e-07 3.19432e-09 3.47177e-07
10 _422_ sg13g2_a22oi_1 B2,Y 1 0.001901 0.038687 0.029257 2.40027 5.2664e-08 1.4288e-08 6.69519e-08 1.68067e-09 6.86326e-08
11 _580_ sg13g2_dfrbpq_1 D - - 0.038687 0 2.40027 1.09665e-05 2.27734e-08 1.09892e-05 4.57596e-09 1.09938e-05

Worst path 2: status=met slack=7.54677 type=max group=core
startpoint=tl_i[107] (input port clocked by core)
endpoint=_581_ (rising edge-triggered flip-flop clocked by core)
path_power_complete=true
path_average_power_sum internal=1.13959e-05 switching=8.27277e-07 dynamic=1.22231e-05 leakage=2.07361e-08 total=1.22439e-05
stage instance cell pins fanout capacitance slew delay arrival internal switching dynamic leakage total
1 _349_ sg13g2_inv_1 A,Y 2 0.009104 0.020347 0.019449 2.01945 1.46913e-08 6.84238e-08 8.31151e-08 7.04097e-10 8.38192e-08
2 _350_ sg13g2_nand2b_1 B,Y 3 0.012457 0.043763 0.043812 2.06326 3.31903e-08 1.17417e-07 1.50607e-07 4.18652e-10 1.51026e-07
3 _351_ sg13g2_nor2_2 B,Y 2 0.010792 0.035477 0.035748 2.09901 6.25767e-08 9.13389e-08 1.53916e-07 2.59086e-09 1.56506e-07
4 _353_ sg13g2_nand2_2 A,Y 4 0.015019 0.033426 0.03446 2.13347 4.38969e-08 1.31319e-07 1.75216e-07 1.70182e-09 1.76918e-07
5 _361_ sg13g2_o21ai_1 A2,Y 3 0.012915 0.083844 0.075069 2.20854 4.14183e-09 1.07854e-08 1.49272e-08 2.19597e-09 1.71232e-08
6 _382_ sg13g2_and2_1 A,X 1 0.004675 0.018728 0.053675 2.26221 7.95167e-09 3.90408e-09 1.18558e-08 1.02444e-09 1.28802e-08
7 _383_ sg13g2_nor2_1 B,Y 3 0.010286 0.02502 0.024114 2.28633 4.9774e-08 1.22375e-07 1.72149e-07 6.99747e-10 1.72848e-07
8 _384_ sg13g2_and3_1 A,X 1 0.004722 0.014729 0.037136 2.32346 4.14787e-08 1.97167e-08 6.11954e-08 1.94957e-09 6.3145e-08
9 _385_ sg13g2_buf_4 A,X 13 0.046809 0.025508 0.04755 2.37101 1.19046e-07 2.24936e-07 3.43982e-07 3.19432e-09 3.47177e-07
10 _419_ sg13g2_a22oi_1 B2,Y 1 0.001901 0.038687 0.029257 2.40027 5.2664e-08 1.4288e-08 6.69519e-08 1.68067e-09 6.86326e-08
11 _581_ sg13g2_dfrbpq_1 D - - 0.038687 0 2.40027 1.09665e-05 2.27734e-08 1.09892e-05 4.57596e-09 1.09938e-05

Worst path 3: status=met slack=7.54677 type=max group=core
startpoint=tl_i[107] (input port clocked by core)
endpoint=_582_ (rising edge-triggered flip-flop clocked by core)
path_power_complete=true
path_average_power_sum internal=1.13959e-05 switching=8.27277e-07 dynamic=1.22231e-05 leakage=2.07361e-08 total=1.22439e-05
stage instance cell pins fanout capacitance slew delay arrival internal switching dynamic leakage total
1 _349_ sg13g2_inv_1 A,Y 2 0.009104 0.020347 0.019449 2.01945 1.46913e-08 6.84238e-08 8.31151e-08 7.04097e-10 8.38192e-08
2 _350_ sg13g2_nand2b_1 B,Y 3 0.012457 0.043763 0.043812 2.06326 3.31903e-08 1.17417e-07 1.50607e-07 4.18652e-10 1.51026e-07
3 _351_ sg13g2_nor2_2 B,Y 2 0.010792 0.035477 0.035748 2.09901 6.25767e-08 9.13389e-08 1.53916e-07 2.59086e-09 1.56506e-07
4 _353_ sg13g2_nand2_2 A,Y 4 0.015019 0.033426 0.03446 2.13347 4.38969e-08 1.31319e-07 1.75216e-07 1.70182e-09 1.76918e-07
5 _361_ sg13g2_o21ai_1 A2,Y 3 0.012915 0.083844 0.075069 2.20854 4.14183e-09 1.07854e-08 1.49272e-08 2.19597e-09 1.71232e-08
6 _382_ sg13g2_and2_1 A,X 1 0.004675 0.018728 0.053675 2.26221 7.95167e-09 3.90408e-09 1.18558e-08 1.02444e-09 1.28802e-08
7 _383_ sg13g2_nor2_1 B,Y 3 0.010286 0.02502 0.024114 2.28633 4.9774e-08 1.22375e-07 1.72149e-07 6.99747e-10 1.72848e-07
8 _384_ sg13g2_and3_1 A,X 1 0.004722 0.014729 0.037136 2.32346 4.14787e-08 1.97167e-08 6.11954e-08 1.94957e-09 6.3145e-08
9 _385_ sg13g2_buf_4 A,X 13 0.046809 0.025508 0.04755 2.37101 1.19046e-07 2.24936e-07 3.43982e-07 3.19432e-09 3.47177e-07
10 _416_ sg13g2_a22oi_1 B2,Y 1 0.001901 0.038687 0.029257 2.40027 5.2664e-08 1.4288e-08 6.69519e-08 1.68067e-09 6.86326e-08
11 _582_ sg13g2_dfrbpq_1 D - - 0.038687 0 2.40027 1.09665e-05 2.27734e-08 1.09892e-05 4.57596e-09 1.09938e-05

Worst path 4: status=met slack=7.54677 type=max group=core
startpoint=tl_i[107] (input port clocked by core)
endpoint=_583_ (rising edge-triggered flip-flop clocked by core)
path_power_complete=true
path_average_power_sum internal=1.13959e-05 switching=8.27277e-07 dynamic=1.22231e-05 leakage=2.07361e-08 total=1.22439e-05
stage instance cell pins fanout capacitance slew delay arrival internal switching dynamic leakage total
1 _349_ sg13g2_inv_1 A,Y 2 0.009104 0.020347 0.019449 2.01945 1.46913e-08 6.84238e-08 8.31151e-08 7.04097e-10 8.38192e-08
2 _350_ sg13g2_nand2b_1 B,Y 3 0.012457 0.043763 0.043812 2.06326 3.31903e-08 1.17417e-07 1.50607e-07 4.18652e-10 1.51026e-07
3 _351_ sg13g2_nor2_2 B,Y 2 0.010792 0.035477 0.035748 2.09901 6.25767e-08 9.13389e-08 1.53916e-07 2.59086e-09 1.56506e-07
4 _353_ sg13g2_nand2_2 A,Y 4 0.015019 0.033426 0.03446 2.13347 4.38969e-08 1.31319e-07 1.75216e-07 1.70182e-09 1.76918e-07
5 _361_ sg13g2_o21ai_1 A2,Y 3 0.012915 0.083844 0.075069 2.20854 4.14183e-09 1.07854e-08 1.49272e-08 2.19597e-09 1.71232e-08
6 _382_ sg13g2_and2_1 A,X 1 0.004675 0.018728 0.053675 2.26221 7.95167e-09 3.90408e-09 1.18558e-08 1.02444e-09 1.28802e-08
7 _383_ sg13g2_nor2_1 B,Y 3 0.010286 0.02502 0.024114 2.28633 4.9774e-08 1.22375e-07 1.72149e-07 6.99747e-10 1.72848e-07
8 _384_ sg13g2_and3_1 A,X 1 0.004722 0.014729 0.037136 2.32346 4.14787e-08 1.97167e-08 6.11954e-08 1.94957e-09 6.3145e-08
9 _385_ sg13g2_buf_4 A,X 13 0.046809 0.025508 0.04755 2.37101 1.19046e-07 2.24936e-07 3.43982e-07 3.19432e-09 3.47177e-07
10 _413_ sg13g2_a22oi_1 B2,Y 1 0.001901 0.038687 0.029257 2.40027 5.2664e-08 1.4288e-08 6.69519e-08 1.68067e-09 6.86326e-08
11 _583_ sg13g2_dfrbpq_1 D - - 0.038687 0 2.40027 1.09665e-05 2.27734e-08 1.09892e-05 4.57596e-09 1.09938e-05

Worst path 5: status=met slack=7.54677 type=max group=core
startpoint=tl_i[107] (input port clocked by core)
endpoint=_584_ (rising edge-triggered flip-flop clocked by core)
path_power_complete=true
path_average_power_sum internal=1.13959e-05 switching=8.27277e-07 dynamic=1.22231e-05 leakage=2.07361e-08 total=1.22439e-05
stage instance cell pins fanout capacitance slew delay arrival internal switching dynamic leakage total
1 _349_ sg13g2_inv_1 A,Y 2 0.009104 0.020347 0.019449 2.01945 1.46913e-08 6.84238e-08 8.31151e-08 7.04097e-10 8.38192e-08
2 _350_ sg13g2_nand2b_1 B,Y 3 0.012457 0.043763 0.043812 2.06326 3.31903e-08 1.17417e-07 1.50607e-07 4.18652e-10 1.51026e-07
3 _351_ sg13g2_nor2_2 B,Y 2 0.010792 0.035477 0.035748 2.09901 6.25767e-08 9.13389e-08 1.53916e-07 2.59086e-09 1.56506e-07
4 _353_ sg13g2_nand2_2 A,Y 4 0.015019 0.033426 0.03446 2.13347 4.38969e-08 1.31319e-07 1.75216e-07 1.70182e-09 1.76918e-07
5 _361_ sg13g2_o21ai_1 A2,Y 3 0.012915 0.083844 0.075069 2.20854 4.14183e-09 1.07854e-08 1.49272e-08 2.19597e-09 1.71232e-08
6 _382_ sg13g2_and2_1 A,X 1 0.004675 0.018728 0.053675 2.26221 7.95167e-09 3.90408e-09 1.18558e-08 1.02444e-09 1.28802e-08
7 _383_ sg13g2_nor2_1 B,Y 3 0.010286 0.02502 0.024114 2.28633 4.9774e-08 1.22375e-07 1.72149e-07 6.99747e-10 1.72848e-07
8 _384_ sg13g2_and3_1 A,X 1 0.004722 0.014729 0.037136 2.32346 4.14787e-08 1.97167e-08 6.11954e-08 1.94957e-09 6.3145e-08
9 _385_ sg13g2_buf_4 A,X 13 0.046809 0.025508 0.04755 2.37101 1.19046e-07 2.24936e-07 3.43982e-07 3.19432e-09 3.47177e-07
10 _410_ sg13g2_a22oi_1 B2,Y 1 0.001901 0.038687 0.029257 2.40027 5.2664e-08 1.4288e-08 6.69519e-08 1.68067e-09 6.86326e-08
11 _584_ sg13g2_dfrbpq_1 D - - 0.038687 0 2.40027 1.09665e-05 2.27734e-08 1.09892e-05 4.57596e-09 1.09938e-05

Worst path 6: status=met slack=7.54677 type=max group=core
startpoint=tl_i[107] (input port clocked by core)
endpoint=_585_ (rising edge-triggered flip-flop clocked by core)
path_power_complete=true
path_average_power_sum internal=1.13959e-05 switching=8.27277e-07 dynamic=1.22231e-05 leakage=2.07361e-08 total=1.22439e-05
stage instance cell pins fanout capacitance slew delay arrival internal switching dynamic leakage total
1 _349_ sg13g2_inv_1 A,Y 2 0.009104 0.020347 0.019449 2.01945 1.46913e-08 6.84238e-08 8.31151e-08 7.04097e-10 8.38192e-08
2 _350_ sg13g2_nand2b_1 B,Y 3 0.012457 0.043763 0.043812 2.06326 3.31903e-08 1.17417e-07 1.50607e-07 4.18652e-10 1.51026e-07
3 _351_ sg13g2_nor2_2 B,Y 2 0.010792 0.035477 0.035748 2.09901 6.25767e-08 9.13389e-08 1.53916e-07 2.59086e-09 1.56506e-07
4 _353_ sg13g2_nand2_2 A,Y 4 0.015019 0.033426 0.03446 2.13347 4.38969e-08 1.31319e-07 1.75216e-07 1.70182e-09 1.76918e-07
5 _361_ sg13g2_o21ai_1 A2,Y 3 0.012915 0.083844 0.075069 2.20854 4.14183e-09 1.07854e-08 1.49272e-08 2.19597e-09 1.71232e-08
6 _382_ sg13g2_and2_1 A,X 1 0.004675 0.018728 0.053675 2.26221 7.95167e-09 3.90408e-09 1.18558e-08 1.02444e-09 1.28802e-08
7 _383_ sg13g2_nor2_1 B,Y 3 0.010286 0.02502 0.024114 2.28633 4.9774e-08 1.22375e-07 1.72149e-07 6.99747e-10 1.72848e-07
8 _384_ sg13g2_and3_1 A,X 1 0.004722 0.014729 0.037136 2.32346 4.14787e-08 1.97167e-08 6.11954e-08 1.94957e-09 6.3145e-08
9 _385_ sg13g2_buf_4 A,X 13 0.046809 0.025508 0.04755 2.37101 1.19046e-07 2.24936e-07 3.43982e-07 3.19432e-09 3.47177e-07
10 _407_ sg13g2_a22oi_1 B2,Y 1 0.001901 0.038687 0.029257 2.40027 5.2664e-08 1.4288e-08 6.69519e-08 1.68067e-09 6.86326e-08
11 _585_ sg13g2_dfrbpq_1 D - - 0.038687 0 2.40027 1.09665e-05 2.27734e-08 1.09892e-05 4.57596e-09 1.09938e-05

Worst path 7: status=met slack=7.54677 type=max group=core
startpoint=tl_i[107] (input port clocked by core)
endpoint=_586_ (rising edge-triggered flip-flop clocked by core)
path_power_complete=true
path_average_power_sum internal=1.13959e-05 switching=8.27277e-07 dynamic=1.22231e-05 leakage=2.07361e-08 total=1.22439e-05
stage instance cell pins fanout capacitance slew delay arrival internal switching dynamic leakage total
1 _349_ sg13g2_inv_1 A,Y 2 0.009104 0.020347 0.019449 2.01945 1.46913e-08 6.84238e-08 8.31151e-08 7.04097e-10 8.38192e-08
2 _350_ sg13g2_nand2b_1 B,Y 3 0.012457 0.043763 0.043812 2.06326 3.31903e-08 1.17417e-07 1.50607e-07 4.18652e-10 1.51026e-07
3 _351_ sg13g2_nor2_2 B,Y 2 0.010792 0.035477 0.035748 2.09901 6.25767e-08 9.13389e-08 1.53916e-07 2.59086e-09 1.56506e-07
4 _353_ sg13g2_nand2_2 A,Y 4 0.015019 0.033426 0.03446 2.13347 4.38969e-08 1.31319e-07 1.75216e-07 1.70182e-09 1.76918e-07
5 _361_ sg13g2_o21ai_1 A2,Y 3 0.012915 0.083844 0.075069 2.20854 4.14183e-09 1.07854e-08 1.49272e-08 2.19597e-09 1.71232e-08
6 _382_ sg13g2_and2_1 A,X 1 0.004675 0.018728 0.053675 2.26221 7.95167e-09 3.90408e-09 1.18558e-08 1.02444e-09 1.28802e-08
7 _383_ sg13g2_nor2_1 B,Y 3 0.010286 0.02502 0.024114 2.28633 4.9774e-08 1.22375e-07 1.72149e-07 6.99747e-10 1.72848e-07
8 _384_ sg13g2_and3_1 A,X 1 0.004722 0.014729 0.037136 2.32346 4.14787e-08 1.97167e-08 6.11954e-08 1.94957e-09 6.3145e-08
9 _385_ sg13g2_buf_4 A,X 13 0.046809 0.025508 0.04755 2.37101 1.19046e-07 2.24936e-07 3.43982e-07 3.19432e-09 3.47177e-07
10 _404_ sg13g2_a22oi_1 B2,Y 1 0.001901 0.038687 0.029257 2.40027 5.2664e-08 1.4288e-08 6.69519e-08 1.68067e-09 6.86326e-08
11 _586_ sg13g2_dfrbpq_1 D - - 0.038687 0 2.40027 1.09665e-05 2.27734e-08 1.09892e-05 4.57596e-09 1.09938e-05

Worst path 8: status=met slack=7.54677 type=max group=core
startpoint=tl_i[107] (input port clocked by core)
endpoint=_587_ (rising edge-triggered flip-flop clocked by core)
path_power_complete=true
path_average_power_sum internal=1.13959e-05 switching=8.27277e-07 dynamic=1.22231e-05 leakage=2.07361e-08 total=1.22439e-05
stage instance cell pins fanout capacitance slew delay arrival internal switching dynamic leakage total
1 _349_ sg13g2_inv_1 A,Y 2 0.009104 0.020347 0.019449 2.01945 1.46913e-08 6.84238e-08 8.31151e-08 7.04097e-10 8.38192e-08
2 _350_ sg13g2_nand2b_1 B,Y 3 0.012457 0.043763 0.043812 2.06326 3.31903e-08 1.17417e-07 1.50607e-07 4.18652e-10 1.51026e-07
3 _351_ sg13g2_nor2_2 B,Y 2 0.010792 0.035477 0.035748 2.09901 6.25767e-08 9.13389e-08 1.53916e-07 2.59086e-09 1.56506e-07
4 _353_ sg13g2_nand2_2 A,Y 4 0.015019 0.033426 0.03446 2.13347 4.38969e-08 1.31319e-07 1.75216e-07 1.70182e-09 1.76918e-07
5 _361_ sg13g2_o21ai_1 A2,Y 3 0.012915 0.083844 0.075069 2.20854 4.14183e-09 1.07854e-08 1.49272e-08 2.19597e-09 1.71232e-08
6 _382_ sg13g2_and2_1 A,X 1 0.004675 0.018728 0.053675 2.26221 7.95167e-09 3.90408e-09 1.18558e-08 1.02444e-09 1.28802e-08
7 _383_ sg13g2_nor2_1 B,Y 3 0.010286 0.02502 0.024114 2.28633 4.9774e-08 1.22375e-07 1.72149e-07 6.99747e-10 1.72848e-07
8 _384_ sg13g2_and3_1 A,X 1 0.004722 0.014729 0.037136 2.32346 4.14787e-08 1.97167e-08 6.11954e-08 1.94957e-09 6.3145e-08
9 _385_ sg13g2_buf_4 A,X 13 0.046809 0.025508 0.04755 2.37101 1.19046e-07 2.24936e-07 3.43982e-07 3.19432e-09 3.47177e-07
10 _401_ sg13g2_a22oi_1 B2,Y 1 0.001901 0.038687 0.029257 2.40027 5.2664e-08 1.4288e-08 6.69519e-08 1.68067e-09 6.86326e-08
11 _587_ sg13g2_dfrbpq_1 D - - 0.038687 0 2.40027 1.09665e-05 2.27734e-08 1.09892e-05 4.57596e-09 1.09938e-05

Worst path 9: status=met slack=7.54677 type=max group=core
startpoint=tl_i[107] (input port clocked by core)
endpoint=_588_ (rising edge-triggered flip-flop clocked by core)
path_power_complete=true
path_average_power_sum internal=1.13959e-05 switching=8.27277e-07 dynamic=1.22231e-05 leakage=2.07361e-08 total=1.22439e-05
stage instance cell pins fanout capacitance slew delay arrival internal switching dynamic leakage total
1 _349_ sg13g2_inv_1 A,Y 2 0.009104 0.020347 0.019449 2.01945 1.46913e-08 6.84238e-08 8.31151e-08 7.04097e-10 8.38192e-08
2 _350_ sg13g2_nand2b_1 B,Y 3 0.012457 0.043763 0.043812 2.06326 3.31903e-08 1.17417e-07 1.50607e-07 4.18652e-10 1.51026e-07
3 _351_ sg13g2_nor2_2 B,Y 2 0.010792 0.035477 0.035748 2.09901 6.25767e-08 9.13389e-08 1.53916e-07 2.59086e-09 1.56506e-07
4 _353_ sg13g2_nand2_2 A,Y 4 0.015019 0.033426 0.03446 2.13347 4.38969e-08 1.31319e-07 1.75216e-07 1.70182e-09 1.76918e-07
5 _361_ sg13g2_o21ai_1 A2,Y 3 0.012915 0.083844 0.075069 2.20854 4.14183e-09 1.07854e-08 1.49272e-08 2.19597e-09 1.71232e-08
6 _382_ sg13g2_and2_1 A,X 1 0.004675 0.018728 0.053675 2.26221 7.95167e-09 3.90408e-09 1.18558e-08 1.02444e-09 1.28802e-08
7 _383_ sg13g2_nor2_1 B,Y 3 0.010286 0.02502 0.024114 2.28633 4.9774e-08 1.22375e-07 1.72149e-07 6.99747e-10 1.72848e-07
8 _384_ sg13g2_and3_1 A,X 1 0.004722 0.014729 0.037136 2.32346 4.14787e-08 1.97167e-08 6.11954e-08 1.94957e-09 6.3145e-08
9 _385_ sg13g2_buf_4 A,X 13 0.046809 0.025508 0.04755 2.37101 1.19046e-07 2.24936e-07 3.43982e-07 3.19432e-09 3.47177e-07
10 _398_ sg13g2_a22oi_1 B2,Y 1 0.001901 0.038687 0.029257 2.40027 5.2664e-08 1.4288e-08 6.69519e-08 1.68067e-09 6.86326e-08
11 _588_ sg13g2_dfrbpq_1 D - - 0.038687 0 2.40027 1.09665e-05 2.27734e-08 1.09892e-05 4.57596e-09 1.09938e-05

Worst path 10: status=met slack=7.54677 type=max group=core
startpoint=tl_i[107] (input port clocked by core)
endpoint=_589_ (rising edge-triggered flip-flop clocked by core)
path_power_complete=true
path_average_power_sum internal=1.13959e-05 switching=8.27277e-07 dynamic=1.22231e-05 leakage=2.07361e-08 total=1.22439e-05
stage instance cell pins fanout capacitance slew delay arrival internal switching dynamic leakage total
1 _349_ sg13g2_inv_1 A,Y 2 0.009104 0.020347 0.019449 2.01945 1.46913e-08 6.84238e-08 8.31151e-08 7.04097e-10 8.38192e-08
2 _350_ sg13g2_nand2b_1 B,Y 3 0.012457 0.043763 0.043812 2.06326 3.31903e-08 1.17417e-07 1.50607e-07 4.18652e-10 1.51026e-07
3 _351_ sg13g2_nor2_2 B,Y 2 0.010792 0.035477 0.035748 2.09901 6.25767e-08 9.13389e-08 1.53916e-07 2.59086e-09 1.56506e-07
4 _353_ sg13g2_nand2_2 A,Y 4 0.015019 0.033426 0.03446 2.13347 4.38969e-08 1.31319e-07 1.75216e-07 1.70182e-09 1.76918e-07
5 _361_ sg13g2_o21ai_1 A2,Y 3 0.012915 0.083844 0.075069 2.20854 4.14183e-09 1.07854e-08 1.49272e-08 2.19597e-09 1.71232e-08
6 _382_ sg13g2_and2_1 A,X 1 0.004675 0.018728 0.053675 2.26221 7.95167e-09 3.90408e-09 1.18558e-08 1.02444e-09 1.28802e-08
7 _383_ sg13g2_nor2_1 B,Y 3 0.010286 0.02502 0.024114 2.28633 4.9774e-08 1.22375e-07 1.72149e-07 6.99747e-10 1.72848e-07
8 _384_ sg13g2_and3_1 A,X 1 0.004722 0.014729 0.037136 2.32346 4.14787e-08 1.97167e-08 6.11954e-08 1.94957e-09 6.3145e-08
9 _385_ sg13g2_buf_4 A,X 13 0.046809 0.025508 0.04755 2.37101 1.19046e-07 2.24936e-07 3.43982e-07 3.19432e-09 3.47177e-07
10 _395_ sg13g2_a22oi_1 B2,Y 1 0.001901 0.038687 0.029257 2.40027 5.2664e-08 1.4288e-08 6.69519e-08 1.68067e-09 6.86326e-08
11 _589_ sg13g2_dfrbpq_1 D - - 0.038687 0 2.40027 1.09665e-05 2.27734e-08 1.09892e-05 4.57596e-09 1.09938e-05

Worst path 11: status=met slack=7.95079 type=max group=asynchronous
startpoint=rst_ni (input port clocked by core)
endpoint=_542_ (recovery check against rising-edge clock core)
path_power_complete=true
path_average_power_sum internal=1.005e-05 switching=1.13867e-08 dynamic=1.00613e-05 leakage=4.56054e-09 total=1.00659e-05
stage instance cell pins fanout capacitance slew delay arrival internal switching dynamic leakage total
1 _542_ sg13g2_dfrbpq_1 RESET_B - - 0 0 2 1.005e-05 1.13867e-08 1.00613e-05 4.56054e-09 1.00659e-05

Worst path 12: status=met slack=7.95079 type=max group=asynchronous
startpoint=rst_ni (input port clocked by core)
endpoint=_543_ (recovery check against rising-edge clock core)
path_power_complete=true
path_average_power_sum internal=9.51738e-06 switching=0 dynamic=9.51738e-06 leakage=4.54342e-09 total=9.52193e-06
stage instance cell pins fanout capacitance slew delay arrival internal switching dynamic leakage total
1 _543_ sg13g2_dfrbpq_1 RESET_B - - 0 0 2 9.51738e-06 0 9.51738e-06 4.54342e-09 9.52193e-06

Worst path 13: status=met slack=7.95079 type=max group=asynchronous
startpoint=rst_ni (input port clocked by core)
endpoint=_544_ (recovery check against rising-edge clock core)
path_power_complete=true
path_average_power_sum internal=9.51738e-06 switching=0 dynamic=9.51738e-06 leakage=4.54342e-09 total=9.52193e-06
stage instance cell pins fanout capacitance slew delay arrival internal switching dynamic leakage total
1 _544_ sg13g2_dfrbpq_1 RESET_B - - 0 0 2 9.51738e-06 0 9.51738e-06 4.54342e-09 9.52193e-06

Worst path 14: status=met slack=7.95079 type=max group=asynchronous
startpoint=rst_ni (input port clocked by core)
endpoint=_545_ (recovery check against rising-edge clock core)
path_power_complete=true
path_average_power_sum internal=9.51738e-06 switching=0 dynamic=9.51738e-06 leakage=4.54342e-09 total=9.52193e-06
stage instance cell pins fanout capacitance slew delay arrival internal switching dynamic leakage total
1 _545_ sg13g2_dfrbpq_1 RESET_B - - 0 0 2 9.51738e-06 0 9.51738e-06 4.54342e-09 9.52193e-06

Worst path 15: status=met slack=7.95079 type=max group=asynchronous
startpoint=rst_ni (input port clocked by core)
endpoint=_546_ (recovery check against rising-edge clock core)
path_power_complete=true
path_average_power_sum internal=9.51722e-06 switching=0 dynamic=9.51722e-06 leakage=4.54342e-09 total=9.52176e-06
stage instance cell pins fanout capacitance slew delay arrival internal switching dynamic leakage total
1 _546_ sg13g2_dfrbpq_1 RESET_B - - 0 0 2 9.51722e-06 0 9.51722e-06 4.54342e-09 9.52176e-06

Worst path 16: status=met slack=7.95079 type=max group=asynchronous
startpoint=rst_ni (input port clocked by core)
endpoint=_547_ (recovery check against rising-edge clock core)
path_power_complete=true
path_average_power_sum internal=9.57558e-06 switching=0 dynamic=9.57558e-06 leakage=4.54343e-09 total=9.58013e-06
stage instance cell pins fanout capacitance slew delay arrival internal switching dynamic leakage total
1 _547_ sg13g2_dfrbpq_1 RESET_B - - 0 0 2 9.57558e-06 0 9.57558e-06 4.54343e-09 9.58013e-06

Worst path 17: status=met slack=7.95079 type=max group=asynchronous
startpoint=rst_ni (input port clocked by core)
endpoint=_548_ (recovery check against rising-edge clock core)
path_power_complete=true
path_average_power_sum internal=1.094e-05 switching=1.28072e-08 dynamic=1.09528e-05 leakage=4.58009e-09 total=1.09574e-05
stage instance cell pins fanout capacitance slew delay arrival internal switching dynamic leakage total
1 _548_ sg13g2_dfrbpq_1 RESET_B - - 0 0 2 1.094e-05 1.28072e-08 1.09528e-05 4.58009e-09 1.09574e-05

Worst path 18: status=met slack=7.95079 type=max group=asynchronous
startpoint=rst_ni (input port clocked by core)
endpoint=_549_ (recovery check against rising-edge clock core)
path_power_complete=true
path_average_power_sum internal=9.51722e-06 switching=0 dynamic=9.51722e-06 leakage=4.54342e-09 total=9.52177e-06
stage instance cell pins fanout capacitance slew delay arrival internal switching dynamic leakage total
1 _549_ sg13g2_dfrbpq_1 RESET_B - - 0 0 2 9.51722e-06 0 9.51722e-06 4.54342e-09 9.52177e-06

Worst path 19: status=met slack=7.95079 type=max group=asynchronous
startpoint=rst_ni (input port clocked by core)
endpoint=_550_ (recovery check against rising-edge clock core)
path_power_complete=true
path_average_power_sum internal=9.51722e-06 switching=0 dynamic=9.51722e-06 leakage=4.54342e-09 total=9.52177e-06
stage instance cell pins fanout capacitance slew delay arrival internal switching dynamic leakage total
1 _550_ sg13g2_dfrbpq_1 RESET_B - - 0 0 2 9.51722e-06 0 9.51722e-06 4.54342e-09 9.52177e-06

Worst path 20: status=met slack=7.95079 type=max group=asynchronous
startpoint=rst_ni (input port clocked by core)
endpoint=_551_ (recovery check against rising-edge clock core)
path_power_complete=true
path_average_power_sum internal=9.51722e-06 switching=0 dynamic=9.51722e-06 leakage=4.54342e-09 total=9.52177e-06
stage instance cell pins fanout capacitance slew delay arrival internal switching dynamic leakage total
1 _551_ sg13g2_dfrbpq_1 RESET_B - - 0 0 2 9.51722e-06 0 9.51722e-06 4.54342e-09 9.52177e-06

=== Highest-power instances and worst path through each ===

Hotspot 1: instance=_622_ selected_worst_paths=none internal=1.34609e-05 switching=1.03214e-06 dynamic=1.44931e-05 leakage=4.5965e-09 total=1.44977e-05
Worst path through hotspot: status=met slack=7.95079 type=max group=asynchronous
startpoint=rst_ni (input port clocked by core)
endpoint=_622_ (recovery check against rising-edge clock core)
path_power_complete=true
path_average_power_sum internal=1.34609e-05 switching=1.03214e-06 dynamic=1.44931e-05 leakage=4.5965e-09 total=1.44977e-05
stage instance cell pins fanout capacitance slew delay arrival internal switching dynamic leakage total
1 _622_ sg13g2_dfrbpq_1 RESET_B - - 0 0 2 1.34609e-05 1.03214e-06 1.44931e-05 4.5965e-09 1.44977e-05
OpenSTA targeted timing report:
Startpoint: rst_ni (input port clocked by core)
Endpoint: _622_ (recovery check against rising-edge clock core)
Path Group: asynchronous
Path Type: max

Fanout         Cap        Slew       Delay        Time   Description
---------------------------------------------------------------------------------------------
                      0.000000    0.000000    0.000000   clock core (rise edge)
                                  0.000000    0.000000   clock network delay (ideal)
                                  2.000000    2.000000 ^ input external delay
    98    0.646447    0.000000    0.000000    2.000000 ^ rst_ni (in)
                                                         rst_ni (net)
                      0.000000    0.000000    2.000000 ^ _622_/RESET_B (sg13g2_dfrbpq_1)
                                              2.000000   data arrival time

                      0.000000   10.000000   10.000000   clock core (rise edge)
                                  0.000000   10.000000   clock network delay (ideal)
                                  0.000000   10.000000   clock reconvergence pessimism
                                             10.000000 ^ _622_/CLK (sg13g2_dfrbpq_1)
                                 -0.049212    9.950788   library recovery time
                                              9.950788   data required time
---------------------------------------------------------------------------------------------
                                              9.950788   data required time
                                             -2.000000   data arrival time
---------------------------------------------------------------------------------------------
                                              7.950788   slack (MET)

Hotspot 2: instance=_615_ selected_worst_paths=none internal=1.34607e-05 switching=1.02019e-06 dynamic=1.44809e-05 leakage=4.59651e-09 total=1.44855e-05
Worst path through hotspot: status=met slack=7.95079 type=max group=asynchronous
startpoint=rst_ni (input port clocked by core)
endpoint=_615_ (recovery check against rising-edge clock core)
path_power_complete=true
path_average_power_sum internal=1.34607e-05 switching=1.02019e-06 dynamic=1.44809e-05 leakage=4.59651e-09 total=1.44855e-05
stage instance cell pins fanout capacitance slew delay arrival internal switching dynamic leakage total
1 _615_ sg13g2_dfrbpq_1 RESET_B - - 0 0 2 1.34607e-05 1.02019e-06 1.44809e-05 4.59651e-09 1.44855e-05
OpenSTA targeted timing report:
Startpoint: rst_ni (input port clocked by core)
Endpoint: _615_ (recovery check against rising-edge clock core)
Path Group: asynchronous
Path Type: max

Fanout         Cap        Slew       Delay        Time   Description
---------------------------------------------------------------------------------------------
                      0.000000    0.000000    0.000000   clock core (rise edge)
                                  0.000000    0.000000   clock network delay (ideal)
                                  2.000000    2.000000 ^ input external delay
    98    0.646447    0.000000    0.000000    2.000000 ^ rst_ni (in)
                                                         rst_ni (net)
                      0.000000    0.000000    2.000000 ^ _615_/RESET_B (sg13g2_dfrbpq_1)
                                              2.000000   data arrival time

                      0.000000   10.000000   10.000000   clock core (rise edge)
                                  0.000000   10.000000   clock network delay (ideal)
                                  0.000000   10.000000   clock reconvergence pessimism
                                             10.000000 ^ _615_/CLK (sg13g2_dfrbpq_1)
                                 -0.049212    9.950788   library recovery time
                                              9.950788   data required time
---------------------------------------------------------------------------------------------
                                              9.950788   data required time
                                             -2.000000   data arrival time
---------------------------------------------------------------------------------------------
                                              7.950788   slack (MET)

Hotspot 3: instance=_636_ selected_worst_paths=none internal=1.24567e-05 switching=5.66013e-07 dynamic=1.30227e-05 leakage=4.59327e-09 total=1.30273e-05
Worst path through hotspot: status=met slack=7.95079 type=max group=asynchronous
startpoint=rst_ni (input port clocked by core)
endpoint=_636_ (recovery check against rising-edge clock core)
path_power_complete=true
path_average_power_sum internal=1.24567e-05 switching=5.66013e-07 dynamic=1.30227e-05 leakage=4.59327e-09 total=1.30273e-05
stage instance cell pins fanout capacitance slew delay arrival internal switching dynamic leakage total
1 _636_ sg13g2_dfrbpq_1 RESET_B - - 0 0 2 1.24567e-05 5.66013e-07 1.30227e-05 4.59327e-09 1.30273e-05
OpenSTA targeted timing report:
Startpoint: rst_ni (input port clocked by core)
Endpoint: _636_ (recovery check against rising-edge clock core)
Path Group: asynchronous
Path Type: max

Fanout         Cap        Slew       Delay        Time   Description
---------------------------------------------------------------------------------------------
                      0.000000    0.000000    0.000000   clock core (rise edge)
                                  0.000000    0.000000   clock network delay (ideal)
                                  2.000000    2.000000 ^ input external delay
    98    0.646447    0.000000    0.000000    2.000000 ^ rst_ni (in)
                                                         rst_ni (net)
                      0.000000    0.000000    2.000000 ^ _636_/RESET_B (sg13g2_dfrbpq_1)
                                              2.000000   data arrival time

                      0.000000   10.000000   10.000000   clock core (rise edge)
                                  0.000000   10.000000   clock network delay (ideal)
                                  0.000000   10.000000   clock reconvergence pessimism
                                             10.000000 ^ _636_/CLK (sg13g2_dfrbpq_1)
                                 -0.049212    9.950788   library recovery time
                                              9.950788   data required time
---------------------------------------------------------------------------------------------
                                              9.950788   data required time
                                             -2.000000   data arrival time
---------------------------------------------------------------------------------------------
                                              7.950788   slack (MET)

Hotspot 4: instance=_629_ selected_worst_paths=none internal=1.24535e-05 switching=4.31448e-07 dynamic=1.28849e-05 leakage=4.59332e-09 total=1.28895e-05
Worst path through hotspot: status=met slack=7.95079 type=max group=asynchronous
startpoint=rst_ni (input port clocked by core)
endpoint=_629_ (recovery check against rising-edge clock core)
path_power_complete=true
path_average_power_sum internal=1.24535e-05 switching=4.31448e-07 dynamic=1.28849e-05 leakage=4.59332e-09 total=1.28895e-05
stage instance cell pins fanout capacitance slew delay arrival internal switching dynamic leakage total
1 _629_ sg13g2_dfrbpq_1 RESET_B - - 0 0 2 1.24535e-05 4.31448e-07 1.28849e-05 4.59332e-09 1.28895e-05
OpenSTA targeted timing report:
Startpoint: rst_ni (input port clocked by core)
Endpoint: _629_ (recovery check against rising-edge clock core)
Path Group: asynchronous
Path Type: max

Fanout         Cap        Slew       Delay        Time   Description
---------------------------------------------------------------------------------------------
                      0.000000    0.000000    0.000000   clock core (rise edge)
                                  0.000000    0.000000   clock network delay (ideal)
                                  2.000000    2.000000 ^ input external delay
    98    0.646447    0.000000    0.000000    2.000000 ^ rst_ni (in)
                                                         rst_ni (net)
                      0.000000    0.000000    2.000000 ^ _629_/RESET_B (sg13g2_dfrbpq_1)
                                              2.000000   data arrival time

                      0.000000   10.000000   10.000000   clock core (rise edge)
                                  0.000000   10.000000   clock network delay (ideal)
                                  0.000000   10.000000   clock reconvergence pessimism
                                             10.000000 ^ _629_/CLK (sg13g2_dfrbpq_1)
                                 -0.049212    9.950788   library recovery time
                                              9.950788   data required time
---------------------------------------------------------------------------------------------
                                              9.950788   data required time
                                             -2.000000   data arrival time
---------------------------------------------------------------------------------------------
                                              7.950788   slack (MET)

Hotspot 5: instance=_623_ selected_worst_paths=none internal=1.24186e-05 switching=3.21553e-07 dynamic=1.27401e-05 leakage=4.58277e-09 total=1.27447e-05
Worst path through hotspot: status=met slack=7.95079 type=max group=asynchronous
startpoint=rst_ni (input port clocked by core)
endpoint=_623_ (recovery check against rising-edge clock core)
path_power_complete=true
path_average_power_sum internal=1.24186e-05 switching=3.21553e-07 dynamic=1.27401e-05 leakage=4.58277e-09 total=1.27447e-05
stage instance cell pins fanout capacitance slew delay arrival internal switching dynamic leakage total
1 _623_ sg13g2_dfrbpq_1 RESET_B - - 0 0 2 1.24186e-05 3.21553e-07 1.27401e-05 4.58277e-09 1.27447e-05
OpenSTA targeted timing report:
Startpoint: rst_ni (input port clocked by core)
Endpoint: _623_ (recovery check against rising-edge clock core)
Path Group: asynchronous
Path Type: max

Fanout         Cap        Slew       Delay        Time   Description
---------------------------------------------------------------------------------------------
                      0.000000    0.000000    0.000000   clock core (rise edge)
                                  0.000000    0.000000   clock network delay (ideal)
                                  2.000000    2.000000 ^ input external delay
    98    0.646447    0.000000    0.000000    2.000000 ^ rst_ni (in)
                                                         rst_ni (net)
                      0.000000    0.000000    2.000000 ^ _623_/RESET_B (sg13g2_dfrbpq_1)
                                              2.000000   data arrival time

                      0.000000   10.000000   10.000000   clock core (rise edge)
                                  0.000000   10.000000   clock network delay (ideal)
                                  0.000000   10.000000   clock reconvergence pessimism
                                             10.000000 ^ _623_/CLK (sg13g2_dfrbpq_1)
                                 -0.049212    9.950788   library recovery time
                                              9.950788   data required time
---------------------------------------------------------------------------------------------
                                              9.950788   data required time
                                             -2.000000   data arrival time
---------------------------------------------------------------------------------------------
                                              7.950788   slack (MET)

Hotspot 6: instance=_616_ selected_worst_paths=none internal=1.24182e-05 switching=3.03903e-07 dynamic=1.27221e-05 leakage=4.58278e-09 total=1.27267e-05
Worst path through hotspot: status=met slack=7.95079 type=max group=asynchronous
startpoint=rst_ni (input port clocked by core)
endpoint=_616_ (recovery check against rising-edge clock core)
path_power_complete=true
path_average_power_sum internal=1.24182e-05 switching=3.03903e-07 dynamic=1.27221e-05 leakage=4.58278e-09 total=1.27267e-05
stage instance cell pins fanout capacitance slew delay arrival internal switching dynamic leakage total
1 _616_ sg13g2_dfrbpq_1 RESET_B - - 0 0 2 1.24182e-05 3.03903e-07 1.27221e-05 4.58278e-09 1.27267e-05
OpenSTA targeted timing report:
Startpoint: rst_ni (input port clocked by core)
Endpoint: _616_ (recovery check against rising-edge clock core)
Path Group: asynchronous
Path Type: max

Fanout         Cap        Slew       Delay        Time   Description
---------------------------------------------------------------------------------------------
                      0.000000    0.000000    0.000000   clock core (rise edge)
                                  0.000000    0.000000   clock network delay (ideal)
                                  2.000000    2.000000 ^ input external delay
    98    0.646447    0.000000    0.000000    2.000000 ^ rst_ni (in)
                                                         rst_ni (net)
                      0.000000    0.000000    2.000000 ^ _616_/RESET_B (sg13g2_dfrbpq_1)
                                              2.000000   data arrival time

                      0.000000   10.000000   10.000000   clock core (rise edge)
                                  0.000000   10.000000   clock network delay (ideal)
                                  0.000000   10.000000   clock reconvergence pessimism
                                             10.000000 ^ _616_/CLK (sg13g2_dfrbpq_1)
                                 -0.049212    9.950788   library recovery time
                                              9.950788   data required time
---------------------------------------------------------------------------------------------
                                              9.950788   data required time
                                             -2.000000   data arrival time
---------------------------------------------------------------------------------------------
                                              7.950788   slack (MET)

Hotspot 7: instance=_630_ selected_worst_paths=none internal=1.19399e-05 switching=2.19537e-07 dynamic=1.21594e-05 leakage=4.58011e-09 total=1.2164e-05
Worst path through hotspot: status=met slack=7.95079 type=max group=asynchronous
startpoint=rst_ni (input port clocked by core)
endpoint=_630_ (recovery check against rising-edge clock core)
path_power_complete=true
path_average_power_sum internal=1.19399e-05 switching=2.19537e-07 dynamic=1.21594e-05 leakage=4.58011e-09 total=1.2164e-05
stage instance cell pins fanout capacitance slew delay arrival internal switching dynamic leakage total
1 _630_ sg13g2_dfrbpq_1 RESET_B - - 0 0 2 1.19399e-05 2.19537e-07 1.21594e-05 4.58011e-09 1.2164e-05
OpenSTA targeted timing report:
Startpoint: rst_ni (input port clocked by core)
Endpoint: _630_ (recovery check against rising-edge clock core)
Path Group: asynchronous
Path Type: max

Fanout         Cap        Slew       Delay        Time   Description
---------------------------------------------------------------------------------------------
                      0.000000    0.000000    0.000000   clock core (rise edge)
                                  0.000000    0.000000   clock network delay (ideal)
                                  2.000000    2.000000 ^ input external delay
    98    0.646447    0.000000    0.000000    2.000000 ^ rst_ni (in)
                                                         rst_ni (net)
                      0.000000    0.000000    2.000000 ^ _630_/RESET_B (sg13g2_dfrbpq_1)
                                              2.000000   data arrival time

                      0.000000   10.000000   10.000000   clock core (rise edge)
                                  0.000000   10.000000   clock network delay (ideal)
                                  0.000000   10.000000   clock reconvergence pessimism
                                             10.000000 ^ _630_/CLK (sg13g2_dfrbpq_1)
                                 -0.049212    9.950788   library recovery time
                                              9.950788   data required time
---------------------------------------------------------------------------------------------
                                              9.950788   data required time
                                             -2.000000   data arrival time
---------------------------------------------------------------------------------------------
                                              7.950788   slack (MET)

Hotspot 8: instance=_637_ selected_worst_paths=none internal=1.19099e-05 switching=1.70234e-07 dynamic=1.20801e-05 leakage=4.5801e-09 total=1.20847e-05
Worst path through hotspot: status=met slack=7.95079 type=max group=asynchronous
startpoint=rst_ni (input port clocked by core)
endpoint=_637_ (recovery check against rising-edge clock core)
path_power_complete=true
path_average_power_sum internal=1.19099e-05 switching=1.70234e-07 dynamic=1.20801e-05 leakage=4.5801e-09 total=1.20847e-05
stage instance cell pins fanout capacitance slew delay arrival internal switching dynamic leakage total
1 _637_ sg13g2_dfrbpq_1 RESET_B - - 0 0 2 1.19099e-05 1.70234e-07 1.20801e-05 4.5801e-09 1.20847e-05
OpenSTA targeted timing report:
Startpoint: rst_ni (input port clocked by core)
Endpoint: _637_ (recovery check against rising-edge clock core)
Path Group: asynchronous
Path Type: max

Fanout         Cap        Slew       Delay        Time   Description
---------------------------------------------------------------------------------------------
                      0.000000    0.000000    0.000000   clock core (rise edge)
                                  0.000000    0.000000   clock network delay (ideal)
                                  2.000000    2.000000 ^ input external delay
    98    0.646447    0.000000    0.000000    2.000000 ^ rst_ni (in)
                                                         rst_ni (net)
                      0.000000    0.000000    2.000000 ^ _637_/RESET_B (sg13g2_dfrbpq_1)
                                              2.000000   data arrival time

                      0.000000   10.000000   10.000000   clock core (rise edge)
                                  0.000000   10.000000   clock network delay (ideal)
                                  0.000000   10.000000   clock reconvergence pessimism
                                             10.000000 ^ _637_/CLK (sg13g2_dfrbpq_1)
                                 -0.049212    9.950788   library recovery time
                                              9.950788   data required time
---------------------------------------------------------------------------------------------
                                              9.950788   data required time
                                             -2.000000   data arrival time
---------------------------------------------------------------------------------------------
                                              7.950788   slack (MET)

Hotspot 9: instance=_617_ selected_worst_paths=none internal=1.17517e-05 switching=9.85063e-08 dynamic=1.18502e-05 leakage=4.57986e-09 total=1.18548e-05
Worst path through hotspot: status=met slack=7.95079 type=max group=asynchronous
startpoint=rst_ni (input port clocked by core)
endpoint=_617_ (recovery check against rising-edge clock core)
path_power_complete=true
path_average_power_sum internal=1.17517e-05 switching=9.85063e-08 dynamic=1.18502e-05 leakage=4.57986e-09 total=1.18548e-05
stage instance cell pins fanout capacitance slew delay arrival internal switching dynamic leakage total
1 _617_ sg13g2_dfrbpq_1 RESET_B - - 0 0 2 1.17517e-05 9.85063e-08 1.18502e-05 4.57986e-09 1.18548e-05
OpenSTA targeted timing report:
Startpoint: rst_ni (input port clocked by core)
Endpoint: _617_ (recovery check against rising-edge clock core)
Path Group: asynchronous
Path Type: max

Fanout         Cap        Slew       Delay        Time   Description
---------------------------------------------------------------------------------------------
                      0.000000    0.000000    0.000000   clock core (rise edge)
                                  0.000000    0.000000   clock network delay (ideal)
                                  2.000000    2.000000 ^ input external delay
    98    0.646447    0.000000    0.000000    2.000000 ^ rst_ni (in)
                                                         rst_ni (net)
                      0.000000    0.000000    2.000000 ^ _617_/RESET_B (sg13g2_dfrbpq_1)
                                              2.000000   data arrival time

                      0.000000   10.000000   10.000000   clock core (rise edge)
                                  0.000000   10.000000   clock network delay (ideal)
                                  0.000000   10.000000   clock reconvergence pessimism
                                             10.000000 ^ _617_/CLK (sg13g2_dfrbpq_1)
                                 -0.049212    9.950788   library recovery time
                                              9.950788   data required time
---------------------------------------------------------------------------------------------
                                              9.950788   data required time
                                             -2.000000   data arrival time
---------------------------------------------------------------------------------------------
                                              7.950788   slack (MET)

Hotspot 10: instance=_624_ selected_worst_paths=none internal=1.16983e-05 switching=9.86313e-08 dynamic=1.1797e-05 leakage=4.57991e-09 total=1.18016e-05
Worst path through hotspot: status=met slack=7.95079 type=max group=asynchronous
startpoint=rst_ni (input port clocked by core)
endpoint=_624_ (recovery check against rising-edge clock core)
path_power_complete=true
path_average_power_sum internal=1.16983e-05 switching=9.86313e-08 dynamic=1.1797e-05 leakage=4.57991e-09 total=1.18016e-05
stage instance cell pins fanout capacitance slew delay arrival internal switching dynamic leakage total
1 _624_ sg13g2_dfrbpq_1 RESET_B - - 0 0 2 1.16983e-05 9.86313e-08 1.1797e-05 4.57991e-09 1.18016e-05
OpenSTA targeted timing report:
Startpoint: rst_ni (input port clocked by core)
Endpoint: _624_ (recovery check against rising-edge clock core)
Path Group: asynchronous
Path Type: max

Fanout         Cap        Slew       Delay        Time   Description
---------------------------------------------------------------------------------------------
                      0.000000    0.000000    0.000000   clock core (rise edge)
                                  0.000000    0.000000   clock network delay (ideal)
                                  2.000000    2.000000 ^ input external delay
    98    0.646447    0.000000    0.000000    2.000000 ^ rst_ni (in)
                                                         rst_ni (net)
                      0.000000    0.000000    2.000000 ^ _624_/RESET_B (sg13g2_dfrbpq_1)
                                              2.000000   data arrival time

                      0.000000   10.000000   10.000000   clock core (rise edge)
                                  0.000000   10.000000   clock network delay (ideal)
                                  0.000000   10.000000   clock reconvergence pessimism
                                             10.000000 ^ _624_/CLK (sg13g2_dfrbpq_1)
                                 -0.049212    9.950788   library recovery time
                                              9.950788   data required time
---------------------------------------------------------------------------------------------
                                              9.950788   data required time
                                             -2.000000   data arrival time
---------------------------------------------------------------------------------------------
                                              7.950788   slack (MET)

Hotspot 11: instance=_638_ selected_worst_paths=none internal=1.14642e-05 switching=4.22706e-08 dynamic=1.15064e-05 leakage=4.57745e-09 total=1.1511e-05
Worst path through hotspot: status=met slack=7.95079 type=max group=asynchronous
startpoint=rst_ni (input port clocked by core)
endpoint=_638_ (recovery check against rising-edge clock core)
path_power_complete=true
path_average_power_sum internal=1.14642e-05 switching=4.22706e-08 dynamic=1.15064e-05 leakage=4.57745e-09 total=1.1511e-05
stage instance cell pins fanout capacitance slew delay arrival internal switching dynamic leakage total
1 _638_ sg13g2_dfrbpq_1 RESET_B - - 0 0 2 1.14642e-05 4.22706e-08 1.15064e-05 4.57745e-09 1.1511e-05
OpenSTA targeted timing report:
Startpoint: rst_ni (input port clocked by core)
Endpoint: _638_ (recovery check against rising-edge clock core)
Path Group: asynchronous
Path Type: max

Fanout         Cap        Slew       Delay        Time   Description
---------------------------------------------------------------------------------------------
                      0.000000    0.000000    0.000000   clock core (rise edge)
                                  0.000000    0.000000   clock network delay (ideal)
                                  2.000000    2.000000 ^ input external delay
    98    0.646447    0.000000    0.000000    2.000000 ^ rst_ni (in)
                                                         rst_ni (net)
                      0.000000    0.000000    2.000000 ^ _638_/RESET_B (sg13g2_dfrbpq_1)
                                              2.000000   data arrival time

                      0.000000   10.000000   10.000000   clock core (rise edge)
                                  0.000000   10.000000   clock network delay (ideal)
                                  0.000000   10.000000   clock reconvergence pessimism
                                             10.000000 ^ _638_/CLK (sg13g2_dfrbpq_1)
                                 -0.049212    9.950788   library recovery time
                                              9.950788   data required time
---------------------------------------------------------------------------------------------
                                              9.950788   data required time
                                             -2.000000   data arrival time
---------------------------------------------------------------------------------------------
                                              7.950788   slack (MET)

Hotspot 12: instance=_631_ selected_worst_paths=none internal=1.14618e-05 switching=1.968e-08 dynamic=1.14815e-05 leakage=4.57743e-09 total=1.1486e-05
Worst path through hotspot: status=met slack=7.95079 type=max group=asynchronous
startpoint=rst_ni (input port clocked by core)
endpoint=_631_ (recovery check against rising-edge clock core)
path_power_complete=true
path_average_power_sum internal=1.14618e-05 switching=1.968e-08 dynamic=1.14815e-05 leakage=4.57743e-09 total=1.1486e-05
stage instance cell pins fanout capacitance slew delay arrival internal switching dynamic leakage total
1 _631_ sg13g2_dfrbpq_1 RESET_B - - 0 0 2 1.14618e-05 1.968e-08 1.14815e-05 4.57743e-09 1.1486e-05
OpenSTA targeted timing report:
Startpoint: rst_ni (input port clocked by core)
Endpoint: _631_ (recovery check against rising-edge clock core)
Path Group: asynchronous
Path Type: max

Fanout         Cap        Slew       Delay        Time   Description
---------------------------------------------------------------------------------------------
                      0.000000    0.000000    0.000000   clock core (rise edge)
                                  0.000000    0.000000   clock network delay (ideal)
                                  2.000000    2.000000 ^ input external delay
    98    0.646447    0.000000    0.000000    2.000000 ^ rst_ni (in)
                                                         rst_ni (net)
                      0.000000    0.000000    2.000000 ^ _631_/RESET_B (sg13g2_dfrbpq_1)
                                              2.000000   data arrival time

                      0.000000   10.000000   10.000000   clock core (rise edge)
                                  0.000000   10.000000   clock network delay (ideal)
                                  0.000000   10.000000   clock reconvergence pessimism
                                             10.000000 ^ _631_/CLK (sg13g2_dfrbpq_1)
                                 -0.049212    9.950788   library recovery time
                                              9.950788   data required time
---------------------------------------------------------------------------------------------
                                              9.950788   data required time
                                             -2.000000   data arrival time
---------------------------------------------------------------------------------------------
                                              7.950788   slack (MET)

Hotspot 13: instance=_618_ selected_worst_paths=none internal=1.13924e-05 switching=5.90494e-08 dynamic=1.14515e-05 leakage=4.57987e-09 total=1.14561e-05
Worst path through hotspot: status=met slack=7.95079 type=max group=asynchronous
startpoint=rst_ni (input port clocked by core)
endpoint=_618_ (recovery check against rising-edge clock core)
path_power_complete=true
path_average_power_sum internal=1.13924e-05 switching=5.90494e-08 dynamic=1.14515e-05 leakage=4.57987e-09 total=1.14561e-05
stage instance cell pins fanout capacitance slew delay arrival internal switching dynamic leakage total
1 _618_ sg13g2_dfrbpq_1 RESET_B - - 0 0 2 1.13924e-05 5.90494e-08 1.14515e-05 4.57987e-09 1.14561e-05
OpenSTA targeted timing report:
Startpoint: rst_ni (input port clocked by core)
Endpoint: _618_ (recovery check against rising-edge clock core)
Path Group: asynchronous
Path Type: max

Fanout         Cap        Slew       Delay        Time   Description
---------------------------------------------------------------------------------------------
                      0.000000    0.000000    0.000000   clock core (rise edge)
                                  0.000000    0.000000   clock network delay (ideal)
                                  2.000000    2.000000 ^ input external delay
    98    0.646447    0.000000    0.000000    2.000000 ^ rst_ni (in)
                                                         rst_ni (net)
                      0.000000    0.000000    2.000000 ^ _618_/RESET_B (sg13g2_dfrbpq_1)
                                              2.000000   data arrival time

                      0.000000   10.000000   10.000000   clock core (rise edge)
                                  0.000000   10.000000   clock network delay (ideal)
                                  0.000000   10.000000   clock reconvergence pessimism
                                             10.000000 ^ _618_/CLK (sg13g2_dfrbpq_1)
                                 -0.049212    9.950788   library recovery time
                                              9.950788   data required time
---------------------------------------------------------------------------------------------
                                              9.950788   data required time
                                             -2.000000   data arrival time
---------------------------------------------------------------------------------------------
                                              7.950788   slack (MET)

Hotspot 14: instance=_625_ selected_worst_paths=none internal=1.13353e-05 switching=3.93065e-08 dynamic=1.13746e-05 leakage=4.57983e-09 total=1.13792e-05
Worst path through hotspot: status=met slack=7.95079 type=max group=asynchronous
startpoint=rst_ni (input port clocked by core)
endpoint=_625_ (recovery check against rising-edge clock core)
path_power_complete=true
path_average_power_sum internal=1.13353e-05 switching=3.93065e-08 dynamic=1.13746e-05 leakage=4.57983e-09 total=1.13792e-05
stage instance cell pins fanout capacitance slew delay arrival internal switching dynamic leakage total
1 _625_ sg13g2_dfrbpq_1 RESET_B - - 0 0 2 1.13353e-05 3.93065e-08 1.13746e-05 4.57983e-09 1.13792e-05
OpenSTA targeted timing report:
Startpoint: rst_ni (input port clocked by core)
Endpoint: _625_ (recovery check against rising-edge clock core)
Path Group: asynchronous
Path Type: max

Fanout         Cap        Slew       Delay        Time   Description
---------------------------------------------------------------------------------------------
                      0.000000    0.000000    0.000000   clock core (rise edge)
                                  0.000000    0.000000   clock network delay (ideal)
                                  2.000000    2.000000 ^ input external delay
    98    0.646447    0.000000    0.000000    2.000000 ^ rst_ni (in)
                                                         rst_ni (net)
                      0.000000    0.000000    2.000000 ^ _625_/RESET_B (sg13g2_dfrbpq_1)
                                              2.000000   data arrival time

                      0.000000   10.000000   10.000000   clock core (rise edge)
                                  0.000000   10.000000   clock network delay (ideal)
                                  0.000000   10.000000   clock reconvergence pessimism
                                             10.000000 ^ _625_/CLK (sg13g2_dfrbpq_1)
                                 -0.049212    9.950788   library recovery time
                                              9.950788   data required time
---------------------------------------------------------------------------------------------
                                              9.950788   data required time
                                             -2.000000   data arrival time
---------------------------------------------------------------------------------------------
                                              7.950788   slack (MET)

Hotspot 15: instance=_632_ selected_worst_paths=none internal=1.12823e-05 switching=2.04486e-08 dynamic=1.13028e-05 leakage=4.57741e-09 total=1.13073e-05
Worst path through hotspot: status=met slack=7.95079 type=max group=asynchronous
startpoint=rst_ni (input port clocked by core)
endpoint=_632_ (recovery check against rising-edge clock core)
path_power_complete=true
path_average_power_sum internal=1.12823e-05 switching=2.04486e-08 dynamic=1.13028e-05 leakage=4.57741e-09 total=1.13073e-05
stage instance cell pins fanout capacitance slew delay arrival internal switching dynamic leakage total
1 _632_ sg13g2_dfrbpq_1 RESET_B - - 0 0 2 1.12823e-05 2.04486e-08 1.13028e-05 4.57741e-09 1.13073e-05
OpenSTA targeted timing report:
Startpoint: rst_ni (input port clocked by core)
Endpoint: _632_ (recovery check against rising-edge clock core)
Path Group: asynchronous
Path Type: max

Fanout         Cap        Slew       Delay        Time   Description
---------------------------------------------------------------------------------------------
                      0.000000    0.000000    0.000000   clock core (rise edge)
                                  0.000000    0.000000   clock network delay (ideal)
                                  2.000000    2.000000 ^ input external delay
    98    0.646447    0.000000    0.000000    2.000000 ^ rst_ni (in)
                                                         rst_ni (net)
                      0.000000    0.000000    2.000000 ^ _632_/RESET_B (sg13g2_dfrbpq_1)
                                              2.000000   data arrival time

                      0.000000   10.000000   10.000000   clock core (rise edge)
                                  0.000000   10.000000   clock network delay (ideal)
                                  0.000000   10.000000   clock reconvergence pessimism
                                             10.000000 ^ _632_/CLK (sg13g2_dfrbpq_1)
                                 -0.049212    9.950788   library recovery time
                                              9.950788   data required time
---------------------------------------------------------------------------------------------
                                              9.950788   data required time
                                             -2.000000   data arrival time
---------------------------------------------------------------------------------------------
                                              7.950788   slack (MET)

Hotspot 16: instance=_639_ selected_worst_paths=none internal=1.12827e-05 switching=1.31022e-08 dynamic=1.12958e-05 leakage=4.57741e-09 total=1.13004e-05
Worst path through hotspot: status=met slack=7.95079 type=max group=asynchronous
startpoint=rst_ni (input port clocked by core)
endpoint=_639_ (recovery check against rising-edge clock core)
path_power_complete=true
path_average_power_sum internal=1.12827e-05 switching=1.31022e-08 dynamic=1.12958e-05 leakage=4.57741e-09 total=1.13004e-05
stage instance cell pins fanout capacitance slew delay arrival internal switching dynamic leakage total
1 _639_ sg13g2_dfrbpq_1 RESET_B - - 0 0 2 1.12827e-05 1.31022e-08 1.12958e-05 4.57741e-09 1.13004e-05
OpenSTA targeted timing report:
Startpoint: rst_ni (input port clocked by core)
Endpoint: _639_ (recovery check against rising-edge clock core)
Path Group: asynchronous
Path Type: max

Fanout         Cap        Slew       Delay        Time   Description
---------------------------------------------------------------------------------------------
                      0.000000    0.000000    0.000000   clock core (rise edge)
                                  0.000000    0.000000   clock network delay (ideal)
                                  2.000000    2.000000 ^ input external delay
    98    0.646447    0.000000    0.000000    2.000000 ^ rst_ni (in)
                                                         rst_ni (net)
                      0.000000    0.000000    2.000000 ^ _639_/RESET_B (sg13g2_dfrbpq_1)
                                              2.000000   data arrival time

                      0.000000   10.000000   10.000000   clock core (rise edge)
                                  0.000000   10.000000   clock network delay (ideal)
                                  0.000000   10.000000   clock reconvergence pessimism
                                             10.000000 ^ _639_/CLK (sg13g2_dfrbpq_1)
                                 -0.049212    9.950788   library recovery time
                                              9.950788   data required time
---------------------------------------------------------------------------------------------
                                              9.950788   data required time
                                             -2.000000   data arrival time
---------------------------------------------------------------------------------------------
                                              7.950788   slack (MET)

Hotspot 17: instance=_613_ selected_worst_paths=none internal=1.12032e-05 switching=2.79884e-08 dynamic=1.12312e-05 leakage=4.57946e-09 total=1.12358e-05
Worst path through hotspot: status=met slack=7.76032 type=max group=core
startpoint=_613_ (rising edge-triggered flip-flop clocked by core)
endpoint=intr_gpio_o[0] (output port clocked by core)
path_power_complete=true
path_average_power_sum internal=1.12569e-05 switching=6.86157e-08 dynamic=1.13255e-05 leakage=1.01657e-08 total=1.13357e-05
stage instance cell pins fanout capacitance slew delay arrival internal switching dynamic leakage total
1 _613_ sg13g2_dfrbpq_1 CLK,Q 4 0.015481 0.02911 0.088765 0.088765 1.12032e-05 2.79884e-08 1.12312e-05 4.57946e-09 1.12358e-05
2 _273_ sg13g2_mux2_1 A0,X 3 0.009061 0.026252 0.062143 0.150908 3.32266e-08 2.66322e-08 5.98588e-08 2.21057e-09 6.20694e-08
3 _278_ sg13g2_nor3_1 C,Y 1 0.004623 0.048515 0.043282 0.19419 9.9508e-09 1.15817e-08 2.15325e-08 9.95647e-10 2.25282e-08
4 _279_ sg13g2_a21oi_1 B1,Y 1 0.002764 0.023891 0.018323 0.212513 3.68392e-09 2.41334e-09 6.09726e-09 1.49682e-09 7.59408e-09
5 _707_ sg13g2_buf_1 A,X 1 0 0.006227 0.027162 0.239675 6.78988e-09 0 6.78988e-09 8.8319e-10 7.67307e-09
OpenSTA targeted timing report:
Startpoint: _613_ (rising edge-triggered flip-flop clocked by core)
Endpoint: intr_gpio_o[0] (output port clocked by core)
Path Group: core
Path Type: max

Fanout         Cap        Slew       Delay        Time   Description
---------------------------------------------------------------------------------------------
                      0.000000    0.000000    0.000000   clock core (rise edge)
                                  0.000000    0.000000   clock network delay (ideal)
                      0.000000    0.000000    0.000000 ^ _613_/CLK (sg13g2_dfrbpq_1)
     4    0.015481    0.029110    0.088765    0.088765 v _613_/Q (sg13g2_dfrbpq_1)
                                                         u_gpio_core.gen_input_filter[0].u_filter.filter_synced (net)
                      0.029110    0.000000    0.088765 v _273_/A0 (sg13g2_mux2_1)
     3    0.009061    0.026252    0.062143    0.150908 v _273_/X (sg13g2_mux2_1)
                                                         hw2reg[9] (net)
                      0.026252    0.000000    0.150908 v _278_/C (sg13g2_nor3_1)
     1    0.004623    0.048515    0.043282    0.194190 ^ _278_/Y (sg13g2_nor3_1)
                                                         _080_ (net)
                      0.048515    0.000000    0.194190 ^ _279_/B1 (sg13g2_a21oi_1)
     1    0.002764    0.023891    0.018323    0.212513 v _279_/Y (sg13g2_a21oi_1)
                                                         u_gpio_core.intr_gpio_o[0] (net)
                      0.023891    0.000000    0.212513 v _707_/A (sg13g2_buf_1)
     1    0.000000    0.006227    0.027162    0.239675 v _707_/X (sg13g2_buf_1)
                                                         intr_gpio_o[0] (net)
                      0.006227    0.000000    0.239675 v intr_gpio_o[0] (out)
                                              0.239675   data arrival time

                      0.000000   10.000000   10.000000   clock core (rise edge)
                                  0.000000   10.000000   clock network delay (ideal)
                                  0.000000   10.000000   clock reconvergence pessimism
                                 -2.000000    8.000000   output external delay
                                              8.000000   data required time
---------------------------------------------------------------------------------------------
                                              8.000000   data required time
                                             -0.239675   data arrival time
---------------------------------------------------------------------------------------------
                                              7.760325   slack (MET)

Hotspot 18: instance=_620_ selected_worst_paths=none internal=1.12032e-05 switching=2.79884e-08 dynamic=1.12312e-05 leakage=4.57946e-09 total=1.12358e-05
Worst path through hotspot: status=met slack=7.76032 type=max group=core
startpoint=_620_ (rising edge-triggered flip-flop clocked by core)
endpoint=intr_gpio_o[1] (output port clocked by core)
path_power_complete=true
path_average_power_sum internal=1.12569e-05 switching=6.86157e-08 dynamic=1.13255e-05 leakage=1.01657e-08 total=1.13357e-05
stage instance cell pins fanout capacitance slew delay arrival internal switching dynamic leakage total
1 _620_ sg13g2_dfrbpq_1 CLK,Q 4 0.015481 0.02911 0.088765 0.088765 1.12032e-05 2.79884e-08 1.12312e-05 4.57946e-09 1.12358e-05
2 _266_ sg13g2_mux2_1 A0,X 3 0.009061 0.026252 0.062143 0.150908 3.32266e-08 2.66322e-08 5.98588e-08 2.21057e-09 6.20694e-08
3 _271_ sg13g2_nor3_1 C,Y 1 0.004623 0.048515 0.043282 0.19419 9.95089e-09 1.15817e-08 2.15326e-08 9.95647e-10 2.25282e-08
4 _272_ sg13g2_a21oi_1 B1,Y 1 0.002764 0.023891 0.018323 0.212513 3.68387e-09 2.41334e-09 6.09721e-09 1.49682e-09 7.59402e-09
5 _708_ sg13g2_buf_1 A,X 1 0 0.006227 0.027162 0.239675 6.78961e-09 0 6.78961e-09 8.8319e-10 7.6728e-09
OpenSTA targeted timing report:
Startpoint: _620_ (rising edge-triggered flip-flop clocked by core)
Endpoint: intr_gpio_o[1] (output port clocked by core)
Path Group: core
Path Type: max

Fanout         Cap        Slew       Delay        Time   Description
---------------------------------------------------------------------------------------------
                      0.000000    0.000000    0.000000   clock core (rise edge)
                                  0.000000    0.000000   clock network delay (ideal)
                      0.000000    0.000000    0.000000 ^ _620_/CLK (sg13g2_dfrbpq_1)
     4    0.015481    0.029110    0.088765    0.088765 v _620_/Q (sg13g2_dfrbpq_1)
                                                         u_gpio_core.gen_input_filter[1].u_filter.filter_synced (net)
                      0.029110    0.000000    0.088765 v _266_/A0 (sg13g2_mux2_1)
     3    0.009061    0.026252    0.062143    0.150908 v _266_/X (sg13g2_mux2_1)
                                                         hw2reg[10] (net)
                      0.026252    0.000000    0.150908 v _271_/C (sg13g2_nor3_1)
     1    0.004623    0.048515    0.043282    0.194190 ^ _271_/Y (sg13g2_nor3_1)
                                                         _075_ (net)
                      0.048515    0.000000    0.194190 ^ _272_/B1 (sg13g2_a21oi_1)
     1    0.002764    0.023891    0.018323    0.212513 v _272_/Y (sg13g2_a21oi_1)
                                                         u_gpio_core.intr_gpio_o[1] (net)
                      0.023891    0.000000    0.212513 v _708_/A (sg13g2_buf_1)
     1    0.000000    0.006227    0.027162    0.239675 v _708_/X (sg13g2_buf_1)
                                                         intr_gpio_o[1] (net)
                      0.006227    0.000000    0.239675 v intr_gpio_o[1] (out)
                                              0.239675   data arrival time

                      0.000000   10.000000   10.000000   clock core (rise edge)
                                  0.000000   10.000000   clock network delay (ideal)
                                  0.000000   10.000000   clock reconvergence pessimism
                                 -2.000000    8.000000   output external delay
                                              8.000000   data required time
---------------------------------------------------------------------------------------------
                                              8.000000   data required time
                                             -0.239675   data arrival time
---------------------------------------------------------------------------------------------
                                              7.760325   slack (MET)

Hotspot 19: instance=_612_ selected_worst_paths=none internal=1.12175e-05 switching=3.1751e-09 dynamic=1.12206e-05 leakage=4.5786e-09 total=1.12252e-05
Worst path through hotspot: status=met slack=7.95079 type=max group=asynchronous
startpoint=rst_ni (input port clocked by core)
endpoint=_612_ (recovery check against rising-edge clock core)
path_power_complete=true
path_average_power_sum internal=1.12175e-05 switching=3.1751e-09 dynamic=1.12206e-05 leakage=4.5786e-09 total=1.12252e-05
stage instance cell pins fanout capacitance slew delay arrival internal switching dynamic leakage total
1 _612_ sg13g2_dfrbpq_1 RESET_B - - 0 0 2 1.12175e-05 3.1751e-09 1.12206e-05 4.5786e-09 1.12252e-05
OpenSTA targeted timing report:
Startpoint: rst_ni (input port clocked by core)
Endpoint: _612_ (recovery check against rising-edge clock core)
Path Group: asynchronous
Path Type: max

Fanout         Cap        Slew       Delay        Time   Description
---------------------------------------------------------------------------------------------
                      0.000000    0.000000    0.000000   clock core (rise edge)
                                  0.000000    0.000000   clock network delay (ideal)
                                  2.000000    2.000000 ^ input external delay
    98    0.646447    0.000000    0.000000    2.000000 ^ rst_ni (in)
                                                         rst_ni (net)
                      0.000000    0.000000    2.000000 ^ _612_/RESET_B (sg13g2_dfrbpq_1)
                                              2.000000   data arrival time

                      0.000000   10.000000   10.000000   clock core (rise edge)
                                  0.000000   10.000000   clock network delay (ideal)
                                  0.000000   10.000000   clock reconvergence pessimism
                                             10.000000 ^ _612_/CLK (sg13g2_dfrbpq_1)
                                 -0.049212    9.950788   library recovery time
                                              9.950788   data required time
---------------------------------------------------------------------------------------------
                                              9.950788   data required time
                                             -2.000000   data arrival time
---------------------------------------------------------------------------------------------
                                              7.950788   slack (MET)

Hotspot 20: instance=_619_ selected_worst_paths=none internal=1.12175e-05 switching=3.1751e-09 dynamic=1.12206e-05 leakage=4.5786e-09 total=1.12252e-05
Worst path through hotspot: status=met slack=7.95079 type=max group=asynchronous
startpoint=rst_ni (input port clocked by core)
endpoint=_619_ (recovery check against rising-edge clock core)
path_power_complete=true
path_average_power_sum internal=1.12175e-05 switching=3.1751e-09 dynamic=1.12206e-05 leakage=4.5786e-09 total=1.12252e-05
stage instance cell pins fanout capacitance slew delay arrival internal switching dynamic leakage total
1 _619_ sg13g2_dfrbpq_1 RESET_B - - 0 0 2 1.12175e-05 3.1751e-09 1.12206e-05 4.5786e-09 1.12252e-05
OpenSTA targeted timing report:
Startpoint: rst_ni (input port clocked by core)
Endpoint: _619_ (recovery check against rising-edge clock core)
Path Group: asynchronous
Path Type: max

Fanout         Cap        Slew       Delay        Time   Description
---------------------------------------------------------------------------------------------
                      0.000000    0.000000    0.000000   clock core (rise edge)
                                  0.000000    0.000000   clock network delay (ideal)
                                  2.000000    2.000000 ^ input external delay
    98    0.646447    0.000000    0.000000    2.000000 ^ rst_ni (in)
                                                         rst_ni (net)
                      0.000000    0.000000    2.000000 ^ _619_/RESET_B (sg13g2_dfrbpq_1)
                                              2.000000   data arrival time

                      0.000000   10.000000   10.000000   clock core (rise edge)
                                  0.000000   10.000000   clock network delay (ideal)
                                  0.000000   10.000000   clock reconvergence pessimism
                                             10.000000 ^ _619_/CLK (sg13g2_dfrbpq_1)
                                 -0.049212    9.950788   library recovery time
                                              9.950788   data required time
---------------------------------------------------------------------------------------------
                                              9.950788   data required time
                                             -2.000000   data arrival time
---------------------------------------------------------------------------------------------
                                              7.950788   slack (MET)
