analysis=fusion_analysis corner=tt mode=setup stage=post_syn
workload=smoke_sv_tt
methodology=staged_public_opensta
path_power_semantics=average_instance_power_in_same_analysis_context
activity_file=/tmp/flexsoc-ip-v1-release-20260914/gpio-axi_lite/runs/gpio/release/signoff/ihp-sg13g2/power/activity/captures/gpio_ihp-sg13g2_smoke_sv_tt.vcd
activity_scope=gpio_tb/u_gpio
liberty=/home/eneadim/github/flexsoc/.flexsoc/pdks/ihp-sg13g2/ihp-sg13g2/libs.ref/sg13g2_stdcell/lib/sg13g2_stdcell_typ_1p50V_25C.lib
netlist=/tmp/flexsoc-ip-v1-release-20260914/gpio-axi_lite/runs/gpio/release/syn/ihp-sg13g2/gpio_synth.v
sdc=/tmp/flexsoc-ip-v1-release-20260914/gpio-axi_lite/runs/gpio/release/constraints/gpio.sdc
spef=

=== Units ===
 time 1ns
 capacitance 1pF
 resistance 1kohm
 voltage 1v
 current 1uA
 power 1pW
 distance 1um

=== Constraint validation ===

=== Timing summary ===
wns max 0.00
tns max 0.00

=== Activity annotation ===
annotated_percent=100.00%
Unannotated pins: none

=== Power summary ===
Group                  Internal  Switching    Leakage      Total
                          Power      Power      Power      Power (Watts)
----------------------------------------------------------------
Sequential             1.87e-03   3.86e-06   3.20e-07   1.88e-03  96.5%
Combinational          3.38e-05   3.31e-05   3.56e-07   6.72e-05   3.5%
Clock                  0.00e+00   0.00e+00   0.00e+00   0.00e+00   0.0%
Macro                  0.00e+00   0.00e+00   0.00e+00   0.00e+00   0.0%
Pad                    0.00e+00   0.00e+00   0.00e+00   0.00e+00   0.0%
----------------------------------------------------------------
Total                  1.91e-03   3.69e-05   6.75e-07   1.95e-03 100.0%
                          98.1%       1.9%       0.0%

=== Worst timing paths (violated or met) ===
Startpoint: axi_lite_i[10] (input port clocked by core)
Endpoint: axi_lite_o[39] (output port clocked by core)
Path Group: core
Path Type: max

Fanout         Cap        Slew       Delay        Time   Description
---------------------------------------------------------------------------------------------
                      0.000000    0.050000    0.050000   clock core (rise edge)
                                  0.050000    0.100000   clock network delay (ideal)
                                  2.000000    2.100000 ^ input external delay
     1    0.003664    0.000366    0.000366    2.100366 ^ axi_lite_i[10] (in)
                                                         axi_lite_i[10] (net)
                      0.000366    0.000000    2.100366 ^ _0788_/B (sg13g2_nand2_1)
     1    0.003203    0.019298    0.027390    2.127756 v _0788_/Y (sg13g2_nand2_1)
                                                         _0469_ (net)
                      0.019298    0.000000    2.127756 v _0789_/B1 (sg13g2_a21oi_1)
     1    0.004244    0.047919    0.045669    2.173425 ^ _0789_/Y (sg13g2_a21oi_1)
                                                         u_gpio_reg_axi_lite_o_39_ (net)
                      0.047919    0.000000    2.173425 ^ gain41/A (sg13g2_buf_4)
     7    0.028971    0.034298    0.078305    2.251730 ^ gain41/X (sg13g2_buf_4)
                                                         net40 (net)
                      0.034298    0.000000    2.251730 ^ _1544_/A (sg13g2_buf_1)
     1    0.010000    0.037471    0.058594    2.310324 ^ _1544_/X (sg13g2_buf_1)
                                                         axi_lite_o[39] (net)
                      0.037471    0.000000    2.310324 ^ axi_lite_o[39] (out)
                                              2.310324   data arrival time

                      0.000000   10.050000   10.050000   clock core (rise edge)
                                  0.050000   10.100000   clock network delay (ideal)
                                 -0.025000   10.075001   clock uncertainty
                                  0.000000   10.075001   clock reconvergence pessimism
                                 -2.000000    8.075001   output external delay
                                              8.075001   data required time
---------------------------------------------------------------------------------------------
                                              8.075001   data required time
                                             -2.310324   data arrival time
---------------------------------------------------------------------------------------------
                                              5.764677   slack (MET)


Startpoint: axi_lite_i[10] (input port clocked by core)
Endpoint: axi_lite_o[40] (output port clocked by core)
Path Group: core
Path Type: max

Fanout         Cap        Slew       Delay        Time   Description
---------------------------------------------------------------------------------------------
                      0.000000    0.050000    0.050000   clock core (rise edge)
                                  0.050000    0.100000   clock network delay (ideal)
                                  2.000000    2.100000 ^ input external delay
     1    0.003664    0.000366    0.000366    2.100366 ^ axi_lite_i[10] (in)
                                                         axi_lite_i[10] (net)
                      0.000366    0.000000    2.100366 ^ _0788_/B (sg13g2_nand2_1)
     1    0.003203    0.019298    0.027390    2.127756 v _0788_/Y (sg13g2_nand2_1)
                                                         _0469_ (net)
                      0.019298    0.000000    2.127756 v _0789_/B1 (sg13g2_a21oi_1)
     1    0.004244    0.047919    0.045669    2.173425 ^ _0789_/Y (sg13g2_a21oi_1)
                                                         u_gpio_reg_axi_lite_o_39_ (net)
                      0.047919    0.000000    2.173425 ^ gain41/A (sg13g2_buf_4)
     7    0.028971    0.034298    0.078305    2.251730 ^ gain41/X (sg13g2_buf_4)
                                                         net40 (net)
                      0.034298    0.000000    2.251730 ^ _1545_/A (sg13g2_buf_1)
     1    0.010000    0.037471    0.058594    2.310324 ^ _1545_/X (sg13g2_buf_1)
                                                         axi_lite_o[40] (net)
                      0.037471    0.000000    2.310324 ^ axi_lite_o[40] (out)
                                              2.310324   data arrival time

                      0.000000   10.050000   10.050000   clock core (rise edge)
                                  0.050000   10.100000   clock network delay (ideal)
                                 -0.025000   10.075001   clock uncertainty
                                  0.000000   10.075001   clock reconvergence pessimism
                                 -2.000000    8.075001   output external delay
                                              8.075001   data required time
---------------------------------------------------------------------------------------------
                                              8.075001   data required time
                                             -2.310324   data arrival time
---------------------------------------------------------------------------------------------
                                              5.764677   slack (MET)


Startpoint: axi_lite_i[10] (input port clocked by core)
Endpoint: _1397_ (rising edge-triggered flip-flop clocked by core)
Path Group: core
Path Type: max

Fanout         Cap        Slew       Delay        Time   Description
---------------------------------------------------------------------------------------------
                      0.000000    0.050000    0.050000   clock core (rise edge)
                                  0.050000    0.100000   clock network delay (ideal)
                                  2.000000    2.100000 v input external delay
     1    0.003365    0.000337    0.000337    2.100337 v axi_lite_i[10] (in)
                                                         axi_lite_i[10] (net)
                      0.000337    0.000000    2.100337 v _0788_/B (sg13g2_nand2_1)
     1    0.004029    0.019747    0.021791    2.122127 ^ _0788_/Y (sg13g2_nand2_1)
                                                         _0469_ (net)
                      0.019747    0.000000    2.122127 ^ _0789_/B1 (sg13g2_a21oi_1)
     1    0.004205    0.036214    0.022277    2.144404 v _0789_/Y (sg13g2_a21oi_1)
                                                         u_gpio_reg_axi_lite_o_39_ (net)
                      0.036214    0.000000    2.144404 v gain41/A (sg13g2_buf_4)
     7    0.028603    0.026639    0.063828    2.208231 v gain41/X (sg13g2_buf_4)
                                                         net40 (net)
                      0.026639    0.000000    2.208231 v _0794_/A (sg13g2_nand2_1)
     1    0.002663    0.019958    0.021685    2.229916 ^ _0794_/Y (sg13g2_nand2_1)
                                                         _0473_ (net)
                      0.019958    0.000000    2.229916 ^ _0795_/A (sg13g2_buf_1)
     1    0.002663    0.015922    0.039512    2.269428 ^ _0795_/X (sg13g2_buf_1)
                                                         _0474_ (net)
                      0.015922    0.000000    2.269428 ^ gain39/A (sg13g2_buf_1)
     6    0.023388    0.075648    0.081744    2.351172 ^ gain39/X (sg13g2_buf_1)
                                                         net38 (net)
                      0.075648    0.000000    2.351172 ^ _0796_/A (sg13g2_buf_1)
     4    0.019021    0.063726    0.088427    2.439600 ^ _0796_/X (sg13g2_buf_1)
                                                         _0475_ (net)
                      0.063726    0.000000    2.439600 ^ gain34/A (sg13g2_buf_4)
     8    0.034312    0.038484    0.087465    2.527064 ^ gain34/X (sg13g2_buf_4)
                                                         net33 (net)
                      0.038484    0.000000    2.527064 ^ _0798_/S (sg13g2_mux2_1)
     1    0.001756    0.021796    0.101651    2.628716 v _0798_/X (sg13g2_mux2_1)
                                                         _0019_ (net)
                      0.021796    0.000000    2.628716 v _1397_/D (sg13g2_dfrbpq_1)
                                              2.628716   data arrival time

                      0.000000   10.050000   10.050000   clock core (rise edge)
                                  0.050000   10.100000   clock network delay (ideal)
                                 -0.025000   10.075001   clock uncertainty
                                  0.000000   10.075001   clock reconvergence pessimism
                                             10.075001 ^ _1397_/CLK (sg13g2_dfrbpq_1)
                                 -0.071823   10.003178   library setup time
                                             10.003178   data required time
---------------------------------------------------------------------------------------------
                                             10.003178   data required time
                                             -2.628716   data arrival time
---------------------------------------------------------------------------------------------
                                              7.374461   slack (MET)


Startpoint: axi_lite_i[10] (input port clocked by core)
Endpoint: _1398_ (rising edge-triggered flip-flop clocked by core)
Path Group: core
Path Type: max

Fanout         Cap        Slew       Delay        Time   Description
---------------------------------------------------------------------------------------------
                      0.000000    0.050000    0.050000   clock core (rise edge)
                                  0.050000    0.100000   clock network delay (ideal)
                                  2.000000    2.100000 v input external delay
     1    0.003365    0.000337    0.000337    2.100337 v axi_lite_i[10] (in)
                                                         axi_lite_i[10] (net)
                      0.000337    0.000000    2.100337 v _0788_/B (sg13g2_nand2_1)
     1    0.004029    0.019747    0.021791    2.122127 ^ _0788_/Y (sg13g2_nand2_1)
                                                         _0469_ (net)
                      0.019747    0.000000    2.122127 ^ _0789_/B1 (sg13g2_a21oi_1)
     1    0.004205    0.036214    0.022277    2.144404 v _0789_/Y (sg13g2_a21oi_1)
                                                         u_gpio_reg_axi_lite_o_39_ (net)
                      0.036214    0.000000    2.144404 v gain41/A (sg13g2_buf_4)
     7    0.028603    0.026639    0.063828    2.208231 v gain41/X (sg13g2_buf_4)
                                                         net40 (net)
                      0.026639    0.000000    2.208231 v _0794_/A (sg13g2_nand2_1)
     1    0.002663    0.019958    0.021685    2.229916 ^ _0794_/Y (sg13g2_nand2_1)
                                                         _0473_ (net)
                      0.019958    0.000000    2.229916 ^ _0795_/A (sg13g2_buf_1)
     1    0.002663    0.015922    0.039512    2.269428 ^ _0795_/X (sg13g2_buf_1)
                                                         _0474_ (net)
                      0.015922    0.000000    2.269428 ^ gain39/A (sg13g2_buf_1)
     6    0.023388    0.075648    0.081744    2.351172 ^ gain39/X (sg13g2_buf_1)
                                                         net38 (net)
                      0.075648    0.000000    2.351172 ^ _0796_/A (sg13g2_buf_1)
     4    0.019021    0.063726    0.088427    2.439600 ^ _0796_/X (sg13g2_buf_1)
                                                         _0475_ (net)
                      0.063726    0.000000    2.439600 ^ gain34/A (sg13g2_buf_4)
     8    0.034312    0.038484    0.087465    2.527064 ^ gain34/X (sg13g2_buf_4)
                                                         net33 (net)
                      0.038484    0.000000    2.527064 ^ _0797_/S (sg13g2_mux2_1)
     1    0.001756    0.021823    0.101651    2.628716 v _0797_/X (sg13g2_mux2_1)
                                                         _0018_ (net)
                      0.021823    0.000000    2.628716 v _1398_/D (sg13g2_dfrbpq_1)
                                              2.628716   data arrival time

                      0.000000   10.050000   10.050000   clock core (rise edge)
                                  0.050000   10.100000   clock network delay (ideal)
                                 -0.025000   10.075001   clock uncertainty
                                  0.000000   10.075001   clock reconvergence pessimism
                                             10.075001 ^ _1398_/CLK (sg13g2_dfrbpq_1)
                                 -0.071830   10.003171   library setup time
                                             10.003171   data required time
---------------------------------------------------------------------------------------------
                                             10.003171   data required time
                                             -2.628716   data arrival time
---------------------------------------------------------------------------------------------
                                              7.374455   slack (MET)


Startpoint: axi_lite_i[10] (input port clocked by core)
Endpoint: _1271_ (rising edge-triggered flip-flop clocked by core)
Path Group: core
Path Type: max

Fanout         Cap        Slew       Delay        Time   Description
---------------------------------------------------------------------------------------------
                      0.000000    0.050000    0.050000   clock core (rise edge)
                                  0.050000    0.100000   clock network delay (ideal)
                                  2.000000    2.100000 ^ input external delay
     1    0.003664    0.000366    0.000366    2.100366 ^ axi_lite_i[10] (in)
                                                         axi_lite_i[10] (net)
                      0.000366    0.000000    2.100366 ^ _0788_/B (sg13g2_nand2_1)
     1    0.003203    0.019298    0.027390    2.127756 v _0788_/Y (sg13g2_nand2_1)
                                                         _0469_ (net)
                      0.019298    0.000000    2.127756 v _0789_/B1 (sg13g2_a21oi_1)
     1    0.004244    0.047919    0.045669    2.173425 ^ _0789_/Y (sg13g2_a21oi_1)
                                                         u_gpio_reg_axi_lite_o_39_ (net)
                      0.047919    0.000000    2.173425 ^ gain41/A (sg13g2_buf_4)
     7    0.028971    0.034298    0.078305    2.251730 ^ gain41/X (sg13g2_buf_4)
                                                         net40 (net)
                      0.034298    0.000000    2.251730 ^ _0794_/A (sg13g2_nand2_1)
     1    0.002550    0.022612    0.028679    2.280409 v _0794_/Y (sg13g2_nand2_1)
                                                         _0473_ (net)
                      0.022612    0.000000    2.280409 v _0795_/A (sg13g2_buf_1)
     1    0.002550    0.013662    0.041203    2.321612 v _0795_/X (sg13g2_buf_1)
                                                         _0474_ (net)
                      0.013662    0.000000    2.321612 v gain39/A (sg13g2_buf_1)
     6    0.020362    0.050540    0.070423    2.392035 v gain39/X (sg13g2_buf_1)
                                                         net38 (net)
                      0.050540    0.000000    2.392035 v _0796_/A (sg13g2_buf_1)
     4    0.018792    0.047994    0.078511    2.470546 v _0796_/X (sg13g2_buf_1)
                                                         _0475_ (net)
                      0.047994    0.000000    2.470546 v gain34/A (sg13g2_buf_4)
     8    0.033250    0.029456    0.070239    2.540785 v gain34/X (sg13g2_buf_4)
                                                         net33 (net)
                      0.029456    0.000000    2.540785 v _1227_/A2 (sg13g2_a21oi_1)
     1    0.001767    0.032875    0.044837    2.585622 ^ _1227_/Y (sg13g2_a21oi_1)
                                                         _0165_ (net)
                      0.032875    0.000000    2.585622 ^ _1271_/D (sg13g2_dfrbpq_1)
                                              2.585622   data arrival time

                      0.000000   10.050000   10.050000   clock core (rise edge)
                                  0.050000   10.100000   clock network delay (ideal)
                                 -0.025000   10.075001   clock uncertainty
                                  0.000000   10.075001   clock reconvergence pessimism
                                             10.075001 ^ _1271_/CLK (sg13g2_dfrbpq_1)
                                 -0.072714   10.002287   library setup time
                                             10.002287   data required time
---------------------------------------------------------------------------------------------
                                             10.002287   data required time
                                             -2.585622   data arrival time
---------------------------------------------------------------------------------------------
                                              7.416665   slack (MET)


Startpoint: axi_lite_i[10] (input port clocked by core)
Endpoint: _1375_ (rising edge-triggered flip-flop clocked by core)
Path Group: core
Path Type: max

Fanout         Cap        Slew       Delay        Time   Description
---------------------------------------------------------------------------------------------
                      0.000000    0.050000    0.050000   clock core (rise edge)
                                  0.050000    0.100000   clock network delay (ideal)
                                  2.000000    2.100000 ^ input external delay
     1    0.003664    0.000366    0.000366    2.100366 ^ axi_lite_i[10] (in)
                                                         axi_lite_i[10] (net)
                      0.000366    0.000000    2.100366 ^ _0788_/B (sg13g2_nand2_1)
     1    0.003203    0.019298    0.027390    2.127756 v _0788_/Y (sg13g2_nand2_1)
                                                         _0469_ (net)
                      0.019298    0.000000    2.127756 v _0789_/B1 (sg13g2_a21oi_1)
     1    0.004244    0.047919    0.045669    2.173425 ^ _0789_/Y (sg13g2_a21oi_1)
                                                         u_gpio_reg_axi_lite_o_39_ (net)
                      0.047919    0.000000    2.173425 ^ gain41/A (sg13g2_buf_4)
     7    0.028971    0.034298    0.078305    2.251730 ^ gain41/X (sg13g2_buf_4)
                                                         net40 (net)
                      0.034298    0.000000    2.251730 ^ _0794_/A (sg13g2_nand2_1)
     1    0.002550    0.022612    0.028679    2.280409 v _0794_/Y (sg13g2_nand2_1)
                                                         _0473_ (net)
                      0.022612    0.000000    2.280409 v _0795_/A (sg13g2_buf_1)
     1    0.002550    0.013662    0.041203    2.321612 v _0795_/X (sg13g2_buf_1)
                                                         _0474_ (net)
                      0.013662    0.000000    2.321612 v gain39/A (sg13g2_buf_1)
     6    0.020362    0.050540    0.070423    2.392035 v gain39/X (sg13g2_buf_1)
                                                         net38 (net)
                      0.050540    0.000000    2.392035 v _0796_/A (sg13g2_buf_1)
     4    0.018792    0.047994    0.078511    2.470546 v _0796_/X (sg13g2_buf_1)
                                                         _0475_ (net)
                      0.047994    0.000000    2.470546 v gain34/A (sg13g2_buf_4)
     8    0.033250    0.029456    0.070239    2.540785 v gain34/X (sg13g2_buf_4)
                                                         net33 (net)
                      0.029456    0.000000    2.540785 v _0847_/A2 (sg13g2_a21oi_1)
     1    0.001767    0.032875    0.044837    2.585622 ^ _0847_/Y (sg13g2_a21oi_1)
                                                         _0041_ (net)
                      0.032875    0.000000    2.585622 ^ _1375_/D (sg13g2_dfrbpq_1)
                                              2.585622   data arrival time

                      0.000000   10.050000   10.050000   clock core (rise edge)
                                  0.050000   10.100000   clock network delay (ideal)
                                 -0.025000   10.075001   clock uncertainty
                                  0.000000   10.075001   clock reconvergence pessimism
                                             10.075001 ^ _1375_/CLK (sg13g2_dfrbpq_1)
                                 -0.072714   10.002287   library setup time
                                             10.002287   data required time
---------------------------------------------------------------------------------------------
                                             10.002287   data required time
                                             -2.585622   data arrival time
---------------------------------------------------------------------------------------------
                                              7.416665   slack (MET)


Startpoint: axi_lite_i[10] (input port clocked by core)
Endpoint: _1376_ (rising edge-triggered flip-flop clocked by core)
Path Group: core
Path Type: max

Fanout         Cap        Slew       Delay        Time   Description
---------------------------------------------------------------------------------------------
                      0.000000    0.050000    0.050000   clock core (rise edge)
                                  0.050000    0.100000   clock network delay (ideal)
                                  2.000000    2.100000 ^ input external delay
     1    0.003664    0.000366    0.000366    2.100366 ^ axi_lite_i[10] (in)
                                                         axi_lite_i[10] (net)
                      0.000366    0.000000    2.100366 ^ _0788_/B (sg13g2_nand2_1)
     1    0.003203    0.019298    0.027390    2.127756 v _0788_/Y (sg13g2_nand2_1)
                                                         _0469_ (net)
                      0.019298    0.000000    2.127756 v _0789_/B1 (sg13g2_a21oi_1)
     1    0.004244    0.047919    0.045669    2.173425 ^ _0789_/Y (sg13g2_a21oi_1)
                                                         u_gpio_reg_axi_lite_o_39_ (net)
                      0.047919    0.000000    2.173425 ^ gain41/A (sg13g2_buf_4)
     7    0.028971    0.034298    0.078305    2.251730 ^ gain41/X (sg13g2_buf_4)
                                                         net40 (net)
                      0.034298    0.000000    2.251730 ^ _0794_/A (sg13g2_nand2_1)
     1    0.002550    0.022612    0.028679    2.280409 v _0794_/Y (sg13g2_nand2_1)
                                                         _0473_ (net)
                      0.022612    0.000000    2.280409 v _0795_/A (sg13g2_buf_1)
     1    0.002550    0.013662    0.041203    2.321612 v _0795_/X (sg13g2_buf_1)
                                                         _0474_ (net)
                      0.013662    0.000000    2.321612 v gain39/A (sg13g2_buf_1)
     6    0.020362    0.050540    0.070423    2.392035 v gain39/X (sg13g2_buf_1)
                                                         net38 (net)
                      0.050540    0.000000    2.392035 v _0796_/A (sg13g2_buf_1)
     4    0.018792    0.047994    0.078511    2.470546 v _0796_/X (sg13g2_buf_1)
                                                         _0475_ (net)
                      0.047994    0.000000    2.470546 v gain34/A (sg13g2_buf_4)
     8    0.033250    0.029456    0.070239    2.540785 v gain34/X (sg13g2_buf_4)
                                                         net33 (net)
                      0.029456    0.000000    2.540785 v _0845_/A2 (sg13g2_a21oi_1)
     1    0.001767    0.032875    0.044837    2.585622 ^ _0845_/Y (sg13g2_a21oi_1)
                                                         _0040_ (net)
                      0.032875    0.000000    2.585622 ^ _1376_/D (sg13g2_dfrbpq_1)
                                              2.585622   data arrival time

                      0.000000   10.050000   10.050000   clock core (rise edge)
                                  0.050000   10.100000   clock network delay (ideal)
                                 -0.025000   10.075001   clock uncertainty
                                  0.000000   10.075001   clock reconvergence pessimism
                                             10.075001 ^ _1376_/CLK (sg13g2_dfrbpq_1)
                                 -0.072714   10.002287   library setup time
                                             10.002287   data required time
---------------------------------------------------------------------------------------------
                                             10.002287   data required time
                                             -2.585622   data arrival time
---------------------------------------------------------------------------------------------
                                              7.416665   slack (MET)


Startpoint: axi_lite_i[10] (input port clocked by core)
Endpoint: _1377_ (rising edge-triggered flip-flop clocked by core)
Path Group: core
Path Type: max

Fanout         Cap        Slew       Delay        Time   Description
---------------------------------------------------------------------------------------------
                      0.000000    0.050000    0.050000   clock core (rise edge)
                                  0.050000    0.100000   clock network delay (ideal)
                                  2.000000    2.100000 ^ input external delay
     1    0.003664    0.000366    0.000366    2.100366 ^ axi_lite_i[10] (in)
                                                         axi_lite_i[10] (net)
                      0.000366    0.000000    2.100366 ^ _0788_/B (sg13g2_nand2_1)
     1    0.003203    0.019298    0.027390    2.127756 v _0788_/Y (sg13g2_nand2_1)
                                                         _0469_ (net)
                      0.019298    0.000000    2.127756 v _0789_/B1 (sg13g2_a21oi_1)
     1    0.004244    0.047919    0.045669    2.173425 ^ _0789_/Y (sg13g2_a21oi_1)
                                                         u_gpio_reg_axi_lite_o_39_ (net)
                      0.047919    0.000000    2.173425 ^ gain41/A (sg13g2_buf_4)
     7    0.028971    0.034298    0.078305    2.251730 ^ gain41/X (sg13g2_buf_4)
                                                         net40 (net)
                      0.034298    0.000000    2.251730 ^ _0794_/A (sg13g2_nand2_1)
     1    0.002550    0.022612    0.028679    2.280409 v _0794_/Y (sg13g2_nand2_1)
                                                         _0473_ (net)
                      0.022612    0.000000    2.280409 v _0795_/A (sg13g2_buf_1)
     1    0.002550    0.013662    0.041203    2.321612 v _0795_/X (sg13g2_buf_1)
                                                         _0474_ (net)
                      0.013662    0.000000    2.321612 v gain39/A (sg13g2_buf_1)
     6    0.020362    0.050540    0.070423    2.392035 v gain39/X (sg13g2_buf_1)
                                                         net38 (net)
                      0.050540    0.000000    2.392035 v _0796_/A (sg13g2_buf_1)
     4    0.018792    0.047994    0.078511    2.470546 v _0796_/X (sg13g2_buf_1)
                                                         _0475_ (net)
                      0.047994    0.000000    2.470546 v gain34/A (sg13g2_buf_4)
     8    0.033250    0.029456    0.070239    2.540785 v gain34/X (sg13g2_buf_4)
                                                         net33 (net)
                      0.029456    0.000000    2.540785 v _0843_/A2 (sg13g2_a21oi_1)
     1    0.001767    0.032875    0.044837    2.585622 ^ _0843_/Y (sg13g2_a21oi_1)
                                                         _0039_ (net)
                      0.032875    0.000000    2.585622 ^ _1377_/D (sg13g2_dfrbpq_1)
                                              2.585622   data arrival time

                      0.000000   10.050000   10.050000   clock core (rise edge)
                                  0.050000   10.100000   clock network delay (ideal)
                                 -0.025000   10.075001   clock uncertainty
                                  0.000000   10.075001   clock reconvergence pessimism
                                             10.075001 ^ _1377_/CLK (sg13g2_dfrbpq_1)
                                 -0.072714   10.002287   library setup time
                                             10.002287   data required time
---------------------------------------------------------------------------------------------
                                             10.002287   data required time
                                             -2.585622   data arrival time
---------------------------------------------------------------------------------------------
                                              7.416665   slack (MET)


Startpoint: axi_lite_i[10] (input port clocked by core)
Endpoint: _1378_ (rising edge-triggered flip-flop clocked by core)
Path Group: core
Path Type: max

Fanout         Cap        Slew       Delay        Time   Description
---------------------------------------------------------------------------------------------
                      0.000000    0.050000    0.050000   clock core (rise edge)
                                  0.050000    0.100000   clock network delay (ideal)
                                  2.000000    2.100000 ^ input external delay
     1    0.003664    0.000366    0.000366    2.100366 ^ axi_lite_i[10] (in)
                                                         axi_lite_i[10] (net)
                      0.000366    0.000000    2.100366 ^ _0788_/B (sg13g2_nand2_1)
     1    0.003203    0.019298    0.027390    2.127756 v _0788_/Y (sg13g2_nand2_1)
                                                         _0469_ (net)
                      0.019298    0.000000    2.127756 v _0789_/B1 (sg13g2_a21oi_1)
     1    0.004244    0.047919    0.045669    2.173425 ^ _0789_/Y (sg13g2_a21oi_1)
                                                         u_gpio_reg_axi_lite_o_39_ (net)
                      0.047919    0.000000    2.173425 ^ gain41/A (sg13g2_buf_4)
     7    0.028971    0.034298    0.078305    2.251730 ^ gain41/X (sg13g2_buf_4)
                                                         net40 (net)
                      0.034298    0.000000    2.251730 ^ _0794_/A (sg13g2_nand2_1)
     1    0.002550    0.022612    0.028679    2.280409 v _0794_/Y (sg13g2_nand2_1)
                                                         _0473_ (net)
                      0.022612    0.000000    2.280409 v _0795_/A (sg13g2_buf_1)
     1    0.002550    0.013662    0.041203    2.321612 v _0795_/X (sg13g2_buf_1)
                                                         _0474_ (net)
                      0.013662    0.000000    2.321612 v gain39/A (sg13g2_buf_1)
     6    0.020362    0.050540    0.070423    2.392035 v gain39/X (sg13g2_buf_1)
                                                         net38 (net)
                      0.050540    0.000000    2.392035 v _0796_/A (sg13g2_buf_1)
     4    0.018792    0.047994    0.078511    2.470546 v _0796_/X (sg13g2_buf_1)
                                                         _0475_ (net)
                      0.047994    0.000000    2.470546 v gain34/A (sg13g2_buf_4)
     8    0.033250    0.029456    0.070239    2.540785 v gain34/X (sg13g2_buf_4)
                                                         net33 (net)
                      0.029456    0.000000    2.540785 v _0841_/A2 (sg13g2_a21oi_1)
     1    0.001767    0.032875    0.044837    2.585622 ^ _0841_/Y (sg13g2_a21oi_1)
                                                         _0038_ (net)
                      0.032875    0.000000    2.585622 ^ _1378_/D (sg13g2_dfrbpq_1)
                                              2.585622   data arrival time

                      0.000000   10.050000   10.050000   clock core (rise edge)
                                  0.050000   10.100000   clock network delay (ideal)
                                 -0.025000   10.075001   clock uncertainty
                                  0.000000   10.075001   clock reconvergence pessimism
                                             10.075001 ^ _1378_/CLK (sg13g2_dfrbpq_1)
                                 -0.072714   10.002287   library setup time
                                             10.002287   data required time
---------------------------------------------------------------------------------------------
                                             10.002287   data required time
                                             -2.585622   data arrival time
---------------------------------------------------------------------------------------------
                                              7.416665   slack (MET)


Startpoint: axi_lite_i[10] (input port clocked by core)
Endpoint: _1379_ (rising edge-triggered flip-flop clocked by core)
Path Group: core
Path Type: max

Fanout         Cap        Slew       Delay        Time   Description
---------------------------------------------------------------------------------------------
                      0.000000    0.050000    0.050000   clock core (rise edge)
                                  0.050000    0.100000   clock network delay (ideal)
                                  2.000000    2.100000 ^ input external delay
     1    0.003664    0.000366    0.000366    2.100366 ^ axi_lite_i[10] (in)
                                                         axi_lite_i[10] (net)
                      0.000366    0.000000    2.100366 ^ _0788_/B (sg13g2_nand2_1)
     1    0.003203    0.019298    0.027390    2.127756 v _0788_/Y (sg13g2_nand2_1)
                                                         _0469_ (net)
                      0.019298    0.000000    2.127756 v _0789_/B1 (sg13g2_a21oi_1)
     1    0.004244    0.047919    0.045669    2.173425 ^ _0789_/Y (sg13g2_a21oi_1)
                                                         u_gpio_reg_axi_lite_o_39_ (net)
                      0.047919    0.000000    2.173425 ^ gain41/A (sg13g2_buf_4)
     7    0.028971    0.034298    0.078305    2.251730 ^ gain41/X (sg13g2_buf_4)
                                                         net40 (net)
                      0.034298    0.000000    2.251730 ^ _0794_/A (sg13g2_nand2_1)
     1    0.002550    0.022612    0.028679    2.280409 v _0794_/Y (sg13g2_nand2_1)
                                                         _0473_ (net)
                      0.022612    0.000000    2.280409 v _0795_/A (sg13g2_buf_1)
     1    0.002550    0.013662    0.041203    2.321612 v _0795_/X (sg13g2_buf_1)
                                                         _0474_ (net)
                      0.013662    0.000000    2.321612 v gain39/A (sg13g2_buf_1)
     6    0.020362    0.050540    0.070423    2.392035 v gain39/X (sg13g2_buf_1)
                                                         net38 (net)
                      0.050540    0.000000    2.392035 v _0796_/A (sg13g2_buf_1)
     4    0.018792    0.047994    0.078511    2.470546 v _0796_/X (sg13g2_buf_1)
                                                         _0475_ (net)
                      0.047994    0.000000    2.470546 v gain34/A (sg13g2_buf_4)
     8    0.033250    0.029456    0.070239    2.540785 v gain34/X (sg13g2_buf_4)
                                                         net33 (net)
                      0.029456    0.000000    2.540785 v _0839_/A2 (sg13g2_a21oi_1)
     1    0.001767    0.032875    0.044837    2.585622 ^ _0839_/Y (sg13g2_a21oi_1)
                                                         _0037_ (net)
                      0.032875    0.000000    2.585622 ^ _1379_/D (sg13g2_dfrbpq_1)
                                              2.585622   data arrival time

                      0.000000   10.050000   10.050000   clock core (rise edge)
                                  0.050000   10.100000   clock network delay (ideal)
                                 -0.025000   10.075001   clock uncertainty
                                  0.000000   10.075001   clock reconvergence pessimism
                                             10.075001 ^ _1379_/CLK (sg13g2_dfrbpq_1)
                                 -0.072714   10.002287   library setup time
                                             10.002287   data required time
---------------------------------------------------------------------------------------------
                                             10.002287   data required time
                                             -2.585622   data arrival time
---------------------------------------------------------------------------------------------
                                              7.416665   slack (MET)


Startpoint: rst_ni (input port clocked by core)
Endpoint: _1449_ (recovery check against rising-edge clock core)
Path Group: asynchronous
Path Type: max

Fanout         Cap        Slew       Delay        Time   Description
---------------------------------------------------------------------------------------------
                      0.000000    0.050000    0.050000   clock core (rise edge)
                                  0.050000    0.100000   clock network delay (ideal)
                                  2.000000    2.100000 ^ input external delay
     4    0.024726    0.002473    0.002473    2.102473 ^ rst_ni (in)
                                                         rst_ni (net)
                      0.002473    0.000000    2.102473 ^ _1449_/RESET_B (sg13g2_dfrbpq_1)
                                              2.102473   data arrival time

                      0.000000   10.050000   10.050000   clock core (rise edge)
                                  0.050000   10.100000   clock network delay (ideal)
                                 -0.025000   10.075001   clock uncertainty
                                  0.000000   10.075001   clock reconvergence pessimism
                                             10.075001 ^ _1449_/CLK (sg13g2_dfrbpq_1)
                                 -0.071564   10.003437   library recovery time
                                             10.003437   data required time
---------------------------------------------------------------------------------------------
                                             10.003437   data required time
                                             -2.102473   data arrival time
---------------------------------------------------------------------------------------------
                                              7.900965   slack (MET)


Startpoint: rst_ni (input port clocked by core)
Endpoint: _1450_ (recovery check against rising-edge clock core)
Path Group: asynchronous
Path Type: max

Fanout         Cap        Slew       Delay        Time   Description
---------------------------------------------------------------------------------------------
                      0.000000    0.050000    0.050000   clock core (rise edge)
                                  0.050000    0.100000   clock network delay (ideal)
                                  2.000000    2.100000 ^ input external delay
     4    0.024726    0.002473    0.002473    2.102473 ^ rst_ni (in)
                                                         rst_ni (net)
                      0.002473    0.000000    2.102473 ^ _1450_/RESET_B (sg13g2_dfrbpq_1)
                                              2.102473   data arrival time

                      0.000000   10.050000   10.050000   clock core (rise edge)
                                  0.050000   10.100000   clock network delay (ideal)
                                 -0.025000   10.075001   clock uncertainty
                                  0.000000   10.075001   clock reconvergence pessimism
                                             10.075001 ^ _1450_/CLK (sg13g2_dfrbpq_1)
                                 -0.071564   10.003437   library recovery time
                                             10.003437   data required time
---------------------------------------------------------------------------------------------
                                             10.003437   data required time
                                             -2.102473   data arrival time
---------------------------------------------------------------------------------------------
                                              7.900965   slack (MET)


Startpoint: rst_ni (input port clocked by core)
Endpoint: _1489_ (recovery check against rising-edge clock core)
Path Group: asynchronous
Path Type: max

Fanout         Cap        Slew       Delay        Time   Description
---------------------------------------------------------------------------------------------
                      0.000000    0.050000    0.050000   clock core (rise edge)
                                  0.050000    0.100000   clock network delay (ideal)
                                  2.000000    2.100000 ^ input external delay
     4    0.024726    0.002473    0.002473    2.102473 ^ rst_ni (in)
                                                         rst_ni (net)
                      0.002473    0.000000    2.102473 ^ _1489_/RESET_B (sg13g2_dfrbpq_1)
                                              2.102473   data arrival time

                      0.000000   10.050000   10.050000   clock core (rise edge)
                                  0.050000   10.100000   clock network delay (ideal)
                                 -0.025000   10.075001   clock uncertainty
                                  0.000000   10.075001   clock reconvergence pessimism
                                             10.075001 ^ _1489_/CLK (sg13g2_dfrbpq_1)
                                 -0.071564   10.003437   library recovery time
                                             10.003437   data required time
---------------------------------------------------------------------------------------------
                                             10.003437   data required time
                                             -2.102473   data arrival time
---------------------------------------------------------------------------------------------
                                              7.900965   slack (MET)


Startpoint: rst_ni (input port clocked by core)
Endpoint: _1490_ (recovery check against rising-edge clock core)
Path Group: asynchronous
Path Type: max

Fanout         Cap        Slew       Delay        Time   Description
---------------------------------------------------------------------------------------------
                      0.000000    0.050000    0.050000   clock core (rise edge)
                                  0.050000    0.100000   clock network delay (ideal)
                                  2.000000    2.100000 ^ input external delay
     4    0.024726    0.002473    0.002473    2.102473 ^ rst_ni (in)
                                                         rst_ni (net)
                      0.002473    0.000000    2.102473 ^ _1490_/RESET_B (sg13g2_dfrbpq_1)
                                              2.102473   data arrival time

                      0.000000   10.050000   10.050000   clock core (rise edge)
                                  0.050000   10.100000   clock network delay (ideal)
                                 -0.025000   10.075001   clock uncertainty
                                  0.000000   10.075001   clock reconvergence pessimism
                                             10.075001 ^ _1490_/CLK (sg13g2_dfrbpq_1)
                                 -0.071564   10.003437   library recovery time
                                             10.003437   data required time
---------------------------------------------------------------------------------------------
                                             10.003437   data required time
                                             -2.102473   data arrival time
---------------------------------------------------------------------------------------------
                                              7.900965   slack (MET)


Startpoint: _1449_ (rising edge-triggered flip-flop clocked by core)
Endpoint: _1310_ (recovery check against rising-edge clock core)
Path Group: asynchronous
Path Type: max

Fanout         Cap        Slew       Delay        Time   Description
---------------------------------------------------------------------------------------------
                      0.000000    0.050000    0.050000   clock core (rise edge)
                                  0.050000    0.100000   clock network delay (ideal)
                      0.000000    0.000000    0.100000 ^ _1449_/CLK (sg13g2_dfrbpq_1)
     1    0.004244    0.021613    0.106684    0.206684 ^ _1449_/Q (sg13g2_dfrbpq_1)
                                                         reg_rst_ni (net)
                      0.021613    0.000000    0.206684 ^ gain78/A (sg13g2_buf_4)
     3    0.030209    0.034176    0.069020    0.275704 ^ gain78/X (sg13g2_buf_4)
                                                         net77 (net)
                      0.034176    0.000000    0.275704 ^ gain76/A (sg13g2_buf_8)
     8    0.080557    0.039109    0.067578    0.343282 ^ gain76/X (sg13g2_buf_8)
                                                         net75 (net)
                      0.039109    0.000000    0.343282 ^ gain59/A (sg13g2_buf_8)
     8    0.049452    0.028456    0.060444    0.403725 ^ gain59/X (sg13g2_buf_8)
                                                         net58 (net)
                      0.028456    0.000000    0.403725 ^ _1310_/RESET_B (sg13g2_dfrbpq_1)
                                              0.403725   data arrival time

                      0.000000   10.050000   10.050000   clock core (rise edge)
                                  0.050000   10.100000   clock network delay (ideal)
                                 -0.025000   10.075001   clock uncertainty
                                  0.000000   10.075001   clock reconvergence pessimism
                                             10.075001 ^ _1310_/CLK (sg13g2_dfrbpq_1)
                                 -0.076599    9.998403   library recovery time
                                              9.998403   data required time
---------------------------------------------------------------------------------------------
                                              9.998403   data required time
                                             -0.403725   data arrival time
---------------------------------------------------------------------------------------------
                                              9.594677   slack (MET)


Startpoint: _1449_ (rising edge-triggered flip-flop clocked by core)
Endpoint: _1311_ (recovery check against rising-edge clock core)
Path Group: asynchronous
Path Type: max

Fanout         Cap        Slew       Delay        Time   Description
---------------------------------------------------------------------------------------------
                      0.000000    0.050000    0.050000   clock core (rise edge)
                                  0.050000    0.100000   clock network delay (ideal)
                      0.000000    0.000000    0.100000 ^ _1449_/CLK (sg13g2_dfrbpq_1)
     1    0.004244    0.021613    0.106684    0.206684 ^ _1449_/Q (sg13g2_dfrbpq_1)
                                                         reg_rst_ni (net)
                      0.021613    0.000000    0.206684 ^ gain78/A (sg13g2_buf_4)
     3    0.030209    0.034176    0.069020    0.275704 ^ gain78/X (sg13g2_buf_4)
                                                         net77 (net)
                      0.034176    0.000000    0.275704 ^ gain76/A (sg13g2_buf_8)
     8    0.080557    0.039109    0.067578    0.343282 ^ gain76/X (sg13g2_buf_8)
                                                         net75 (net)
                      0.039109    0.000000    0.343282 ^ gain59/A (sg13g2_buf_8)
     8    0.049452    0.028456    0.060444    0.403725 ^ gain59/X (sg13g2_buf_8)
                                                         net58 (net)
                      0.028456    0.000000    0.403725 ^ _1311_/RESET_B (sg13g2_dfrbpq_1)
                                              0.403725   data arrival time

                      0.000000   10.050000   10.050000   clock core (rise edge)
                                  0.050000   10.100000   clock network delay (ideal)
                                 -0.025000   10.075001   clock uncertainty
                                  0.000000   10.075001   clock reconvergence pessimism
                                             10.075001 ^ _1311_/CLK (sg13g2_dfrbpq_1)
                                 -0.076599    9.998403   library recovery time
                                              9.998403   data required time
---------------------------------------------------------------------------------------------
                                              9.998403   data required time
                                             -0.403725   data arrival time
---------------------------------------------------------------------------------------------
                                              9.594677   slack (MET)


Startpoint: _1449_ (rising edge-triggered flip-flop clocked by core)
Endpoint: _1312_ (recovery check against rising-edge clock core)
Path Group: asynchronous
Path Type: max

Fanout         Cap        Slew       Delay        Time   Description
---------------------------------------------------------------------------------------------
                      0.000000    0.050000    0.050000   clock core (rise edge)
                                  0.050000    0.100000   clock network delay (ideal)
                      0.000000    0.000000    0.100000 ^ _1449_/CLK (sg13g2_dfrbpq_1)
     1    0.004244    0.021613    0.106684    0.206684 ^ _1449_/Q (sg13g2_dfrbpq_1)
                                                         reg_rst_ni (net)
                      0.021613    0.000000    0.206684 ^ gain78/A (sg13g2_buf_4)
     3    0.030209    0.034176    0.069020    0.275704 ^ gain78/X (sg13g2_buf_4)
                                                         net77 (net)
                      0.034176    0.000000    0.275704 ^ gain76/A (sg13g2_buf_8)
     8    0.080557    0.039109    0.067578    0.343282 ^ gain76/X (sg13g2_buf_8)
                                                         net75 (net)
                      0.039109    0.000000    0.343282 ^ gain59/A (sg13g2_buf_8)
     8    0.049452    0.028456    0.060444    0.403725 ^ gain59/X (sg13g2_buf_8)
                                                         net58 (net)
                      0.028456    0.000000    0.403725 ^ _1312_/RESET_B (sg13g2_dfrbpq_1)
                                              0.403725   data arrival time

                      0.000000   10.050000   10.050000   clock core (rise edge)
                                  0.050000   10.100000   clock network delay (ideal)
                                 -0.025000   10.075001   clock uncertainty
                                  0.000000   10.075001   clock reconvergence pessimism
                                             10.075001 ^ _1312_/CLK (sg13g2_dfrbpq_1)
                                 -0.076599    9.998403   library recovery time
                                              9.998403   data required time
---------------------------------------------------------------------------------------------
                                              9.998403   data required time
                                             -0.403725   data arrival time
---------------------------------------------------------------------------------------------
                                              9.594677   slack (MET)


Startpoint: _1449_ (rising edge-triggered flip-flop clocked by core)
Endpoint: _1313_ (recovery check against rising-edge clock core)
Path Group: asynchronous
Path Type: max

Fanout         Cap        Slew       Delay        Time   Description
---------------------------------------------------------------------------------------------
                      0.000000    0.050000    0.050000   clock core (rise edge)
                                  0.050000    0.100000   clock network delay (ideal)
                      0.000000    0.000000    0.100000 ^ _1449_/CLK (sg13g2_dfrbpq_1)
     1    0.004244    0.021613    0.106684    0.206684 ^ _1449_/Q (sg13g2_dfrbpq_1)
                                                         reg_rst_ni (net)
                      0.021613    0.000000    0.206684 ^ gain78/A (sg13g2_buf_4)
     3    0.030209    0.034176    0.069020    0.275704 ^ gain78/X (sg13g2_buf_4)
                                                         net77 (net)
                      0.034176    0.000000    0.275704 ^ gain76/A (sg13g2_buf_8)
     8    0.080557    0.039109    0.067578    0.343282 ^ gain76/X (sg13g2_buf_8)
                                                         net75 (net)
                      0.039109    0.000000    0.343282 ^ gain59/A (sg13g2_buf_8)
     8    0.049452    0.028456    0.060444    0.403725 ^ gain59/X (sg13g2_buf_8)
                                                         net58 (net)
                      0.028456    0.000000    0.403725 ^ _1313_/RESET_B (sg13g2_dfrbpq_1)
                                              0.403725   data arrival time

                      0.000000   10.050000   10.050000   clock core (rise edge)
                                  0.050000   10.100000   clock network delay (ideal)
                                 -0.025000   10.075001   clock uncertainty
                                  0.000000   10.075001   clock reconvergence pessimism
                                             10.075001 ^ _1313_/CLK (sg13g2_dfrbpq_1)
                                 -0.076599    9.998403   library recovery time
                                              9.998403   data required time
---------------------------------------------------------------------------------------------
                                              9.998403   data required time
                                             -0.403725   data arrival time
---------------------------------------------------------------------------------------------
                                              9.594677   slack (MET)


Startpoint: _1449_ (rising edge-triggered flip-flop clocked by core)
Endpoint: _1314_ (recovery check against rising-edge clock core)
Path Group: asynchronous
Path Type: max

Fanout         Cap        Slew       Delay        Time   Description
---------------------------------------------------------------------------------------------
                      0.000000    0.050000    0.050000   clock core (rise edge)
                                  0.050000    0.100000   clock network delay (ideal)
                      0.000000    0.000000    0.100000 ^ _1449_/CLK (sg13g2_dfrbpq_1)
     1    0.004244    0.021613    0.106684    0.206684 ^ _1449_/Q (sg13g2_dfrbpq_1)
                                                         reg_rst_ni (net)
                      0.021613    0.000000    0.206684 ^ gain78/A (sg13g2_buf_4)
     3    0.030209    0.034176    0.069020    0.275704 ^ gain78/X (sg13g2_buf_4)
                                                         net77 (net)
                      0.034176    0.000000    0.275704 ^ gain76/A (sg13g2_buf_8)
     8    0.080557    0.039109    0.067578    0.343282 ^ gain76/X (sg13g2_buf_8)
                                                         net75 (net)
                      0.039109    0.000000    0.343282 ^ gain59/A (sg13g2_buf_8)
     8    0.049452    0.028456    0.060444    0.403725 ^ gain59/X (sg13g2_buf_8)
                                                         net58 (net)
                      0.028456    0.000000    0.403725 ^ _1314_/RESET_B (sg13g2_dfrbpq_1)
                                              0.403725   data arrival time

                      0.000000   10.050000   10.050000   clock core (rise edge)
                                  0.050000   10.100000   clock network delay (ideal)
                                 -0.025000   10.075001   clock uncertainty
                                  0.000000   10.075001   clock reconvergence pessimism
                                             10.075001 ^ _1314_/CLK (sg13g2_dfrbpq_1)
                                 -0.076599    9.998403   library recovery time
                                              9.998403   data required time
---------------------------------------------------------------------------------------------
                                              9.998403   data required time
                                             -0.403725   data arrival time
---------------------------------------------------------------------------------------------
                                              9.594677   slack (MET)


Startpoint: _1449_ (rising edge-triggered flip-flop clocked by core)
Endpoint: _1315_ (recovery check against rising-edge clock core)
Path Group: asynchronous
Path Type: max

Fanout         Cap        Slew       Delay        Time   Description
---------------------------------------------------------------------------------------------
                      0.000000    0.050000    0.050000   clock core (rise edge)
                                  0.050000    0.100000   clock network delay (ideal)
                      0.000000    0.000000    0.100000 ^ _1449_/CLK (sg13g2_dfrbpq_1)
     1    0.004244    0.021613    0.106684    0.206684 ^ _1449_/Q (sg13g2_dfrbpq_1)
                                                         reg_rst_ni (net)
                      0.021613    0.000000    0.206684 ^ gain78/A (sg13g2_buf_4)
     3    0.030209    0.034176    0.069020    0.275704 ^ gain78/X (sg13g2_buf_4)
                                                         net77 (net)
                      0.034176    0.000000    0.275704 ^ gain76/A (sg13g2_buf_8)
     8    0.080557    0.039109    0.067578    0.343282 ^ gain76/X (sg13g2_buf_8)
                                                         net75 (net)
                      0.039109    0.000000    0.343282 ^ gain59/A (sg13g2_buf_8)
     8    0.049452    0.028456    0.060444    0.403725 ^ gain59/X (sg13g2_buf_8)
                                                         net58 (net)
                      0.028456    0.000000    0.403725 ^ _1315_/RESET_B (sg13g2_dfrbpq_1)
                                              0.403725   data arrival time

                      0.000000   10.050000   10.050000   clock core (rise edge)
                                  0.050000   10.100000   clock network delay (ideal)
                                 -0.025000   10.075001   clock uncertainty
                                  0.000000   10.075001   clock reconvergence pessimism
                                             10.075001 ^ _1315_/CLK (sg13g2_dfrbpq_1)
                                 -0.076599    9.998403   library recovery time
                                              9.998403   data required time
---------------------------------------------------------------------------------------------
                                              9.998403   data required time
                                             -0.403725   data arrival time
---------------------------------------------------------------------------------------------
                                              9.594677   slack (MET)

=== FlexSoC normalized power fields ===
dynamic_power_definition=internal_power+switching_power
power_unit=OpenSTA report unit; see Units section
internal_power=0.00191
switching_power=3.69e-05
dynamic_power=0.0019469
leakage_power=6.75e-07
total_power=0.00195

=== Gate-level timing/power fusion ===
power_semantics=average_instance_power_from_the_same_VCD_SAIF_context
path_power_sum=unique_instance_average_power_sum_not_incremental_path_energy
fanout_capacitance_source=OpenSTA_report_checks_output_pin_fields

Worst path 1: status=met slack=5.76468 type=max group=core
startpoint=axi_lite_i[10] (input port clocked by core)
endpoint=axi_lite_o[39] (output port clocked by core)
path_power_complete=true
path_average_power_sum internal=1.88742e-07 switching=2.14625e-07 dynamic=4.03367e-07 leakage=1.94894e-09 total=4.05316e-07
stage instance cell pins fanout capacitance slew delay arrival internal switching dynamic leakage total
1 _0788_ sg13g2_nand2_1 B,Y 1 0.003203 0.019298 0.02739 2.12776 1.53377e-08 1.83035e-08 3.36412e-08 1.30667e-10 3.37718e-08
2 _0789_ sg13g2_a21oi_1 B1,Y 1 0.004244 0.047919 0.045669 2.17342 1.44294e-08 1.92805e-08 3.37099e-08 4.31822e-10 3.41417e-08
3 gain41 sg13g2_buf_4 A,X 7 0.028971 0.034298 0.078305 2.25173 1.22368e-07 1.31613e-07 2.53981e-07 1.07733e-09 2.55058e-07
4 _1544_ sg13g2_buf_1 A,X 1 0.01 0.037471 0.058594 2.31032 3.66066e-08 4.54285e-08 8.20351e-08 3.0912e-10 8.23442e-08

Worst path 2: status=met slack=5.76468 type=max group=core
startpoint=axi_lite_i[10] (input port clocked by core)
endpoint=axi_lite_o[40] (output port clocked by core)
path_power_complete=true
path_average_power_sum internal=1.88742e-07 switching=2.14625e-07 dynamic=4.03367e-07 leakage=1.94894e-09 total=4.05316e-07
stage instance cell pins fanout capacitance slew delay arrival internal switching dynamic leakage total
1 _0788_ sg13g2_nand2_1 B,Y 1 0.003203 0.019298 0.02739 2.12776 1.53377e-08 1.83035e-08 3.36412e-08 1.30667e-10 3.37718e-08
2 _0789_ sg13g2_a21oi_1 B1,Y 1 0.004244 0.047919 0.045669 2.17342 1.44294e-08 1.92805e-08 3.37099e-08 4.31822e-10 3.41417e-08
3 gain41 sg13g2_buf_4 A,X 7 0.028971 0.034298 0.078305 2.25173 1.22368e-07 1.31613e-07 2.53981e-07 1.07733e-09 2.55058e-07
4 _1545_ sg13g2_buf_1 A,X 1 0.01 0.037471 0.058594 2.31032 3.66066e-08 4.54285e-08 8.20351e-08 3.0912e-10 8.23442e-08

Worst path 3: status=met slack=7.37446 type=max group=core
startpoint=axi_lite_i[10] (input port clocked by core)
endpoint=_1397_ (rising edge-triggered flip-flop clocked by core)
path_power_complete=true
path_average_power_sum internal=8.76283e-06 switching=5.56463e-07 dynamic=9.31929e-06 leakage=5.49317e-09 total=9.32478e-06
stage instance cell pins fanout capacitance slew delay arrival internal switching dynamic leakage total
1 _0788_ sg13g2_nand2_1 B,Y 1 0.004029 0.019747 0.021791 2.12213 1.53377e-08 1.83035e-08 3.36412e-08 1.30667e-10 3.37718e-08
2 _0789_ sg13g2_a21oi_1 B1,Y 1 0.004205 0.036214 0.022277 2.1444 1.44294e-08 1.92805e-08 3.37099e-08 4.31822e-10 3.41417e-08
3 gain41 sg13g2_buf_4 A,X 7 0.028603 0.026639 0.063828 2.20823 1.22368e-07 1.31613e-07 2.53981e-07 1.07733e-09 2.55058e-07
4 _0794_ sg13g2_nand2_1 A,Y 1 0.002663 0.019958 0.021685 2.22992 1.28949e-08 1.20972e-08 2.49921e-08 1.88773e-10 2.51809e-08
5 _0795_ sg13g2_buf_1 A,X 1 0.002663 0.015922 0.039512 2.26943 3.56495e-08 1.20972e-08 4.77467e-08 2.71257e-10 4.8018e-08
6 gain39 sg13g2_buf_1 A,X 6 0.023388 0.075648 0.081744 2.35117 3.80199e-08 1.06247e-07 1.44267e-07 2.71261e-10 1.44538e-07
7 _0796_ sg13g2_buf_1 A,X 4 0.019021 0.063726 0.088427 2.4396 3.77968e-08 8.64095e-08 1.24206e-07 2.71267e-10 1.24478e-07
8 gain34 sg13g2_buf_4 A,X 8 0.034312 0.038484 0.087465 2.52706 1.23359e-07 1.55874e-07 2.79233e-07 6.83855e-10 2.79917e-07
9 _0798_ sg13g2_mux2_1 S,X 1 0.001756 0.021796 0.101651 2.62872 9.37966e-08 8.02694e-09 1.01824e-07 7.42359e-10 1.02566e-07
10 _1397_ sg13g2_dfrbpq_1 D - - 0.021796 0 2.62872 8.26917e-06 6.5147e-09 8.27569e-06 1.42458e-09 8.27711e-06

Worst path 4: status=met slack=7.37446 type=max group=core
startpoint=axi_lite_i[10] (input port clocked by core)
endpoint=_1398_ (rising edge-triggered flip-flop clocked by core)
path_power_complete=true
path_average_power_sum internal=8.76282e-06 switching=5.56325e-07 dynamic=9.31915e-06 leakage=5.49317e-09 total=9.32464e-06
stage instance cell pins fanout capacitance slew delay arrival internal switching dynamic leakage total
1 _0788_ sg13g2_nand2_1 B,Y 1 0.004029 0.019747 0.021791 2.12213 1.53377e-08 1.83035e-08 3.36412e-08 1.30667e-10 3.37718e-08
2 _0789_ sg13g2_a21oi_1 B1,Y 1 0.004205 0.036214 0.022277 2.1444 1.44294e-08 1.92805e-08 3.37099e-08 4.31822e-10 3.41417e-08
3 gain41 sg13g2_buf_4 A,X 7 0.028603 0.026639 0.063828 2.20823 1.22368e-07 1.31613e-07 2.53981e-07 1.07733e-09 2.55058e-07
4 _0794_ sg13g2_nand2_1 A,Y 1 0.002663 0.019958 0.021685 2.22992 1.28949e-08 1.20972e-08 2.49921e-08 1.88773e-10 2.51809e-08
5 _0795_ sg13g2_buf_1 A,X 1 0.002663 0.015922 0.039512 2.26943 3.56495e-08 1.20972e-08 4.77467e-08 2.71257e-10 4.8018e-08
6 gain39 sg13g2_buf_1 A,X 6 0.023388 0.075648 0.081744 2.35117 3.80199e-08 1.06247e-07 1.44267e-07 2.71261e-10 1.44538e-07
7 _0796_ sg13g2_buf_1 A,X 4 0.019021 0.063726 0.088427 2.4396 3.77968e-08 8.64095e-08 1.24206e-07 2.71267e-10 1.24478e-07
8 gain34 sg13g2_buf_4 A,X 8 0.034312 0.038484 0.087465 2.52706 1.23359e-07 1.55874e-07 2.79233e-07 6.83855e-10 2.79917e-07
9 _0797_ sg13g2_mux2_1 S,X 1 0.001756 0.021823 0.101651 2.62872 9.37967e-08 8.02694e-09 1.01824e-07 7.42359e-10 1.02566e-07
10 _1398_ sg13g2_dfrbpq_1 D - - 0.021823 0 2.62872 8.26917e-06 6.37701e-09 8.27555e-06 1.42458e-09 8.27697e-06

Worst path 5: status=met slack=7.41667 type=max group=core
startpoint=axi_lite_i[10] (input port clocked by core)
endpoint=_1271_ (rising edge-triggered flip-flop clocked by core)
path_power_complete=true
path_average_power_sum internal=8.69543e-06 switching=5.53245e-07 dynamic=9.24867e-06 leakage=5.18066e-09 total=9.25385e-06
stage instance cell pins fanout capacitance slew delay arrival internal switching dynamic leakage total
1 _0788_ sg13g2_nand2_1 B,Y 1 0.003203 0.019298 0.02739 2.12776 1.53377e-08 1.83035e-08 3.36412e-08 1.30667e-10 3.37718e-08
2 _0789_ sg13g2_a21oi_1 B1,Y 1 0.004244 0.047919 0.045669 2.17342 1.44294e-08 1.92805e-08 3.37099e-08 4.31822e-10 3.41417e-08
3 gain41 sg13g2_buf_4 A,X 7 0.028971 0.034298 0.078305 2.25173 1.22368e-07 1.31613e-07 2.53981e-07 1.07733e-09 2.55058e-07
4 _0794_ sg13g2_nand2_1 A,Y 1 0.00255 0.022612 0.028679 2.28041 1.28949e-08 1.20972e-08 2.49921e-08 1.88773e-10 2.51809e-08
5 _0795_ sg13g2_buf_1 A,X 1 0.00255 0.013662 0.041203 2.32161 3.56495e-08 1.20972e-08 4.77467e-08 2.71257e-10 4.8018e-08
6 gain39 sg13g2_buf_1 A,X 6 0.020362 0.05054 0.070423 2.39203 3.80199e-08 1.06247e-07 1.44267e-07 2.71261e-10 1.44538e-07
7 _0796_ sg13g2_buf_1 A,X 4 0.018792 0.047994 0.078511 2.47055 3.77968e-08 8.64095e-08 1.24206e-07 2.71267e-10 1.24478e-07
8 gain34 sg13g2_buf_4 A,X 8 0.03325 0.029456 0.070239 2.54079 1.23359e-07 1.55874e-07 2.79233e-07 6.83855e-10 2.79917e-07
9 _1227_ sg13g2_a21oi_1 A2,Y 1 0.001767 0.032875 0.044837 2.58562 2.69326e-08 8.02694e-09 3.49596e-08 4.32086e-10 3.53917e-08
10 _1271_ sg13g2_dfrbpq_1 D - - 0.032875 0 2.58562 8.26864e-06 3.29692e-09 8.27194e-06 1.42234e-09 8.27336e-06

Worst path 6: status=met slack=7.41667 type=max group=core
startpoint=axi_lite_i[10] (input port clocked by core)
endpoint=_1375_ (rising edge-triggered flip-flop clocked by core)
path_power_complete=true
path_average_power_sum internal=8.69738e-06 switching=5.53245e-07 dynamic=9.25063e-06 leakage=5.18157e-09 total=9.25581e-06
stage instance cell pins fanout capacitance slew delay arrival internal switching dynamic leakage total
1 _0788_ sg13g2_nand2_1 B,Y 1 0.003203 0.019298 0.02739 2.12776 1.53377e-08 1.83035e-08 3.36412e-08 1.30667e-10 3.37718e-08
2 _0789_ sg13g2_a21oi_1 B1,Y 1 0.004244 0.047919 0.045669 2.17342 1.44294e-08 1.92805e-08 3.37099e-08 4.31822e-10 3.41417e-08
3 gain41 sg13g2_buf_4 A,X 7 0.028971 0.034298 0.078305 2.25173 1.22368e-07 1.31613e-07 2.53981e-07 1.07733e-09 2.55058e-07
4 _0794_ sg13g2_nand2_1 A,Y 1 0.00255 0.022612 0.028679 2.28041 1.28949e-08 1.20972e-08 2.49921e-08 1.88773e-10 2.51809e-08
5 _0795_ sg13g2_buf_1 A,X 1 0.00255 0.013662 0.041203 2.32161 3.56495e-08 1.20972e-08 4.77467e-08 2.71257e-10 4.8018e-08
6 gain39 sg13g2_buf_1 A,X 6 0.020362 0.05054 0.070423 2.39203 3.80199e-08 1.06247e-07 1.44267e-07 2.71261e-10 1.44538e-07
7 _0796_ sg13g2_buf_1 A,X 4 0.018792 0.047994 0.078511 2.47055 3.77968e-08 8.64095e-08 1.24206e-07 2.71267e-10 1.24478e-07
8 gain34 sg13g2_buf_4 A,X 8 0.03325 0.029456 0.070239 2.54079 1.23359e-07 1.55874e-07 2.79233e-07 6.83855e-10 2.79917e-07
9 _0847_ sg13g2_a21oi_1 A2,Y 1 0.001767 0.032875 0.044837 2.58562 2.82697e-08 8.02694e-09 3.62967e-08 4.30765e-10 3.67274e-08
10 _1375_ sg13g2_dfrbpq_1 D - - 0.032875 0 2.58562 8.26925e-06 3.29692e-09 8.27255e-06 1.42458e-09 8.27398e-06

Worst path 7: status=met slack=7.41667 type=max group=core
startpoint=axi_lite_i[10] (input port clocked by core)
endpoint=_1376_ (rising edge-triggered flip-flop clocked by core)
path_power_complete=true
path_average_power_sum internal=8.69738e-06 switching=5.53245e-07 dynamic=9.25063e-06 leakage=5.18157e-09 total=9.25581e-06
stage instance cell pins fanout capacitance slew delay arrival internal switching dynamic leakage total
1 _0788_ sg13g2_nand2_1 B,Y 1 0.003203 0.019298 0.02739 2.12776 1.53377e-08 1.83035e-08 3.36412e-08 1.30667e-10 3.37718e-08
2 _0789_ sg13g2_a21oi_1 B1,Y 1 0.004244 0.047919 0.045669 2.17342 1.44294e-08 1.92805e-08 3.37099e-08 4.31822e-10 3.41417e-08
3 gain41 sg13g2_buf_4 A,X 7 0.028971 0.034298 0.078305 2.25173 1.22368e-07 1.31613e-07 2.53981e-07 1.07733e-09 2.55058e-07
4 _0794_ sg13g2_nand2_1 A,Y 1 0.00255 0.022612 0.028679 2.28041 1.28949e-08 1.20972e-08 2.49921e-08 1.88773e-10 2.51809e-08
5 _0795_ sg13g2_buf_1 A,X 1 0.00255 0.013662 0.041203 2.32161 3.56495e-08 1.20972e-08 4.77467e-08 2.71257e-10 4.8018e-08
6 gain39 sg13g2_buf_1 A,X 6 0.020362 0.05054 0.070423 2.39203 3.80199e-08 1.06247e-07 1.44267e-07 2.71261e-10 1.44538e-07
7 _0796_ sg13g2_buf_1 A,X 4 0.018792 0.047994 0.078511 2.47055 3.77968e-08 8.64095e-08 1.24206e-07 2.71267e-10 1.24478e-07
8 gain34 sg13g2_buf_4 A,X 8 0.03325 0.029456 0.070239 2.54079 1.23359e-07 1.55874e-07 2.79233e-07 6.83855e-10 2.79917e-07
9 _0845_ sg13g2_a21oi_1 A2,Y 1 0.001767 0.032875 0.044837 2.58562 2.82697e-08 8.02694e-09 3.62967e-08 4.30765e-10 3.67274e-08
10 _1376_ sg13g2_dfrbpq_1 D - - 0.032875 0 2.58562 8.26925e-06 3.29692e-09 8.27255e-06 1.42458e-09 8.27398e-06

Worst path 8: status=met slack=7.41667 type=max group=core
startpoint=axi_lite_i[10] (input port clocked by core)
endpoint=_1377_ (rising edge-triggered flip-flop clocked by core)
path_power_complete=true
path_average_power_sum internal=8.69541e-06 switching=5.53245e-07 dynamic=9.24865e-06 leakage=5.18064e-09 total=9.25383e-06
stage instance cell pins fanout capacitance slew delay arrival internal switching dynamic leakage total
1 _0788_ sg13g2_nand2_1 B,Y 1 0.003203 0.019298 0.02739 2.12776 1.53377e-08 1.83035e-08 3.36412e-08 1.30667e-10 3.37718e-08
2 _0789_ sg13g2_a21oi_1 B1,Y 1 0.004244 0.047919 0.045669 2.17342 1.44294e-08 1.92805e-08 3.37099e-08 4.31822e-10 3.41417e-08
3 gain41 sg13g2_buf_4 A,X 7 0.028971 0.034298 0.078305 2.25173 1.22368e-07 1.31613e-07 2.53981e-07 1.07733e-09 2.55058e-07
4 _0794_ sg13g2_nand2_1 A,Y 1 0.00255 0.022612 0.028679 2.28041 1.28949e-08 1.20972e-08 2.49921e-08 1.88773e-10 2.51809e-08
5 _0795_ sg13g2_buf_1 A,X 1 0.00255 0.013662 0.041203 2.32161 3.56495e-08 1.20972e-08 4.77467e-08 2.71257e-10 4.8018e-08
6 gain39 sg13g2_buf_1 A,X 6 0.020362 0.05054 0.070423 2.39203 3.80199e-08 1.06247e-07 1.44267e-07 2.71261e-10 1.44538e-07
7 _0796_ sg13g2_buf_1 A,X 4 0.018792 0.047994 0.078511 2.47055 3.77968e-08 8.64095e-08 1.24206e-07 2.71267e-10 1.24478e-07
8 gain34 sg13g2_buf_4 A,X 8 0.03325 0.029456 0.070239 2.54079 1.23359e-07 1.55874e-07 2.79233e-07 6.83855e-10 2.79917e-07
9 _0843_ sg13g2_a21oi_1 A2,Y 1 0.001767 0.032875 0.044837 2.58562 2.69161e-08 8.02694e-09 3.49431e-08 4.32095e-10 3.53752e-08
10 _1377_ sg13g2_dfrbpq_1 D - - 0.032875 0 2.58562 8.26864e-06 3.29692e-09 8.27193e-06 1.42232e-09 8.27335e-06

Worst path 9: status=met slack=7.41667 type=max group=core
startpoint=axi_lite_i[10] (input port clocked by core)
endpoint=_1378_ (rising edge-triggered flip-flop clocked by core)
path_power_complete=true
path_average_power_sum internal=8.69738e-06 switching=5.53245e-07 dynamic=9.25062e-06 leakage=5.18157e-09 total=9.2558e-06
stage instance cell pins fanout capacitance slew delay arrival internal switching dynamic leakage total
1 _0788_ sg13g2_nand2_1 B,Y 1 0.003203 0.019298 0.02739 2.12776 1.53377e-08 1.83035e-08 3.36412e-08 1.30667e-10 3.37718e-08
2 _0789_ sg13g2_a21oi_1 B1,Y 1 0.004244 0.047919 0.045669 2.17342 1.44294e-08 1.92805e-08 3.37099e-08 4.31822e-10 3.41417e-08
3 gain41 sg13g2_buf_4 A,X 7 0.028971 0.034298 0.078305 2.25173 1.22368e-07 1.31613e-07 2.53981e-07 1.07733e-09 2.55058e-07
4 _0794_ sg13g2_nand2_1 A,Y 1 0.00255 0.022612 0.028679 2.28041 1.28949e-08 1.20972e-08 2.49921e-08 1.88773e-10 2.51809e-08
5 _0795_ sg13g2_buf_1 A,X 1 0.00255 0.013662 0.041203 2.32161 3.56495e-08 1.20972e-08 4.77467e-08 2.71257e-10 4.8018e-08
6 gain39 sg13g2_buf_1 A,X 6 0.020362 0.05054 0.070423 2.39203 3.80199e-08 1.06247e-07 1.44267e-07 2.71261e-10 1.44538e-07
7 _0796_ sg13g2_buf_1 A,X 4 0.018792 0.047994 0.078511 2.47055 3.77968e-08 8.64095e-08 1.24206e-07 2.71267e-10 1.24478e-07
8 gain34 sg13g2_buf_4 A,X 8 0.03325 0.029456 0.070239 2.54079 1.23359e-07 1.55874e-07 2.79233e-07 6.83855e-10 2.79917e-07
9 _0841_ sg13g2_a21oi_1 A2,Y 1 0.001767 0.032875 0.044837 2.58562 2.82661e-08 8.02694e-09 3.62931e-08 4.30765e-10 3.67238e-08
10 _1378_ sg13g2_dfrbpq_1 D - - 0.032875 0 2.58562 8.26925e-06 3.29692e-09 8.27255e-06 1.42458e-09 8.27398e-06

Worst path 10: status=met slack=7.41667 type=max group=core
startpoint=axi_lite_i[10] (input port clocked by core)
endpoint=_1379_ (rising edge-triggered flip-flop clocked by core)
path_power_complete=true
path_average_power_sum internal=8.69541e-06 switching=5.53245e-07 dynamic=9.24865e-06 leakage=5.18064e-09 total=9.25383e-06
stage instance cell pins fanout capacitance slew delay arrival internal switching dynamic leakage total
1 _0788_ sg13g2_nand2_1 B,Y 1 0.003203 0.019298 0.02739 2.12776 1.53377e-08 1.83035e-08 3.36412e-08 1.30667e-10 3.37718e-08
2 _0789_ sg13g2_a21oi_1 B1,Y 1 0.004244 0.047919 0.045669 2.17342 1.44294e-08 1.92805e-08 3.37099e-08 4.31822e-10 3.41417e-08
3 gain41 sg13g2_buf_4 A,X 7 0.028971 0.034298 0.078305 2.25173 1.22368e-07 1.31613e-07 2.53981e-07 1.07733e-09 2.55058e-07
4 _0794_ sg13g2_nand2_1 A,Y 1 0.00255 0.022612 0.028679 2.28041 1.28949e-08 1.20972e-08 2.49921e-08 1.88773e-10 2.51809e-08
5 _0795_ sg13g2_buf_1 A,X 1 0.00255 0.013662 0.041203 2.32161 3.56495e-08 1.20972e-08 4.77467e-08 2.71257e-10 4.8018e-08
6 gain39 sg13g2_buf_1 A,X 6 0.020362 0.05054 0.070423 2.39203 3.80199e-08 1.06247e-07 1.44267e-07 2.71261e-10 1.44538e-07
7 _0796_ sg13g2_buf_1 A,X 4 0.018792 0.047994 0.078511 2.47055 3.77968e-08 8.64095e-08 1.24206e-07 2.71267e-10 1.24478e-07
8 gain34 sg13g2_buf_4 A,X 8 0.03325 0.029456 0.070239 2.54079 1.23359e-07 1.55874e-07 2.79233e-07 6.83855e-10 2.79917e-07
9 _0839_ sg13g2_a21oi_1 A2,Y 1 0.001767 0.032875 0.044837 2.58562 2.69161e-08 8.02694e-09 3.49431e-08 4.32095e-10 3.53752e-08
10 _1379_ sg13g2_dfrbpq_1 D - - 0.032875 0 2.58562 8.26864e-06 3.29692e-09 8.27193e-06 1.42232e-09 8.27335e-06

Worst path 11: status=met slack=7.90097 type=max group=asynchronous
startpoint=rst_ni (input port clocked by core)
endpoint=_1449_ (recovery check against rising-edge clock core)
path_power_complete=true
path_average_power_sum internal=9.59171e-06 switching=1.92805e-08 dynamic=9.61099e-06 leakage=1.55166e-09 total=9.61254e-06
stage instance cell pins fanout capacitance slew delay arrival internal switching dynamic leakage total
1 _1449_ sg13g2_dfrbpq_1 RESET_B - - 0.002473 0 2.10247 9.59171e-06 1.92805e-08 9.61099e-06 1.55166e-09 9.61254e-06

Worst path 12: status=met slack=7.90097 type=max group=asynchronous
startpoint=rst_ni (input port clocked by core)
endpoint=_1450_ (recovery check against rising-edge clock core)
path_power_complete=true
path_average_power_sum internal=9.54745e-06 switching=8.02694e-09 dynamic=9.55547e-06 leakage=1.55378e-09 total=9.55703e-06
stage instance cell pins fanout capacitance slew delay arrival internal switching dynamic leakage total
1 _1450_ sg13g2_dfrbpq_1 RESET_B - - 0.002473 0 2.10247 9.54745e-06 8.02694e-09 9.55547e-06 1.55378e-09 9.55703e-06

Worst path 13: status=met slack=7.90097 type=max group=asynchronous
startpoint=rst_ni (input port clocked by core)
endpoint=_1489_ (recovery check against rising-edge clock core)
path_power_complete=true
path_average_power_sum internal=9.59248e-06 switching=5.61631e-08 dynamic=9.64865e-06 leakage=1.55166e-09 total=9.6502e-06
stage instance cell pins fanout capacitance slew delay arrival internal switching dynamic leakage total
1 _1489_ sg13g2_dfrbpq_1 RESET_B - - 0.002473 0 2.10247 9.59248e-06 5.61631e-08 9.64865e-06 1.55166e-09 9.6502e-06

Worst path 14: status=met slack=7.90097 type=max group=asynchronous
startpoint=rst_ni (input port clocked by core)
endpoint=_1490_ (recovery check against rising-edge clock core)
path_power_complete=true
path_average_power_sum internal=9.54745e-06 switching=8.02694e-09 dynamic=9.55547e-06 leakage=1.55378e-09 total=9.55703e-06
stage instance cell pins fanout capacitance slew delay arrival internal switching dynamic leakage total
1 _1490_ sg13g2_dfrbpq_1 RESET_B - - 0.002473 0 2.10247 9.54745e-06 8.02694e-09 9.55547e-06 1.55378e-09 9.55703e-06

Worst path 15: status=met slack=9.59468 type=max group=asynchronous
startpoint=_1449_ (rising edge-triggered flip-flop clocked by core)
endpoint=_1310_ (recovery check against rising-edge clock core)
path_power_complete=true
path_average_power_sum internal=1.84397e-05 switching=7.54127e-07 dynamic=1.91938e-05 leakage=6.8323e-09 total=1.92006e-05
stage instance cell pins fanout capacitance slew delay arrival internal switching dynamic leakage total
1 _1449_ sg13g2_dfrbpq_1 CLK,Q 1 0.004244 0.021613 0.106684 0.206684 9.59171e-06 1.92805e-08 9.61099e-06 1.55166e-09 9.61254e-06
2 gain78 sg13g2_buf_4 A,X 3 0.030209 0.034176 0.06902 0.275704 1.21153e-07 1.37234e-07 2.58387e-07 7.27563e-10 2.59115e-07
3 gain76 sg13g2_buf_8 A,X 8 0.080557 0.039109 0.067578 0.343282 2.46326e-07 3.65957e-07 6.12284e-07 1.56535e-09 6.13849e-07
4 gain59 sg13g2_buf_8 A,X 8 0.049452 0.028456 0.060444 0.403725 2.44406e-07 2.24653e-07 4.69059e-07 1.56543e-09 4.70624e-07
5 _1310_ sg13g2_dfrbpq_1 RESET_B - - 0.028456 0 0.403725 8.23606e-06 7.00281e-09 8.24306e-06 1.4223e-09 8.24449e-06

Worst path 16: status=met slack=9.59468 type=max group=asynchronous
startpoint=_1449_ (rising edge-triggered flip-flop clocked by core)
endpoint=_1311_ (recovery check against rising-edge clock core)
path_power_complete=true
path_average_power_sum internal=1.84397e-05 switching=7.54127e-07 dynamic=1.91938e-05 leakage=6.8323e-09 total=1.92006e-05
stage instance cell pins fanout capacitance slew delay arrival internal switching dynamic leakage total
1 _1449_ sg13g2_dfrbpq_1 CLK,Q 1 0.004244 0.021613 0.106684 0.206684 9.59171e-06 1.92805e-08 9.61099e-06 1.55166e-09 9.61254e-06
2 gain78 sg13g2_buf_4 A,X 3 0.030209 0.034176 0.06902 0.275704 1.21153e-07 1.37234e-07 2.58387e-07 7.27563e-10 2.59115e-07
3 gain76 sg13g2_buf_8 A,X 8 0.080557 0.039109 0.067578 0.343282 2.46326e-07 3.65957e-07 6.12284e-07 1.56535e-09 6.13849e-07
4 gain59 sg13g2_buf_8 A,X 8 0.049452 0.028456 0.060444 0.403725 2.44406e-07 2.24653e-07 4.69059e-07 1.56543e-09 4.70624e-07
5 _1311_ sg13g2_dfrbpq_1 RESET_B - - 0.028456 0 0.403725 8.23606e-06 7.00281e-09 8.24306e-06 1.4223e-09 8.24449e-06

Worst path 17: status=met slack=9.59468 type=max group=asynchronous
startpoint=_1449_ (rising edge-triggered flip-flop clocked by core)
endpoint=_1312_ (recovery check against rising-edge clock core)
path_power_complete=true
path_average_power_sum internal=1.84397e-05 switching=7.54127e-07 dynamic=1.91938e-05 leakage=6.8323e-09 total=1.92006e-05
stage instance cell pins fanout capacitance slew delay arrival internal switching dynamic leakage total
1 _1449_ sg13g2_dfrbpq_1 CLK,Q 1 0.004244 0.021613 0.106684 0.206684 9.59171e-06 1.92805e-08 9.61099e-06 1.55166e-09 9.61254e-06
2 gain78 sg13g2_buf_4 A,X 3 0.030209 0.034176 0.06902 0.275704 1.21153e-07 1.37234e-07 2.58387e-07 7.27563e-10 2.59115e-07
3 gain76 sg13g2_buf_8 A,X 8 0.080557 0.039109 0.067578 0.343282 2.46326e-07 3.65957e-07 6.12284e-07 1.56535e-09 6.13849e-07
4 gain59 sg13g2_buf_8 A,X 8 0.049452 0.028456 0.060444 0.403725 2.44406e-07 2.24653e-07 4.69059e-07 1.56543e-09 4.70624e-07
5 _1312_ sg13g2_dfrbpq_1 RESET_B - - 0.028456 0 0.403725 8.23606e-06 7.00281e-09 8.24306e-06 1.4223e-09 8.24449e-06

Worst path 18: status=met slack=9.59468 type=max group=asynchronous
startpoint=_1449_ (rising edge-triggered flip-flop clocked by core)
endpoint=_1313_ (recovery check against rising-edge clock core)
path_power_complete=true
path_average_power_sum internal=1.84397e-05 switching=7.54127e-07 dynamic=1.91938e-05 leakage=6.8323e-09 total=1.92006e-05
stage instance cell pins fanout capacitance slew delay arrival internal switching dynamic leakage total
1 _1449_ sg13g2_dfrbpq_1 CLK,Q 1 0.004244 0.021613 0.106684 0.206684 9.59171e-06 1.92805e-08 9.61099e-06 1.55166e-09 9.61254e-06
2 gain78 sg13g2_buf_4 A,X 3 0.030209 0.034176 0.06902 0.275704 1.21153e-07 1.37234e-07 2.58387e-07 7.27563e-10 2.59115e-07
3 gain76 sg13g2_buf_8 A,X 8 0.080557 0.039109 0.067578 0.343282 2.46326e-07 3.65957e-07 6.12284e-07 1.56535e-09 6.13849e-07
4 gain59 sg13g2_buf_8 A,X 8 0.049452 0.028456 0.060444 0.403725 2.44406e-07 2.24653e-07 4.69059e-07 1.56543e-09 4.70624e-07
5 _1313_ sg13g2_dfrbpq_1 RESET_B - - 0.028456 0 0.403725 8.23606e-06 7.00281e-09 8.24306e-06 1.4223e-09 8.24449e-06

Worst path 19: status=met slack=9.59468 type=max group=asynchronous
startpoint=_1449_ (rising edge-triggered flip-flop clocked by core)
endpoint=_1314_ (recovery check against rising-edge clock core)
path_power_complete=true
path_average_power_sum internal=1.84397e-05 switching=7.54127e-07 dynamic=1.91938e-05 leakage=6.8323e-09 total=1.92006e-05
stage instance cell pins fanout capacitance slew delay arrival internal switching dynamic leakage total
1 _1449_ sg13g2_dfrbpq_1 CLK,Q 1 0.004244 0.021613 0.106684 0.206684 9.59171e-06 1.92805e-08 9.61099e-06 1.55166e-09 9.61254e-06
2 gain78 sg13g2_buf_4 A,X 3 0.030209 0.034176 0.06902 0.275704 1.21153e-07 1.37234e-07 2.58387e-07 7.27563e-10 2.59115e-07
3 gain76 sg13g2_buf_8 A,X 8 0.080557 0.039109 0.067578 0.343282 2.46326e-07 3.65957e-07 6.12284e-07 1.56535e-09 6.13849e-07
4 gain59 sg13g2_buf_8 A,X 8 0.049452 0.028456 0.060444 0.403725 2.44406e-07 2.24653e-07 4.69059e-07 1.56543e-09 4.70624e-07
5 _1314_ sg13g2_dfrbpq_1 RESET_B - - 0.028456 0 0.403725 8.23606e-06 7.00281e-09 8.24306e-06 1.4223e-09 8.24449e-06

Worst path 20: status=met slack=9.59468 type=max group=asynchronous
startpoint=_1449_ (rising edge-triggered flip-flop clocked by core)
endpoint=_1315_ (recovery check against rising-edge clock core)
path_power_complete=true
path_average_power_sum internal=1.84397e-05 switching=7.54127e-07 dynamic=1.91938e-05 leakage=6.8323e-09 total=1.92006e-05
stage instance cell pins fanout capacitance slew delay arrival internal switching dynamic leakage total
1 _1449_ sg13g2_dfrbpq_1 CLK,Q 1 0.004244 0.021613 0.106684 0.206684 9.59171e-06 1.92805e-08 9.61099e-06 1.55166e-09 9.61254e-06
2 gain78 sg13g2_buf_4 A,X 3 0.030209 0.034176 0.06902 0.275704 1.21153e-07 1.37234e-07 2.58387e-07 7.27563e-10 2.59115e-07
3 gain76 sg13g2_buf_8 A,X 8 0.080557 0.039109 0.067578 0.343282 2.46326e-07 3.65957e-07 6.12284e-07 1.56535e-09 6.13849e-07
4 gain59 sg13g2_buf_8 A,X 8 0.049452 0.028456 0.060444 0.403725 2.44406e-07 2.24653e-07 4.69059e-07 1.56543e-09 4.70624e-07
5 _1315_ sg13g2_dfrbpq_1 RESET_B - - 0.028456 0 0.403725 8.23606e-06 7.00281e-09 8.24306e-06 1.4223e-09 8.24449e-06

=== Highest-power instances and worst path through each ===

Hotspot 1: instance=_1460_ selected_worst_paths=none internal=1.02288e-05 switching=4.10517e-07 dynamic=1.06393e-05 leakage=1.54501e-09 total=1.06408e-05
Worst path through hotspot: status=met slack=9.3862 type=max group=core
startpoint=_1460_ (rising edge-triggered flip-flop clocked by core)
endpoint=_1403_ (rising edge-triggered flip-flop clocked by core)
path_power_complete=true
path_average_power_sum internal=1.87457e-05 switching=8.22703e-07 dynamic=1.95684e-05 leakage=5.33833e-09 total=1.95737e-05
stage instance cell pins fanout capacitance slew delay arrival internal switching dynamic leakage total
1 _1460_ sg13g2_dfrbpq_1 CLK,Q 4 0.014575 0.050464 0.128271 0.228271 1.02288e-05 4.10517e-07 1.06393e-05 1.54501e-09 1.06408e-05
2 _1085_ sg13g2_nand2_1 B,Y 3 0.009675 0.048887 0.056092 0.284364 5.22834e-08 1.50148e-07 2.02432e-07 3.28804e-10 2.0276e-07
3 _1086_ sg13g2_nor2_1 B,Y 3 0.010635 0.079985 0.073722 0.358086 2.19976e-08 6.76412e-08 8.96388e-08 2.29428e-10 8.98682e-08
4 _1087_ sg13g2_nand2_1 A,Y 3 0.010941 0.060298 0.067241 0.425327 2.14636e-08 6.95869e-08 9.10505e-08 3.1208e-10 9.13626e-08
5 _1193_ sg13g2_o21ai_1 B1,Y 1 0.003674 0.056957 0.03573 0.461057 8.53208e-08 7.67739e-08 1.62095e-07 4.18715e-10 1.62513e-07
6 _1194_ sg13g2_nand3_1 C,Y 1 0.006176 0.056061 0.066399 0.527456 3.52944e-08 3.99951e-08 7.52895e-08 3.97348e-10 7.56868e-08
7 _1195_ sg13g2_mux2_1 S,X 1 0.001767 0.020239 0.091211 0.618667 7.66757e-08 1.60539e-09 7.8281e-08 6.88901e-10 7.89699e-08
8 _1403_ sg13g2_dfrbpq_1 D - - 0.020239 0 0.618667 8.22386e-06 6.43558e-09 8.2303e-06 1.41804e-09 8.23172e-06
OpenSTA targeted timing report:
Startpoint: _1460_ (rising edge-triggered flip-flop clocked by core)
Endpoint: _1403_ (rising edge-triggered flip-flop clocked by core)
Path Group: core
Path Type: max

Fanout         Cap        Slew       Delay        Time   Description
---------------------------------------------------------------------------------------------
                      0.000000    0.050000    0.050000   clock core (rise edge)
                                  0.050000    0.100000   clock network delay (ideal)
                      0.000000    0.000000    0.100000 ^ _1460_/CLK (sg13g2_dfrbpq_1)
     4    0.014575    0.050464    0.128271    0.228271 ^ _1460_/Q (sg13g2_dfrbpq_1)
                                                         u_gpio_core_gen_input_filter_3__u_filter_diff_ctr_q_0_ (net)
                      0.050464    0.000000    0.228271 ^ _1085_/B (sg13g2_nand2_1)
     3    0.009675    0.048887    0.056092    0.284364 v _1085_/Y (sg13g2_nand2_1)
                                                         _0209_ (net)
                      0.048887    0.000000    0.284364 v _1086_/B (sg13g2_nor2_1)
     3    0.010635    0.079985    0.073722    0.358086 ^ _1086_/Y (sg13g2_nor2_1)
                                                         _0210_ (net)
                      0.079985    0.000000    0.358086 ^ _1087_/A (sg13g2_nand2_1)
     3    0.010941    0.060298    0.067241    0.425327 v _1087_/Y (sg13g2_nand2_1)
                                                         _0211_ (net)
                      0.060298    0.000000    0.425327 v _1193_/B1 (sg13g2_o21ai_1)
     1    0.003674    0.056957    0.035730    0.461057 ^ _1193_/Y (sg13g2_o21ai_1)
                                                         _0279_ (net)
                      0.056957    0.000000    0.461057 ^ _1194_/C (sg13g2_nand3_1)
     1    0.006176    0.056061    0.066399    0.527456 v _1194_/Y (sg13g2_nand3_1)
                                                         _0280_ (net)
                      0.056061    0.000000    0.527456 v _1195_/S (sg13g2_mux2_1)
     1    0.001767    0.020239    0.091211    0.618667 ^ _1195_/X (sg13g2_mux2_1)
                                                         _0149_ (net)
                      0.020239    0.000000    0.618667 ^ _1403_/D (sg13g2_dfrbpq_1)
                                              0.618667   data arrival time

                      0.000000   10.050000   10.050000   clock core (rise edge)
                                  0.050000   10.100000   clock network delay (ideal)
                                 -0.025000   10.075001   clock uncertainty
                                  0.000000   10.075001   clock reconvergence pessimism
                                             10.075001 ^ _1403_/CLK (sg13g2_dfrbpq_1)
                                 -0.070136   10.004865   library setup time
                                             10.004865   data required time
---------------------------------------------------------------------------------------------
                                             10.004865   data required time
                                             -0.618667   data arrival time
---------------------------------------------------------------------------------------------
                                              9.386198   slack (MET)

Hotspot 2: instance=_1474_ selected_worst_paths=none internal=1.0228e-05 switching=3.80497e-07 dynamic=1.06085e-05 leakage=1.545e-09 total=1.06101e-05
Worst path through hotspot: status=met slack=9.35863 type=max group=core
startpoint=_1474_ (rising edge-triggered flip-flop clocked by core)
endpoint=_1401_ (rising edge-triggered flip-flop clocked by core)
path_power_complete=true
path_average_power_sum internal=1.88598e-05 switching=9.83615e-07 dynamic=1.98434e-05 leakage=5.33112e-09 total=1.98487e-05
stage instance cell pins fanout capacitance slew delay arrival internal switching dynamic leakage total
1 _1474_ sg13g2_dfrbpq_1 CLK,Q 3 0.013509 0.047488 0.126044 0.226044 1.0228e-05 3.80497e-07 1.06085e-05 1.545e-09 1.06101e-05
2 _1151_ sg13g2_inv_1 A,Y 2 0.006662 0.02515 0.030152 0.256197 6.74178e-08 2.17857e-07 2.85275e-07 2.03107e-10 2.85478e-07
3 _1152_ sg13g2_nor2_1 B,Y 1 0.003629 0.036993 0.037758 0.293954 4.52283e-08 4.94538e-08 9.46821e-08 2.22543e-10 9.49046e-08
4 _1153_ sg13g2_inv_1 A,Y 2 0.006617 0.023262 0.02793 0.321884 3.1294e-08 1.04957e-07 1.36251e-07 1.93505e-10 1.36445e-07
5 _1154_ sg13g2_nor2_1 B,Y 4 0.014435 0.098098 0.082146 0.40403 2.22321e-08 9.18066e-08 1.14039e-07 2.29436e-10 1.14268e-07
6 _1179_ sg13g2_a22oi_1 B2,Y 1 0.003012 0.046574 0.04761 0.45164 1.37177e-07 9.11009e-08 2.28278e-07 4.92212e-10 2.2877e-07
7 _1180_ sg13g2_nor3_1 C,Y 1 0.006289 0.088073 0.078269 0.529909 2.82025e-08 3.99951e-08 6.81976e-08 3.07826e-10 6.85054e-08
8 _1181_ sg13g2_mux2_1 S,X 1 0.001756 0.022372 0.114497 0.644406 7.6346e-08 1.60539e-09 7.79514e-08 7.19443e-10 7.86708e-08
9 _1401_ sg13g2_dfrbpq_1 D - - 0.022372 0 0.644406 8.22386e-06 6.34134e-09 8.2302e-06 1.41804e-09 8.23162e-06
OpenSTA targeted timing report:
Startpoint: _1474_ (rising edge-triggered flip-flop clocked by core)
Endpoint: _1401_ (rising edge-triggered flip-flop clocked by core)
Path Group: core
Path Type: max

Fanout         Cap        Slew       Delay        Time   Description
---------------------------------------------------------------------------------------------
                      0.000000    0.050000    0.050000   clock core (rise edge)
                                  0.050000    0.100000   clock network delay (ideal)
                      0.000000    0.000000    0.100000 ^ _1474_/CLK (sg13g2_dfrbpq_1)
     3    0.013509    0.047488    0.126044    0.226044 ^ _1474_/Q (sg13g2_dfrbpq_1)
                                                         u_gpio_core_gen_input_filter_1__u_filter_diff_ctr_q_0_ (net)
                      0.047488    0.000000    0.226044 ^ _1151_/A (sg13g2_inv_1)
     2    0.006662    0.025150    0.030152    0.256197 v _1151_/Y (sg13g2_inv_1)
                                                         _0248_ (net)
                      0.025150    0.000000    0.256197 v _1152_/B (sg13g2_nor2_1)
     1    0.003629    0.036993    0.037758    0.293954 ^ _1152_/Y (sg13g2_nor2_1)
                                                         _0249_ (net)
                      0.036993    0.000000    0.293954 ^ _1153_/A (sg13g2_inv_1)
     2    0.006617    0.023262    0.027930    0.321884 v _1153_/Y (sg13g2_inv_1)
                                                         _0250_ (net)
                      0.023262    0.000000    0.321884 v _1154_/B (sg13g2_nor2_1)
     4    0.014435    0.098098    0.082146    0.404030 ^ _1154_/Y (sg13g2_nor2_1)
                                                         _0251_ (net)
                      0.098098    0.000000    0.404030 ^ _1179_/B2 (sg13g2_a22oi_1)
     1    0.003012    0.046574    0.047610    0.451640 v _1179_/Y (sg13g2_a22oi_1)
                                                         _0269_ (net)
                      0.046574    0.000000    0.451640 v _1180_/C (sg13g2_nor3_1)
     1    0.006289    0.088073    0.078269    0.529909 ^ _1180_/Y (sg13g2_nor3_1)
                                                         _0270_ (net)
                      0.088073    0.000000    0.529909 ^ _1181_/S (sg13g2_mux2_1)
     1    0.001756    0.022372    0.114497    0.644406 v _1181_/X (sg13g2_mux2_1)
                                                         _0147_ (net)
                      0.022372    0.000000    0.644406 v _1401_/D (sg13g2_dfrbpq_1)
                                              0.644406   data arrival time

                      0.000000   10.050000   10.050000   clock core (rise edge)
                                  0.050000   10.100000   clock network delay (ideal)
                                 -0.025000   10.075001   clock uncertainty
                                  0.000000   10.075001   clock reconvergence pessimism
                                             10.075001 ^ _1401_/CLK (sg13g2_dfrbpq_1)
                                 -0.071969   10.003033   library setup time
                                             10.003033   data required time
---------------------------------------------------------------------------------------------
                                             10.003033   data required time
                                             -0.644406   data arrival time
---------------------------------------------------------------------------------------------
                                              9.358626   slack (MET)

Hotspot 3: instance=_1467_ selected_worst_paths=none internal=1.02234e-05 switching=2.05415e-07 dynamic=1.04288e-05 leakage=1.54504e-09 total=1.04303e-05
Worst path through hotspot: status=met slack=9.37904 type=max group=core
startpoint=_1467_ (rising edge-triggered flip-flop clocked by core)
endpoint=_1402_ (rising edge-triggered flip-flop clocked by core)
path_power_complete=true
path_average_power_sum internal=1.8815e-05 switching=8.0086e-07 dynamic=1.96159e-05 leakage=5.22008e-09 total=1.96211e-05
stage instance cell pins fanout capacitance slew delay arrival internal switching dynamic leakage total
1 _1467_ sg13g2_dfrbpq_1 CLK,Q 2 0.007293 0.030128 0.113055 0.213055 1.02234e-05 2.05415e-07 1.04288e-05 1.54504e-09 1.04303e-05
2 _1169_ sg13g2_nand2_1 B,Y 3 0.010029 0.048516 0.052531 0.265586 5.21489e-08 1.47725e-07 1.99874e-07 3.28809e-10 2.00202e-07
3 _1170_ sg13g2_nor2_1 B,Y 4 0.014464 0.101249 0.090325 0.355911 2.23772e-08 9.19913e-08 1.14369e-07 2.29421e-10 1.14598e-07
4 _1185_ sg13g2_a21oi_1 A1,Y 2 0.006695 0.05566 0.067805 0.423716 1.03345e-07 2.3092e-07 3.34265e-07 3.95304e-10 3.3466e-07
5 _1188_ sg13g2_nor2_1 A,Y 1 0.003674 0.042802 0.047158 0.470874 7.78825e-08 7.67739e-08 1.54656e-07 2.17108e-10 1.54873e-07
6 _1189_ sg13g2_nand3_1 C,Y 1 0.006176 0.056168 0.063704 0.534577 3.53824e-08 3.99951e-08 7.53775e-08 3.97467e-10 7.5775e-08
7 _1190_ sg13g2_mux2_1 S,X 1 0.001767 0.020239 0.091242 0.625819 7.66724e-08 1.60539e-09 7.82778e-08 6.88894e-10 7.89667e-08
8 _1402_ sg13g2_dfrbpq_1 D - - 0.020239 0 0.625819 8.22386e-06 6.43558e-09 8.2303e-06 1.41804e-09 8.23172e-06
OpenSTA targeted timing report:
Startpoint: _1467_ (rising edge-triggered flip-flop clocked by core)
Endpoint: _1402_ (rising edge-triggered flip-flop clocked by core)
Path Group: core
Path Type: max

Fanout         Cap        Slew       Delay        Time   Description
---------------------------------------------------------------------------------------------
                      0.000000    0.050000    0.050000   clock core (rise edge)
                                  0.050000    0.100000   clock network delay (ideal)
                      0.000000    0.000000    0.100000 ^ _1467_/CLK (sg13g2_dfrbpq_1)
     2    0.007293    0.030128    0.113055    0.213055 ^ _1467_/Q (sg13g2_dfrbpq_1)
                                                         u_gpio_core_gen_input_filter_2__u_filter_diff_ctr_q_0_ (net)
                      0.030128    0.000000    0.213055 ^ _1169_/B (sg13g2_nand2_1)
     3    0.010029    0.048516    0.052531    0.265586 v _1169_/Y (sg13g2_nand2_1)
                                                         _0261_ (net)
                      0.048516    0.000000    0.265586 v _1170_/B (sg13g2_nor2_1)
     4    0.014464    0.101249    0.090325    0.355911 ^ _1170_/Y (sg13g2_nor2_1)
                                                         _0262_ (net)
                      0.101249    0.000000    0.355911 ^ _1185_/A1 (sg13g2_a21oi_1)
     2    0.006695    0.055660    0.067805    0.423716 v _1185_/Y (sg13g2_a21oi_1)
                                                         _0273_ (net)
                      0.055660    0.000000    0.423716 v _1188_/A (sg13g2_nor2_1)
     1    0.003674    0.042802    0.047158    0.470874 ^ _1188_/Y (sg13g2_nor2_1)
                                                         _0276_ (net)
                      0.042802    0.000000    0.470874 ^ _1189_/C (sg13g2_nand3_1)
     1    0.006176    0.056168    0.063704    0.534577 v _1189_/Y (sg13g2_nand3_1)
                                                         _0277_ (net)
                      0.056168    0.000000    0.534577 v _1190_/S (sg13g2_mux2_1)
     1    0.001767    0.020239    0.091242    0.625819 ^ _1190_/X (sg13g2_mux2_1)
                                                         _0148_ (net)
                      0.020239    0.000000    0.625819 ^ _1402_/D (sg13g2_dfrbpq_1)
                                              0.625819   data arrival time

                      0.000000   10.050000   10.050000   clock core (rise edge)
                                  0.050000   10.100000   clock network delay (ideal)
                                 -0.025000   10.075001   clock uncertainty
                                  0.000000   10.075001   clock reconvergence pessimism
                                             10.075001 ^ _1402_/CLK (sg13g2_dfrbpq_1)
                                 -0.070136   10.004865   library setup time
                                             10.004865   data required time
---------------------------------------------------------------------------------------------
                                             10.004865   data required time
                                             -0.625819   data arrival time
---------------------------------------------------------------------------------------------
                                              9.379045   slack (MET)

Hotspot 4: instance=_1481_ selected_worst_paths=none internal=1.02214e-05 switching=7.50026e-08 dynamic=1.02964e-05 leakage=1.54501e-09 total=1.0298e-05
Worst path through hotspot: status=met slack=9.31901 type=max group=core
startpoint=_1481_ (rising edge-triggered flip-flop clocked by core)
endpoint=_1400_ (rising edge-triggered flip-flop clocked by core)
path_power_complete=true
path_average_power_sum internal=1.91661e-05 switching=1.24362e-06 dynamic=2.04097e-05 leakage=6.04867e-09 total=2.04158e-05
stage instance cell pins fanout capacitance slew delay arrival internal switching dynamic leakage total
1 _1481_ sg13g2_dfrbpq_1 CLK,Q 1 0.002663 0.017197 0.10338 0.20338 1.02214e-05 7.50026e-08 1.02964e-05 1.54501e-09 1.0298e-05
2 gain42 sg13g2_buf_1 A,X 4 0.018388 0.061216 0.071642 0.275021 2.31973e-07 5.17917e-07 7.4989e-07 2.81572e-10 7.50172e-07
3 _1128_ sg13g2_inv_1 A,Y 1 0.003561 0.020775 0.025763 0.300784 6.84058e-08 1.02042e-07 1.70448e-07 2.03086e-10 1.70651e-07
4 _1130_ sg13g2_nor2_1 A,Y 2 0.008015 0.06159 0.058731 0.359516 5.35445e-08 1.09231e-07 1.62776e-07 2.22562e-10 1.62998e-07
5 _1131_ sg13g2_nand2_1 A,Y 2 0.007035 0.043331 0.048883 0.408399 4.52093e-08 9.59723e-08 1.41182e-07 3.17606e-10 1.41499e-07
6 _1136_ sg13g2_inv_1 A,Y 2 0.006798 0.031316 0.032723 0.441122 3.23879e-08 9.92245e-08 1.31612e-07 1.47022e-10 1.31759e-07
7 _1145_ sg13g2_nand2_1 A,Y 3 0.010941 0.052575 0.053386 0.494509 3.17597e-08 1.09351e-07 1.41111e-07 3.12058e-10 1.41423e-07
8 _1176_ sg13g2_o21ai_1 B1,Y 1 0.00354 0.05603 0.033588 0.528097 1.05225e-07 8.68457e-08 1.9207e-07 4.14478e-10 1.92485e-07
9 _1177_ sg13g2_nand3b_1 B,Y 1 0.006176 0.056646 0.066381 0.594478 7.55986e-08 3.99951e-08 1.15594e-07 4.98321e-10 1.16092e-07
10 _1178_ sg13g2_mux2_1 S,X 1 0.001767 0.020239 0.091378 0.685856 7.6693e-08 1.60539e-09 7.82984e-08 6.88914e-10 7.89873e-08
11 _1400_ sg13g2_dfrbpq_1 D - - 0.020239 0 0.685856 8.22386e-06 6.43558e-09 8.2303e-06 1.41804e-09 8.23172e-06
OpenSTA targeted timing report:
Startpoint: _1481_ (rising edge-triggered flip-flop clocked by core)
Endpoint: _1400_ (rising edge-triggered flip-flop clocked by core)
Path Group: core
Path Type: max

Fanout         Cap        Slew       Delay        Time   Description
---------------------------------------------------------------------------------------------
                      0.000000    0.050000    0.050000   clock core (rise edge)
                                  0.050000    0.100000   clock network delay (ideal)
                      0.000000    0.000000    0.100000 ^ _1481_/CLK (sg13g2_dfrbpq_1)
     1    0.002663    0.017197    0.103380    0.203380 ^ _1481_/Q (sg13g2_dfrbpq_1)
                                                         u_gpio_core_gen_input_filter_0__u_filter_diff_ctr_q_0_ (net)
                      0.017197    0.000000    0.203380 ^ gain42/A (sg13g2_buf_1)
     4    0.018388    0.061216    0.071642    0.275021 ^ gain42/X (sg13g2_buf_1)
                                                         net41 (net)
                      0.061216    0.000000    0.275021 ^ _1128_/A (sg13g2_inv_1)
     1    0.003561    0.020775    0.025763    0.300784 v _1128_/Y (sg13g2_inv_1)
                                                         _0231_ (net)
                      0.020775    0.000000    0.300784 v _1130_/A (sg13g2_nor2_1)
     2    0.008015    0.061590    0.058731    0.359516 ^ _1130_/Y (sg13g2_nor2_1)
                                                         _0233_ (net)
                      0.061590    0.000000    0.359516 ^ _1131_/A (sg13g2_nand2_1)
     2    0.007035    0.043331    0.048883    0.408399 v _1131_/Y (sg13g2_nand2_1)
                                                         _0234_ (net)
                      0.043331    0.000000    0.408399 v _1136_/A (sg13g2_inv_1)
     2    0.006798    0.031316    0.032723    0.441122 ^ _1136_/Y (sg13g2_inv_1)
                                                         _0238_ (net)
                      0.031316    0.000000    0.441122 ^ _1145_/A (sg13g2_nand2_1)
     3    0.010941    0.052575    0.053386    0.494509 v _1145_/Y (sg13g2_nand2_1)
                                                         _0244_ (net)
                      0.052575    0.000000    0.494509 v _1176_/B1 (sg13g2_o21ai_1)
     1    0.003540    0.056030    0.033588    0.528097 ^ _1176_/Y (sg13g2_o21ai_1)
                                                         _0267_ (net)
                      0.056030    0.000000    0.528097 ^ _1177_/B (sg13g2_nand3b_1)
     1    0.006176    0.056646    0.066381    0.594478 v _1177_/Y (sg13g2_nand3b_1)
                                                         _0268_ (net)
                      0.056646    0.000000    0.594478 v _1178_/S (sg13g2_mux2_1)
     1    0.001767    0.020239    0.091378    0.685856 ^ _1178_/X (sg13g2_mux2_1)
                                                         _0146_ (net)
                      0.020239    0.000000    0.685856 ^ _1400_/D (sg13g2_dfrbpq_1)
                                              0.685856   data arrival time

                      0.000000   10.050000   10.050000   clock core (rise edge)
                                  0.050000   10.100000   clock network delay (ideal)
                                 -0.025000   10.075001   clock uncertainty
                                  0.000000   10.075001   clock reconvergence pessimism
                                             10.075001 ^ _1400_/CLK (sg13g2_dfrbpq_1)
                                 -0.070136   10.004865   library setup time
                                             10.004865   data required time
---------------------------------------------------------------------------------------------
                                             10.004865   data required time
                                             -0.685856   data arrival time
---------------------------------------------------------------------------------------------
                                              9.319009   slack (MET)

Hotspot 5: instance=_1482_ selected_worst_paths=none internal=9.73462e-06 switching=1.34743e-07 dynamic=9.86936e-06 leakage=1.53702e-09 total=9.8709e-06
Worst path through hotspot: status=met slack=9.37672 type=max group=core
startpoint=_1482_ (rising edge-triggered flip-flop clocked by core)
endpoint=_1400_ (rising edge-triggered flip-flop clocked by core)
path_power_complete=true
path_average_power_sum internal=1.8411e-05 switching=8.02101e-07 dynamic=1.92131e-05 leakage=5.7591e-09 total=1.92189e-05
stage instance cell pins fanout capacitance slew delay arrival internal switching dynamic leakage total
1 _1482_ sg13g2_dfrbpq_1 CLK,Q 2 0.009887 0.037372 0.118475 0.218475 9.73462e-06 1.34743e-07 9.86936e-06 1.53702e-09 9.8709e-06
2 _1129_ sg13g2_inv_1 A,Y 2 0.006532 0.023149 0.027837 0.246312 3.21151e-08 1.18697e-07 1.50812e-07 2.03078e-10 1.51015e-07
3 _1130_ sg13g2_nor2_1 B,Y 2 0.008015 0.06159 0.055492 0.301804 5.35445e-08 1.09231e-07 1.62776e-07 2.22562e-10 1.62998e-07
4 _1131_ sg13g2_nand2_1 A,Y 2 0.007035 0.043331 0.048883 0.350687 4.52093e-08 9.59723e-08 1.41182e-07 3.17606e-10 1.41499e-07
5 _1136_ sg13g2_inv_1 A,Y 2 0.006798 0.031316 0.032723 0.38341 3.23879e-08 9.92245e-08 1.31612e-07 1.47022e-10 1.31759e-07
6 _1145_ sg13g2_nand2_1 A,Y 3 0.010941 0.052575 0.053386 0.436797 3.17597e-08 1.09351e-07 1.41111e-07 3.12058e-10 1.41423e-07
7 _1176_ sg13g2_o21ai_1 B1,Y 1 0.00354 0.05603 0.033588 0.470385 1.05225e-07 8.68457e-08 1.9207e-07 4.14478e-10 1.92485e-07
8 _1177_ sg13g2_nand3b_1 B,Y 1 0.006176 0.056646 0.066381 0.536766 7.55986e-08 3.99951e-08 1.15594e-07 4.98321e-10 1.16092e-07
9 _1178_ sg13g2_mux2_1 S,X 1 0.001767 0.020239 0.091378 0.628144 7.6693e-08 1.60539e-09 7.82984e-08 6.88914e-10 7.89873e-08
10 _1400_ sg13g2_dfrbpq_1 D - - 0.020239 0 0.628144 8.22386e-06 6.43558e-09 8.2303e-06 1.41804e-09 8.23172e-06
OpenSTA targeted timing report:
Startpoint: _1482_ (rising edge-triggered flip-flop clocked by core)
Endpoint: _1400_ (rising edge-triggered flip-flop clocked by core)
Path Group: core
Path Type: max

Fanout         Cap        Slew       Delay        Time   Description
---------------------------------------------------------------------------------------------
                      0.000000    0.050000    0.050000   clock core (rise edge)
                                  0.050000    0.100000   clock network delay (ideal)
                      0.000000    0.000000    0.100000 ^ _1482_/CLK (sg13g2_dfrbpq_1)
     2    0.009887    0.037372    0.118475    0.218475 ^ _1482_/Q (sg13g2_dfrbpq_1)
                                                         u_gpio_core_gen_input_filter_0__u_filter_diff_ctr_q_1_ (net)
                      0.037372    0.000000    0.218475 ^ _1129_/A (sg13g2_inv_1)
     2    0.006532    0.023149    0.027837    0.246312 v _1129_/Y (sg13g2_inv_1)
                                                         _0232_ (net)
                      0.023149    0.000000    0.246312 v _1130_/B (sg13g2_nor2_1)
     2    0.008015    0.061590    0.055492    0.301804 ^ _1130_/Y (sg13g2_nor2_1)
                                                         _0233_ (net)
                      0.061590    0.000000    0.301804 ^ _1131_/A (sg13g2_nand2_1)
     2    0.007035    0.043331    0.048883    0.350687 v _1131_/Y (sg13g2_nand2_1)
                                                         _0234_ (net)
                      0.043331    0.000000    0.350687 v _1136_/A (sg13g2_inv_1)
     2    0.006798    0.031316    0.032723    0.383410 ^ _1136_/Y (sg13g2_inv_1)
                                                         _0238_ (net)
                      0.031316    0.000000    0.383410 ^ _1145_/A (sg13g2_nand2_1)
     3    0.010941    0.052575    0.053386    0.436797 v _1145_/Y (sg13g2_nand2_1)
                                                         _0244_ (net)
                      0.052575    0.000000    0.436797 v _1176_/B1 (sg13g2_o21ai_1)
     1    0.003540    0.056030    0.033588    0.470385 ^ _1176_/Y (sg13g2_o21ai_1)
                                                         _0267_ (net)
                      0.056030    0.000000    0.470385 ^ _1177_/B (sg13g2_nand3b_1)
     1    0.006176    0.056646    0.066381    0.536766 v _1177_/Y (sg13g2_nand3b_1)
                                                         _0268_ (net)
                      0.056646    0.000000    0.536766 v _1178_/S (sg13g2_mux2_1)
     1    0.001767    0.020239    0.091378    0.628144 ^ _1178_/X (sg13g2_mux2_1)
                                                         _0146_ (net)
                      0.020239    0.000000    0.628144 ^ _1400_/D (sg13g2_dfrbpq_1)
                                              0.628144   data arrival time

                      0.000000   10.050000   10.050000   clock core (rise edge)
                                  0.050000   10.100000   clock network delay (ideal)
                                 -0.025000   10.075001   clock uncertainty
                                  0.000000   10.075001   clock reconvergence pessimism
                                             10.075001 ^ _1400_/CLK (sg13g2_dfrbpq_1)
                                 -0.070136   10.004865   library setup time
                                             10.004865   data required time
---------------------------------------------------------------------------------------------
                                             10.004865   data required time
                                             -0.628144   data arrival time
---------------------------------------------------------------------------------------------
                                              9.376721   slack (MET)

Hotspot 6: instance=_1475_ selected_worst_paths=none internal=9.67185e-06 switching=1.92322e-07 dynamic=9.86418e-06 leakage=1.53701e-09 total=9.86571e-06
Worst path through hotspot: status=met slack=9.36097 type=max group=core
startpoint=_1475_ (rising edge-triggered flip-flop clocked by core)
endpoint=_1401_ (rising edge-triggered flip-flop clocked by core)
path_power_complete=true
path_average_power_sum internal=1.82682e-05 switching=6.26958e-07 dynamic=1.88951e-05 leakage=5.3231e-09 total=1.89005e-05
stage instance cell pins fanout capacitance slew delay arrival internal switching dynamic leakage total
1 _1475_ sg13g2_dfrbpq_1 CLK,Q 3 0.014112 0.04917 0.127303 0.227303 9.67185e-06 1.92322e-07 9.86418e-06 1.53701e-09 9.86571e-06
2 _1150_ sg13g2_inv_1 A,Y 1 0.003561 0.018827 0.02381 0.251113 3.19726e-08 4.93751e-08 8.13477e-08 2.03086e-10 8.15508e-08
3 _1152_ sg13g2_nor2_1 A,Y 1 0.003629 0.036993 0.040502 0.291616 4.52283e-08 4.94538e-08 9.46821e-08 2.22543e-10 9.49046e-08
4 _1153_ sg13g2_inv_1 A,Y 2 0.006617 0.023262 0.02793 0.319545 3.1294e-08 1.04957e-07 1.36251e-07 1.93505e-10 1.36445e-07
5 _1154_ sg13g2_nor2_1 B,Y 4 0.014435 0.098098 0.082146 0.401692 2.22321e-08 9.18066e-08 1.14039e-07 2.29436e-10 1.14268e-07
6 _1179_ sg13g2_a22oi_1 B2,Y 1 0.003012 0.046574 0.04761 0.449302 1.37177e-07 9.11009e-08 2.28278e-07 4.92212e-10 2.2877e-07
7 _1180_ sg13g2_nor3_1 C,Y 1 0.006289 0.088073 0.078269 0.52757 2.82025e-08 3.99951e-08 6.81976e-08 3.07826e-10 6.85054e-08
8 _1181_ sg13g2_mux2_1 S,X 1 0.001756 0.022372 0.114497 0.642068 7.6346e-08 1.60539e-09 7.79514e-08 7.19443e-10 7.86708e-08
9 _1401_ sg13g2_dfrbpq_1 D - - 0.022372 0 0.642068 8.22386e-06 6.34134e-09 8.2302e-06 1.41804e-09 8.23162e-06
OpenSTA targeted timing report:
Startpoint: _1475_ (rising edge-triggered flip-flop clocked by core)
Endpoint: _1401_ (rising edge-triggered flip-flop clocked by core)
Path Group: core
Path Type: max

Fanout         Cap        Slew       Delay        Time   Description
---------------------------------------------------------------------------------------------
                      0.000000    0.050000    0.050000   clock core (rise edge)
                                  0.050000    0.100000   clock network delay (ideal)
                      0.000000    0.000000    0.100000 ^ _1475_/CLK (sg13g2_dfrbpq_1)
     3    0.014112    0.049170    0.127303    0.227303 ^ _1475_/Q (sg13g2_dfrbpq_1)
                                                         u_gpio_core_gen_input_filter_1__u_filter_diff_ctr_q_1_ (net)
                      0.049170    0.000000    0.227303 ^ _1150_/A (sg13g2_inv_1)
     1    0.003561    0.018827    0.023810    0.251113 v _1150_/Y (sg13g2_inv_1)
                                                         _0247_ (net)
                      0.018827    0.000000    0.251113 v _1152_/A (sg13g2_nor2_1)
     1    0.003629    0.036993    0.040502    0.291616 ^ _1152_/Y (sg13g2_nor2_1)
                                                         _0249_ (net)
                      0.036993    0.000000    0.291616 ^ _1153_/A (sg13g2_inv_1)
     2    0.006617    0.023262    0.027930    0.319545 v _1153_/Y (sg13g2_inv_1)
                                                         _0250_ (net)
                      0.023262    0.000000    0.319545 v _1154_/B (sg13g2_nor2_1)
     4    0.014435    0.098098    0.082146    0.401692 ^ _1154_/Y (sg13g2_nor2_1)
                                                         _0251_ (net)
                      0.098098    0.000000    0.401692 ^ _1179_/B2 (sg13g2_a22oi_1)
     1    0.003012    0.046574    0.047610    0.449302 v _1179_/Y (sg13g2_a22oi_1)
                                                         _0269_ (net)
                      0.046574    0.000000    0.449302 v _1180_/C (sg13g2_nor3_1)
     1    0.006289    0.088073    0.078269    0.527570 ^ _1180_/Y (sg13g2_nor3_1)
                                                         _0270_ (net)
                      0.088073    0.000000    0.527570 ^ _1181_/S (sg13g2_mux2_1)
     1    0.001756    0.022372    0.114497    0.642068 v _1181_/X (sg13g2_mux2_1)
                                                         _0147_ (net)
                      0.022372    0.000000    0.642068 v _1401_/D (sg13g2_dfrbpq_1)
                                              0.642068   data arrival time

                      0.000000   10.050000   10.050000   clock core (rise edge)
                                  0.050000   10.100000   clock network delay (ideal)
                                 -0.025000   10.075001   clock uncertainty
                                  0.000000   10.075001   clock reconvergence pessimism
                                             10.075001 ^ _1401_/CLK (sg13g2_dfrbpq_1)
                                 -0.071969   10.003033   library setup time
                                             10.003033   data required time
---------------------------------------------------------------------------------------------
                                             10.003033   data required time
                                             -0.642068   data arrival time
---------------------------------------------------------------------------------------------
                                              9.360965   slack (MET)

Hotspot 7: instance=_1461_ selected_worst_paths=none internal=9.6698e-06 switching=9.57882e-08 dynamic=9.76559e-06 leakage=1.53701e-09 total=9.76712e-06
Worst path through hotspot: status=met slack=9.40905 type=max group=core
startpoint=_1461_ (rising edge-triggered flip-flop clocked by core)
endpoint=_1403_ (rising edge-triggered flip-flop clocked by core)
path_power_complete=true
path_average_power_sum internal=1.81867e-05 switching=5.07974e-07 dynamic=1.86947e-05 leakage=5.33032e-09 total=1.87e-05
stage instance cell pins fanout capacitance slew delay arrival internal switching dynamic leakage total
1 _1461_ sg13g2_dfrbpq_1 CLK,Q 2 0.007013 0.029346 0.11247 0.21247 9.6698e-06 9.57882e-08 9.76559e-06 1.53701e-09 9.76712e-06
2 _1085_ sg13g2_nand2_1 A,Y 3 0.009675 0.048887 0.049042 0.261511 5.22834e-08 1.50148e-07 2.02432e-07 3.28804e-10 2.0276e-07
3 _1086_ sg13g2_nor2_1 B,Y 3 0.010635 0.079985 0.073722 0.335233 2.19976e-08 6.76412e-08 8.96388e-08 2.29428e-10 8.98682e-08
4 _1087_ sg13g2_nand2_1 A,Y 3 0.010941 0.060298 0.067241 0.402474 2.14636e-08 6.95869e-08 9.10505e-08 3.1208e-10 9.13626e-08
5 _1193_ sg13g2_o21ai_1 B1,Y 1 0.003674 0.056957 0.03573 0.438205 8.53208e-08 7.67739e-08 1.62095e-07 4.18715e-10 1.62513e-07
6 _1194_ sg13g2_nand3_1 C,Y 1 0.006176 0.056061 0.066399 0.504603 3.52944e-08 3.99951e-08 7.52895e-08 3.97348e-10 7.56868e-08
7 _1195_ sg13g2_mux2_1 S,X 1 0.001767 0.020239 0.091211 0.595815 7.66757e-08 1.60539e-09 7.8281e-08 6.88901e-10 7.89699e-08
8 _1403_ sg13g2_dfrbpq_1 D - - 0.020239 0 0.595815 8.22386e-06 6.43558e-09 8.2303e-06 1.41804e-09 8.23172e-06
OpenSTA targeted timing report:
Startpoint: _1461_ (rising edge-triggered flip-flop clocked by core)
Endpoint: _1403_ (rising edge-triggered flip-flop clocked by core)
Path Group: core
Path Type: max

Fanout         Cap        Slew       Delay        Time   Description
---------------------------------------------------------------------------------------------
                      0.000000    0.050000    0.050000   clock core (rise edge)
                                  0.050000    0.100000   clock network delay (ideal)
                      0.000000    0.000000    0.100000 ^ _1461_/CLK (sg13g2_dfrbpq_1)
     2    0.007013    0.029346    0.112470    0.212470 ^ _1461_/Q (sg13g2_dfrbpq_1)
                                                         u_gpio_core_gen_input_filter_3__u_filter_diff_ctr_q_1_ (net)
                      0.029346    0.000000    0.212470 ^ _1085_/A (sg13g2_nand2_1)
     3    0.009675    0.048887    0.049042    0.261511 v _1085_/Y (sg13g2_nand2_1)
                                                         _0209_ (net)
                      0.048887    0.000000    0.261511 v _1086_/B (sg13g2_nor2_1)
     3    0.010635    0.079985    0.073722    0.335233 ^ _1086_/Y (sg13g2_nor2_1)
                                                         _0210_ (net)
                      0.079985    0.000000    0.335233 ^ _1087_/A (sg13g2_nand2_1)
     3    0.010941    0.060298    0.067241    0.402474 v _1087_/Y (sg13g2_nand2_1)
                                                         _0211_ (net)
                      0.060298    0.000000    0.402474 v _1193_/B1 (sg13g2_o21ai_1)
     1    0.003674    0.056957    0.035730    0.438205 ^ _1193_/Y (sg13g2_o21ai_1)
                                                         _0279_ (net)
                      0.056957    0.000000    0.438205 ^ _1194_/C (sg13g2_nand3_1)
     1    0.006176    0.056061    0.066399    0.504603 v _1194_/Y (sg13g2_nand3_1)
                                                         _0280_ (net)
                      0.056061    0.000000    0.504603 v _1195_/S (sg13g2_mux2_1)
     1    0.001767    0.020239    0.091211    0.595815 ^ _1195_/X (sg13g2_mux2_1)
                                                         _0149_ (net)
                      0.020239    0.000000    0.595815 ^ _1403_/D (sg13g2_dfrbpq_1)
                                              0.595815   data arrival time

                      0.000000   10.050000   10.050000   clock core (rise edge)
                                  0.050000   10.100000   clock network delay (ideal)
                                 -0.025000   10.075001   clock uncertainty
                                  0.000000   10.075001   clock reconvergence pessimism
                                             10.075001 ^ _1403_/CLK (sg13g2_dfrbpq_1)
                                 -0.070136   10.004865   library setup time
                                             10.004865   data required time
---------------------------------------------------------------------------------------------
                                             10.004865   data required time
                                             -0.595815   data arrival time
---------------------------------------------------------------------------------------------
                                              9.409050   slack (MET)

Hotspot 8: instance=_1468_ selected_worst_paths=none internal=9.66915e-06 switching=8.40069e-08 dynamic=9.75315e-06 leakage=1.53701e-09 total=9.75469e-06
Worst path through hotspot: status=met slack=9.38484 type=max group=core
startpoint=_1468_ (rising edge-triggered flip-flop clocked by core)
endpoint=_1402_ (rising edge-triggered flip-flop clocked by core)
path_power_complete=true
path_average_power_sum internal=1.82608e-05 switching=6.79452e-07 dynamic=1.89403e-05 leakage=5.21205e-09 total=1.89455e-05
stage instance cell pins fanout capacitance slew delay arrival internal switching dynamic leakage total
1 _1468_ sg13g2_dfrbpq_1 CLK,Q 2 0.006042 0.026634 0.11044 0.21044 9.66915e-06 8.40069e-08 9.75315e-06 1.53701e-09 9.75469e-06
2 _1169_ sg13g2_nand2_1 A,Y 3 0.010029 0.048516 0.049356 0.259796 5.21489e-08 1.47725e-07 1.99874e-07 3.28809e-10 2.00202e-07
3 _1170_ sg13g2_nor2_1 B,Y 4 0.014464 0.101249 0.090325 0.350121 2.23772e-08 9.19913e-08 1.14369e-07 2.29421e-10 1.14598e-07
4 _1185_ sg13g2_a21oi_1 A1,Y 2 0.006695 0.05566 0.067805 0.417926 1.03345e-07 2.3092e-07 3.34265e-07 3.95304e-10 3.3466e-07
5 _1188_ sg13g2_nor2_1 A,Y 1 0.003674 0.042802 0.047158 0.465084 7.78825e-08 7.67739e-08 1.54656e-07 2.17108e-10 1.54873e-07
6 _1189_ sg13g2_nand3_1 C,Y 1 0.006176 0.056168 0.063704 0.528788 3.53824e-08 3.99951e-08 7.53775e-08 3.97467e-10 7.5775e-08
7 _1190_ sg13g2_mux2_1 S,X 1 0.001767 0.020239 0.091242 0.62003 7.66724e-08 1.60539e-09 7.82778e-08 6.88894e-10 7.89667e-08
8 _1402_ sg13g2_dfrbpq_1 D - - 0.020239 0 0.62003 8.22386e-06 6.43558e-09 8.2303e-06 1.41804e-09 8.23172e-06
OpenSTA targeted timing report:
Startpoint: _1468_ (rising edge-triggered flip-flop clocked by core)
Endpoint: _1402_ (rising edge-triggered flip-flop clocked by core)
Path Group: core
Path Type: max

Fanout         Cap        Slew       Delay        Time   Description
---------------------------------------------------------------------------------------------
                      0.000000    0.050000    0.050000   clock core (rise edge)
                                  0.050000    0.100000   clock network delay (ideal)
                      0.000000    0.000000    0.100000 ^ _1468_/CLK (sg13g2_dfrbpq_1)
     2    0.006042    0.026634    0.110440    0.210440 ^ _1468_/Q (sg13g2_dfrbpq_1)
                                                         u_gpio_core_gen_input_filter_2__u_filter_diff_ctr_q_1_ (net)
                      0.026634    0.000000    0.210440 ^ _1169_/A (sg13g2_nand2_1)
     3    0.010029    0.048516    0.049356    0.259796 v _1169_/Y (sg13g2_nand2_1)
                                                         _0261_ (net)
                      0.048516    0.000000    0.259796 v _1170_/B (sg13g2_nor2_1)
     4    0.014464    0.101249    0.090325    0.350121 ^ _1170_/Y (sg13g2_nor2_1)
                                                         _0262_ (net)
                      0.101249    0.000000    0.350121 ^ _1185_/A1 (sg13g2_a21oi_1)
     2    0.006695    0.055660    0.067805    0.417926 v _1185_/Y (sg13g2_a21oi_1)
                                                         _0273_ (net)
                      0.055660    0.000000    0.417926 v _1188_/A (sg13g2_nor2_1)
     1    0.003674    0.042802    0.047158    0.465084 ^ _1188_/Y (sg13g2_nor2_1)
                                                         _0276_ (net)
                      0.042802    0.000000    0.465084 ^ _1189_/C (sg13g2_nand3_1)
     1    0.006176    0.056168    0.063704    0.528788 v _1189_/Y (sg13g2_nand3_1)
                                                         _0277_ (net)
                      0.056168    0.000000    0.528788 v _1190_/S (sg13g2_mux2_1)
     1    0.001767    0.020239    0.091242    0.620030 ^ _1190_/X (sg13g2_mux2_1)
                                                         _0148_ (net)
                      0.020239    0.000000    0.620030 ^ _1402_/D (sg13g2_dfrbpq_1)
                                              0.620030   data arrival time

                      0.000000   10.050000   10.050000   clock core (rise edge)
                                  0.050000   10.100000   clock network delay (ideal)
                                 -0.025000   10.075001   clock uncertainty
                                  0.000000   10.075001   clock reconvergence pessimism
                                             10.075001 ^ _1402_/CLK (sg13g2_dfrbpq_1)
                                 -0.070136   10.004865   library setup time
                                             10.004865   data required time
---------------------------------------------------------------------------------------------
                                             10.004865   data required time
                                             -0.620030   data arrival time
---------------------------------------------------------------------------------------------
                                              9.384835   slack (MET)

Hotspot 9: instance=_1489_ selected_worst_paths=13 internal=9.59248e-06 switching=5.61631e-08 dynamic=9.64865e-06 leakage=1.55166e-09 total=9.6502e-06
Worst path through hotspot: status=met slack=7.90097 type=max group=asynchronous
startpoint=rst_ni (input port clocked by core)
endpoint=_1489_ (recovery check against rising-edge clock core)
path_power_complete=true
path_average_power_sum internal=9.59248e-06 switching=5.61631e-08 dynamic=9.64865e-06 leakage=1.55166e-09 total=9.6502e-06
stage instance cell pins fanout capacitance slew delay arrival internal switching dynamic leakage total
1 _1489_ sg13g2_dfrbpq_1 RESET_B - - 0.002473 0 2.10247 9.59248e-06 5.61631e-08 9.64865e-06 1.55166e-09 9.6502e-06
OpenSTA targeted timing report:
Startpoint: rst_ni (input port clocked by core)
Endpoint: _1489_ (recovery check against rising-edge clock core)
Path Group: asynchronous
Path Type: max

Fanout         Cap        Slew       Delay        Time   Description
---------------------------------------------------------------------------------------------
                      0.000000    0.050000    0.050000   clock core (rise edge)
                                  0.050000    0.100000   clock network delay (ideal)
                                  2.000000    2.100000 ^ input external delay
     4    0.024726    0.002473    0.002473    2.102473 ^ rst_ni (in)
                                                         rst_ni (net)
                      0.002473    0.000000    2.102473 ^ _1489_/RESET_B (sg13g2_dfrbpq_1)
                                              2.102473   data arrival time

                      0.000000   10.050000   10.050000   clock core (rise edge)
                                  0.050000   10.100000   clock network delay (ideal)
                                 -0.025000   10.075001   clock uncertainty
                                  0.000000   10.075001   clock reconvergence pessimism
                                             10.075001 ^ _1489_/CLK (sg13g2_dfrbpq_1)
                                 -0.071564   10.003437   library recovery time
                                             10.003437   data required time
---------------------------------------------------------------------------------------------
                                             10.003437   data required time
                                             -2.102473   data arrival time
---------------------------------------------------------------------------------------------
                                              7.900965   slack (MET)

Hotspot 10: instance=_1449_ selected_worst_paths=11,15,16,17,18,19,20 internal=9.59171e-06 switching=1.92805e-08 dynamic=9.61099e-06 leakage=1.55166e-09 total=9.61254e-06
Worst path through hotspot: status=met slack=7.90097 type=max group=asynchronous
startpoint=rst_ni (input port clocked by core)
endpoint=_1449_ (recovery check against rising-edge clock core)
path_power_complete=true
path_average_power_sum internal=9.59171e-06 switching=1.92805e-08 dynamic=9.61099e-06 leakage=1.55166e-09 total=9.61254e-06
stage instance cell pins fanout capacitance slew delay arrival internal switching dynamic leakage total
1 _1449_ sg13g2_dfrbpq_1 RESET_B - - 0.002473 0 2.10247 9.59171e-06 1.92805e-08 9.61099e-06 1.55166e-09 9.61254e-06
OpenSTA targeted timing report:
Startpoint: rst_ni (input port clocked by core)
Endpoint: _1449_ (recovery check against rising-edge clock core)
Path Group: asynchronous
Path Type: max

Fanout         Cap        Slew       Delay        Time   Description
---------------------------------------------------------------------------------------------
                      0.000000    0.050000    0.050000   clock core (rise edge)
                                  0.050000    0.100000   clock network delay (ideal)
                                  2.000000    2.100000 ^ input external delay
     4    0.024726    0.002473    0.002473    2.102473 ^ rst_ni (in)
                                                         rst_ni (net)
                      0.002473    0.000000    2.102473 ^ _1449_/RESET_B (sg13g2_dfrbpq_1)
                                              2.102473   data arrival time

                      0.000000   10.050000   10.050000   clock core (rise edge)
                                  0.050000   10.100000   clock network delay (ideal)
                                 -0.025000   10.075001   clock uncertainty
                                  0.000000   10.075001   clock reconvergence pessimism
                                             10.075001 ^ _1449_/CLK (sg13g2_dfrbpq_1)
                                 -0.071564   10.003437   library recovery time
                                             10.003437   data required time
---------------------------------------------------------------------------------------------
                                             10.003437   data required time
                                             -2.102473   data arrival time
---------------------------------------------------------------------------------------------
                                              7.900965   slack (MET)

Hotspot 11: instance=_1450_ selected_worst_paths=12 internal=9.54745e-06 switching=8.02694e-09 dynamic=9.55547e-06 leakage=1.55378e-09 total=9.55703e-06
Worst path through hotspot: status=met slack=7.90097 type=max group=asynchronous
startpoint=rst_ni (input port clocked by core)
endpoint=_1450_ (recovery check against rising-edge clock core)
path_power_complete=true
path_average_power_sum internal=9.54745e-06 switching=8.02694e-09 dynamic=9.55547e-06 leakage=1.55378e-09 total=9.55703e-06
stage instance cell pins fanout capacitance slew delay arrival internal switching dynamic leakage total
1 _1450_ sg13g2_dfrbpq_1 RESET_B - - 0.002473 0 2.10247 9.54745e-06 8.02694e-09 9.55547e-06 1.55378e-09 9.55703e-06
OpenSTA targeted timing report:
Startpoint: rst_ni (input port clocked by core)
Endpoint: _1450_ (recovery check against rising-edge clock core)
Path Group: asynchronous
Path Type: max

Fanout         Cap        Slew       Delay        Time   Description
---------------------------------------------------------------------------------------------
                      0.000000    0.050000    0.050000   clock core (rise edge)
                                  0.050000    0.100000   clock network delay (ideal)
                                  2.000000    2.100000 ^ input external delay
     4    0.024726    0.002473    0.002473    2.102473 ^ rst_ni (in)
                                                         rst_ni (net)
                      0.002473    0.000000    2.102473 ^ _1450_/RESET_B (sg13g2_dfrbpq_1)
                                              2.102473   data arrival time

                      0.000000   10.050000   10.050000   clock core (rise edge)
                                  0.050000   10.100000   clock network delay (ideal)
                                 -0.025000   10.075001   clock uncertainty
                                  0.000000   10.075001   clock reconvergence pessimism
                                             10.075001 ^ _1450_/CLK (sg13g2_dfrbpq_1)
                                 -0.071564   10.003437   library recovery time
                                             10.003437   data required time
---------------------------------------------------------------------------------------------
                                             10.003437   data required time
                                             -2.102473   data arrival time
---------------------------------------------------------------------------------------------
                                              7.900965   slack (MET)

Hotspot 12: instance=_1490_ selected_worst_paths=14 internal=9.54745e-06 switching=8.02694e-09 dynamic=9.55547e-06 leakage=1.55378e-09 total=9.55703e-06
Worst path through hotspot: status=met slack=7.90097 type=max group=asynchronous
startpoint=rst_ni (input port clocked by core)
endpoint=_1490_ (recovery check against rising-edge clock core)
path_power_complete=true
path_average_power_sum internal=9.54745e-06 switching=8.02694e-09 dynamic=9.55547e-06 leakage=1.55378e-09 total=9.55703e-06
stage instance cell pins fanout capacitance slew delay arrival internal switching dynamic leakage total
1 _1490_ sg13g2_dfrbpq_1 RESET_B - - 0.002473 0 2.10247 9.54745e-06 8.02694e-09 9.55547e-06 1.55378e-09 9.55703e-06
OpenSTA targeted timing report:
Startpoint: rst_ni (input port clocked by core)
Endpoint: _1490_ (recovery check against rising-edge clock core)
Path Group: asynchronous
Path Type: max

Fanout         Cap        Slew       Delay        Time   Description
---------------------------------------------------------------------------------------------
                      0.000000    0.050000    0.050000   clock core (rise edge)
                                  0.050000    0.100000   clock network delay (ideal)
                                  2.000000    2.100000 ^ input external delay
     4    0.024726    0.002473    0.002473    2.102473 ^ rst_ni (in)
                                                         rst_ni (net)
                      0.002473    0.000000    2.102473 ^ _1490_/RESET_B (sg13g2_dfrbpq_1)
                                              2.102473   data arrival time

                      0.000000   10.050000   10.050000   clock core (rise edge)
                                  0.050000   10.100000   clock network delay (ideal)
                                 -0.025000   10.075001   clock uncertainty
                                  0.000000   10.075001   clock reconvergence pessimism
                                             10.075001 ^ _1490_/CLK (sg13g2_dfrbpq_1)
                                 -0.071564   10.003437   library recovery time
                                             10.003437   data required time
---------------------------------------------------------------------------------------------
                                             10.003437   data required time
                                             -2.102473   data arrival time
---------------------------------------------------------------------------------------------
                                              7.900965   slack (MET)

Hotspot 13: instance=_1483_ selected_worst_paths=none internal=9.34631e-06 switching=4.96398e-08 dynamic=9.39595e-06 leakage=1.53701e-09 total=9.39749e-06
Worst path through hotspot: status=met slack=9.46921 type=max group=core
startpoint=_1483_ (rising edge-triggered flip-flop clocked by core)
endpoint=_1400_ (rising edge-triggered flip-flop clocked by core)
path_power_complete=true
path_average_power_sum internal=1.7937e-05 switching=4.89069e-07 dynamic=1.84261e-05 leakage=5.33345e-09 total=1.84315e-05
stage instance cell pins fanout capacitance slew delay arrival internal switching dynamic leakage total
1 _1483_ sg13g2_dfrbpq_1 CLK,Q 2 0.007805 0.031558 0.114125 0.214125 9.34631e-06 4.96398e-08 9.39595e-06 1.53701e-09 9.39749e-06
2 _1131_ sg13g2_nand2_1 B,Y 2 0.007035 0.043331 0.044075 0.258199 4.52093e-08 9.59723e-08 1.41182e-07 3.17606e-10 1.41499e-07
3 _1136_ sg13g2_inv_1 A,Y 2 0.006798 0.031316 0.032723 0.290923 3.23879e-08 9.92245e-08 1.31612e-07 1.47022e-10 1.31759e-07
4 _1145_ sg13g2_nand2_1 A,Y 3 0.010941 0.052575 0.053386 0.344309 3.17597e-08 1.09351e-07 1.41111e-07 3.12058e-10 1.41423e-07
5 _1176_ sg13g2_o21ai_1 B1,Y 1 0.00354 0.05603 0.033588 0.377897 1.05225e-07 8.68457e-08 1.9207e-07 4.14478e-10 1.92485e-07
6 _1177_ sg13g2_nand3b_1 B,Y 1 0.006176 0.056646 0.066381 0.444278 7.55986e-08 3.99951e-08 1.15594e-07 4.98321e-10 1.16092e-07
7 _1178_ sg13g2_mux2_1 S,X 1 0.001767 0.020239 0.091378 0.535656 7.6693e-08 1.60539e-09 7.82984e-08 6.88914e-10 7.89873e-08
8 _1400_ sg13g2_dfrbpq_1 D - - 0.020239 0 0.535656 8.22386e-06 6.43558e-09 8.2303e-06 1.41804e-09 8.23172e-06
OpenSTA targeted timing report:
Startpoint: _1483_ (rising edge-triggered flip-flop clocked by core)
Endpoint: _1400_ (rising edge-triggered flip-flop clocked by core)
Path Group: core
Path Type: max

Fanout         Cap        Slew       Delay        Time   Description
---------------------------------------------------------------------------------------------
                      0.000000    0.050000    0.050000   clock core (rise edge)
                                  0.050000    0.100000   clock network delay (ideal)
                      0.000000    0.000000    0.100000 ^ _1483_/CLK (sg13g2_dfrbpq_1)
     2    0.007805    0.031558    0.114125    0.214125 ^ _1483_/Q (sg13g2_dfrbpq_1)
                                                         u_gpio_core_gen_input_filter_0__u_filter_diff_ctr_q_2_ (net)
                      0.031558    0.000000    0.214125 ^ _1131_/B (sg13g2_nand2_1)
     2    0.007035    0.043331    0.044075    0.258199 v _1131_/Y (sg13g2_nand2_1)
                                                         _0234_ (net)
                      0.043331    0.000000    0.258199 v _1136_/A (sg13g2_inv_1)
     2    0.006798    0.031316    0.032723    0.290923 ^ _1136_/Y (sg13g2_inv_1)
                                                         _0238_ (net)
                      0.031316    0.000000    0.290923 ^ _1145_/A (sg13g2_nand2_1)
     3    0.010941    0.052575    0.053386    0.344309 v _1145_/Y (sg13g2_nand2_1)
                                                         _0244_ (net)
                      0.052575    0.000000    0.344309 v _1176_/B1 (sg13g2_o21ai_1)
     1    0.003540    0.056030    0.033588    0.377897 ^ _1176_/Y (sg13g2_o21ai_1)
                                                         _0267_ (net)
                      0.056030    0.000000    0.377897 ^ _1177_/B (sg13g2_nand3b_1)
     1    0.006176    0.056646    0.066381    0.444278 v _1177_/Y (sg13g2_nand3b_1)
                                                         _0268_ (net)
                      0.056646    0.000000    0.444278 v _1178_/S (sg13g2_mux2_1)
     1    0.001767    0.020239    0.091378    0.535656 ^ _1178_/X (sg13g2_mux2_1)
                                                         _0146_ (net)
                      0.020239    0.000000    0.535656 ^ _1400_/D (sg13g2_dfrbpq_1)
                                              0.535656   data arrival time

                      0.000000   10.050000   10.050000   clock core (rise edge)
                                  0.050000   10.100000   clock network delay (ideal)
                                 -0.025000   10.075001   clock uncertainty
                                  0.000000   10.075001   clock reconvergence pessimism
                                             10.075001 ^ _1400_/CLK (sg13g2_dfrbpq_1)
                                 -0.070136   10.004865   library setup time
                                             10.004865   data required time
---------------------------------------------------------------------------------------------
                                             10.004865   data required time
                                             -0.535656   data arrival time
---------------------------------------------------------------------------------------------
                                              9.469209   slack (MET)

Hotspot 14: instance=_1469_ selected_worst_paths=none internal=9.31447e-06 switching=2.30784e-08 dynamic=9.33755e-06 leakage=1.53701e-09 total=9.33909e-06
Worst path through hotspot: status=met slack=9.41978 type=max group=core
startpoint=_1469_ (rising edge-triggered flip-flop clocked by core)
endpoint=_1402_ (rising edge-triggered flip-flop clocked by core)
path_power_complete=true
path_average_power_sum internal=1.78681e-05 switching=5.13965e-07 dynamic=1.8382e-05 leakage=5.08636e-09 total=1.83871e-05
stage instance cell pins fanout capacitance slew delay arrival internal switching dynamic leakage total
1 _1469_ sg13g2_dfrbpq_1 CLK,Q 1 0.003629 0.019895 0.105398 0.205398 9.31447e-06 2.30784e-08 9.33755e-06 1.53701e-09 9.33909e-06
2 _1168_ sg13g2_inv_1 A,Y 2 0.006787 0.020689 0.024765 0.230162 1.40818e-08 4.31658e-08 5.72476e-08 2.03108e-10 5.74507e-08
3 _1170_ sg13g2_nor2_1 A,Y 4 0.014464 0.101249 0.085011 0.315173 2.23772e-08 9.19913e-08 1.14369e-07 2.29421e-10 1.14598e-07
4 _1185_ sg13g2_a21oi_1 A1,Y 2 0.006695 0.05566 0.067805 0.382979 1.03345e-07 2.3092e-07 3.34265e-07 3.95304e-10 3.3466e-07
5 _1188_ sg13g2_nor2_1 A,Y 1 0.003674 0.042802 0.047158 0.430136 7.78825e-08 7.67739e-08 1.54656e-07 2.17108e-10 1.54873e-07
6 _1189_ sg13g2_nand3_1 C,Y 1 0.006176 0.056168 0.063704 0.49384 3.53824e-08 3.99951e-08 7.53775e-08 3.97467e-10 7.5775e-08
7 _1190_ sg13g2_mux2_1 S,X 1 0.001767 0.020239 0.091242 0.585082 7.66724e-08 1.60539e-09 7.82778e-08 6.88894e-10 7.89667e-08
8 _1402_ sg13g2_dfrbpq_1 D - - 0.020239 0 0.585082 8.22386e-06 6.43558e-09 8.2303e-06 1.41804e-09 8.23172e-06
OpenSTA targeted timing report:
Startpoint: _1469_ (rising edge-triggered flip-flop clocked by core)
Endpoint: _1402_ (rising edge-triggered flip-flop clocked by core)
Path Group: core
Path Type: max

Fanout         Cap        Slew       Delay        Time   Description
---------------------------------------------------------------------------------------------
                      0.000000    0.050000    0.050000   clock core (rise edge)
                                  0.050000    0.100000   clock network delay (ideal)
                      0.000000    0.000000    0.100000 ^ _1469_/CLK (sg13g2_dfrbpq_1)
     1    0.003629    0.019895    0.105398    0.205398 ^ _1469_/Q (sg13g2_dfrbpq_1)
                                                         u_gpio_core_gen_input_filter_2__u_filter_diff_ctr_q_2_ (net)
                      0.019895    0.000000    0.205398 ^ _1168_/A (sg13g2_inv_1)
     2    0.006787    0.020689    0.024765    0.230162 v _1168_/Y (sg13g2_inv_1)
                                                         _0260_ (net)
                      0.020689    0.000000    0.230162 v _1170_/A (sg13g2_nor2_1)
     4    0.014464    0.101249    0.085011    0.315173 ^ _1170_/Y (sg13g2_nor2_1)
                                                         _0262_ (net)
                      0.101249    0.000000    0.315173 ^ _1185_/A1 (sg13g2_a21oi_1)
     2    0.006695    0.055660    0.067805    0.382979 v _1185_/Y (sg13g2_a21oi_1)
                                                         _0273_ (net)
                      0.055660    0.000000    0.382979 v _1188_/A (sg13g2_nor2_1)
     1    0.003674    0.042802    0.047158    0.430136 ^ _1188_/Y (sg13g2_nor2_1)
                                                         _0276_ (net)
                      0.042802    0.000000    0.430136 ^ _1189_/C (sg13g2_nand3_1)
     1    0.006176    0.056168    0.063704    0.493840 v _1189_/Y (sg13g2_nand3_1)
                                                         _0277_ (net)
                      0.056168    0.000000    0.493840 v _1190_/S (sg13g2_mux2_1)
     1    0.001767    0.020239    0.091242    0.585082 ^ _1190_/X (sg13g2_mux2_1)
                                                         _0148_ (net)
                      0.020239    0.000000    0.585082 ^ _1402_/D (sg13g2_dfrbpq_1)
                                              0.585082   data arrival time

                      0.000000   10.050000   10.050000   clock core (rise edge)
                                  0.050000   10.100000   clock network delay (ideal)
                                 -0.025000   10.075001   clock uncertainty
                                  0.000000   10.075001   clock reconvergence pessimism
                                             10.075001 ^ _1402_/CLK (sg13g2_dfrbpq_1)
                                 -0.070136   10.004865   library setup time
                                             10.004865   data required time
---------------------------------------------------------------------------------------------
                                             10.004865   data required time
                                             -0.585082   data arrival time
---------------------------------------------------------------------------------------------
                                              9.419783   slack (MET)

Hotspot 15: instance=_1462_ selected_worst_paths=none internal=9.31441e-06 switching=2.30784e-08 dynamic=9.33748e-06 leakage=1.53701e-09 total=9.33902e-06
Worst path through hotspot: status=met slack=9.44472 type=max group=core
startpoint=_1462_ (rising edge-triggered flip-flop clocked by core)
endpoint=_1403_ (rising edge-triggered flip-flop clocked by core)
path_power_complete=true
path_average_power_sum internal=1.77931e-05 switching=3.28282e-07 dynamic=1.81214e-05 leakage=5.20463e-09 total=1.81266e-05
stage instance cell pins fanout capacitance slew delay arrival internal switching dynamic leakage total
1 _1462_ sg13g2_dfrbpq_1 CLK,Q 1 0.003629 0.019895 0.105398 0.205398 9.31441e-06 2.30784e-08 9.33748e-06 1.53701e-09 9.33902e-06
2 _1084_ sg13g2_inv_1 A,Y 2 0.006787 0.020689 0.024765 0.230162 1.40818e-08 4.31658e-08 5.72476e-08 2.03108e-10 5.74507e-08
3 _1086_ sg13g2_nor2_1 A,Y 3 0.010635 0.079985 0.0694 0.299562 2.19976e-08 6.76412e-08 8.96388e-08 2.29428e-10 8.98682e-08
4 _1087_ sg13g2_nand2_1 A,Y 3 0.010941 0.060298 0.067241 0.366803 2.14636e-08 6.95869e-08 9.10505e-08 3.1208e-10 9.13626e-08
5 _1193_ sg13g2_o21ai_1 B1,Y 1 0.003674 0.056957 0.03573 0.402533 8.53208e-08 7.67739e-08 1.62095e-07 4.18715e-10 1.62513e-07
6 _1194_ sg13g2_nand3_1 C,Y 1 0.006176 0.056061 0.066399 0.468932 3.52944e-08 3.99951e-08 7.52895e-08 3.97348e-10 7.56868e-08
7 _1195_ sg13g2_mux2_1 S,X 1 0.001767 0.020239 0.091211 0.560143 7.66757e-08 1.60539e-09 7.8281e-08 6.88901e-10 7.89699e-08
8 _1403_ sg13g2_dfrbpq_1 D - - 0.020239 0 0.560143 8.22386e-06 6.43558e-09 8.2303e-06 1.41804e-09 8.23172e-06
OpenSTA targeted timing report:
Startpoint: _1462_ (rising edge-triggered flip-flop clocked by core)
Endpoint: _1403_ (rising edge-triggered flip-flop clocked by core)
Path Group: core
Path Type: max

Fanout         Cap        Slew       Delay        Time   Description
---------------------------------------------------------------------------------------------
                      0.000000    0.050000    0.050000   clock core (rise edge)
                                  0.050000    0.100000   clock network delay (ideal)
                      0.000000    0.000000    0.100000 ^ _1462_/CLK (sg13g2_dfrbpq_1)
     1    0.003629    0.019895    0.105398    0.205398 ^ _1462_/Q (sg13g2_dfrbpq_1)
                                                         u_gpio_core_gen_input_filter_3__u_filter_diff_ctr_q_2_ (net)
                      0.019895    0.000000    0.205398 ^ _1084_/A (sg13g2_inv_1)
     2    0.006787    0.020689    0.024765    0.230162 v _1084_/Y (sg13g2_inv_1)
                                                         _0208_ (net)
                      0.020689    0.000000    0.230162 v _1086_/A (sg13g2_nor2_1)
     3    0.010635    0.079985    0.069400    0.299562 ^ _1086_/Y (sg13g2_nor2_1)
                                                         _0210_ (net)
                      0.079985    0.000000    0.299562 ^ _1087_/A (sg13g2_nand2_1)
     3    0.010941    0.060298    0.067241    0.366803 v _1087_/Y (sg13g2_nand2_1)
                                                         _0211_ (net)
                      0.060298    0.000000    0.366803 v _1193_/B1 (sg13g2_o21ai_1)
     1    0.003674    0.056957    0.035730    0.402533 ^ _1193_/Y (sg13g2_o21ai_1)
                                                         _0279_ (net)
                      0.056957    0.000000    0.402533 ^ _1194_/C (sg13g2_nand3_1)
     1    0.006176    0.056061    0.066399    0.468932 v _1194_/Y (sg13g2_nand3_1)
                                                         _0280_ (net)
                      0.056061    0.000000    0.468932 v _1195_/S (sg13g2_mux2_1)
     1    0.001767    0.020239    0.091211    0.560143 ^ _1195_/X (sg13g2_mux2_1)
                                                         _0149_ (net)
                      0.020239    0.000000    0.560143 ^ _1403_/D (sg13g2_dfrbpq_1)
                                              0.560143   data arrival time

                      0.000000   10.050000   10.050000   clock core (rise edge)
                                  0.050000   10.100000   clock network delay (ideal)
                                 -0.025000   10.075001   clock uncertainty
                                  0.000000   10.075001   clock reconvergence pessimism
                                             10.075001 ^ _1403_/CLK (sg13g2_dfrbpq_1)
                                 -0.070136   10.004865   library setup time
                                             10.004865   data required time
---------------------------------------------------------------------------------------------
                                             10.004865   data required time
                                             -0.560143   data arrival time
---------------------------------------------------------------------------------------------
                                              9.444722   slack (MET)

Hotspot 16: instance=_1476_ selected_worst_paths=none internal=9.3138e-06 switching=2.30784e-08 dynamic=9.33688e-06 leakage=1.53701e-09 total=9.33841e-06
Worst path through hotspot: status=met slack=9.44666 type=max group=core
startpoint=_1476_ (rising edge-triggered flip-flop clocked by core)
endpoint=_1401_ (rising edge-triggered flip-flop clocked by core)
path_power_complete=true
path_average_power_sum internal=1.78158e-05 switching=2.9975e-07 dynamic=1.81155e-05 leakage=4.90708e-09 total=1.81204e-05
stage instance cell pins fanout capacitance slew delay arrival internal switching dynamic leakage total
1 _1476_ sg13g2_dfrbpq_1 CLK,Q 1 0.003629 0.019895 0.105398 0.205398 9.3138e-06 2.30784e-08 9.33688e-06 1.53701e-09 9.33841e-06
2 _1149_ sg13g2_inv_1 A,Y 2 0.007205 0.021542 0.025503 0.230901 1.41537e-08 4.58221e-08 5.99758e-08 2.03108e-10 6.01789e-08
3 _1154_ sg13g2_nor2_1 A,Y 4 0.014435 0.098098 0.085095 0.315996 2.22321e-08 9.18066e-08 1.14039e-07 2.29436e-10 1.14268e-07
4 _1179_ sg13g2_a22oi_1 B2,Y 1 0.003012 0.046574 0.04761 0.363606 1.37177e-07 9.11009e-08 2.28278e-07 4.92212e-10 2.2877e-07
5 _1180_ sg13g2_nor3_1 C,Y 1 0.006289 0.088073 0.078269 0.441875 2.82025e-08 3.99951e-08 6.81976e-08 3.07826e-10 6.85054e-08
6 _1181_ sg13g2_mux2_1 S,X 1 0.001756 0.022372 0.114497 0.556372 7.6346e-08 1.60539e-09 7.79514e-08 7.19443e-10 7.86708e-08
7 _1401_ sg13g2_dfrbpq_1 D - - 0.022372 0 0.556372 8.22386e-06 6.34134e-09 8.2302e-06 1.41804e-09 8.23162e-06
OpenSTA targeted timing report:
Startpoint: _1476_ (rising edge-triggered flip-flop clocked by core)
Endpoint: _1401_ (rising edge-triggered flip-flop clocked by core)
Path Group: core
Path Type: max

Fanout         Cap        Slew       Delay        Time   Description
---------------------------------------------------------------------------------------------
                      0.000000    0.050000    0.050000   clock core (rise edge)
                                  0.050000    0.100000   clock network delay (ideal)
                      0.000000    0.000000    0.100000 ^ _1476_/CLK (sg13g2_dfrbpq_1)
     1    0.003629    0.019895    0.105398    0.205398 ^ _1476_/Q (sg13g2_dfrbpq_1)
                                                         u_gpio_core_gen_input_filter_1__u_filter_diff_ctr_q_2_ (net)
                      0.019895    0.000000    0.205398 ^ _1149_/A (sg13g2_inv_1)
     2    0.007205    0.021542    0.025503    0.230901 v _1149_/Y (sg13g2_inv_1)
                                                         _0246_ (net)
                      0.021542    0.000000    0.230901 v _1154_/A (sg13g2_nor2_1)
     4    0.014435    0.098098    0.085095    0.315996 ^ _1154_/Y (sg13g2_nor2_1)
                                                         _0251_ (net)
                      0.098098    0.000000    0.315996 ^ _1179_/B2 (sg13g2_a22oi_1)
     1    0.003012    0.046574    0.047610    0.363606 v _1179_/Y (sg13g2_a22oi_1)
                                                         _0269_ (net)
                      0.046574    0.000000    0.363606 v _1180_/C (sg13g2_nor3_1)
     1    0.006289    0.088073    0.078269    0.441875 ^ _1180_/Y (sg13g2_nor3_1)
                                                         _0270_ (net)
                      0.088073    0.000000    0.441875 ^ _1181_/S (sg13g2_mux2_1)
     1    0.001756    0.022372    0.114497    0.556372 v _1181_/X (sg13g2_mux2_1)
                                                         _0147_ (net)
                      0.022372    0.000000    0.556372 v _1401_/D (sg13g2_dfrbpq_1)
                                              0.556372   data arrival time

                      0.000000   10.050000   10.050000   clock core (rise edge)
                                  0.050000   10.100000   clock network delay (ideal)
                                 -0.025000   10.075001   clock uncertainty
                                  0.000000   10.075001   clock reconvergence pessimism
                                             10.075001 ^ _1401_/CLK (sg13g2_dfrbpq_1)
                                 -0.071969   10.003033   library setup time
                                             10.003033   data required time
---------------------------------------------------------------------------------------------
                                             10.003033   data required time
                                             -0.556372   data arrival time
---------------------------------------------------------------------------------------------
                                              9.446661   slack (MET)

Hotspot 17: instance=_1456_ selected_worst_paths=none internal=9.25104e-06 switching=2.74468e-08 dynamic=9.27849e-06 leakage=1.55189e-09 total=9.28004e-06
Worst path through hotspot: status=met slack=9.66618 type=max group=asynchronous
startpoint=_1456_ (rising edge-triggered flip-flop clocked by core)
endpoint=_1400_ (recovery check against rising-edge clock core)
path_power_complete=true
path_average_power_sum internal=1.77665e-05 switching=2.78461e-07 dynamic=1.80449e-05 leakage=6.13823e-09 total=1.80511e-05
stage instance cell pins fanout capacitance slew delay arrival internal switching dynamic leakage total
1 _1456_ sg13g2_dfrbpq_1 CLK,Q 1 0.01007 0.037882 0.118857 0.218857 9.25104e-06 2.74468e-08 9.27849e-06 1.55189e-09 9.28004e-06
2 gain51 sg13g2_buf_8 A,X 4 0.040278 0.025214 0.057478 0.276335 1.45967e-07 1.09787e-07 2.55755e-07 1.58411e-09 2.57339e-07
3 gain47 sg13g2_buf_8 A,X 8 0.049452 0.027897 0.055995 0.33233 1.45604e-07 1.34792e-07 2.80396e-07 1.58418e-09 2.8198e-07
4 _1400_ sg13g2_dfrbpq_1 RESET_B - - 0.027897 0 0.33233 8.22386e-06 6.43558e-09 8.2303e-06 1.41804e-09 8.23172e-06
OpenSTA targeted timing report:
Startpoint: _1456_ (rising edge-triggered flip-flop clocked by core)
Endpoint: _1400_ (recovery check against rising-edge clock core)
Path Group: asynchronous
Path Type: max

Fanout         Cap        Slew       Delay        Time   Description
---------------------------------------------------------------------------------------------
                      0.000000    0.050000    0.050000   clock core (rise edge)
                                  0.050000    0.100000   clock network delay (ideal)
                      0.000000    0.000000    0.100000 ^ _1456_/CLK (sg13g2_dfrbpq_1)
     1    0.010070    0.037882    0.118857    0.218857 ^ _1456_/Q (sg13g2_dfrbpq_1)
                                                         u_gpio_core_filter_rst_ni (net)
                      0.037882    0.000000    0.218857 ^ gain51/A (sg13g2_buf_8)
     4    0.040278    0.025214    0.057478    0.276335 ^ gain51/X (sg13g2_buf_8)
                                                         net50 (net)
                      0.025214    0.000000    0.276335 ^ gain47/A (sg13g2_buf_8)
     8    0.049452    0.027897    0.055995    0.332330 ^ gain47/X (sg13g2_buf_8)
                                                         net46 (net)
                      0.027897    0.000000    0.332330 ^ _1400_/RESET_B (sg13g2_dfrbpq_1)
                                              0.332330   data arrival time

                      0.000000   10.050000   10.050000   clock core (rise edge)
                                  0.050000   10.100000   clock network delay (ideal)
                                 -0.025000   10.075001   clock uncertainty
                                  0.000000   10.075001   clock reconvergence pessimism
                                             10.075001 ^ _1400_/CLK (sg13g2_dfrbpq_1)
                                 -0.076490    9.998510   library recovery time
                                              9.998510   data required time
---------------------------------------------------------------------------------------------
                                              9.998510   data required time
                                             -0.332330   data arrival time
---------------------------------------------------------------------------------------------
                                              9.666181   slack (MET)

Hotspot 18: instance=_1455_ selected_worst_paths=none internal=9.25071e-06 switching=1.15683e-08 dynamic=9.26228e-06 leakage=1.55189e-09 total=9.26383e-06
Worst path through hotspot: status=met slack=9.66016 type=max group=asynchronous
startpoint=_1455_ (rising edge-triggered flip-flop clocked by core)
endpoint=_1404_ (recovery check against rising-edge clock core)
path_power_complete=true
path_average_power_sum internal=1.84609e-05 switching=2.58351e-07 dynamic=1.87192e-05 leakage=5.39469e-09 total=1.87246e-05
stage instance cell pins fanout capacitance slew delay arrival internal switching dynamic leakage total
1 _1455_ sg13g2_dfrbpq_1 CLK,Q 1 0.004244 0.021613 0.106684 0.206684 9.25071e-06 1.15683e-08 9.26228e-06 1.55189e-09 9.26383e-06
2 gain53 sg13g2_buf_4 A,X 5 0.034796 0.037354 0.071688 0.278371 7.29397e-08 9.48426e-08 1.67782e-07 7.38009e-10 1.6852e-07
3 gain52 sg13g2_buf_8 A,X 8 0.049452 0.028386 0.059882 0.338253 1.46375e-07 1.34792e-07 2.81167e-07 1.58419e-09 2.82751e-07
4 _1404_ sg13g2_dfrbpq_1 RESET_B - - 0.028386 0 0.338253 8.99086e-06 1.71491e-08 9.00801e-06 1.5206e-09 9.00953e-06
OpenSTA targeted timing report:
Startpoint: _1455_ (rising edge-triggered flip-flop clocked by core)
Endpoint: _1404_ (recovery check against rising-edge clock core)
Path Group: asynchronous
Path Type: max

Fanout         Cap        Slew       Delay        Time   Description
---------------------------------------------------------------------------------------------
                      0.000000    0.050000    0.050000   clock core (rise edge)
                                  0.050000    0.100000   clock network delay (ideal)
                      0.000000    0.000000    0.100000 ^ _1455_/CLK (sg13g2_dfrbpq_1)
     1    0.004244    0.021613    0.106684    0.206684 ^ _1455_/Q (sg13g2_dfrbpq_1)
                                                         u_gpio_core_state_rst_ni (net)
                      0.021613    0.000000    0.206684 ^ gain53/A (sg13g2_buf_4)
     5    0.034796    0.037354    0.071688    0.278371 ^ gain53/X (sg13g2_buf_4)
                                                         net52 (net)
                      0.037354    0.000000    0.278371 ^ gain52/A (sg13g2_buf_8)
     8    0.049452    0.028386    0.059882    0.338253 ^ gain52/X (sg13g2_buf_8)
                                                         net51 (net)
                      0.028386    0.000000    0.338253 ^ _1404_/RESET_B (sg13g2_dfrbpq_1)
                                              0.338253   data arrival time

                      0.000000   10.050000   10.050000   clock core (rise edge)
                                  0.050000   10.100000   clock network delay (ideal)
                                 -0.025000   10.075001   clock uncertainty
                                  0.000000   10.075001   clock reconvergence pessimism
                                             10.075001 ^ _1404_/CLK (sg13g2_dfrbpq_1)
                                 -0.076585    9.998416   library recovery time
                                              9.998416   data required time
---------------------------------------------------------------------------------------------
                                              9.998416   data required time
                                             -0.338253   data arrival time
---------------------------------------------------------------------------------------------
                                              9.660163   slack (MET)

Hotspot 19: instance=_1484_ selected_worst_paths=none internal=9.15243e-06 switching=2.99113e-08 dynamic=9.18234e-06 leakage=1.53701e-09 total=9.18388e-06
Worst path through hotspot: status=met slack=9.53515 type=max group=core
startpoint=_1484_ (rising edge-triggered flip-flop clocked by core)
endpoint=_1400_ (rising edge-triggered flip-flop clocked by core)
path_power_complete=true
path_average_power_sum internal=1.76656e-05 switching=2.74144e-07 dynamic=1.79397e-05 leakage=4.86882e-09 total=1.79446e-05
stage instance cell pins fanout capacitance slew delay arrival internal switching dynamic leakage total
1 _1484_ sg13g2_dfrbpq_1 CLK,Q 3 0.010974 0.040407 0.120746 0.220746 9.15243e-06 2.99113e-08 9.18234e-06 1.53701e-09 9.18388e-06
2 _1145_ sg13g2_nand2_1 B,Y 3 0.010941 0.052575 0.057622 0.278368 3.17597e-08 1.09351e-07 1.41111e-07 3.12058e-10 1.41423e-07
3 _1176_ sg13g2_o21ai_1 B1,Y 1 0.00354 0.05603 0.033588 0.311956 1.05225e-07 8.68457e-08 1.9207e-07 4.14478e-10 1.92485e-07
4 _1177_ sg13g2_nand3b_1 B,Y 1 0.006176 0.056646 0.066381 0.378338 7.55986e-08 3.99951e-08 1.15594e-07 4.98321e-10 1.16092e-07
5 _1178_ sg13g2_mux2_1 S,X 1 0.001767 0.020239 0.091378 0.469716 7.6693e-08 1.60539e-09 7.82984e-08 6.88914e-10 7.89873e-08
6 _1400_ sg13g2_dfrbpq_1 D - - 0.020239 0 0.469716 8.22386e-06 6.43558e-09 8.2303e-06 1.41804e-09 8.23172e-06
OpenSTA targeted timing report:
Startpoint: _1484_ (rising edge-triggered flip-flop clocked by core)
Endpoint: _1400_ (rising edge-triggered flip-flop clocked by core)
Path Group: core
Path Type: max

Fanout         Cap        Slew       Delay        Time   Description
---------------------------------------------------------------------------------------------
                      0.000000    0.050000    0.050000   clock core (rise edge)
                                  0.050000    0.100000   clock network delay (ideal)
                      0.000000    0.000000    0.100000 ^ _1484_/CLK (sg13g2_dfrbpq_1)
     3    0.010974    0.040407    0.120746    0.220746 ^ _1484_/Q (sg13g2_dfrbpq_1)
                                                         u_gpio_core_gen_input_filter_0__u_filter_diff_ctr_q_3_ (net)
                      0.040407    0.000000    0.220746 ^ _1145_/B (sg13g2_nand2_1)
     3    0.010941    0.052575    0.057622    0.278368 v _1145_/Y (sg13g2_nand2_1)
                                                         _0244_ (net)
                      0.052575    0.000000    0.278368 v _1176_/B1 (sg13g2_o21ai_1)
     1    0.003540    0.056030    0.033588    0.311956 ^ _1176_/Y (sg13g2_o21ai_1)
                                                         _0267_ (net)
                      0.056030    0.000000    0.311956 ^ _1177_/B (sg13g2_nand3b_1)
     1    0.006176    0.056646    0.066381    0.378338 v _1177_/Y (sg13g2_nand3b_1)
                                                         _0268_ (net)
                      0.056646    0.000000    0.378338 v _1178_/S (sg13g2_mux2_1)
     1    0.001767    0.020239    0.091378    0.469716 ^ _1178_/X (sg13g2_mux2_1)
                                                         _0146_ (net)
                      0.020239    0.000000    0.469716 ^ _1400_/D (sg13g2_dfrbpq_1)
                                              0.469716   data arrival time

                      0.000000   10.050000   10.050000   clock core (rise edge)
                                  0.050000   10.100000   clock network delay (ideal)
                                 -0.025000   10.075001   clock uncertainty
                                  0.000000   10.075001   clock reconvergence pessimism
                                             10.075001 ^ _1400_/CLK (sg13g2_dfrbpq_1)
                                 -0.070136   10.004865   library setup time
                                             10.004865   data required time
---------------------------------------------------------------------------------------------
                                             10.004865   data required time
                                             -0.469716   data arrival time
---------------------------------------------------------------------------------------------
                                              9.535149   slack (MET)

Hotspot 20: instance=_1470_ selected_worst_paths=none internal=9.12063e-06 switching=3.05089e-08 dynamic=9.15114e-06 leakage=1.53701e-09 total=9.15268e-06
Worst path through hotspot: status=met slack=9.52916 type=max group=core
startpoint=_1470_ (rising edge-triggered flip-flop clocked by core)
endpoint=_1402_ (rising edge-triggered flip-flop clocked by core)
path_power_complete=true
path_average_power_sum internal=1.76378e-05 switching=3.86239e-07 dynamic=1.8024e-05 leakage=4.65382e-09 total=1.80287e-05
stage instance cell pins fanout capacitance slew delay arrival internal switching dynamic leakage total
1 _1470_ sg13g2_dfrbpq_1 CLK,Q 3 0.011193 0.041019 0.121204 0.221204 9.12063e-06 3.05089e-08 9.15114e-06 1.53701e-09 9.15268e-06
2 _1185_ sg13g2_a21oi_1 A2,Y 2 0.006695 0.05566 0.052401 0.273605 1.03345e-07 2.3092e-07 3.34265e-07 3.95304e-10 3.3466e-07
3 _1188_ sg13g2_nor2_1 A,Y 1 0.003674 0.042802 0.047158 0.320763 7.78825e-08 7.67739e-08 1.54656e-07 2.17108e-10 1.54873e-07
4 _1189_ sg13g2_nand3_1 C,Y 1 0.006176 0.056168 0.063704 0.384466 3.53824e-08 3.99951e-08 7.53775e-08 3.97467e-10 7.5775e-08
5 _1190_ sg13g2_mux2_1 S,X 1 0.001767 0.020239 0.091242 0.475708 7.66724e-08 1.60539e-09 7.82778e-08 6.88894e-10 7.89667e-08
6 _1402_ sg13g2_dfrbpq_1 D - - 0.020239 0 0.475708 8.22386e-06 6.43558e-09 8.2303e-06 1.41804e-09 8.23172e-06
OpenSTA targeted timing report:
Startpoint: _1470_ (rising edge-triggered flip-flop clocked by core)
Endpoint: _1402_ (rising edge-triggered flip-flop clocked by core)
Path Group: core
Path Type: max

Fanout         Cap        Slew       Delay        Time   Description
---------------------------------------------------------------------------------------------
                      0.000000    0.050000    0.050000   clock core (rise edge)
                                  0.050000    0.100000   clock network delay (ideal)
                      0.000000    0.000000    0.100000 ^ _1470_/CLK (sg13g2_dfrbpq_1)
     3    0.011193    0.041019    0.121204    0.221204 ^ _1470_/Q (sg13g2_dfrbpq_1)
                                                         u_gpio_core_gen_input_filter_2__u_filter_diff_ctr_q_3_ (net)
                      0.041019    0.000000    0.221204 ^ _1185_/A2 (sg13g2_a21oi_1)
     2    0.006695    0.055660    0.052401    0.273605 v _1185_/Y (sg13g2_a21oi_1)
                                                         _0273_ (net)
                      0.055660    0.000000    0.273605 v _1188_/A (sg13g2_nor2_1)
     1    0.003674    0.042802    0.047158    0.320763 ^ _1188_/Y (sg13g2_nor2_1)
                                                         _0276_ (net)
                      0.042802    0.000000    0.320763 ^ _1189_/C (sg13g2_nand3_1)
     1    0.006176    0.056168    0.063704    0.384466 v _1189_/Y (sg13g2_nand3_1)
                                                         _0277_ (net)
                      0.056168    0.000000    0.384466 v _1190_/S (sg13g2_mux2_1)
     1    0.001767    0.020239    0.091242    0.475708 ^ _1190_/X (sg13g2_mux2_1)
                                                         _0148_ (net)
                      0.020239    0.000000    0.475708 ^ _1402_/D (sg13g2_dfrbpq_1)
                                              0.475708   data arrival time

                      0.000000   10.050000   10.050000   clock core (rise edge)
                                  0.050000   10.100000   clock network delay (ideal)
                                 -0.025000   10.075001   clock uncertainty
                                  0.000000   10.075001   clock reconvergence pessimism
                                             10.075001 ^ _1402_/CLK (sg13g2_dfrbpq_1)
                                 -0.070136   10.004865   library setup time
                                             10.004865   data required time
---------------------------------------------------------------------------------------------
                                             10.004865   data required time
                                             -0.475708   data arrival time
---------------------------------------------------------------------------------------------
                                              9.529157   slack (MET)
