analysis=fusion_analysis corner=ss mode=setup stage=post_syn
workload=auto_toggle_sv_ss
methodology=staged_public_opensta
path_power_semantics=average_instance_power_in_same_analysis_context
activity_file=/home/eneadim/github/flexsoc/runs/cordic/refresh_tlul/signoff/sky130/power/activity/captures/cordic_sky130_auto_toggle_sv_ss.vcd
activity_scope=cordic_tb/u_cordic
liberty=/home/eneadim/github/flexsoc/.flexsoc/pdks/ciel/sky130/versions/f6eeac7dad085ffcc829ccfd721f7b4ce39edcf7/sky130A/libs.ref/sky130_fd_sc_hd/lib/sky130_fd_sc_hd__ss_n40C_1v76.lib
netlist=/home/eneadim/github/flexsoc/runs/cordic/refresh_tlul/syn/sky130/cordic_synth.v
sdc=/home/eneadim/github/flexsoc/runs/cordic/refresh_tlul/constraints/cordic.sdc
spef=

=== Units ===
 time 1ns
 capacitance 1pF
 resistance 1kohm
 voltage 1v
 current 1mA
 power 1nW
 distance 1um

=== Constraint validation ===

=== Timing summary ===
wns max 0.00
tns max 0.00

=== Activity annotation ===
annotated_percent=100.00%
Unannotated pins: none

=== Power summary ===
Group                  Internal  Switching    Leakage      Total
                          Power      Power      Power      Power (Watts)
----------------------------------------------------------------
Sequential             1.22e-03   7.22e-06   1.47e-09   1.23e-03  94.8%
Combinational          2.63e-05   4.11e-05   3.52e-09   6.75e-05   5.2%
Clock                  0.00e+00   0.00e+00   0.00e+00   0.00e+00   0.0%
Macro                  0.00e+00   0.00e+00   0.00e+00   0.00e+00   0.0%
Pad                    0.00e+00   0.00e+00   0.00e+00   0.00e+00   0.0%
----------------------------------------------------------------
Total                  1.25e-03   4.83e-05   5.00e-09   1.30e-03 100.0%
                          96.3%       3.7%       0.0%

=== Worst timing paths (violated or met) ===
Startpoint: _4829_ (rising edge-triggered flip-flop clocked by core)
Endpoint: _4930_ (rising edge-triggered flip-flop clocked by core)
Path Group: core
Path Type: max

Fanout         Cap        Slew       Delay        Time   Description
---------------------------------------------------------------------------------------------
                      0.000000    0.000000    0.000000   clock core (rise edge)
                                  0.000000    0.000000   clock network delay (ideal)
                      0.000000    0.000000    0.000000 ^ _4829_/CLK (sky130_fd_sc_hd__dfrtp_1)
    68    0.225640    2.986170    2.571054    2.571054 ^ _4829_/Q (sky130_fd_sc_hd__dfrtp_1)
                                                         u_cordic_core_iter_q_0_ (net)
                      2.986170    0.000000    2.571054 ^ _3346_/B (sky130_fd_sc_hd__nand2_2)
     1    0.004034    0.290521    0.534975    3.106030 v _3346_/Y (sky130_fd_sc_hd__nand2_2)
                                                         _2293_ (net)
                      0.290521    0.000000    3.106030 v _3347_/B1 (sky130_fd_sc_hd__o21ai_2)
     2    0.004520    0.263525    0.204784    3.310814 ^ _3347_/Y (sky130_fd_sc_hd__o21ai_2)
                                                         _2294_ (net)
                      0.263525    0.000000    3.310814 ^ _3348_/A0 (sky130_fd_sc_hd__mux2i_1)
     2    0.004282    0.249733    0.173900    3.484714 v _3348_/Y (sky130_fd_sc_hd__mux2i_1)
                                                         _2295_ (net)
                      0.249733    0.000000    3.484714 v _3432_/A (sky130_fd_sc_hd__nand2_1)
     1    0.004355    0.178910    0.201451    3.686164 ^ _3432_/Y (sky130_fd_sc_hd__nand2_1)
                                                         _0350_ (net)
                      0.178910    0.000000    3.686164 ^ _3433_/B1 (sky130_fd_sc_hd__o21ai_2)
     2    0.006009    0.201720    0.118242    3.804406 v _3433_/Y (sky130_fd_sc_hd__o21ai_2)
                                                         _0351_ (net)
                      0.201720    0.000000    3.804406 v _3515_/B1 (sky130_fd_sc_hd__a32oi_2)
     2    0.009245    0.314766    0.391629    4.196035 ^ _3515_/Y (sky130_fd_sc_hd__a32oi_2)
                                                         _0433_ (net)
                      0.314766    0.000000    4.196035 ^ _3517_/A2 (sky130_fd_sc_hd__a21oi_2)
     3    0.006357    0.070106    0.162865    4.358900 v _3517_/Y (sky130_fd_sc_hd__a21oi_2)
                                                         _0435_ (net)
                      0.070106    0.000000    4.358900 v _3530_/A1 (sky130_fd_sc_hd__o22ai_1)
     1    0.001921    0.173288    0.245078    4.603978 ^ _3530_/Y (sky130_fd_sc_hd__o22ai_1)
                                                         _0448_ (net)
                      0.173288    0.000000    4.603978 ^ _3531_/B1 (sky130_fd_sc_hd__o21ai_1)
     1    0.002056    0.056322    0.114901    4.718879 v _3531_/Y (sky130_fd_sc_hd__o21ai_1)
                                                         _0449_ (net)
                      0.056322    0.000000    4.718879 v _3532_/A (sky130_fd_sc_hd__inv_1)
     2    0.006786    0.096199    0.107812    4.826692 ^ _3532_/Y (sky130_fd_sc_hd__inv_1)
                                                         _0450_ (net)
                      0.096199    0.000000    4.826692 ^ _3533_/A2 (sky130_fd_sc_hd__o21ai_2)
     2    0.006131    0.053066    0.086929    4.913620 v _3533_/Y (sky130_fd_sc_hd__o21ai_2)
                                                         _0451_ (net)
                      0.053066    0.000000    4.913620 v _3535_/A2 (sky130_fd_sc_hd__o21ai_2)
     3    0.009188    0.238833    0.250814    5.164435 ^ _3535_/Y (sky130_fd_sc_hd__o21ai_2)
                                                         _0453_ (net)
                      0.238833    0.000000    5.164435 ^ _3536_/C (sky130_fd_sc_hd__nor3_2)
     2    0.006162    0.057432    0.114726    5.279161 v _3536_/Y (sky130_fd_sc_hd__nor3_2)
                                                         _0454_ (net)
                      0.057432    0.000000    5.279161 v _3555_/A (sky130_fd_sc_hd__nand3_2)
     2    0.006610    0.093312    0.101061    5.380222 ^ _3555_/Y (sky130_fd_sc_hd__nand3_2)
                                                         _0473_ (net)
                      0.093312    0.000000    5.380222 ^ _3570_/A1 (sky130_fd_sc_hd__a211oi_2)
     2    0.005989    0.082328    0.096583    5.476805 v _3570_/Y (sky130_fd_sc_hd__a211oi_2)
                                                         _0488_ (net)
                      0.082328    0.000000    5.476805 v _3574_/A3 (sky130_fd_sc_hd__o31ai_2)
     3    0.009188    0.414323    0.422655    5.899460 ^ _3574_/Y (sky130_fd_sc_hd__o31ai_2)
                                                         _0492_ (net)
                      0.414323    0.000000    5.899460 ^ _3575_/C (sky130_fd_sc_hd__nor3_2)
     1    0.003875    0.077149    0.139169    6.038629 v _3575_/Y (sky130_fd_sc_hd__nor3_2)
                                                         _0493_ (net)
                      0.077149    0.000000    6.038629 v _3576_/C1 (sky130_fd_sc_hd__a211oi_2)
     3    0.008400    0.356887    0.350197    6.388826 ^ _3576_/Y (sky130_fd_sc_hd__a211oi_2)
                                                         _0494_ (net)
                      0.356887    0.000000    6.388826 ^ _3577_/B2 (sky130_fd_sc_hd__o221ai_2)
     2    0.004854    0.095299    0.211388    6.600214 v _3577_/Y (sky130_fd_sc_hd__o221ai_2)
                                                         _0495_ (net)
                      0.095299    0.000000    6.600214 v _3579_/B (sky130_fd_sc_hd__maj3_2)
     2    0.004206    0.077055    0.527116    7.127330 v _3579_/X (sky130_fd_sc_hd__maj3_2)
                                                         _0497_ (net)
                      0.077055    0.000000    7.127330 v _3641_/A1 (sky130_fd_sc_hd__a21oi_1)
     1    0.004531    0.215858    0.242088    7.369418 ^ _3641_/Y (sky130_fd_sc_hd__a21oi_1)
                                                         _0559_ (net)
                      0.215858    0.000000    7.369418 ^ _3642_/B1 (sky130_fd_sc_hd__a21oi_2)
     1    0.014163    0.089218    0.125818    7.495236 v _3642_/Y (sky130_fd_sc_hd__a21oi_2)
                                                         _0560_ (net)
                      0.089218    0.000000    7.495236 v _3643_/B (sky130_fd_sc_hd__xor2_4)
     4    0.038912    0.483507    0.471075    7.966311 ^ _3643_/X (sky130_fd_sc_hd__xor2_4)
                                                         _0561_ (net)
                      0.483507    0.000000    7.966311 ^ _3644_/B (sky130_fd_sc_hd__nand2_8)
    15    0.061290    0.143720    0.250663    8.216974 v _3644_/Y (sky130_fd_sc_hd__nand2_8)
                                                         _0562_ (net)
                      0.143720    0.000000    8.216974 v _3747_/A1 (sky130_fd_sc_hd__a21oi_2)
     1    0.004377    0.150503    0.235509    8.452482 ^ _3747_/Y (sky130_fd_sc_hd__a21oi_2)
                                                         _0653_ (net)
                      0.150503    0.000000    8.452482 ^ _3748_/B2 (sky130_fd_sc_hd__o22ai_2)
     1    0.001762    0.155216    0.096658    8.549140 v _3748_/Y (sky130_fd_sc_hd__o22ai_2)
                                                         _0027_ (net)
                      0.155216    0.000000    8.549140 v _4930_/D (sky130_fd_sc_hd__dfrtp_1)
                                              8.549140   data arrival time

                      0.000000   10.000000   10.000000   clock core (rise edge)
                                  0.000000   10.000000   clock network delay (ideal)
                                  0.000000   10.000000   clock reconvergence pessimism
                                             10.000000 ^ _4930_/CLK (sky130_fd_sc_hd__dfrtp_1)
                                 -0.304833    9.695167   library setup time
                                              9.695167   data required time
---------------------------------------------------------------------------------------------
                                              9.695167   data required time
                                             -8.549140   data arrival time
---------------------------------------------------------------------------------------------
                                              1.146026   slack (MET)


Startpoint: _4829_ (rising edge-triggered flip-flop clocked by core)
Endpoint: _4932_ (rising edge-triggered flip-flop clocked by core)
Path Group: core
Path Type: max

Fanout         Cap        Slew       Delay        Time   Description
---------------------------------------------------------------------------------------------
                      0.000000    0.000000    0.000000   clock core (rise edge)
                                  0.000000    0.000000   clock network delay (ideal)
                      0.000000    0.000000    0.000000 ^ _4829_/CLK (sky130_fd_sc_hd__dfrtp_1)
    68    0.225640    2.986170    2.571054    2.571054 ^ _4829_/Q (sky130_fd_sc_hd__dfrtp_1)
                                                         u_cordic_core_iter_q_0_ (net)
                      2.986170    0.000000    2.571054 ^ _3346_/B (sky130_fd_sc_hd__nand2_2)
     1    0.004034    0.290521    0.534975    3.106030 v _3346_/Y (sky130_fd_sc_hd__nand2_2)
                                                         _2293_ (net)
                      0.290521    0.000000    3.106030 v _3347_/B1 (sky130_fd_sc_hd__o21ai_2)
     2    0.004520    0.263525    0.204784    3.310814 ^ _3347_/Y (sky130_fd_sc_hd__o21ai_2)
                                                         _2294_ (net)
                      0.263525    0.000000    3.310814 ^ _3348_/A0 (sky130_fd_sc_hd__mux2i_1)
     2    0.004282    0.249733    0.173900    3.484714 v _3348_/Y (sky130_fd_sc_hd__mux2i_1)
                                                         _2295_ (net)
                      0.249733    0.000000    3.484714 v _3432_/A (sky130_fd_sc_hd__nand2_1)
     1    0.004355    0.178910    0.201451    3.686164 ^ _3432_/Y (sky130_fd_sc_hd__nand2_1)
                                                         _0350_ (net)
                      0.178910    0.000000    3.686164 ^ _3433_/B1 (sky130_fd_sc_hd__o21ai_2)
     2    0.006009    0.201720    0.118242    3.804406 v _3433_/Y (sky130_fd_sc_hd__o21ai_2)
                                                         _0351_ (net)
                      0.201720    0.000000    3.804406 v _3515_/B1 (sky130_fd_sc_hd__a32oi_2)
     2    0.009245    0.314766    0.391629    4.196035 ^ _3515_/Y (sky130_fd_sc_hd__a32oi_2)
                                                         _0433_ (net)
                      0.314766    0.000000    4.196035 ^ _3517_/A2 (sky130_fd_sc_hd__a21oi_2)
     3    0.006357    0.070106    0.162865    4.358900 v _3517_/Y (sky130_fd_sc_hd__a21oi_2)
                                                         _0435_ (net)
                      0.070106    0.000000    4.358900 v _3530_/A1 (sky130_fd_sc_hd__o22ai_1)
     1    0.001921    0.173288    0.245078    4.603978 ^ _3530_/Y (sky130_fd_sc_hd__o22ai_1)
                                                         _0448_ (net)
                      0.173288    0.000000    4.603978 ^ _3531_/B1 (sky130_fd_sc_hd__o21ai_1)
     1    0.002056    0.056322    0.114901    4.718879 v _3531_/Y (sky130_fd_sc_hd__o21ai_1)
                                                         _0449_ (net)
                      0.056322    0.000000    4.718879 v _3532_/A (sky130_fd_sc_hd__inv_1)
     2    0.006786    0.096199    0.107812    4.826692 ^ _3532_/Y (sky130_fd_sc_hd__inv_1)
                                                         _0450_ (net)
                      0.096199    0.000000    4.826692 ^ _3533_/A2 (sky130_fd_sc_hd__o21ai_2)
     2    0.006131    0.053066    0.086929    4.913620 v _3533_/Y (sky130_fd_sc_hd__o21ai_2)
                                                         _0451_ (net)
                      0.053066    0.000000    4.913620 v _3535_/A2 (sky130_fd_sc_hd__o21ai_2)
     3    0.009188    0.238833    0.250814    5.164435 ^ _3535_/Y (sky130_fd_sc_hd__o21ai_2)
                                                         _0453_ (net)
                      0.238833    0.000000    5.164435 ^ _3536_/C (sky130_fd_sc_hd__nor3_2)
     2    0.006162    0.057432    0.114726    5.279161 v _3536_/Y (sky130_fd_sc_hd__nor3_2)
                                                         _0454_ (net)
                      0.057432    0.000000    5.279161 v _3555_/A (sky130_fd_sc_hd__nand3_2)
     2    0.006610    0.093312    0.101061    5.380222 ^ _3555_/Y (sky130_fd_sc_hd__nand3_2)
                                                         _0473_ (net)
                      0.093312    0.000000    5.380222 ^ _3570_/A1 (sky130_fd_sc_hd__a211oi_2)
     2    0.005989    0.082328    0.096583    5.476805 v _3570_/Y (sky130_fd_sc_hd__a211oi_2)
                                                         _0488_ (net)
                      0.082328    0.000000    5.476805 v _3574_/A3 (sky130_fd_sc_hd__o31ai_2)
     3    0.009188    0.414323    0.422655    5.899460 ^ _3574_/Y (sky130_fd_sc_hd__o31ai_2)
                                                         _0492_ (net)
                      0.414323    0.000000    5.899460 ^ _3575_/C (sky130_fd_sc_hd__nor3_2)
     1    0.003875    0.077149    0.139169    6.038629 v _3575_/Y (sky130_fd_sc_hd__nor3_2)
                                                         _0493_ (net)
                      0.077149    0.000000    6.038629 v _3576_/C1 (sky130_fd_sc_hd__a211oi_2)
     3    0.008400    0.356887    0.350197    6.388826 ^ _3576_/Y (sky130_fd_sc_hd__a211oi_2)
                                                         _0494_ (net)
                      0.356887    0.000000    6.388826 ^ _3577_/B2 (sky130_fd_sc_hd__o221ai_2)
     2    0.004854    0.095299    0.211388    6.600214 v _3577_/Y (sky130_fd_sc_hd__o221ai_2)
                                                         _0495_ (net)
                      0.095299    0.000000    6.600214 v _3579_/B (sky130_fd_sc_hd__maj3_2)
     2    0.004206    0.077055    0.527116    7.127330 v _3579_/X (sky130_fd_sc_hd__maj3_2)
                                                         _0497_ (net)
                      0.077055    0.000000    7.127330 v _3641_/A1 (sky130_fd_sc_hd__a21oi_1)
     1    0.004531    0.215858    0.242088    7.369418 ^ _3641_/Y (sky130_fd_sc_hd__a21oi_1)
                                                         _0559_ (net)
                      0.215858    0.000000    7.369418 ^ _3642_/B1 (sky130_fd_sc_hd__a21oi_2)
     1    0.014163    0.089218    0.125818    7.495236 v _3642_/Y (sky130_fd_sc_hd__a21oi_2)
                                                         _0560_ (net)
                      0.089218    0.000000    7.495236 v _3643_/B (sky130_fd_sc_hd__xor2_4)
     4    0.038912    0.483507    0.471075    7.966311 ^ _3643_/X (sky130_fd_sc_hd__xor2_4)
                                                         _0561_ (net)
                      0.483507    0.000000    7.966311 ^ _3644_/B (sky130_fd_sc_hd__nand2_8)
    15    0.061290    0.143720    0.250663    8.216974 v _3644_/Y (sky130_fd_sc_hd__nand2_8)
                                                         _0562_ (net)
                      0.143720    0.000000    8.216974 v _3733_/A1 (sky130_fd_sc_hd__a21oi_2)
     1    0.004377    0.150503    0.235509    8.452482 ^ _3733_/Y (sky130_fd_sc_hd__a21oi_2)
                                                         _0641_ (net)
                      0.150503    0.000000    8.452482 ^ _3734_/B2 (sky130_fd_sc_hd__o22ai_2)
     1    0.001762    0.155216    0.096658    8.549140 v _3734_/Y (sky130_fd_sc_hd__o22ai_2)
                                                         _0025_ (net)
                      0.155216    0.000000    8.549140 v _4932_/D (sky130_fd_sc_hd__dfrtp_1)
                                              8.549140   data arrival time

                      0.000000   10.000000   10.000000   clock core (rise edge)
                                  0.000000   10.000000   clock network delay (ideal)
                                  0.000000   10.000000   clock reconvergence pessimism
                                             10.000000 ^ _4932_/CLK (sky130_fd_sc_hd__dfrtp_1)
                                 -0.304833    9.695167   library setup time
                                              9.695167   data required time
---------------------------------------------------------------------------------------------
                                              9.695167   data required time
                                             -8.549140   data arrival time
---------------------------------------------------------------------------------------------
                                              1.146026   slack (MET)


Startpoint: _4829_ (rising edge-triggered flip-flop clocked by core)
Endpoint: _4934_ (rising edge-triggered flip-flop clocked by core)
Path Group: core
Path Type: max

Fanout         Cap        Slew       Delay        Time   Description
---------------------------------------------------------------------------------------------
                      0.000000    0.000000    0.000000   clock core (rise edge)
                                  0.000000    0.000000   clock network delay (ideal)
                      0.000000    0.000000    0.000000 ^ _4829_/CLK (sky130_fd_sc_hd__dfrtp_1)
    68    0.225640    2.986170    2.571054    2.571054 ^ _4829_/Q (sky130_fd_sc_hd__dfrtp_1)
                                                         u_cordic_core_iter_q_0_ (net)
                      2.986170    0.000000    2.571054 ^ _3346_/B (sky130_fd_sc_hd__nand2_2)
     1    0.004034    0.290521    0.534975    3.106030 v _3346_/Y (sky130_fd_sc_hd__nand2_2)
                                                         _2293_ (net)
                      0.290521    0.000000    3.106030 v _3347_/B1 (sky130_fd_sc_hd__o21ai_2)
     2    0.004520    0.263525    0.204784    3.310814 ^ _3347_/Y (sky130_fd_sc_hd__o21ai_2)
                                                         _2294_ (net)
                      0.263525    0.000000    3.310814 ^ _3348_/A0 (sky130_fd_sc_hd__mux2i_1)
     2    0.004282    0.249733    0.173900    3.484714 v _3348_/Y (sky130_fd_sc_hd__mux2i_1)
                                                         _2295_ (net)
                      0.249733    0.000000    3.484714 v _3432_/A (sky130_fd_sc_hd__nand2_1)
     1    0.004355    0.178910    0.201451    3.686164 ^ _3432_/Y (sky130_fd_sc_hd__nand2_1)
                                                         _0350_ (net)
                      0.178910    0.000000    3.686164 ^ _3433_/B1 (sky130_fd_sc_hd__o21ai_2)
     2    0.006009    0.201720    0.118242    3.804406 v _3433_/Y (sky130_fd_sc_hd__o21ai_2)
                                                         _0351_ (net)
                      0.201720    0.000000    3.804406 v _3515_/B1 (sky130_fd_sc_hd__a32oi_2)
     2    0.009245    0.314766    0.391629    4.196035 ^ _3515_/Y (sky130_fd_sc_hd__a32oi_2)
                                                         _0433_ (net)
                      0.314766    0.000000    4.196035 ^ _3517_/A2 (sky130_fd_sc_hd__a21oi_2)
     3    0.006357    0.070106    0.162865    4.358900 v _3517_/Y (sky130_fd_sc_hd__a21oi_2)
                                                         _0435_ (net)
                      0.070106    0.000000    4.358900 v _3530_/A1 (sky130_fd_sc_hd__o22ai_1)
     1    0.001921    0.173288    0.245078    4.603978 ^ _3530_/Y (sky130_fd_sc_hd__o22ai_1)
                                                         _0448_ (net)
                      0.173288    0.000000    4.603978 ^ _3531_/B1 (sky130_fd_sc_hd__o21ai_1)
     1    0.002056    0.056322    0.114901    4.718879 v _3531_/Y (sky130_fd_sc_hd__o21ai_1)
                                                         _0449_ (net)
                      0.056322    0.000000    4.718879 v _3532_/A (sky130_fd_sc_hd__inv_1)
     2    0.006786    0.096199    0.107812    4.826692 ^ _3532_/Y (sky130_fd_sc_hd__inv_1)
                                                         _0450_ (net)
                      0.096199    0.000000    4.826692 ^ _3533_/A2 (sky130_fd_sc_hd__o21ai_2)
     2    0.006131    0.053066    0.086929    4.913620 v _3533_/Y (sky130_fd_sc_hd__o21ai_2)
                                                         _0451_ (net)
                      0.053066    0.000000    4.913620 v _3535_/A2 (sky130_fd_sc_hd__o21ai_2)
     3    0.009188    0.238833    0.250814    5.164435 ^ _3535_/Y (sky130_fd_sc_hd__o21ai_2)
                                                         _0453_ (net)
                      0.238833    0.000000    5.164435 ^ _3536_/C (sky130_fd_sc_hd__nor3_2)
     2    0.006162    0.057432    0.114726    5.279161 v _3536_/Y (sky130_fd_sc_hd__nor3_2)
                                                         _0454_ (net)
                      0.057432    0.000000    5.279161 v _3555_/A (sky130_fd_sc_hd__nand3_2)
     2    0.006610    0.093312    0.101061    5.380222 ^ _3555_/Y (sky130_fd_sc_hd__nand3_2)
                                                         _0473_ (net)
                      0.093312    0.000000    5.380222 ^ _3570_/A1 (sky130_fd_sc_hd__a211oi_2)
     2    0.005989    0.082328    0.096583    5.476805 v _3570_/Y (sky130_fd_sc_hd__a211oi_2)
                                                         _0488_ (net)
                      0.082328    0.000000    5.476805 v _3574_/A3 (sky130_fd_sc_hd__o31ai_2)
     3    0.009188    0.414323    0.422655    5.899460 ^ _3574_/Y (sky130_fd_sc_hd__o31ai_2)
                                                         _0492_ (net)
                      0.414323    0.000000    5.899460 ^ _3575_/C (sky130_fd_sc_hd__nor3_2)
     1    0.003875    0.077149    0.139169    6.038629 v _3575_/Y (sky130_fd_sc_hd__nor3_2)
                                                         _0493_ (net)
                      0.077149    0.000000    6.038629 v _3576_/C1 (sky130_fd_sc_hd__a211oi_2)
     3    0.008400    0.356887    0.350197    6.388826 ^ _3576_/Y (sky130_fd_sc_hd__a211oi_2)
                                                         _0494_ (net)
                      0.356887    0.000000    6.388826 ^ _3577_/B2 (sky130_fd_sc_hd__o221ai_2)
     2    0.004854    0.095299    0.211388    6.600214 v _3577_/Y (sky130_fd_sc_hd__o221ai_2)
                                                         _0495_ (net)
                      0.095299    0.000000    6.600214 v _3579_/B (sky130_fd_sc_hd__maj3_2)
     2    0.004206    0.077055    0.527116    7.127330 v _3579_/X (sky130_fd_sc_hd__maj3_2)
                                                         _0497_ (net)
                      0.077055    0.000000    7.127330 v _3641_/A1 (sky130_fd_sc_hd__a21oi_1)
     1    0.004531    0.215858    0.242088    7.369418 ^ _3641_/Y (sky130_fd_sc_hd__a21oi_1)
                                                         _0559_ (net)
                      0.215858    0.000000    7.369418 ^ _3642_/B1 (sky130_fd_sc_hd__a21oi_2)
     1    0.014163    0.089218    0.125818    7.495236 v _3642_/Y (sky130_fd_sc_hd__a21oi_2)
                                                         _0560_ (net)
                      0.089218    0.000000    7.495236 v _3643_/B (sky130_fd_sc_hd__xor2_4)
     4    0.038912    0.483507    0.471075    7.966311 ^ _3643_/X (sky130_fd_sc_hd__xor2_4)
                                                         _0561_ (net)
                      0.483507    0.000000    7.966311 ^ _3644_/B (sky130_fd_sc_hd__nand2_8)
    15    0.061290    0.143720    0.250663    8.216974 v _3644_/Y (sky130_fd_sc_hd__nand2_8)
                                                         _0562_ (net)
                      0.143720    0.000000    8.216974 v _3718_/A1 (sky130_fd_sc_hd__a21oi_2)
     1    0.004377    0.150503    0.235509    8.452482 ^ _3718_/Y (sky130_fd_sc_hd__a21oi_2)
                                                         _0628_ (net)
                      0.150503    0.000000    8.452482 ^ _3719_/B2 (sky130_fd_sc_hd__o22ai_2)
     1    0.001762    0.155216    0.096658    8.549140 v _3719_/Y (sky130_fd_sc_hd__o22ai_2)
                                                         _0023_ (net)
                      0.155216    0.000000    8.549140 v _4934_/D (sky130_fd_sc_hd__dfrtp_1)
                                              8.549140   data arrival time

                      0.000000   10.000000   10.000000   clock core (rise edge)
                                  0.000000   10.000000   clock network delay (ideal)
                                  0.000000   10.000000   clock reconvergence pessimism
                                             10.000000 ^ _4934_/CLK (sky130_fd_sc_hd__dfrtp_1)
                                 -0.304833    9.695167   library setup time
                                              9.695167   data required time
---------------------------------------------------------------------------------------------
                                              9.695167   data required time
                                             -8.549140   data arrival time
---------------------------------------------------------------------------------------------
                                              1.146026   slack (MET)


Startpoint: _4829_ (rising edge-triggered flip-flop clocked by core)
Endpoint: _4936_ (rising edge-triggered flip-flop clocked by core)
Path Group: core
Path Type: max

Fanout         Cap        Slew       Delay        Time   Description
---------------------------------------------------------------------------------------------
                      0.000000    0.000000    0.000000   clock core (rise edge)
                                  0.000000    0.000000   clock network delay (ideal)
                      0.000000    0.000000    0.000000 ^ _4829_/CLK (sky130_fd_sc_hd__dfrtp_1)
    68    0.225640    2.986170    2.571054    2.571054 ^ _4829_/Q (sky130_fd_sc_hd__dfrtp_1)
                                                         u_cordic_core_iter_q_0_ (net)
                      2.986170    0.000000    2.571054 ^ _3346_/B (sky130_fd_sc_hd__nand2_2)
     1    0.004034    0.290521    0.534975    3.106030 v _3346_/Y (sky130_fd_sc_hd__nand2_2)
                                                         _2293_ (net)
                      0.290521    0.000000    3.106030 v _3347_/B1 (sky130_fd_sc_hd__o21ai_2)
     2    0.004520    0.263525    0.204784    3.310814 ^ _3347_/Y (sky130_fd_sc_hd__o21ai_2)
                                                         _2294_ (net)
                      0.263525    0.000000    3.310814 ^ _3348_/A0 (sky130_fd_sc_hd__mux2i_1)
     2    0.004282    0.249733    0.173900    3.484714 v _3348_/Y (sky130_fd_sc_hd__mux2i_1)
                                                         _2295_ (net)
                      0.249733    0.000000    3.484714 v _3432_/A (sky130_fd_sc_hd__nand2_1)
     1    0.004355    0.178910    0.201451    3.686164 ^ _3432_/Y (sky130_fd_sc_hd__nand2_1)
                                                         _0350_ (net)
                      0.178910    0.000000    3.686164 ^ _3433_/B1 (sky130_fd_sc_hd__o21ai_2)
     2    0.006009    0.201720    0.118242    3.804406 v _3433_/Y (sky130_fd_sc_hd__o21ai_2)
                                                         _0351_ (net)
                      0.201720    0.000000    3.804406 v _3515_/B1 (sky130_fd_sc_hd__a32oi_2)
     2    0.009245    0.314766    0.391629    4.196035 ^ _3515_/Y (sky130_fd_sc_hd__a32oi_2)
                                                         _0433_ (net)
                      0.314766    0.000000    4.196035 ^ _3517_/A2 (sky130_fd_sc_hd__a21oi_2)
     3    0.006357    0.070106    0.162865    4.358900 v _3517_/Y (sky130_fd_sc_hd__a21oi_2)
                                                         _0435_ (net)
                      0.070106    0.000000    4.358900 v _3530_/A1 (sky130_fd_sc_hd__o22ai_1)
     1    0.001921    0.173288    0.245078    4.603978 ^ _3530_/Y (sky130_fd_sc_hd__o22ai_1)
                                                         _0448_ (net)
                      0.173288    0.000000    4.603978 ^ _3531_/B1 (sky130_fd_sc_hd__o21ai_1)
     1    0.002056    0.056322    0.114901    4.718879 v _3531_/Y (sky130_fd_sc_hd__o21ai_1)
                                                         _0449_ (net)
                      0.056322    0.000000    4.718879 v _3532_/A (sky130_fd_sc_hd__inv_1)
     2    0.006786    0.096199    0.107812    4.826692 ^ _3532_/Y (sky130_fd_sc_hd__inv_1)
                                                         _0450_ (net)
                      0.096199    0.000000    4.826692 ^ _3533_/A2 (sky130_fd_sc_hd__o21ai_2)
     2    0.006131    0.053066    0.086929    4.913620 v _3533_/Y (sky130_fd_sc_hd__o21ai_2)
                                                         _0451_ (net)
                      0.053066    0.000000    4.913620 v _3535_/A2 (sky130_fd_sc_hd__o21ai_2)
     3    0.009188    0.238833    0.250814    5.164435 ^ _3535_/Y (sky130_fd_sc_hd__o21ai_2)
                                                         _0453_ (net)
                      0.238833    0.000000    5.164435 ^ _3536_/C (sky130_fd_sc_hd__nor3_2)
     2    0.006162    0.057432    0.114726    5.279161 v _3536_/Y (sky130_fd_sc_hd__nor3_2)
                                                         _0454_ (net)
                      0.057432    0.000000    5.279161 v _3555_/A (sky130_fd_sc_hd__nand3_2)
     2    0.006610    0.093312    0.101061    5.380222 ^ _3555_/Y (sky130_fd_sc_hd__nand3_2)
                                                         _0473_ (net)
                      0.093312    0.000000    5.380222 ^ _3570_/A1 (sky130_fd_sc_hd__a211oi_2)
     2    0.005989    0.082328    0.096583    5.476805 v _3570_/Y (sky130_fd_sc_hd__a211oi_2)
                                                         _0488_ (net)
                      0.082328    0.000000    5.476805 v _3574_/A3 (sky130_fd_sc_hd__o31ai_2)
     3    0.009188    0.414323    0.422655    5.899460 ^ _3574_/Y (sky130_fd_sc_hd__o31ai_2)
                                                         _0492_ (net)
                      0.414323    0.000000    5.899460 ^ _3575_/C (sky130_fd_sc_hd__nor3_2)
     1    0.003875    0.077149    0.139169    6.038629 v _3575_/Y (sky130_fd_sc_hd__nor3_2)
                                                         _0493_ (net)
                      0.077149    0.000000    6.038629 v _3576_/C1 (sky130_fd_sc_hd__a211oi_2)
     3    0.008400    0.356887    0.350197    6.388826 ^ _3576_/Y (sky130_fd_sc_hd__a211oi_2)
                                                         _0494_ (net)
                      0.356887    0.000000    6.388826 ^ _3577_/B2 (sky130_fd_sc_hd__o221ai_2)
     2    0.004854    0.095299    0.211388    6.600214 v _3577_/Y (sky130_fd_sc_hd__o221ai_2)
                                                         _0495_ (net)
                      0.095299    0.000000    6.600214 v _3579_/B (sky130_fd_sc_hd__maj3_2)
     2    0.004206    0.077055    0.527116    7.127330 v _3579_/X (sky130_fd_sc_hd__maj3_2)
                                                         _0497_ (net)
                      0.077055    0.000000    7.127330 v _3641_/A1 (sky130_fd_sc_hd__a21oi_1)
     1    0.004531    0.215858    0.242088    7.369418 ^ _3641_/Y (sky130_fd_sc_hd__a21oi_1)
                                                         _0559_ (net)
                      0.215858    0.000000    7.369418 ^ _3642_/B1 (sky130_fd_sc_hd__a21oi_2)
     1    0.014163    0.089218    0.125818    7.495236 v _3642_/Y (sky130_fd_sc_hd__a21oi_2)
                                                         _0560_ (net)
                      0.089218    0.000000    7.495236 v _3643_/B (sky130_fd_sc_hd__xor2_4)
     4    0.038912    0.483507    0.471075    7.966311 ^ _3643_/X (sky130_fd_sc_hd__xor2_4)
                                                         _0561_ (net)
                      0.483507    0.000000    7.966311 ^ _3644_/B (sky130_fd_sc_hd__nand2_8)
    15    0.061290    0.143720    0.250663    8.216974 v _3644_/Y (sky130_fd_sc_hd__nand2_8)
                                                         _0562_ (net)
                      0.143720    0.000000    8.216974 v _3699_/A1 (sky130_fd_sc_hd__a21oi_2)
     1    0.004377    0.150503    0.235509    8.452482 ^ _3699_/Y (sky130_fd_sc_hd__a21oi_2)
                                                         _0611_ (net)
                      0.150503    0.000000    8.452482 ^ _3700_/B2 (sky130_fd_sc_hd__o22ai_2)
     1    0.001762    0.155216    0.096658    8.549140 v _3700_/Y (sky130_fd_sc_hd__o22ai_2)
                                                         _0021_ (net)
                      0.155216    0.000000    8.549140 v _4936_/D (sky130_fd_sc_hd__dfrtp_1)
                                              8.549140   data arrival time

                      0.000000   10.000000   10.000000   clock core (rise edge)
                                  0.000000   10.000000   clock network delay (ideal)
                                  0.000000   10.000000   clock reconvergence pessimism
                                             10.000000 ^ _4936_/CLK (sky130_fd_sc_hd__dfrtp_1)
                                 -0.304833    9.695167   library setup time
                                              9.695167   data required time
---------------------------------------------------------------------------------------------
                                              9.695167   data required time
                                             -8.549140   data arrival time
---------------------------------------------------------------------------------------------
                                              1.146026   slack (MET)


Startpoint: _4829_ (rising edge-triggered flip-flop clocked by core)
Endpoint: _4940_ (rising edge-triggered flip-flop clocked by core)
Path Group: core
Path Type: max

Fanout         Cap        Slew       Delay        Time   Description
---------------------------------------------------------------------------------------------
                      0.000000    0.000000    0.000000   clock core (rise edge)
                                  0.000000    0.000000   clock network delay (ideal)
                      0.000000    0.000000    0.000000 ^ _4829_/CLK (sky130_fd_sc_hd__dfrtp_1)
    68    0.225640    2.986170    2.571054    2.571054 ^ _4829_/Q (sky130_fd_sc_hd__dfrtp_1)
                                                         u_cordic_core_iter_q_0_ (net)
                      2.986170    0.000000    2.571054 ^ _3346_/B (sky130_fd_sc_hd__nand2_2)
     1    0.004034    0.290521    0.534975    3.106030 v _3346_/Y (sky130_fd_sc_hd__nand2_2)
                                                         _2293_ (net)
                      0.290521    0.000000    3.106030 v _3347_/B1 (sky130_fd_sc_hd__o21ai_2)
     2    0.004520    0.263525    0.204784    3.310814 ^ _3347_/Y (sky130_fd_sc_hd__o21ai_2)
                                                         _2294_ (net)
                      0.263525    0.000000    3.310814 ^ _3348_/A0 (sky130_fd_sc_hd__mux2i_1)
     2    0.004282    0.249733    0.173900    3.484714 v _3348_/Y (sky130_fd_sc_hd__mux2i_1)
                                                         _2295_ (net)
                      0.249733    0.000000    3.484714 v _3432_/A (sky130_fd_sc_hd__nand2_1)
     1    0.004355    0.178910    0.201451    3.686164 ^ _3432_/Y (sky130_fd_sc_hd__nand2_1)
                                                         _0350_ (net)
                      0.178910    0.000000    3.686164 ^ _3433_/B1 (sky130_fd_sc_hd__o21ai_2)
     2    0.006009    0.201720    0.118242    3.804406 v _3433_/Y (sky130_fd_sc_hd__o21ai_2)
                                                         _0351_ (net)
                      0.201720    0.000000    3.804406 v _3515_/B1 (sky130_fd_sc_hd__a32oi_2)
     2    0.009245    0.314766    0.391629    4.196035 ^ _3515_/Y (sky130_fd_sc_hd__a32oi_2)
                                                         _0433_ (net)
                      0.314766    0.000000    4.196035 ^ _3517_/A2 (sky130_fd_sc_hd__a21oi_2)
     3    0.006357    0.070106    0.162865    4.358900 v _3517_/Y (sky130_fd_sc_hd__a21oi_2)
                                                         _0435_ (net)
                      0.070106    0.000000    4.358900 v _3530_/A1 (sky130_fd_sc_hd__o22ai_1)
     1    0.001921    0.173288    0.245078    4.603978 ^ _3530_/Y (sky130_fd_sc_hd__o22ai_1)
                                                         _0448_ (net)
                      0.173288    0.000000    4.603978 ^ _3531_/B1 (sky130_fd_sc_hd__o21ai_1)
     1    0.002056    0.056322    0.114901    4.718879 v _3531_/Y (sky130_fd_sc_hd__o21ai_1)
                                                         _0449_ (net)
                      0.056322    0.000000    4.718879 v _3532_/A (sky130_fd_sc_hd__inv_1)
     2    0.006786    0.096199    0.107812    4.826692 ^ _3532_/Y (sky130_fd_sc_hd__inv_1)
                                                         _0450_ (net)
                      0.096199    0.000000    4.826692 ^ _3533_/A2 (sky130_fd_sc_hd__o21ai_2)
     2    0.006131    0.053066    0.086929    4.913620 v _3533_/Y (sky130_fd_sc_hd__o21ai_2)
                                                         _0451_ (net)
                      0.053066    0.000000    4.913620 v _3535_/A2 (sky130_fd_sc_hd__o21ai_2)
     3    0.009188    0.238833    0.250814    5.164435 ^ _3535_/Y (sky130_fd_sc_hd__o21ai_2)
                                                         _0453_ (net)
                      0.238833    0.000000    5.164435 ^ _3536_/C (sky130_fd_sc_hd__nor3_2)
     2    0.006162    0.057432    0.114726    5.279161 v _3536_/Y (sky130_fd_sc_hd__nor3_2)
                                                         _0454_ (net)
                      0.057432    0.000000    5.279161 v _3555_/A (sky130_fd_sc_hd__nand3_2)
     2    0.006610    0.093312    0.101061    5.380222 ^ _3555_/Y (sky130_fd_sc_hd__nand3_2)
                                                         _0473_ (net)
                      0.093312    0.000000    5.380222 ^ _3570_/A1 (sky130_fd_sc_hd__a211oi_2)
     2    0.005989    0.082328    0.096583    5.476805 v _3570_/Y (sky130_fd_sc_hd__a211oi_2)
                                                         _0488_ (net)
                      0.082328    0.000000    5.476805 v _3574_/A3 (sky130_fd_sc_hd__o31ai_2)
     3    0.009188    0.414323    0.422655    5.899460 ^ _3574_/Y (sky130_fd_sc_hd__o31ai_2)
                                                         _0492_ (net)
                      0.414323    0.000000    5.899460 ^ _3575_/C (sky130_fd_sc_hd__nor3_2)
     1    0.003875    0.077149    0.139169    6.038629 v _3575_/Y (sky130_fd_sc_hd__nor3_2)
                                                         _0493_ (net)
                      0.077149    0.000000    6.038629 v _3576_/C1 (sky130_fd_sc_hd__a211oi_2)
     3    0.008400    0.356887    0.350197    6.388826 ^ _3576_/Y (sky130_fd_sc_hd__a211oi_2)
                                                         _0494_ (net)
                      0.356887    0.000000    6.388826 ^ _3577_/B2 (sky130_fd_sc_hd__o221ai_2)
     2    0.004854    0.095299    0.211388    6.600214 v _3577_/Y (sky130_fd_sc_hd__o221ai_2)
                                                         _0495_ (net)
                      0.095299    0.000000    6.600214 v _3579_/B (sky130_fd_sc_hd__maj3_2)
     2    0.004206    0.077055    0.527116    7.127330 v _3579_/X (sky130_fd_sc_hd__maj3_2)
                                                         _0497_ (net)
                      0.077055    0.000000    7.127330 v _3641_/A1 (sky130_fd_sc_hd__a21oi_1)
     1    0.004531    0.215858    0.242088    7.369418 ^ _3641_/Y (sky130_fd_sc_hd__a21oi_1)
                                                         _0559_ (net)
                      0.215858    0.000000    7.369418 ^ _3642_/B1 (sky130_fd_sc_hd__a21oi_2)
     1    0.014163    0.089218    0.125818    7.495236 v _3642_/Y (sky130_fd_sc_hd__a21oi_2)
                                                         _0560_ (net)
                      0.089218    0.000000    7.495236 v _3643_/B (sky130_fd_sc_hd__xor2_4)
     4    0.038912    0.483507    0.471075    7.966311 ^ _3643_/X (sky130_fd_sc_hd__xor2_4)
                                                         _0561_ (net)
                      0.483507    0.000000    7.966311 ^ _3644_/B (sky130_fd_sc_hd__nand2_8)
    15    0.061290    0.143720    0.250663    8.216974 v _3644_/Y (sky130_fd_sc_hd__nand2_8)
                                                         _0562_ (net)
                      0.143720    0.000000    8.216974 v _3665_/A1 (sky130_fd_sc_hd__a21oi_2)
     1    0.004377    0.150504    0.235509    8.452482 ^ _3665_/Y (sky130_fd_sc_hd__a21oi_2)
                                                         _0581_ (net)
                      0.150504    0.000000    8.452482 ^ _3666_/B2 (sky130_fd_sc_hd__o22ai_2)
     1    0.001762    0.155216    0.096658    8.549140 v _3666_/Y (sky130_fd_sc_hd__o22ai_2)
                                                         _0017_ (net)
                      0.155216    0.000000    8.549140 v _4940_/D (sky130_fd_sc_hd__dfrtp_1)
                                              8.549140   data arrival time

                      0.000000   10.000000   10.000000   clock core (rise edge)
                                  0.000000   10.000000   clock network delay (ideal)
                                  0.000000   10.000000   clock reconvergence pessimism
                                             10.000000 ^ _4940_/CLK (sky130_fd_sc_hd__dfrtp_1)
                                 -0.304833    9.695167   library setup time
                                              9.695167   data required time
---------------------------------------------------------------------------------------------
                                              9.695167   data required time
                                             -8.549140   data arrival time
---------------------------------------------------------------------------------------------
                                              1.146026   slack (MET)


Startpoint: _4829_ (rising edge-triggered flip-flop clocked by core)
Endpoint: _4941_ (rising edge-triggered flip-flop clocked by core)
Path Group: core
Path Type: max

Fanout         Cap        Slew       Delay        Time   Description
---------------------------------------------------------------------------------------------
                      0.000000    0.000000    0.000000   clock core (rise edge)
                                  0.000000    0.000000   clock network delay (ideal)
                      0.000000    0.000000    0.000000 ^ _4829_/CLK (sky130_fd_sc_hd__dfrtp_1)
    68    0.225640    2.986170    2.571054    2.571054 ^ _4829_/Q (sky130_fd_sc_hd__dfrtp_1)
                                                         u_cordic_core_iter_q_0_ (net)
                      2.986170    0.000000    2.571054 ^ _3346_/B (sky130_fd_sc_hd__nand2_2)
     1    0.004034    0.290521    0.534975    3.106030 v _3346_/Y (sky130_fd_sc_hd__nand2_2)
                                                         _2293_ (net)
                      0.290521    0.000000    3.106030 v _3347_/B1 (sky130_fd_sc_hd__o21ai_2)
     2    0.004520    0.263525    0.204784    3.310814 ^ _3347_/Y (sky130_fd_sc_hd__o21ai_2)
                                                         _2294_ (net)
                      0.263525    0.000000    3.310814 ^ _3348_/A0 (sky130_fd_sc_hd__mux2i_1)
     2    0.004282    0.249733    0.173900    3.484714 v _3348_/Y (sky130_fd_sc_hd__mux2i_1)
                                                         _2295_ (net)
                      0.249733    0.000000    3.484714 v _3432_/A (sky130_fd_sc_hd__nand2_1)
     1    0.004355    0.178910    0.201451    3.686164 ^ _3432_/Y (sky130_fd_sc_hd__nand2_1)
                                                         _0350_ (net)
                      0.178910    0.000000    3.686164 ^ _3433_/B1 (sky130_fd_sc_hd__o21ai_2)
     2    0.006009    0.201720    0.118242    3.804406 v _3433_/Y (sky130_fd_sc_hd__o21ai_2)
                                                         _0351_ (net)
                      0.201720    0.000000    3.804406 v _3515_/B1 (sky130_fd_sc_hd__a32oi_2)
     2    0.009245    0.314766    0.391629    4.196035 ^ _3515_/Y (sky130_fd_sc_hd__a32oi_2)
                                                         _0433_ (net)
                      0.314766    0.000000    4.196035 ^ _3517_/A2 (sky130_fd_sc_hd__a21oi_2)
     3    0.006357    0.070106    0.162865    4.358900 v _3517_/Y (sky130_fd_sc_hd__a21oi_2)
                                                         _0435_ (net)
                      0.070106    0.000000    4.358900 v _3530_/A1 (sky130_fd_sc_hd__o22ai_1)
     1    0.001921    0.173288    0.245078    4.603978 ^ _3530_/Y (sky130_fd_sc_hd__o22ai_1)
                                                         _0448_ (net)
                      0.173288    0.000000    4.603978 ^ _3531_/B1 (sky130_fd_sc_hd__o21ai_1)
     1    0.002056    0.056322    0.114901    4.718879 v _3531_/Y (sky130_fd_sc_hd__o21ai_1)
                                                         _0449_ (net)
                      0.056322    0.000000    4.718879 v _3532_/A (sky130_fd_sc_hd__inv_1)
     2    0.006786    0.096199    0.107812    4.826692 ^ _3532_/Y (sky130_fd_sc_hd__inv_1)
                                                         _0450_ (net)
                      0.096199    0.000000    4.826692 ^ _3533_/A2 (sky130_fd_sc_hd__o21ai_2)
     2    0.006131    0.053066    0.086929    4.913620 v _3533_/Y (sky130_fd_sc_hd__o21ai_2)
                                                         _0451_ (net)
                      0.053066    0.000000    4.913620 v _3535_/A2 (sky130_fd_sc_hd__o21ai_2)
     3    0.009188    0.238833    0.250814    5.164435 ^ _3535_/Y (sky130_fd_sc_hd__o21ai_2)
                                                         _0453_ (net)
                      0.238833    0.000000    5.164435 ^ _3536_/C (sky130_fd_sc_hd__nor3_2)
     2    0.006162    0.057432    0.114726    5.279161 v _3536_/Y (sky130_fd_sc_hd__nor3_2)
                                                         _0454_ (net)
                      0.057432    0.000000    5.279161 v _3555_/A (sky130_fd_sc_hd__nand3_2)
     2    0.006610    0.093312    0.101061    5.380222 ^ _3555_/Y (sky130_fd_sc_hd__nand3_2)
                                                         _0473_ (net)
                      0.093312    0.000000    5.380222 ^ _3570_/A1 (sky130_fd_sc_hd__a211oi_2)
     2    0.005989    0.082328    0.096583    5.476805 v _3570_/Y (sky130_fd_sc_hd__a211oi_2)
                                                         _0488_ (net)
                      0.082328    0.000000    5.476805 v _3574_/A3 (sky130_fd_sc_hd__o31ai_2)
     3    0.009188    0.414323    0.422655    5.899460 ^ _3574_/Y (sky130_fd_sc_hd__o31ai_2)
                                                         _0492_ (net)
                      0.414323    0.000000    5.899460 ^ _3575_/C (sky130_fd_sc_hd__nor3_2)
     1    0.003875    0.077149    0.139169    6.038629 v _3575_/Y (sky130_fd_sc_hd__nor3_2)
                                                         _0493_ (net)
                      0.077149    0.000000    6.038629 v _3576_/C1 (sky130_fd_sc_hd__a211oi_2)
     3    0.008400    0.356887    0.350197    6.388826 ^ _3576_/Y (sky130_fd_sc_hd__a211oi_2)
                                                         _0494_ (net)
                      0.356887    0.000000    6.388826 ^ _3577_/B2 (sky130_fd_sc_hd__o221ai_2)
     2    0.004854    0.095299    0.211388    6.600214 v _3577_/Y (sky130_fd_sc_hd__o221ai_2)
                                                         _0495_ (net)
                      0.095299    0.000000    6.600214 v _3579_/B (sky130_fd_sc_hd__maj3_2)
     2    0.004206    0.077055    0.527116    7.127330 v _3579_/X (sky130_fd_sc_hd__maj3_2)
                                                         _0497_ (net)
                      0.077055    0.000000    7.127330 v _3641_/A1 (sky130_fd_sc_hd__a21oi_1)
     1    0.004531    0.215858    0.242088    7.369418 ^ _3641_/Y (sky130_fd_sc_hd__a21oi_1)
                                                         _0559_ (net)
                      0.215858    0.000000    7.369418 ^ _3642_/B1 (sky130_fd_sc_hd__a21oi_2)
     1    0.014163    0.089218    0.125818    7.495236 v _3642_/Y (sky130_fd_sc_hd__a21oi_2)
                                                         _0560_ (net)
                      0.089218    0.000000    7.495236 v _3643_/B (sky130_fd_sc_hd__xor2_4)
     4    0.038912    0.483507    0.471075    7.966311 ^ _3643_/X (sky130_fd_sc_hd__xor2_4)
                                                         _0561_ (net)
                      0.483507    0.000000    7.966311 ^ _3644_/B (sky130_fd_sc_hd__nand2_8)
    15    0.061290    0.143720    0.250663    8.216974 v _3644_/Y (sky130_fd_sc_hd__nand2_8)
                                                         _0562_ (net)
                      0.143720    0.000000    8.216974 v _3659_/A1 (sky130_fd_sc_hd__a21oi_2)
     1    0.004377    0.150505    0.235509    8.452482 ^ _3659_/Y (sky130_fd_sc_hd__a21oi_2)
                                                         _0576_ (net)
                      0.150505    0.000000    8.452482 ^ _3660_/B2 (sky130_fd_sc_hd__o22ai_2)
     1    0.001762    0.155216    0.096658    8.549140 v _3660_/Y (sky130_fd_sc_hd__o22ai_2)
                                                         _0016_ (net)
                      0.155216    0.000000    8.549140 v _4941_/D (sky130_fd_sc_hd__dfrtp_1)
                                              8.549140   data arrival time

                      0.000000   10.000000   10.000000   clock core (rise edge)
                                  0.000000   10.000000   clock network delay (ideal)
                                  0.000000   10.000000   clock reconvergence pessimism
                                             10.000000 ^ _4941_/CLK (sky130_fd_sc_hd__dfrtp_1)
                                 -0.304833    9.695167   library setup time
                                              9.695167   data required time
---------------------------------------------------------------------------------------------
                                              9.695167   data required time
                                             -8.549140   data arrival time
---------------------------------------------------------------------------------------------
                                              1.146026   slack (MET)


Startpoint: _4829_ (rising edge-triggered flip-flop clocked by core)
Endpoint: _4942_ (rising edge-triggered flip-flop clocked by core)
Path Group: core
Path Type: max

Fanout         Cap        Slew       Delay        Time   Description
---------------------------------------------------------------------------------------------
                      0.000000    0.000000    0.000000   clock core (rise edge)
                                  0.000000    0.000000   clock network delay (ideal)
                      0.000000    0.000000    0.000000 ^ _4829_/CLK (sky130_fd_sc_hd__dfrtp_1)
    68    0.225640    2.986170    2.571054    2.571054 ^ _4829_/Q (sky130_fd_sc_hd__dfrtp_1)
                                                         u_cordic_core_iter_q_0_ (net)
                      2.986170    0.000000    2.571054 ^ _3346_/B (sky130_fd_sc_hd__nand2_2)
     1    0.004034    0.290521    0.534975    3.106030 v _3346_/Y (sky130_fd_sc_hd__nand2_2)
                                                         _2293_ (net)
                      0.290521    0.000000    3.106030 v _3347_/B1 (sky130_fd_sc_hd__o21ai_2)
     2    0.004520    0.263525    0.204784    3.310814 ^ _3347_/Y (sky130_fd_sc_hd__o21ai_2)
                                                         _2294_ (net)
                      0.263525    0.000000    3.310814 ^ _3348_/A0 (sky130_fd_sc_hd__mux2i_1)
     2    0.004282    0.249733    0.173900    3.484714 v _3348_/Y (sky130_fd_sc_hd__mux2i_1)
                                                         _2295_ (net)
                      0.249733    0.000000    3.484714 v _3432_/A (sky130_fd_sc_hd__nand2_1)
     1    0.004355    0.178910    0.201451    3.686164 ^ _3432_/Y (sky130_fd_sc_hd__nand2_1)
                                                         _0350_ (net)
                      0.178910    0.000000    3.686164 ^ _3433_/B1 (sky130_fd_sc_hd__o21ai_2)
     2    0.006009    0.201720    0.118242    3.804406 v _3433_/Y (sky130_fd_sc_hd__o21ai_2)
                                                         _0351_ (net)
                      0.201720    0.000000    3.804406 v _3515_/B1 (sky130_fd_sc_hd__a32oi_2)
     2    0.009245    0.314766    0.391629    4.196035 ^ _3515_/Y (sky130_fd_sc_hd__a32oi_2)
                                                         _0433_ (net)
                      0.314766    0.000000    4.196035 ^ _3517_/A2 (sky130_fd_sc_hd__a21oi_2)
     3    0.006357    0.070106    0.162865    4.358900 v _3517_/Y (sky130_fd_sc_hd__a21oi_2)
                                                         _0435_ (net)
                      0.070106    0.000000    4.358900 v _3530_/A1 (sky130_fd_sc_hd__o22ai_1)
     1    0.001921    0.173288    0.245078    4.603978 ^ _3530_/Y (sky130_fd_sc_hd__o22ai_1)
                                                         _0448_ (net)
                      0.173288    0.000000    4.603978 ^ _3531_/B1 (sky130_fd_sc_hd__o21ai_1)
     1    0.002056    0.056322    0.114901    4.718879 v _3531_/Y (sky130_fd_sc_hd__o21ai_1)
                                                         _0449_ (net)
                      0.056322    0.000000    4.718879 v _3532_/A (sky130_fd_sc_hd__inv_1)
     2    0.006786    0.096199    0.107812    4.826692 ^ _3532_/Y (sky130_fd_sc_hd__inv_1)
                                                         _0450_ (net)
                      0.096199    0.000000    4.826692 ^ _3533_/A2 (sky130_fd_sc_hd__o21ai_2)
     2    0.006131    0.053066    0.086929    4.913620 v _3533_/Y (sky130_fd_sc_hd__o21ai_2)
                                                         _0451_ (net)
                      0.053066    0.000000    4.913620 v _3535_/A2 (sky130_fd_sc_hd__o21ai_2)
     3    0.009188    0.238833    0.250814    5.164435 ^ _3535_/Y (sky130_fd_sc_hd__o21ai_2)
                                                         _0453_ (net)
                      0.238833    0.000000    5.164435 ^ _3536_/C (sky130_fd_sc_hd__nor3_2)
     2    0.006162    0.057432    0.114726    5.279161 v _3536_/Y (sky130_fd_sc_hd__nor3_2)
                                                         _0454_ (net)
                      0.057432    0.000000    5.279161 v _3555_/A (sky130_fd_sc_hd__nand3_2)
     2    0.006610    0.093312    0.101061    5.380222 ^ _3555_/Y (sky130_fd_sc_hd__nand3_2)
                                                         _0473_ (net)
                      0.093312    0.000000    5.380222 ^ _3570_/A1 (sky130_fd_sc_hd__a211oi_2)
     2    0.005989    0.082328    0.096583    5.476805 v _3570_/Y (sky130_fd_sc_hd__a211oi_2)
                                                         _0488_ (net)
                      0.082328    0.000000    5.476805 v _3574_/A3 (sky130_fd_sc_hd__o31ai_2)
     3    0.009188    0.414323    0.422655    5.899460 ^ _3574_/Y (sky130_fd_sc_hd__o31ai_2)
                                                         _0492_ (net)
                      0.414323    0.000000    5.899460 ^ _3575_/C (sky130_fd_sc_hd__nor3_2)
     1    0.003875    0.077149    0.139169    6.038629 v _3575_/Y (sky130_fd_sc_hd__nor3_2)
                                                         _0493_ (net)
                      0.077149    0.000000    6.038629 v _3576_/C1 (sky130_fd_sc_hd__a211oi_2)
     3    0.008400    0.356887    0.350197    6.388826 ^ _3576_/Y (sky130_fd_sc_hd__a211oi_2)
                                                         _0494_ (net)
                      0.356887    0.000000    6.388826 ^ _3577_/B2 (sky130_fd_sc_hd__o221ai_2)
     2    0.004854    0.095299    0.211388    6.600214 v _3577_/Y (sky130_fd_sc_hd__o221ai_2)
                                                         _0495_ (net)
                      0.095299    0.000000    6.600214 v _3579_/B (sky130_fd_sc_hd__maj3_2)
     2    0.004206    0.077055    0.527116    7.127330 v _3579_/X (sky130_fd_sc_hd__maj3_2)
                                                         _0497_ (net)
                      0.077055    0.000000    7.127330 v _3641_/A1 (sky130_fd_sc_hd__a21oi_1)
     1    0.004531    0.215858    0.242088    7.369418 ^ _3641_/Y (sky130_fd_sc_hd__a21oi_1)
                                                         _0559_ (net)
                      0.215858    0.000000    7.369418 ^ _3642_/B1 (sky130_fd_sc_hd__a21oi_2)
     1    0.014163    0.089218    0.125818    7.495236 v _3642_/Y (sky130_fd_sc_hd__a21oi_2)
                                                         _0560_ (net)
                      0.089218    0.000000    7.495236 v _3643_/B (sky130_fd_sc_hd__xor2_4)
     4    0.038912    0.483507    0.471075    7.966311 ^ _3643_/X (sky130_fd_sc_hd__xor2_4)
                                                         _0561_ (net)
                      0.483507    0.000000    7.966311 ^ _3644_/B (sky130_fd_sc_hd__nand2_8)
    15    0.061290    0.143720    0.250663    8.216974 v _3644_/Y (sky130_fd_sc_hd__nand2_8)
                                                         _0562_ (net)
                      0.143720    0.000000    8.216974 v _3650_/A1 (sky130_fd_sc_hd__a21oi_2)
     1    0.004377    0.150502    0.235509    8.452482 ^ _3650_/Y (sky130_fd_sc_hd__a21oi_2)
                                                         _0568_ (net)
                      0.150502    0.000000    8.452482 ^ _3651_/B2 (sky130_fd_sc_hd__o22ai_2)
     1    0.001762    0.155216    0.096657    8.549139 v _3651_/Y (sky130_fd_sc_hd__o22ai_2)
                                                         _0015_ (net)
                      0.155216    0.000000    8.549139 v _4942_/D (sky130_fd_sc_hd__dfrtp_1)
                                              8.549139   data arrival time

                      0.000000   10.000000   10.000000   clock core (rise edge)
                                  0.000000   10.000000   clock network delay (ideal)
                                  0.000000   10.000000   clock reconvergence pessimism
                                             10.000000 ^ _4942_/CLK (sky130_fd_sc_hd__dfrtp_1)
                                 -0.304833    9.695167   library setup time
                                              9.695167   data required time
---------------------------------------------------------------------------------------------
                                              9.695167   data required time
                                             -8.549139   data arrival time
---------------------------------------------------------------------------------------------
                                              1.146027   slack (MET)


Startpoint: _4829_ (rising edge-triggered flip-flop clocked by core)
Endpoint: _4931_ (rising edge-triggered flip-flop clocked by core)
Path Group: core
Path Type: max

Fanout         Cap        Slew       Delay        Time   Description
---------------------------------------------------------------------------------------------
                      0.000000    0.000000    0.000000   clock core (rise edge)
                                  0.000000    0.000000   clock network delay (ideal)
                      0.000000    0.000000    0.000000 ^ _4829_/CLK (sky130_fd_sc_hd__dfrtp_1)
    68    0.225640    2.986170    2.571054    2.571054 ^ _4829_/Q (sky130_fd_sc_hd__dfrtp_1)
                                                         u_cordic_core_iter_q_0_ (net)
                      2.986170    0.000000    2.571054 ^ _3346_/B (sky130_fd_sc_hd__nand2_2)
     1    0.004034    0.290521    0.534975    3.106030 v _3346_/Y (sky130_fd_sc_hd__nand2_2)
                                                         _2293_ (net)
                      0.290521    0.000000    3.106030 v _3347_/B1 (sky130_fd_sc_hd__o21ai_2)
     2    0.004520    0.263525    0.204784    3.310814 ^ _3347_/Y (sky130_fd_sc_hd__o21ai_2)
                                                         _2294_ (net)
                      0.263525    0.000000    3.310814 ^ _3348_/A0 (sky130_fd_sc_hd__mux2i_1)
     2    0.004282    0.249733    0.173900    3.484714 v _3348_/Y (sky130_fd_sc_hd__mux2i_1)
                                                         _2295_ (net)
                      0.249733    0.000000    3.484714 v _3432_/A (sky130_fd_sc_hd__nand2_1)
     1    0.004355    0.178910    0.201451    3.686164 ^ _3432_/Y (sky130_fd_sc_hd__nand2_1)
                                                         _0350_ (net)
                      0.178910    0.000000    3.686164 ^ _3433_/B1 (sky130_fd_sc_hd__o21ai_2)
     2    0.006009    0.201720    0.118242    3.804406 v _3433_/Y (sky130_fd_sc_hd__o21ai_2)
                                                         _0351_ (net)
                      0.201720    0.000000    3.804406 v _3515_/B1 (sky130_fd_sc_hd__a32oi_2)
     2    0.009245    0.314766    0.391629    4.196035 ^ _3515_/Y (sky130_fd_sc_hd__a32oi_2)
                                                         _0433_ (net)
                      0.314766    0.000000    4.196035 ^ _3517_/A2 (sky130_fd_sc_hd__a21oi_2)
     3    0.006357    0.070106    0.162865    4.358900 v _3517_/Y (sky130_fd_sc_hd__a21oi_2)
                                                         _0435_ (net)
                      0.070106    0.000000    4.358900 v _3530_/A1 (sky130_fd_sc_hd__o22ai_1)
     1    0.001921    0.173288    0.245078    4.603978 ^ _3530_/Y (sky130_fd_sc_hd__o22ai_1)
                                                         _0448_ (net)
                      0.173288    0.000000    4.603978 ^ _3531_/B1 (sky130_fd_sc_hd__o21ai_1)
     1    0.002056    0.056322    0.114901    4.718879 v _3531_/Y (sky130_fd_sc_hd__o21ai_1)
                                                         _0449_ (net)
                      0.056322    0.000000    4.718879 v _3532_/A (sky130_fd_sc_hd__inv_1)
     2    0.006786    0.096199    0.107812    4.826692 ^ _3532_/Y (sky130_fd_sc_hd__inv_1)
                                                         _0450_ (net)
                      0.096199    0.000000    4.826692 ^ _3533_/A2 (sky130_fd_sc_hd__o21ai_2)
     2    0.006131    0.053066    0.086929    4.913620 v _3533_/Y (sky130_fd_sc_hd__o21ai_2)
                                                         _0451_ (net)
                      0.053066    0.000000    4.913620 v _3535_/A2 (sky130_fd_sc_hd__o21ai_2)
     3    0.009188    0.238833    0.250814    5.164435 ^ _3535_/Y (sky130_fd_sc_hd__o21ai_2)
                                                         _0453_ (net)
                      0.238833    0.000000    5.164435 ^ _3536_/C (sky130_fd_sc_hd__nor3_2)
     2    0.006162    0.057432    0.114726    5.279161 v _3536_/Y (sky130_fd_sc_hd__nor3_2)
                                                         _0454_ (net)
                      0.057432    0.000000    5.279161 v _3555_/A (sky130_fd_sc_hd__nand3_2)
     2    0.006610    0.093312    0.101061    5.380222 ^ _3555_/Y (sky130_fd_sc_hd__nand3_2)
                                                         _0473_ (net)
                      0.093312    0.000000    5.380222 ^ _3570_/A1 (sky130_fd_sc_hd__a211oi_2)
     2    0.005989    0.082328    0.096583    5.476805 v _3570_/Y (sky130_fd_sc_hd__a211oi_2)
                                                         _0488_ (net)
                      0.082328    0.000000    5.476805 v _3574_/A3 (sky130_fd_sc_hd__o31ai_2)
     3    0.009188    0.414323    0.422655    5.899460 ^ _3574_/Y (sky130_fd_sc_hd__o31ai_2)
                                                         _0492_ (net)
                      0.414323    0.000000    5.899460 ^ _3575_/C (sky130_fd_sc_hd__nor3_2)
     1    0.003875    0.077149    0.139169    6.038629 v _3575_/Y (sky130_fd_sc_hd__nor3_2)
                                                         _0493_ (net)
                      0.077149    0.000000    6.038629 v _3576_/C1 (sky130_fd_sc_hd__a211oi_2)
     3    0.008400    0.356887    0.350197    6.388826 ^ _3576_/Y (sky130_fd_sc_hd__a211oi_2)
                                                         _0494_ (net)
                      0.356887    0.000000    6.388826 ^ _3577_/B2 (sky130_fd_sc_hd__o221ai_2)
     2    0.004854    0.095299    0.211388    6.600214 v _3577_/Y (sky130_fd_sc_hd__o221ai_2)
                                                         _0495_ (net)
                      0.095299    0.000000    6.600214 v _3579_/B (sky130_fd_sc_hd__maj3_2)
     2    0.004206    0.077055    0.527116    7.127330 v _3579_/X (sky130_fd_sc_hd__maj3_2)
                                                         _0497_ (net)
                      0.077055    0.000000    7.127330 v _3641_/A1 (sky130_fd_sc_hd__a21oi_1)
     1    0.004531    0.215858    0.242088    7.369418 ^ _3641_/Y (sky130_fd_sc_hd__a21oi_1)
                                                         _0559_ (net)
                      0.215858    0.000000    7.369418 ^ _3642_/B1 (sky130_fd_sc_hd__a21oi_2)
     1    0.014163    0.089218    0.125818    7.495236 v _3642_/Y (sky130_fd_sc_hd__a21oi_2)
                                                         _0560_ (net)
                      0.089218    0.000000    7.495236 v _3643_/B (sky130_fd_sc_hd__xor2_4)
     4    0.038912    0.483507    0.471075    7.966311 ^ _3643_/X (sky130_fd_sc_hd__xor2_4)
                                                         _0561_ (net)
                      0.483507    0.000000    7.966311 ^ _3644_/B (sky130_fd_sc_hd__nand2_8)
    15    0.061290    0.143720    0.250663    8.216974 v _3644_/Y (sky130_fd_sc_hd__nand2_8)
                                                         _0562_ (net)
                      0.143720    0.000000    8.216974 v _3741_/A1 (sky130_fd_sc_hd__a21oi_2)
     1    0.004377    0.150496    0.235509    8.452482 ^ _3741_/Y (sky130_fd_sc_hd__a21oi_2)
                                                         _0648_ (net)
                      0.150496    0.000000    8.452482 ^ _3742_/B2 (sky130_fd_sc_hd__o22ai_2)
     1    0.001762    0.155216    0.096655    8.549138 v _3742_/Y (sky130_fd_sc_hd__o22ai_2)
                                                         _0026_ (net)
                      0.155216    0.000000    8.549138 v _4931_/D (sky130_fd_sc_hd__dfrtp_1)
                                              8.549138   data arrival time

                      0.000000   10.000000   10.000000   clock core (rise edge)
                                  0.000000   10.000000   clock network delay (ideal)
                                  0.000000   10.000000   clock reconvergence pessimism
                                             10.000000 ^ _4931_/CLK (sky130_fd_sc_hd__dfrtp_1)
                                 -0.304833    9.695167   library setup time
                                              9.695167   data required time
---------------------------------------------------------------------------------------------
                                              9.695167   data required time
                                             -8.549138   data arrival time
---------------------------------------------------------------------------------------------
                                              1.146029   slack (MET)


Startpoint: _4829_ (rising edge-triggered flip-flop clocked by core)
Endpoint: _4928_ (rising edge-triggered flip-flop clocked by core)
Path Group: core
Path Type: max

Fanout         Cap        Slew       Delay        Time   Description
---------------------------------------------------------------------------------------------
                      0.000000    0.000000    0.000000   clock core (rise edge)
                                  0.000000    0.000000   clock network delay (ideal)
                      0.000000    0.000000    0.000000 ^ _4829_/CLK (sky130_fd_sc_hd__dfrtp_1)
    68    0.225640    2.986170    2.571054    2.571054 ^ _4829_/Q (sky130_fd_sc_hd__dfrtp_1)
                                                         u_cordic_core_iter_q_0_ (net)
                      2.986170    0.000000    2.571054 ^ _3346_/B (sky130_fd_sc_hd__nand2_2)
     1    0.004034    0.290521    0.534975    3.106030 v _3346_/Y (sky130_fd_sc_hd__nand2_2)
                                                         _2293_ (net)
                      0.290521    0.000000    3.106030 v _3347_/B1 (sky130_fd_sc_hd__o21ai_2)
     2    0.004520    0.263525    0.204784    3.310814 ^ _3347_/Y (sky130_fd_sc_hd__o21ai_2)
                                                         _2294_ (net)
                      0.263525    0.000000    3.310814 ^ _3348_/A0 (sky130_fd_sc_hd__mux2i_1)
     2    0.004282    0.249733    0.173900    3.484714 v _3348_/Y (sky130_fd_sc_hd__mux2i_1)
                                                         _2295_ (net)
                      0.249733    0.000000    3.484714 v _3432_/A (sky130_fd_sc_hd__nand2_1)
     1    0.004355    0.178910    0.201451    3.686164 ^ _3432_/Y (sky130_fd_sc_hd__nand2_1)
                                                         _0350_ (net)
                      0.178910    0.000000    3.686164 ^ _3433_/B1 (sky130_fd_sc_hd__o21ai_2)
     2    0.006009    0.201720    0.118242    3.804406 v _3433_/Y (sky130_fd_sc_hd__o21ai_2)
                                                         _0351_ (net)
                      0.201720    0.000000    3.804406 v _3515_/B1 (sky130_fd_sc_hd__a32oi_2)
     2    0.009245    0.314766    0.391629    4.196035 ^ _3515_/Y (sky130_fd_sc_hd__a32oi_2)
                                                         _0433_ (net)
                      0.314766    0.000000    4.196035 ^ _3517_/A2 (sky130_fd_sc_hd__a21oi_2)
     3    0.006357    0.070106    0.162865    4.358900 v _3517_/Y (sky130_fd_sc_hd__a21oi_2)
                                                         _0435_ (net)
                      0.070106    0.000000    4.358900 v _3530_/A1 (sky130_fd_sc_hd__o22ai_1)
     1    0.001921    0.173288    0.245078    4.603978 ^ _3530_/Y (sky130_fd_sc_hd__o22ai_1)
                                                         _0448_ (net)
                      0.173288    0.000000    4.603978 ^ _3531_/B1 (sky130_fd_sc_hd__o21ai_1)
     1    0.002056    0.056322    0.114901    4.718879 v _3531_/Y (sky130_fd_sc_hd__o21ai_1)
                                                         _0449_ (net)
                      0.056322    0.000000    4.718879 v _3532_/A (sky130_fd_sc_hd__inv_1)
     2    0.006786    0.096199    0.107812    4.826692 ^ _3532_/Y (sky130_fd_sc_hd__inv_1)
                                                         _0450_ (net)
                      0.096199    0.000000    4.826692 ^ _3533_/A2 (sky130_fd_sc_hd__o21ai_2)
     2    0.006131    0.053066    0.086929    4.913620 v _3533_/Y (sky130_fd_sc_hd__o21ai_2)
                                                         _0451_ (net)
                      0.053066    0.000000    4.913620 v _3535_/A2 (sky130_fd_sc_hd__o21ai_2)
     3    0.009188    0.238833    0.250814    5.164435 ^ _3535_/Y (sky130_fd_sc_hd__o21ai_2)
                                                         _0453_ (net)
                      0.238833    0.000000    5.164435 ^ _3536_/C (sky130_fd_sc_hd__nor3_2)
     2    0.006162    0.057432    0.114726    5.279161 v _3536_/Y (sky130_fd_sc_hd__nor3_2)
                                                         _0454_ (net)
                      0.057432    0.000000    5.279161 v _3555_/A (sky130_fd_sc_hd__nand3_2)
     2    0.006610    0.093312    0.101061    5.380222 ^ _3555_/Y (sky130_fd_sc_hd__nand3_2)
                                                         _0473_ (net)
                      0.093312    0.000000    5.380222 ^ _3570_/A1 (sky130_fd_sc_hd__a211oi_2)
     2    0.005989    0.082328    0.096583    5.476805 v _3570_/Y (sky130_fd_sc_hd__a211oi_2)
                                                         _0488_ (net)
                      0.082328    0.000000    5.476805 v _3574_/A3 (sky130_fd_sc_hd__o31ai_2)
     3    0.009188    0.414323    0.422655    5.899460 ^ _3574_/Y (sky130_fd_sc_hd__o31ai_2)
                                                         _0492_ (net)
                      0.414323    0.000000    5.899460 ^ _3575_/C (sky130_fd_sc_hd__nor3_2)
     1    0.003875    0.077149    0.139169    6.038629 v _3575_/Y (sky130_fd_sc_hd__nor3_2)
                                                         _0493_ (net)
                      0.077149    0.000000    6.038629 v _3576_/C1 (sky130_fd_sc_hd__a211oi_2)
     3    0.008400    0.356887    0.350197    6.388826 ^ _3576_/Y (sky130_fd_sc_hd__a211oi_2)
                                                         _0494_ (net)
                      0.356887    0.000000    6.388826 ^ _3577_/B2 (sky130_fd_sc_hd__o221ai_2)
     2    0.004854    0.095299    0.211388    6.600214 v _3577_/Y (sky130_fd_sc_hd__o221ai_2)
                                                         _0495_ (net)
                      0.095299    0.000000    6.600214 v _3579_/B (sky130_fd_sc_hd__maj3_2)
     2    0.004206    0.077055    0.527116    7.127330 v _3579_/X (sky130_fd_sc_hd__maj3_2)
                                                         _0497_ (net)
                      0.077055    0.000000    7.127330 v _3641_/A1 (sky130_fd_sc_hd__a21oi_1)
     1    0.004531    0.215858    0.242088    7.369418 ^ _3641_/Y (sky130_fd_sc_hd__a21oi_1)
                                                         _0559_ (net)
                      0.215858    0.000000    7.369418 ^ _3642_/B1 (sky130_fd_sc_hd__a21oi_2)
     1    0.014163    0.089218    0.125818    7.495236 v _3642_/Y (sky130_fd_sc_hd__a21oi_2)
                                                         _0560_ (net)
                      0.089218    0.000000    7.495236 v _3643_/B (sky130_fd_sc_hd__xor2_4)
     4    0.038912    0.483507    0.471075    7.966311 ^ _3643_/X (sky130_fd_sc_hd__xor2_4)
                                                         _0561_ (net)
                      0.483507    0.000000    7.966311 ^ _3644_/B (sky130_fd_sc_hd__nand2_8)
    15    0.061290    0.143720    0.250663    8.216974 v _3644_/Y (sky130_fd_sc_hd__nand2_8)
                                                         _0562_ (net)
                      0.143720    0.000000    8.216974 v _3761_/A1 (sky130_fd_sc_hd__a21oi_2)
     1    0.004377    0.150488    0.235509    8.452482 ^ _3761_/Y (sky130_fd_sc_hd__a21oi_2)
                                                         _0665_ (net)
                      0.150488    0.000000    8.452482 ^ _3762_/B2 (sky130_fd_sc_hd__o22ai_2)
     1    0.001762    0.155216    0.096652    8.549135 v _3762_/Y (sky130_fd_sc_hd__o22ai_2)
                                                         _0029_ (net)
                      0.155216    0.000000    8.549135 v _4928_/D (sky130_fd_sc_hd__dfrtp_1)
                                              8.549135   data arrival time

                      0.000000   10.000000   10.000000   clock core (rise edge)
                                  0.000000   10.000000   clock network delay (ideal)
                                  0.000000   10.000000   clock reconvergence pessimism
                                             10.000000 ^ _4928_/CLK (sky130_fd_sc_hd__dfrtp_1)
                                 -0.304833    9.695167   library setup time
                                              9.695167   data required time
---------------------------------------------------------------------------------------------
                                              9.695167   data required time
                                             -8.549135   data arrival time
---------------------------------------------------------------------------------------------
                                              1.146032   slack (MET)


Startpoint: _4829_ (rising edge-triggered flip-flop clocked by core)
Endpoint: _4815_ (rising edge-triggered flip-flop clocked by core)
Path Group: core
Path Type: max

Fanout         Cap        Slew       Delay        Time   Description
---------------------------------------------------------------------------------------------
                      0.000000    0.000000    0.000000   clock core (rise edge)
                                  0.000000    0.000000   clock network delay (ideal)
                      0.000000    0.000000    0.000000 ^ _4829_/CLK (sky130_fd_sc_hd__dfrtp_1)
    68    0.225640    2.986170    2.571054    2.571054 ^ _4829_/Q (sky130_fd_sc_hd__dfrtp_1)
                                                         u_cordic_core_iter_q_0_ (net)
                      2.986170    0.000000    2.571054 ^ _4378_/A2 (sky130_fd_sc_hd__o21ai_0)
     2    0.004225    0.383997    0.799855    3.370909 v _4378_/Y (sky130_fd_sc_hd__o21ai_0)
                                                         _1184_ (net)
                      0.383997    0.000000    3.370909 v _4379_/A1 (sky130_fd_sc_hd__mux2i_1)
     2    0.004783    0.262627    0.429597    3.800506 ^ _4379_/Y (sky130_fd_sc_hd__mux2i_1)
                                                         _1185_ (net)
                      0.262627    0.000000    3.800506 ^ _4388_/A2 (sky130_fd_sc_hd__o21ai_1)
     2    0.005251    0.087686    0.161777    3.962283 v _4388_/Y (sky130_fd_sc_hd__o21ai_1)
                                                         _1194_ (net)
                      0.087686    0.000000    3.962283 v _4389_/B (sky130_fd_sc_hd__or2_1)
     1    0.002145    0.062499    0.364199    4.326482 v _4389_/X (sky130_fd_sc_hd__or2_1)
                                                         _1195_ (net)
                      0.062499    0.000000    4.326482 v _4392_/A (sky130_fd_sc_hd__nand3_1)
     2    0.004622    0.126218    0.121221    4.447703 ^ _4392_/Y (sky130_fd_sc_hd__nand3_1)
                                                         _1198_ (net)
                      0.126218    0.000000    4.447703 ^ _4393_/B (sky130_fd_sc_hd__nor2_1)
     2    0.006065    0.048520    0.093597    4.541300 v _4393_/Y (sky130_fd_sc_hd__nor2_1)
                                                         _1199_ (net)
                      0.048520    0.000000    4.541300 v _4396_/A (sky130_fd_sc_hd__nor2_2)
     4    0.011297    0.236393    0.251468    4.792768 ^ _4396_/Y (sky130_fd_sc_hd__nor2_2)
                                                         _1202_ (net)
                      0.236393    0.000000    4.792768 ^ _4397_/A (sky130_fd_sc_hd__inv_1)
     2    0.004316    0.060801    0.118933    4.911701 v _4397_/Y (sky130_fd_sc_hd__inv_1)
                                                         _1203_ (net)
                      0.060801    0.000000    4.911701 v _4412_/A1 (sky130_fd_sc_hd__a21oi_1)
     1    0.001693    0.127783    0.164314    5.076015 ^ _4412_/Y (sky130_fd_sc_hd__a21oi_1)
                                                         _1218_ (net)
                      0.127783    0.000000    5.076015 ^ _4414_/A2 (sky130_fd_sc_hd__o21ai_0)
     2    0.005026    0.105985    0.143018    5.219034 v _4414_/Y (sky130_fd_sc_hd__o21ai_0)
                                                         _1220_ (net)
                      0.105985    0.000000    5.219034 v _4423_/B (sky130_fd_sc_hd__maj3_2)
     1    0.002169    0.067163    0.514462    5.733496 v _4423_/X (sky130_fd_sc_hd__maj3_2)
                                                         _1229_ (net)
                      0.067163    0.000000    5.733496 v _4554_/A (sky130_fd_sc_hd__nor2_1)
     2    0.006734    0.231915    0.245811    5.979307 ^ _4554_/Y (sky130_fd_sc_hd__nor2_1)
                                                         _1360_ (net)
                      0.231915    0.000000    5.979307 ^ _4555_/A (sky130_fd_sc_hd__inv_2)
     2    0.004385    0.046339    0.091370    6.070677 v _4555_/Y (sky130_fd_sc_hd__inv_2)
                                                         _1361_ (net)
                      0.046339    0.000000    6.070677 v _4570_/A1 (sky130_fd_sc_hd__a31oi_1)
     1    0.004452    0.242943    0.236843    6.307519 ^ _4570_/Y (sky130_fd_sc_hd__a31oi_1)
                                                         _1376_ (net)
                      0.242943    0.000000    6.307519 ^ _4571_/A (sky130_fd_sc_hd__inv_2)
     3    0.005823    0.052091    0.100777    6.408296 v _4571_/Y (sky130_fd_sc_hd__inv_2)
                                                         _1377_ (net)
                      0.052091    0.000000    6.408296 v _4585_/A1 (sky130_fd_sc_hd__a31oi_1)
     2    0.004902    0.258374    0.250576    6.658872 ^ _4585_/Y (sky130_fd_sc_hd__a31oi_1)
                                                         _1391_ (net)
                      0.258374    0.000000    6.658872 ^ _4586_/B (sky130_fd_sc_hd__nor2_1)
     1    0.003954    0.063824    0.122678    6.781550 v _4586_/Y (sky130_fd_sc_hd__nor2_1)
                                                         _1392_ (net)
                      0.063824    0.000000    6.781550 v _4587_/B (sky130_fd_sc_hd__nor2_2)
     2    0.006710    0.160845    0.170487    6.952037 ^ _4587_/Y (sky130_fd_sc_hd__nor2_2)
                                                         _1393_ (net)
                      0.160845    0.000000    6.952037 ^ _4638_/A1 (sky130_fd_sc_hd__a21oi_2)
     1    0.003940    0.064133    0.100240    7.052277 v _4638_/Y (sky130_fd_sc_hd__a21oi_2)
                                                         _1444_ (net)
                      0.064133    0.000000    7.052277 v _4639_/B1 (sky130_fd_sc_hd__a31oi_2)
     1    0.008343    0.273842    0.296924    7.349201 ^ _4639_/Y (sky130_fd_sc_hd__a31oi_2)
                                                         _1445_ (net)
                      0.273842    0.000000    7.349201 ^ _4640_/B (sky130_fd_sc_hd__xor2_2)
     4    0.022215    0.462635    0.504619    7.853820 ^ _4640_/X (sky130_fd_sc_hd__xor2_2)
                                                         _1446_ (net)
                      0.462635    0.000000    7.853820 ^ _4641_/B1 (sky130_fd_sc_hd__o21ai_4)
    15    0.032565    0.157596    0.266259    8.120079 v _4641_/Y (sky130_fd_sc_hd__o21ai_4)
                                                         _1447_ (net)
                      0.157596    0.000000    8.120079 v _4669_/A1 (sky130_fd_sc_hd__a21oi_1)
     1    0.004377    0.211086    0.279898    8.399977 ^ _4669_/Y (sky130_fd_sc_hd__a21oi_1)
                                                         _1472_ (net)
                      0.211086    0.000000    8.399977 ^ _4670_/B2 (sky130_fd_sc_hd__o22ai_2)
     1    0.001762    0.155216    0.114553    8.514530 v _4670_/Y (sky130_fd_sc_hd__o22ai_2)
                                                         _0129_ (net)
                      0.155216    0.000000    8.514530 v _4815_/D (sky130_fd_sc_hd__dfrtp_1)
                                              8.514530   data arrival time

                      0.000000   10.000000   10.000000   clock core (rise edge)
                                  0.000000   10.000000   clock network delay (ideal)
                                  0.000000   10.000000   clock reconvergence pessimism
                                             10.000000 ^ _4815_/CLK (sky130_fd_sc_hd__dfrtp_1)
                                 -0.304833    9.695167   library setup time
                                              9.695167   data required time
---------------------------------------------------------------------------------------------
                                              9.695167   data required time
                                             -8.514530   data arrival time
---------------------------------------------------------------------------------------------
                                              1.180637   slack (MET)


Startpoint: _4962_ (rising edge-triggered flip-flop clocked by core)
Endpoint: _4671_ (recovery check against rising-edge clock core)
Path Group: asynchronous
Path Type: max

Fanout         Cap        Slew       Delay        Time   Description
---------------------------------------------------------------------------------------------
                      0.000000    0.000000    0.000000   clock core (rise edge)
                                  0.000000    0.000000   clock network delay (ideal)
                      0.000000    0.000000    0.000000 ^ _4962_/CLK (sky130_fd_sc_hd__dfrtp_1)
   174    0.588293    7.776236    5.989702    5.989702 ^ _4962_/Q (sky130_fd_sc_hd__dfrtp_1)
                                                         core_rst_ni (net)
                      7.776236    0.000000    5.989702 ^ _4671_/RESET_B (sky130_fd_sc_hd__dfrtp_1)
                                              5.989702   data arrival time

                      0.000000   10.000000   10.000000   clock core (rise edge)
                                  0.000000   10.000000   clock network delay (ideal)
                                  0.000000   10.000000   clock reconvergence pessimism
                                             10.000000 ^ _4671_/CLK (sky130_fd_sc_hd__dfrtp_1)
                                 -2.302969    7.697031   library recovery time
                                              7.697031   data required time
---------------------------------------------------------------------------------------------
                                              7.697031   data required time
                                             -5.989702   data arrival time
---------------------------------------------------------------------------------------------
                                              1.707329   slack (MET)


Startpoint: _4962_ (rising edge-triggered flip-flop clocked by core)
Endpoint: _4672_ (recovery check against rising-edge clock core)
Path Group: asynchronous
Path Type: max

Fanout         Cap        Slew       Delay        Time   Description
---------------------------------------------------------------------------------------------
                      0.000000    0.000000    0.000000   clock core (rise edge)
                                  0.000000    0.000000   clock network delay (ideal)
                      0.000000    0.000000    0.000000 ^ _4962_/CLK (sky130_fd_sc_hd__dfrtp_1)
   174    0.588293    7.776236    5.989702    5.989702 ^ _4962_/Q (sky130_fd_sc_hd__dfrtp_1)
                                                         core_rst_ni (net)
                      7.776236    0.000000    5.989702 ^ _4672_/RESET_B (sky130_fd_sc_hd__dfrtp_1)
                                              5.989702   data arrival time

                      0.000000   10.000000   10.000000   clock core (rise edge)
                                  0.000000   10.000000   clock network delay (ideal)
                                  0.000000   10.000000   clock reconvergence pessimism
                                             10.000000 ^ _4672_/CLK (sky130_fd_sc_hd__dfrtp_1)
                                 -2.302969    7.697031   library recovery time
                                              7.697031   data required time
---------------------------------------------------------------------------------------------
                                              7.697031   data required time
                                             -5.989702   data arrival time
---------------------------------------------------------------------------------------------
                                              1.707329   slack (MET)


Startpoint: _4962_ (rising edge-triggered flip-flop clocked by core)
Endpoint: _4673_ (recovery check against rising-edge clock core)
Path Group: asynchronous
Path Type: max

Fanout         Cap        Slew       Delay        Time   Description
---------------------------------------------------------------------------------------------
                      0.000000    0.000000    0.000000   clock core (rise edge)
                                  0.000000    0.000000   clock network delay (ideal)
                      0.000000    0.000000    0.000000 ^ _4962_/CLK (sky130_fd_sc_hd__dfrtp_1)
   174    0.588293    7.776236    5.989702    5.989702 ^ _4962_/Q (sky130_fd_sc_hd__dfrtp_1)
                                                         core_rst_ni (net)
                      7.776236    0.000000    5.989702 ^ _4673_/RESET_B (sky130_fd_sc_hd__dfrtp_1)
                                              5.989702   data arrival time

                      0.000000   10.000000   10.000000   clock core (rise edge)
                                  0.000000   10.000000   clock network delay (ideal)
                                  0.000000   10.000000   clock reconvergence pessimism
                                             10.000000 ^ _4673_/CLK (sky130_fd_sc_hd__dfrtp_1)
                                 -2.302969    7.697031   library recovery time
                                              7.697031   data required time
---------------------------------------------------------------------------------------------
                                              7.697031   data required time
                                             -5.989702   data arrival time
---------------------------------------------------------------------------------------------
                                              1.707329   slack (MET)


Startpoint: _4962_ (rising edge-triggered flip-flop clocked by core)
Endpoint: _4674_ (recovery check against rising-edge clock core)
Path Group: asynchronous
Path Type: max

Fanout         Cap        Slew       Delay        Time   Description
---------------------------------------------------------------------------------------------
                      0.000000    0.000000    0.000000   clock core (rise edge)
                                  0.000000    0.000000   clock network delay (ideal)
                      0.000000    0.000000    0.000000 ^ _4962_/CLK (sky130_fd_sc_hd__dfrtp_1)
   174    0.588293    7.776236    5.989702    5.989702 ^ _4962_/Q (sky130_fd_sc_hd__dfrtp_1)
                                                         core_rst_ni (net)
                      7.776236    0.000000    5.989702 ^ _4674_/RESET_B (sky130_fd_sc_hd__dfrtp_1)
                                              5.989702   data arrival time

                      0.000000   10.000000   10.000000   clock core (rise edge)
                                  0.000000   10.000000   clock network delay (ideal)
                                  0.000000   10.000000   clock reconvergence pessimism
                                             10.000000 ^ _4674_/CLK (sky130_fd_sc_hd__dfrtp_1)
                                 -2.302969    7.697031   library recovery time
                                              7.697031   data required time
---------------------------------------------------------------------------------------------
                                              7.697031   data required time
                                             -5.989702   data arrival time
---------------------------------------------------------------------------------------------
                                              1.707329   slack (MET)


Startpoint: _4962_ (rising edge-triggered flip-flop clocked by core)
Endpoint: _4675_ (recovery check against rising-edge clock core)
Path Group: asynchronous
Path Type: max

Fanout         Cap        Slew       Delay        Time   Description
---------------------------------------------------------------------------------------------
                      0.000000    0.000000    0.000000   clock core (rise edge)
                                  0.000000    0.000000   clock network delay (ideal)
                      0.000000    0.000000    0.000000 ^ _4962_/CLK (sky130_fd_sc_hd__dfrtp_1)
   174    0.588293    7.776236    5.989702    5.989702 ^ _4962_/Q (sky130_fd_sc_hd__dfrtp_1)
                                                         core_rst_ni (net)
                      7.776236    0.000000    5.989702 ^ _4675_/RESET_B (sky130_fd_sc_hd__dfrtp_1)
                                              5.989702   data arrival time

                      0.000000   10.000000   10.000000   clock core (rise edge)
                                  0.000000   10.000000   clock network delay (ideal)
                                  0.000000   10.000000   clock reconvergence pessimism
                                             10.000000 ^ _4675_/CLK (sky130_fd_sc_hd__dfrtp_1)
                                 -2.302969    7.697031   library recovery time
                                              7.697031   data required time
---------------------------------------------------------------------------------------------
                                              7.697031   data required time
                                             -5.989702   data arrival time
---------------------------------------------------------------------------------------------
                                              1.707329   slack (MET)


Startpoint: _4962_ (rising edge-triggered flip-flop clocked by core)
Endpoint: _4676_ (recovery check against rising-edge clock core)
Path Group: asynchronous
Path Type: max

Fanout         Cap        Slew       Delay        Time   Description
---------------------------------------------------------------------------------------------
                      0.000000    0.000000    0.000000   clock core (rise edge)
                                  0.000000    0.000000   clock network delay (ideal)
                      0.000000    0.000000    0.000000 ^ _4962_/CLK (sky130_fd_sc_hd__dfrtp_1)
   174    0.588293    7.776236    5.989702    5.989702 ^ _4962_/Q (sky130_fd_sc_hd__dfrtp_1)
                                                         core_rst_ni (net)
                      7.776236    0.000000    5.989702 ^ _4676_/RESET_B (sky130_fd_sc_hd__dfrtp_1)
                                              5.989702   data arrival time

                      0.000000   10.000000   10.000000   clock core (rise edge)
                                  0.000000   10.000000   clock network delay (ideal)
                                  0.000000   10.000000   clock reconvergence pessimism
                                             10.000000 ^ _4676_/CLK (sky130_fd_sc_hd__dfrtp_1)
                                 -2.302969    7.697031   library recovery time
                                              7.697031   data required time
---------------------------------------------------------------------------------------------
                                              7.697031   data required time
                                             -5.989702   data arrival time
---------------------------------------------------------------------------------------------
                                              1.707329   slack (MET)


Startpoint: _4962_ (rising edge-triggered flip-flop clocked by core)
Endpoint: _4677_ (recovery check against rising-edge clock core)
Path Group: asynchronous
Path Type: max

Fanout         Cap        Slew       Delay        Time   Description
---------------------------------------------------------------------------------------------
                      0.000000    0.000000    0.000000   clock core (rise edge)
                                  0.000000    0.000000   clock network delay (ideal)
                      0.000000    0.000000    0.000000 ^ _4962_/CLK (sky130_fd_sc_hd__dfrtp_1)
   174    0.588293    7.776236    5.989702    5.989702 ^ _4962_/Q (sky130_fd_sc_hd__dfrtp_1)
                                                         core_rst_ni (net)
                      7.776236    0.000000    5.989702 ^ _4677_/RESET_B (sky130_fd_sc_hd__dfrtp_1)
                                              5.989702   data arrival time

                      0.000000   10.000000   10.000000   clock core (rise edge)
                                  0.000000   10.000000   clock network delay (ideal)
                                  0.000000   10.000000   clock reconvergence pessimism
                                             10.000000 ^ _4677_/CLK (sky130_fd_sc_hd__dfrtp_1)
                                 -2.302969    7.697031   library recovery time
                                              7.697031   data required time
---------------------------------------------------------------------------------------------
                                              7.697031   data required time
                                             -5.989702   data arrival time
---------------------------------------------------------------------------------------------
                                              1.707329   slack (MET)


Startpoint: _4962_ (rising edge-triggered flip-flop clocked by core)
Endpoint: _4678_ (recovery check against rising-edge clock core)
Path Group: asynchronous
Path Type: max

Fanout         Cap        Slew       Delay        Time   Description
---------------------------------------------------------------------------------------------
                      0.000000    0.000000    0.000000   clock core (rise edge)
                                  0.000000    0.000000   clock network delay (ideal)
                      0.000000    0.000000    0.000000 ^ _4962_/CLK (sky130_fd_sc_hd__dfrtp_1)
   174    0.588293    7.776236    5.989702    5.989702 ^ _4962_/Q (sky130_fd_sc_hd__dfrtp_1)
                                                         core_rst_ni (net)
                      7.776236    0.000000    5.989702 ^ _4678_/RESET_B (sky130_fd_sc_hd__dfrtp_1)
                                              5.989702   data arrival time

                      0.000000   10.000000   10.000000   clock core (rise edge)
                                  0.000000   10.000000   clock network delay (ideal)
                                  0.000000   10.000000   clock reconvergence pessimism
                                             10.000000 ^ _4678_/CLK (sky130_fd_sc_hd__dfrtp_1)
                                 -2.302969    7.697031   library recovery time
                                              7.697031   data required time
---------------------------------------------------------------------------------------------
                                              7.697031   data required time
                                             -5.989702   data arrival time
---------------------------------------------------------------------------------------------
                                              1.707329   slack (MET)


Startpoint: _4962_ (rising edge-triggered flip-flop clocked by core)
Endpoint: _4679_ (recovery check against rising-edge clock core)
Path Group: asynchronous
Path Type: max

Fanout         Cap        Slew       Delay        Time   Description
---------------------------------------------------------------------------------------------
                      0.000000    0.000000    0.000000   clock core (rise edge)
                                  0.000000    0.000000   clock network delay (ideal)
                      0.000000    0.000000    0.000000 ^ _4962_/CLK (sky130_fd_sc_hd__dfrtp_1)
   174    0.588293    7.776236    5.989702    5.989702 ^ _4962_/Q (sky130_fd_sc_hd__dfrtp_1)
                                                         core_rst_ni (net)
                      7.776236    0.000000    5.989702 ^ _4679_/RESET_B (sky130_fd_sc_hd__dfrtp_1)
                                              5.989702   data arrival time

                      0.000000   10.000000   10.000000   clock core (rise edge)
                                  0.000000   10.000000   clock network delay (ideal)
                                  0.000000   10.000000   clock reconvergence pessimism
                                             10.000000 ^ _4679_/CLK (sky130_fd_sc_hd__dfrtp_1)
                                 -2.302969    7.697031   library recovery time
                                              7.697031   data required time
---------------------------------------------------------------------------------------------
                                              7.697031   data required time
                                             -5.989702   data arrival time
---------------------------------------------------------------------------------------------
                                              1.707329   slack (MET)


Startpoint: _4962_ (rising edge-triggered flip-flop clocked by core)
Endpoint: _4680_ (recovery check against rising-edge clock core)
Path Group: asynchronous
Path Type: max

Fanout         Cap        Slew       Delay        Time   Description
---------------------------------------------------------------------------------------------
                      0.000000    0.000000    0.000000   clock core (rise edge)
                                  0.000000    0.000000   clock network delay (ideal)
                      0.000000    0.000000    0.000000 ^ _4962_/CLK (sky130_fd_sc_hd__dfrtp_1)
   174    0.588293    7.776236    5.989702    5.989702 ^ _4962_/Q (sky130_fd_sc_hd__dfrtp_1)
                                                         core_rst_ni (net)
                      7.776236    0.000000    5.989702 ^ _4680_/RESET_B (sky130_fd_sc_hd__dfrtp_1)
                                              5.989702   data arrival time

                      0.000000   10.000000   10.000000   clock core (rise edge)
                                  0.000000   10.000000   clock network delay (ideal)
                                  0.000000   10.000000   clock reconvergence pessimism
                                             10.000000 ^ _4680_/CLK (sky130_fd_sc_hd__dfrtp_1)
                                 -2.302969    7.697031   library recovery time
                                              7.697031   data required time
---------------------------------------------------------------------------------------------
                                              7.697031   data required time
                                             -5.989702   data arrival time
---------------------------------------------------------------------------------------------
                                              1.707329   slack (MET)

=== FlexSoC normalized power fields ===
dynamic_power_definition=internal_power+switching_power
power_unit=OpenSTA report unit; see Units section
internal_power=0.00125
switching_power=4.83e-05
dynamic_power=0.0012983
leakage_power=5e-09
total_power=0.0013

=== Gate-level timing/power fusion ===
power_semantics=average_instance_power_from_the_same_VCD_SAIF_context
path_power_sum=unique_instance_average_power_sum_not_incremental_path_energy
fanout_capacitance_source=OpenSTA_report_checks_output_pin_fields

Worst path 1: status=met slack=1.14603 type=max group=core
startpoint=_4829_ (rising edge-triggered flip-flop clocked by core)
endpoint=_4930_ (rising edge-triggered flip-flop clocked by core)
path_power_complete=true
path_average_power_sum internal=7.93399e-06 switching=1.16643e-07 dynamic=8.05064e-06 leakage=1.40636e-10 total=8.05078e-06
stage instance cell pins fanout capacitance slew delay arrival internal switching dynamic leakage total
1 _4829_ sky130_fd_sc_hd__dfrtp_1 CLK,Q 68 0.22564 2.98617 2.57105 2.57105 3.92127e-06 0 3.92127e-06 5.00272e-12 3.92128e-06
2 _3346_ sky130_fd_sc_hd__nand2_2 B,Y 1 0.004034 0.290521 0.534975 3.10603 3.55794e-10 2.02189e-09 2.37768e-09 4.32598e-14 2.37773e-09
3 _3347_ sky130_fd_sc_hd__o21ai_2 B1,Y 2 0.00452 0.263525 0.204784 3.31081 5.91824e-10 2.09849e-09 2.69032e-09 7.64634e-14 2.69039e-09
4 _3348_ sky130_fd_sc_hd__mux2i_1 A0,Y 2 0.004282 0.249733 0.1739 3.48471 1.91287e-09 2.11892e-09 4.03179e-09 3.54735e-12 4.03534e-09
5 _3432_ sky130_fd_sc_hd__nand2_1 A,Y 1 0.004355 0.17891 0.201451 3.68616 1.19729e-10 2.02189e-09 2.14162e-09 6.6251e-15 2.14162e-09
6 _3433_ sky130_fd_sc_hd__o21ai_2 B1,Y 2 0.006009 0.20172 0.118242 3.80441 2.92778e-09 3.04839e-09 5.97617e-09 7.06883e-12 5.98324e-09
7 _3515_ sky130_fd_sc_hd__a32oi_2 B1,Y 2 0.009245 0.314766 0.391629 4.19604 7.04016e-09 4.29216e-09 1.13323e-08 3.4739e-13 1.13327e-08
8 _3517_ sky130_fd_sc_hd__a21oi_2 A2,Y 3 0.006357 0.070106 0.162865 4.3589 2.92041e-09 3.27216e-09 6.19257e-09 3.5347e-12 6.19611e-09
9 _3530_ sky130_fd_sc_hd__o22ai_1 A1,Y 1 0.001921 0.173288 0.245078 4.60398 2.05034e-09 8.9186e-10 2.9422e-09 3.53379e-12 2.94573e-09
10 _3531_ sky130_fd_sc_hd__o21ai_1 B1,Y 1 0.002056 0.056322 0.114901 4.71888 1.38494e-09 1.03114e-09 2.41608e-09 1.76597e-14 2.4161e-09
11 _3532_ sky130_fd_sc_hd__inv_1 A,Y 2 0.006786 0.096199 0.107812 4.82669 8.47719e-10 3.15053e-09 3.99825e-09 1.80635e-12 4.00005e-09
12 _3533_ sky130_fd_sc_hd__o21ai_2 A2,Y 2 0.006131 0.053066 0.086929 4.91362 3.8663e-09 3.15053e-09 7.01682e-09 7.66905e-14 7.0169e-09
13 _3535_ sky130_fd_sc_hd__o21ai_2 A2,Y 3 0.009188 0.238833 0.250814 5.16444 3.02676e-09 4.2657e-09 7.29246e-09 7.06128e-12 7.29952e-09
14 _3536_ sky130_fd_sc_hd__nor3_2 C,Y 2 0.006162 0.057432 0.114726 5.27916 3.60251e-09 3.09342e-09 6.69593e-09 1.047e-13 6.69603e-09
15 _3555_ sky130_fd_sc_hd__nand3_2 A,Y 2 0.00661 0.093312 0.101061 5.38022 3.13139e-09 3.06882e-09 6.20021e-09 1.05957e-11 6.2108e-09
16 _3570_ sky130_fd_sc_hd__a211oi_2 A1,Y 2 0.005989 0.082328 0.096583 5.4768 4.11236e-09 3.1886e-09 7.30096e-09 1.15685e-13 7.30108e-09
17 _3574_ sky130_fd_sc_hd__o31ai_2 A3,Y 3 0.009188 0.414323 0.422655 5.89946 3.54314e-09 4.2657e-09 7.80884e-09 7.06003e-12 7.8159e-09
18 _3575_ sky130_fd_sc_hd__nor3_2 C,Y 1 0.003875 0.077149 0.139169 6.03863 3.52498e-09 2.08317e-09 5.60816e-09 1.047e-13 5.60826e-09
19 _3576_ sky130_fd_sc_hd__a211oi_2 C1,Y 3 0.0084 0.356887 0.350197 6.38883 3.08736e-09 3.89986e-09 6.98722e-09 3.53484e-12 6.99075e-09
20 _3577_ sky130_fd_sc_hd__o221ai_2 B2,Y 2 0.004854 0.095299 0.211388 6.60021 5.26376e-09 2.43741e-09 7.70117e-09 8.0889e-14 7.70126e-09
21 _3579_ sky130_fd_sc_hd__maj3_2 B,X 2 0.004206 0.077055 0.527116 7.12733 4.98756e-09 2.12264e-09 7.11019e-09 6.79648e-12 7.11699e-09
22 _3641_ sky130_fd_sc_hd__a21oi_1 A1,Y 1 0.004531 0.215858 0.242088 7.36942 1.55152e-09 2.1036e-09 3.65512e-09 7.94661e-12 3.66307e-09
23 _3642_ sky130_fd_sc_hd__a21oi_2 B1,Y 1 0.014163 0.089218 0.125818 7.49524 2.72843e-09 7.20638e-09 9.9348e-09 5.51113e-14 9.93486e-09
24 _3643_ sky130_fd_sc_hd__xor2_4 B,X 4 0.038912 0.483507 0.471075 7.96631 7.23107e-09 1.80656e-08 2.52967e-08 6.26878e-11 2.53594e-08
25 _3644_ sky130_fd_sc_hd__nand2_8 B,Y 15 0.06129 0.14372 0.250663 8.21697 1.10158e-08 3.08367e-08 4.18525e-08 2.63108e-13 4.18528e-08
26 _3747_ sky130_fd_sc_hd__a21oi_2 A1,Y 1 0.004377 0.150503 0.235509 8.45248 3.20634e-09 2.0321e-09 5.23844e-09 8.98964e-14 5.23853e-09
27 _3748_ sky130_fd_sc_hd__o22ai_2 B2,Y 1 0.001762 0.155216 0.096658 8.54914 7.4217e-09 8.75146e-10 8.29684e-09 4.07471e-12 8.30092e-09
28 _4930_ sky130_fd_sc_hd__dfrtp_1 D - - 0.155216 0 8.54914 3.92127e-06 0 3.92127e-06 5.00272e-12 3.92128e-06

Worst path 2: status=met slack=1.14603 type=max group=core
startpoint=_4829_ (rising edge-triggered flip-flop clocked by core)
endpoint=_4932_ (rising edge-triggered flip-flop clocked by core)
path_power_complete=true
path_average_power_sum internal=7.934e-06 switching=1.16643e-07 dynamic=8.05065e-06 leakage=1.40636e-10 total=8.05079e-06
stage instance cell pins fanout capacitance slew delay arrival internal switching dynamic leakage total
1 _4829_ sky130_fd_sc_hd__dfrtp_1 CLK,Q 68 0.22564 2.98617 2.57105 2.57105 3.92127e-06 0 3.92127e-06 5.00272e-12 3.92128e-06
2 _3346_ sky130_fd_sc_hd__nand2_2 B,Y 1 0.004034 0.290521 0.534975 3.10603 3.55794e-10 2.02189e-09 2.37768e-09 4.32598e-14 2.37773e-09
3 _3347_ sky130_fd_sc_hd__o21ai_2 B1,Y 2 0.00452 0.263525 0.204784 3.31081 5.91824e-10 2.09849e-09 2.69032e-09 7.64634e-14 2.69039e-09
4 _3348_ sky130_fd_sc_hd__mux2i_1 A0,Y 2 0.004282 0.249733 0.1739 3.48471 1.91287e-09 2.11892e-09 4.03179e-09 3.54735e-12 4.03534e-09
5 _3432_ sky130_fd_sc_hd__nand2_1 A,Y 1 0.004355 0.17891 0.201451 3.68616 1.19729e-10 2.02189e-09 2.14162e-09 6.6251e-15 2.14162e-09
6 _3433_ sky130_fd_sc_hd__o21ai_2 B1,Y 2 0.006009 0.20172 0.118242 3.80441 2.92778e-09 3.04839e-09 5.97617e-09 7.06883e-12 5.98324e-09
7 _3515_ sky130_fd_sc_hd__a32oi_2 B1,Y 2 0.009245 0.314766 0.391629 4.19604 7.04016e-09 4.29216e-09 1.13323e-08 3.4739e-13 1.13327e-08
8 _3517_ sky130_fd_sc_hd__a21oi_2 A2,Y 3 0.006357 0.070106 0.162865 4.3589 2.92041e-09 3.27216e-09 6.19257e-09 3.5347e-12 6.19611e-09
9 _3530_ sky130_fd_sc_hd__o22ai_1 A1,Y 1 0.001921 0.173288 0.245078 4.60398 2.05034e-09 8.9186e-10 2.9422e-09 3.53379e-12 2.94573e-09
10 _3531_ sky130_fd_sc_hd__o21ai_1 B1,Y 1 0.002056 0.056322 0.114901 4.71888 1.38494e-09 1.03114e-09 2.41608e-09 1.76597e-14 2.4161e-09
11 _3532_ sky130_fd_sc_hd__inv_1 A,Y 2 0.006786 0.096199 0.107812 4.82669 8.47719e-10 3.15053e-09 3.99825e-09 1.80635e-12 4.00005e-09
12 _3533_ sky130_fd_sc_hd__o21ai_2 A2,Y 2 0.006131 0.053066 0.086929 4.91362 3.8663e-09 3.15053e-09 7.01682e-09 7.66905e-14 7.0169e-09
13 _3535_ sky130_fd_sc_hd__o21ai_2 A2,Y 3 0.009188 0.238833 0.250814 5.16444 3.02676e-09 4.2657e-09 7.29246e-09 7.06128e-12 7.29952e-09
14 _3536_ sky130_fd_sc_hd__nor3_2 C,Y 2 0.006162 0.057432 0.114726 5.27916 3.60251e-09 3.09342e-09 6.69593e-09 1.047e-13 6.69603e-09
15 _3555_ sky130_fd_sc_hd__nand3_2 A,Y 2 0.00661 0.093312 0.101061 5.38022 3.13139e-09 3.06882e-09 6.20021e-09 1.05957e-11 6.2108e-09
16 _3570_ sky130_fd_sc_hd__a211oi_2 A1,Y 2 0.005989 0.082328 0.096583 5.4768 4.11236e-09 3.1886e-09 7.30096e-09 1.15685e-13 7.30108e-09
17 _3574_ sky130_fd_sc_hd__o31ai_2 A3,Y 3 0.009188 0.414323 0.422655 5.89946 3.54314e-09 4.2657e-09 7.80884e-09 7.06003e-12 7.8159e-09
18 _3575_ sky130_fd_sc_hd__nor3_2 C,Y 1 0.003875 0.077149 0.139169 6.03863 3.52498e-09 2.08317e-09 5.60816e-09 1.047e-13 5.60826e-09
19 _3576_ sky130_fd_sc_hd__a211oi_2 C1,Y 3 0.0084 0.356887 0.350197 6.38883 3.08736e-09 3.89986e-09 6.98722e-09 3.53484e-12 6.99075e-09
20 _3577_ sky130_fd_sc_hd__o221ai_2 B2,Y 2 0.004854 0.095299 0.211388 6.60021 5.26376e-09 2.43741e-09 7.70117e-09 8.0889e-14 7.70126e-09
21 _3579_ sky130_fd_sc_hd__maj3_2 B,X 2 0.004206 0.077055 0.527116 7.12733 4.98756e-09 2.12264e-09 7.11019e-09 6.79648e-12 7.11699e-09
22 _3641_ sky130_fd_sc_hd__a21oi_1 A1,Y 1 0.004531 0.215858 0.242088 7.36942 1.55152e-09 2.1036e-09 3.65512e-09 7.94661e-12 3.66307e-09
23 _3642_ sky130_fd_sc_hd__a21oi_2 B1,Y 1 0.014163 0.089218 0.125818 7.49524 2.72843e-09 7.20638e-09 9.9348e-09 5.51113e-14 9.93486e-09
24 _3643_ sky130_fd_sc_hd__xor2_4 B,X 4 0.038912 0.483507 0.471075 7.96631 7.23107e-09 1.80656e-08 2.52967e-08 6.26878e-11 2.53594e-08
25 _3644_ sky130_fd_sc_hd__nand2_8 B,Y 15 0.06129 0.14372 0.250663 8.21697 1.10158e-08 3.08367e-08 4.18525e-08 2.63108e-13 4.18528e-08
26 _3733_ sky130_fd_sc_hd__a21oi_2 A1,Y 1 0.004377 0.150503 0.235509 8.45248 3.20634e-09 2.0321e-09 5.23844e-09 8.98964e-14 5.23853e-09
27 _3734_ sky130_fd_sc_hd__o22ai_2 B2,Y 1 0.001762 0.155216 0.096658 8.54914 7.42995e-09 8.75146e-10 8.3051e-09 4.07472e-12 8.30918e-09
28 _4932_ sky130_fd_sc_hd__dfrtp_1 D - - 0.155216 0 8.54914 3.92127e-06 0 3.92127e-06 5.00272e-12 3.92128e-06

Worst path 3: status=met slack=1.14603 type=max group=core
startpoint=_4829_ (rising edge-triggered flip-flop clocked by core)
endpoint=_4934_ (rising edge-triggered flip-flop clocked by core)
path_power_complete=true
path_average_power_sum internal=7.93402e-06 switching=1.16643e-07 dynamic=8.05066e-06 leakage=1.40636e-10 total=8.0508e-06
stage instance cell pins fanout capacitance slew delay arrival internal switching dynamic leakage total
1 _4829_ sky130_fd_sc_hd__dfrtp_1 CLK,Q 68 0.22564 2.98617 2.57105 2.57105 3.92127e-06 0 3.92127e-06 5.00272e-12 3.92128e-06
2 _3346_ sky130_fd_sc_hd__nand2_2 B,Y 1 0.004034 0.290521 0.534975 3.10603 3.55794e-10 2.02189e-09 2.37768e-09 4.32598e-14 2.37773e-09
3 _3347_ sky130_fd_sc_hd__o21ai_2 B1,Y 2 0.00452 0.263525 0.204784 3.31081 5.91824e-10 2.09849e-09 2.69032e-09 7.64634e-14 2.69039e-09
4 _3348_ sky130_fd_sc_hd__mux2i_1 A0,Y 2 0.004282 0.249733 0.1739 3.48471 1.91287e-09 2.11892e-09 4.03179e-09 3.54735e-12 4.03534e-09
5 _3432_ sky130_fd_sc_hd__nand2_1 A,Y 1 0.004355 0.17891 0.201451 3.68616 1.19729e-10 2.02189e-09 2.14162e-09 6.6251e-15 2.14162e-09
6 _3433_ sky130_fd_sc_hd__o21ai_2 B1,Y 2 0.006009 0.20172 0.118242 3.80441 2.92778e-09 3.04839e-09 5.97617e-09 7.06883e-12 5.98324e-09
7 _3515_ sky130_fd_sc_hd__a32oi_2 B1,Y 2 0.009245 0.314766 0.391629 4.19604 7.04016e-09 4.29216e-09 1.13323e-08 3.4739e-13 1.13327e-08
8 _3517_ sky130_fd_sc_hd__a21oi_2 A2,Y 3 0.006357 0.070106 0.162865 4.3589 2.92041e-09 3.27216e-09 6.19257e-09 3.5347e-12 6.19611e-09
9 _3530_ sky130_fd_sc_hd__o22ai_1 A1,Y 1 0.001921 0.173288 0.245078 4.60398 2.05034e-09 8.9186e-10 2.9422e-09 3.53379e-12 2.94573e-09
10 _3531_ sky130_fd_sc_hd__o21ai_1 B1,Y 1 0.002056 0.056322 0.114901 4.71888 1.38494e-09 1.03114e-09 2.41608e-09 1.76597e-14 2.4161e-09
11 _3532_ sky130_fd_sc_hd__inv_1 A,Y 2 0.006786 0.096199 0.107812 4.82669 8.47719e-10 3.15053e-09 3.99825e-09 1.80635e-12 4.00005e-09
12 _3533_ sky130_fd_sc_hd__o21ai_2 A2,Y 2 0.006131 0.053066 0.086929 4.91362 3.8663e-09 3.15053e-09 7.01682e-09 7.66905e-14 7.0169e-09
13 _3535_ sky130_fd_sc_hd__o21ai_2 A2,Y 3 0.009188 0.238833 0.250814 5.16444 3.02676e-09 4.2657e-09 7.29246e-09 7.06128e-12 7.29952e-09
14 _3536_ sky130_fd_sc_hd__nor3_2 C,Y 2 0.006162 0.057432 0.114726 5.27916 3.60251e-09 3.09342e-09 6.69593e-09 1.047e-13 6.69603e-09
15 _3555_ sky130_fd_sc_hd__nand3_2 A,Y 2 0.00661 0.093312 0.101061 5.38022 3.13139e-09 3.06882e-09 6.20021e-09 1.05957e-11 6.2108e-09
16 _3570_ sky130_fd_sc_hd__a211oi_2 A1,Y 2 0.005989 0.082328 0.096583 5.4768 4.11236e-09 3.1886e-09 7.30096e-09 1.15685e-13 7.30108e-09
17 _3574_ sky130_fd_sc_hd__o31ai_2 A3,Y 3 0.009188 0.414323 0.422655 5.89946 3.54314e-09 4.2657e-09 7.80884e-09 7.06003e-12 7.8159e-09
18 _3575_ sky130_fd_sc_hd__nor3_2 C,Y 1 0.003875 0.077149 0.139169 6.03863 3.52498e-09 2.08317e-09 5.60816e-09 1.047e-13 5.60826e-09
19 _3576_ sky130_fd_sc_hd__a211oi_2 C1,Y 3 0.0084 0.356887 0.350197 6.38883 3.08736e-09 3.89986e-09 6.98722e-09 3.53484e-12 6.99075e-09
20 _3577_ sky130_fd_sc_hd__o221ai_2 B2,Y 2 0.004854 0.095299 0.211388 6.60021 5.26376e-09 2.43741e-09 7.70117e-09 8.0889e-14 7.70126e-09
21 _3579_ sky130_fd_sc_hd__maj3_2 B,X 2 0.004206 0.077055 0.527116 7.12733 4.98756e-09 2.12264e-09 7.11019e-09 6.79648e-12 7.11699e-09
22 _3641_ sky130_fd_sc_hd__a21oi_1 A1,Y 1 0.004531 0.215858 0.242088 7.36942 1.55152e-09 2.1036e-09 3.65512e-09 7.94661e-12 3.66307e-09
23 _3642_ sky130_fd_sc_hd__a21oi_2 B1,Y 1 0.014163 0.089218 0.125818 7.49524 2.72843e-09 7.20638e-09 9.9348e-09 5.51113e-14 9.93486e-09
24 _3643_ sky130_fd_sc_hd__xor2_4 B,X 4 0.038912 0.483507 0.471075 7.96631 7.23107e-09 1.80656e-08 2.52967e-08 6.26878e-11 2.53594e-08
25 _3644_ sky130_fd_sc_hd__nand2_8 B,Y 15 0.06129 0.14372 0.250663 8.21697 1.10158e-08 3.08367e-08 4.18525e-08 2.63108e-13 4.18528e-08
26 _3718_ sky130_fd_sc_hd__a21oi_2 A1,Y 1 0.004377 0.150503 0.235509 8.45248 3.20634e-09 2.0321e-09 5.23844e-09 8.98964e-14 5.23853e-09
27 _3719_ sky130_fd_sc_hd__o22ai_2 B2,Y 1 0.001762 0.155216 0.096658 8.54914 7.44482e-09 8.75146e-10 8.31997e-09 4.07473e-12 8.32404e-09
28 _4934_ sky130_fd_sc_hd__dfrtp_1 D - - 0.155216 0 8.54914 3.92127e-06 0 3.92127e-06 5.00272e-12 3.92128e-06

Worst path 4: status=met slack=1.14603 type=max group=core
startpoint=_4829_ (rising edge-triggered flip-flop clocked by core)
endpoint=_4936_ (rising edge-triggered flip-flop clocked by core)
path_power_complete=true
path_average_power_sum internal=7.93399e-06 switching=1.16643e-07 dynamic=8.05064e-06 leakage=1.40636e-10 total=8.05078e-06
stage instance cell pins fanout capacitance slew delay arrival internal switching dynamic leakage total
1 _4829_ sky130_fd_sc_hd__dfrtp_1 CLK,Q 68 0.22564 2.98617 2.57105 2.57105 3.92127e-06 0 3.92127e-06 5.00272e-12 3.92128e-06
2 _3346_ sky130_fd_sc_hd__nand2_2 B,Y 1 0.004034 0.290521 0.534975 3.10603 3.55794e-10 2.02189e-09 2.37768e-09 4.32598e-14 2.37773e-09
3 _3347_ sky130_fd_sc_hd__o21ai_2 B1,Y 2 0.00452 0.263525 0.204784 3.31081 5.91824e-10 2.09849e-09 2.69032e-09 7.64634e-14 2.69039e-09
4 _3348_ sky130_fd_sc_hd__mux2i_1 A0,Y 2 0.004282 0.249733 0.1739 3.48471 1.91287e-09 2.11892e-09 4.03179e-09 3.54735e-12 4.03534e-09
5 _3432_ sky130_fd_sc_hd__nand2_1 A,Y 1 0.004355 0.17891 0.201451 3.68616 1.19729e-10 2.02189e-09 2.14162e-09 6.6251e-15 2.14162e-09
6 _3433_ sky130_fd_sc_hd__o21ai_2 B1,Y 2 0.006009 0.20172 0.118242 3.80441 2.92778e-09 3.04839e-09 5.97617e-09 7.06883e-12 5.98324e-09
7 _3515_ sky130_fd_sc_hd__a32oi_2 B1,Y 2 0.009245 0.314766 0.391629 4.19604 7.04016e-09 4.29216e-09 1.13323e-08 3.4739e-13 1.13327e-08
8 _3517_ sky130_fd_sc_hd__a21oi_2 A2,Y 3 0.006357 0.070106 0.162865 4.3589 2.92041e-09 3.27216e-09 6.19257e-09 3.5347e-12 6.19611e-09
9 _3530_ sky130_fd_sc_hd__o22ai_1 A1,Y 1 0.001921 0.173288 0.245078 4.60398 2.05034e-09 8.9186e-10 2.9422e-09 3.53379e-12 2.94573e-09
10 _3531_ sky130_fd_sc_hd__o21ai_1 B1,Y 1 0.002056 0.056322 0.114901 4.71888 1.38494e-09 1.03114e-09 2.41608e-09 1.76597e-14 2.4161e-09
11 _3532_ sky130_fd_sc_hd__inv_1 A,Y 2 0.006786 0.096199 0.107812 4.82669 8.47719e-10 3.15053e-09 3.99825e-09 1.80635e-12 4.00005e-09
12 _3533_ sky130_fd_sc_hd__o21ai_2 A2,Y 2 0.006131 0.053066 0.086929 4.91362 3.8663e-09 3.15053e-09 7.01682e-09 7.66905e-14 7.0169e-09
13 _3535_ sky130_fd_sc_hd__o21ai_2 A2,Y 3 0.009188 0.238833 0.250814 5.16444 3.02676e-09 4.2657e-09 7.29246e-09 7.06128e-12 7.29952e-09
14 _3536_ sky130_fd_sc_hd__nor3_2 C,Y 2 0.006162 0.057432 0.114726 5.27916 3.60251e-09 3.09342e-09 6.69593e-09 1.047e-13 6.69603e-09
15 _3555_ sky130_fd_sc_hd__nand3_2 A,Y 2 0.00661 0.093312 0.101061 5.38022 3.13139e-09 3.06882e-09 6.20021e-09 1.05957e-11 6.2108e-09
16 _3570_ sky130_fd_sc_hd__a211oi_2 A1,Y 2 0.005989 0.082328 0.096583 5.4768 4.11236e-09 3.1886e-09 7.30096e-09 1.15685e-13 7.30108e-09
17 _3574_ sky130_fd_sc_hd__o31ai_2 A3,Y 3 0.009188 0.414323 0.422655 5.89946 3.54314e-09 4.2657e-09 7.80884e-09 7.06003e-12 7.8159e-09
18 _3575_ sky130_fd_sc_hd__nor3_2 C,Y 1 0.003875 0.077149 0.139169 6.03863 3.52498e-09 2.08317e-09 5.60816e-09 1.047e-13 5.60826e-09
19 _3576_ sky130_fd_sc_hd__a211oi_2 C1,Y 3 0.0084 0.356887 0.350197 6.38883 3.08736e-09 3.89986e-09 6.98722e-09 3.53484e-12 6.99075e-09
20 _3577_ sky130_fd_sc_hd__o221ai_2 B2,Y 2 0.004854 0.095299 0.211388 6.60021 5.26376e-09 2.43741e-09 7.70117e-09 8.0889e-14 7.70126e-09
21 _3579_ sky130_fd_sc_hd__maj3_2 B,X 2 0.004206 0.077055 0.527116 7.12733 4.98756e-09 2.12264e-09 7.11019e-09 6.79648e-12 7.11699e-09
22 _3641_ sky130_fd_sc_hd__a21oi_1 A1,Y 1 0.004531 0.215858 0.242088 7.36942 1.55152e-09 2.1036e-09 3.65512e-09 7.94661e-12 3.66307e-09
23 _3642_ sky130_fd_sc_hd__a21oi_2 B1,Y 1 0.014163 0.089218 0.125818 7.49524 2.72843e-09 7.20638e-09 9.9348e-09 5.51113e-14 9.93486e-09
24 _3643_ sky130_fd_sc_hd__xor2_4 B,X 4 0.038912 0.483507 0.471075 7.96631 7.23107e-09 1.80656e-08 2.52967e-08 6.26878e-11 2.53594e-08
25 _3644_ sky130_fd_sc_hd__nand2_8 B,Y 15 0.06129 0.14372 0.250663 8.21697 1.10158e-08 3.08367e-08 4.18525e-08 2.63108e-13 4.18528e-08
26 _3699_ sky130_fd_sc_hd__a21oi_2 A1,Y 1 0.004377 0.150503 0.235509 8.45248 3.20634e-09 2.0321e-09 5.23844e-09 8.98964e-14 5.23853e-09
27 _3700_ sky130_fd_sc_hd__o22ai_2 B2,Y 1 0.001762 0.155216 0.096658 8.54914 7.4217e-09 8.75146e-10 8.29684e-09 4.07471e-12 8.30092e-09
28 _4936_ sky130_fd_sc_hd__dfrtp_1 D - - 0.155216 0 8.54914 3.92127e-06 0 3.92127e-06 5.00272e-12 3.92128e-06

Worst path 5: status=met slack=1.14603 type=max group=core
startpoint=_4829_ (rising edge-triggered flip-flop clocked by core)
endpoint=_4940_ (rising edge-triggered flip-flop clocked by core)
path_power_complete=true
path_average_power_sum internal=7.93399e-06 switching=1.16643e-07 dynamic=8.05064e-06 leakage=1.40636e-10 total=8.05078e-06
stage instance cell pins fanout capacitance slew delay arrival internal switching dynamic leakage total
1 _4829_ sky130_fd_sc_hd__dfrtp_1 CLK,Q 68 0.22564 2.98617 2.57105 2.57105 3.92127e-06 0 3.92127e-06 5.00272e-12 3.92128e-06
2 _3346_ sky130_fd_sc_hd__nand2_2 B,Y 1 0.004034 0.290521 0.534975 3.10603 3.55794e-10 2.02189e-09 2.37768e-09 4.32598e-14 2.37773e-09
3 _3347_ sky130_fd_sc_hd__o21ai_2 B1,Y 2 0.00452 0.263525 0.204784 3.31081 5.91824e-10 2.09849e-09 2.69032e-09 7.64634e-14 2.69039e-09
4 _3348_ sky130_fd_sc_hd__mux2i_1 A0,Y 2 0.004282 0.249733 0.1739 3.48471 1.91287e-09 2.11892e-09 4.03179e-09 3.54735e-12 4.03534e-09
5 _3432_ sky130_fd_sc_hd__nand2_1 A,Y 1 0.004355 0.17891 0.201451 3.68616 1.19729e-10 2.02189e-09 2.14162e-09 6.6251e-15 2.14162e-09
6 _3433_ sky130_fd_sc_hd__o21ai_2 B1,Y 2 0.006009 0.20172 0.118242 3.80441 2.92778e-09 3.04839e-09 5.97617e-09 7.06883e-12 5.98324e-09
7 _3515_ sky130_fd_sc_hd__a32oi_2 B1,Y 2 0.009245 0.314766 0.391629 4.19604 7.04016e-09 4.29216e-09 1.13323e-08 3.4739e-13 1.13327e-08
8 _3517_ sky130_fd_sc_hd__a21oi_2 A2,Y 3 0.006357 0.070106 0.162865 4.3589 2.92041e-09 3.27216e-09 6.19257e-09 3.5347e-12 6.19611e-09
9 _3530_ sky130_fd_sc_hd__o22ai_1 A1,Y 1 0.001921 0.173288 0.245078 4.60398 2.05034e-09 8.9186e-10 2.9422e-09 3.53379e-12 2.94573e-09
10 _3531_ sky130_fd_sc_hd__o21ai_1 B1,Y 1 0.002056 0.056322 0.114901 4.71888 1.38494e-09 1.03114e-09 2.41608e-09 1.76597e-14 2.4161e-09
11 _3532_ sky130_fd_sc_hd__inv_1 A,Y 2 0.006786 0.096199 0.107812 4.82669 8.47719e-10 3.15053e-09 3.99825e-09 1.80635e-12 4.00005e-09
12 _3533_ sky130_fd_sc_hd__o21ai_2 A2,Y 2 0.006131 0.053066 0.086929 4.91362 3.8663e-09 3.15053e-09 7.01682e-09 7.66905e-14 7.0169e-09
13 _3535_ sky130_fd_sc_hd__o21ai_2 A2,Y 3 0.009188 0.238833 0.250814 5.16444 3.02676e-09 4.2657e-09 7.29246e-09 7.06128e-12 7.29952e-09
14 _3536_ sky130_fd_sc_hd__nor3_2 C,Y 2 0.006162 0.057432 0.114726 5.27916 3.60251e-09 3.09342e-09 6.69593e-09 1.047e-13 6.69603e-09
15 _3555_ sky130_fd_sc_hd__nand3_2 A,Y 2 0.00661 0.093312 0.101061 5.38022 3.13139e-09 3.06882e-09 6.20021e-09 1.05957e-11 6.2108e-09
16 _3570_ sky130_fd_sc_hd__a211oi_2 A1,Y 2 0.005989 0.082328 0.096583 5.4768 4.11236e-09 3.1886e-09 7.30096e-09 1.15685e-13 7.30108e-09
17 _3574_ sky130_fd_sc_hd__o31ai_2 A3,Y 3 0.009188 0.414323 0.422655 5.89946 3.54314e-09 4.2657e-09 7.80884e-09 7.06003e-12 7.8159e-09
18 _3575_ sky130_fd_sc_hd__nor3_2 C,Y 1 0.003875 0.077149 0.139169 6.03863 3.52498e-09 2.08317e-09 5.60816e-09 1.047e-13 5.60826e-09
19 _3576_ sky130_fd_sc_hd__a211oi_2 C1,Y 3 0.0084 0.356887 0.350197 6.38883 3.08736e-09 3.89986e-09 6.98722e-09 3.53484e-12 6.99075e-09
20 _3577_ sky130_fd_sc_hd__o221ai_2 B2,Y 2 0.004854 0.095299 0.211388 6.60021 5.26376e-09 2.43741e-09 7.70117e-09 8.0889e-14 7.70126e-09
21 _3579_ sky130_fd_sc_hd__maj3_2 B,X 2 0.004206 0.077055 0.527116 7.12733 4.98756e-09 2.12264e-09 7.11019e-09 6.79648e-12 7.11699e-09
22 _3641_ sky130_fd_sc_hd__a21oi_1 A1,Y 1 0.004531 0.215858 0.242088 7.36942 1.55152e-09 2.1036e-09 3.65512e-09 7.94661e-12 3.66307e-09
23 _3642_ sky130_fd_sc_hd__a21oi_2 B1,Y 1 0.014163 0.089218 0.125818 7.49524 2.72843e-09 7.20638e-09 9.9348e-09 5.51113e-14 9.93486e-09
24 _3643_ sky130_fd_sc_hd__xor2_4 B,X 4 0.038912 0.483507 0.471075 7.96631 7.23107e-09 1.80656e-08 2.52967e-08 6.26878e-11 2.53594e-08
25 _3644_ sky130_fd_sc_hd__nand2_8 B,Y 15 0.06129 0.14372 0.250663 8.21697 1.10158e-08 3.08367e-08 4.18525e-08 2.63108e-13 4.18528e-08
26 _3665_ sky130_fd_sc_hd__a21oi_2 A1,Y 1 0.004377 0.150504 0.235509 8.45248 3.20589e-09 2.0321e-09 5.23799e-09 8.98964e-14 5.23808e-09
27 _3666_ sky130_fd_sc_hd__o22ai_2 B2,Y 1 0.001762 0.155216 0.096658 8.54914 7.42029e-09 8.75146e-10 8.29543e-09 4.07471e-12 8.29951e-09
28 _4940_ sky130_fd_sc_hd__dfrtp_1 D - - 0.155216 0 8.54914 3.92127e-06 0 3.92127e-06 5.00272e-12 3.92128e-06

Worst path 6: status=met slack=1.14603 type=max group=core
startpoint=_4829_ (rising edge-triggered flip-flop clocked by core)
endpoint=_4941_ (rising edge-triggered flip-flop clocked by core)
path_power_complete=true
path_average_power_sum internal=7.93399e-06 switching=1.16643e-07 dynamic=8.05064e-06 leakage=1.40636e-10 total=8.05078e-06
stage instance cell pins fanout capacitance slew delay arrival internal switching dynamic leakage total
1 _4829_ sky130_fd_sc_hd__dfrtp_1 CLK,Q 68 0.22564 2.98617 2.57105 2.57105 3.92127e-06 0 3.92127e-06 5.00272e-12 3.92128e-06
2 _3346_ sky130_fd_sc_hd__nand2_2 B,Y 1 0.004034 0.290521 0.534975 3.10603 3.55794e-10 2.02189e-09 2.37768e-09 4.32598e-14 2.37773e-09
3 _3347_ sky130_fd_sc_hd__o21ai_2 B1,Y 2 0.00452 0.263525 0.204784 3.31081 5.91824e-10 2.09849e-09 2.69032e-09 7.64634e-14 2.69039e-09
4 _3348_ sky130_fd_sc_hd__mux2i_1 A0,Y 2 0.004282 0.249733 0.1739 3.48471 1.91287e-09 2.11892e-09 4.03179e-09 3.54735e-12 4.03534e-09
5 _3432_ sky130_fd_sc_hd__nand2_1 A,Y 1 0.004355 0.17891 0.201451 3.68616 1.19729e-10 2.02189e-09 2.14162e-09 6.6251e-15 2.14162e-09
6 _3433_ sky130_fd_sc_hd__o21ai_2 B1,Y 2 0.006009 0.20172 0.118242 3.80441 2.92778e-09 3.04839e-09 5.97617e-09 7.06883e-12 5.98324e-09
7 _3515_ sky130_fd_sc_hd__a32oi_2 B1,Y 2 0.009245 0.314766 0.391629 4.19604 7.04016e-09 4.29216e-09 1.13323e-08 3.4739e-13 1.13327e-08
8 _3517_ sky130_fd_sc_hd__a21oi_2 A2,Y 3 0.006357 0.070106 0.162865 4.3589 2.92041e-09 3.27216e-09 6.19257e-09 3.5347e-12 6.19611e-09
9 _3530_ sky130_fd_sc_hd__o22ai_1 A1,Y 1 0.001921 0.173288 0.245078 4.60398 2.05034e-09 8.9186e-10 2.9422e-09 3.53379e-12 2.94573e-09
10 _3531_ sky130_fd_sc_hd__o21ai_1 B1,Y 1 0.002056 0.056322 0.114901 4.71888 1.38494e-09 1.03114e-09 2.41608e-09 1.76597e-14 2.4161e-09
11 _3532_ sky130_fd_sc_hd__inv_1 A,Y 2 0.006786 0.096199 0.107812 4.82669 8.47719e-10 3.15053e-09 3.99825e-09 1.80635e-12 4.00005e-09
12 _3533_ sky130_fd_sc_hd__o21ai_2 A2,Y 2 0.006131 0.053066 0.086929 4.91362 3.8663e-09 3.15053e-09 7.01682e-09 7.66905e-14 7.0169e-09
13 _3535_ sky130_fd_sc_hd__o21ai_2 A2,Y 3 0.009188 0.238833 0.250814 5.16444 3.02676e-09 4.2657e-09 7.29246e-09 7.06128e-12 7.29952e-09
14 _3536_ sky130_fd_sc_hd__nor3_2 C,Y 2 0.006162 0.057432 0.114726 5.27916 3.60251e-09 3.09342e-09 6.69593e-09 1.047e-13 6.69603e-09
15 _3555_ sky130_fd_sc_hd__nand3_2 A,Y 2 0.00661 0.093312 0.101061 5.38022 3.13139e-09 3.06882e-09 6.20021e-09 1.05957e-11 6.2108e-09
16 _3570_ sky130_fd_sc_hd__a211oi_2 A1,Y 2 0.005989 0.082328 0.096583 5.4768 4.11236e-09 3.1886e-09 7.30096e-09 1.15685e-13 7.30108e-09
17 _3574_ sky130_fd_sc_hd__o31ai_2 A3,Y 3 0.009188 0.414323 0.422655 5.89946 3.54314e-09 4.2657e-09 7.80884e-09 7.06003e-12 7.8159e-09
18 _3575_ sky130_fd_sc_hd__nor3_2 C,Y 1 0.003875 0.077149 0.139169 6.03863 3.52498e-09 2.08317e-09 5.60816e-09 1.047e-13 5.60826e-09
19 _3576_ sky130_fd_sc_hd__a211oi_2 C1,Y 3 0.0084 0.356887 0.350197 6.38883 3.08736e-09 3.89986e-09 6.98722e-09 3.53484e-12 6.99075e-09
20 _3577_ sky130_fd_sc_hd__o221ai_2 B2,Y 2 0.004854 0.095299 0.211388 6.60021 5.26376e-09 2.43741e-09 7.70117e-09 8.0889e-14 7.70126e-09
21 _3579_ sky130_fd_sc_hd__maj3_2 B,X 2 0.004206 0.077055 0.527116 7.12733 4.98756e-09 2.12264e-09 7.11019e-09 6.79648e-12 7.11699e-09
22 _3641_ sky130_fd_sc_hd__a21oi_1 A1,Y 1 0.004531 0.215858 0.242088 7.36942 1.55152e-09 2.1036e-09 3.65512e-09 7.94661e-12 3.66307e-09
23 _3642_ sky130_fd_sc_hd__a21oi_2 B1,Y 1 0.014163 0.089218 0.125818 7.49524 2.72843e-09 7.20638e-09 9.9348e-09 5.51113e-14 9.93486e-09
24 _3643_ sky130_fd_sc_hd__xor2_4 B,X 4 0.038912 0.483507 0.471075 7.96631 7.23107e-09 1.80656e-08 2.52967e-08 6.26878e-11 2.53594e-08
25 _3644_ sky130_fd_sc_hd__nand2_8 B,Y 15 0.06129 0.14372 0.250663 8.21697 1.10158e-08 3.08367e-08 4.18525e-08 2.63108e-13 4.18528e-08
26 _3659_ sky130_fd_sc_hd__a21oi_2 A1,Y 1 0.004377 0.150505 0.235509 8.45248 3.20544e-09 2.0321e-09 5.23755e-09 8.98964e-14 5.23764e-09
27 _3660_ sky130_fd_sc_hd__o22ai_2 B2,Y 1 0.001762 0.155216 0.096658 8.54914 7.4217e-09 8.75146e-10 8.29684e-09 4.07471e-12 8.30092e-09
28 _4941_ sky130_fd_sc_hd__dfrtp_1 D - - 0.155216 0 8.54914 3.92127e-06 0 3.92127e-06 5.00272e-12 3.92128e-06

Worst path 7: status=met slack=1.14603 type=max group=core
startpoint=_4829_ (rising edge-triggered flip-flop clocked by core)
endpoint=_4942_ (rising edge-triggered flip-flop clocked by core)
path_power_complete=true
path_average_power_sum internal=7.934e-06 switching=1.16643e-07 dynamic=8.05065e-06 leakage=1.40636e-10 total=8.05079e-06
stage instance cell pins fanout capacitance slew delay arrival internal switching dynamic leakage total
1 _4829_ sky130_fd_sc_hd__dfrtp_1 CLK,Q 68 0.22564 2.98617 2.57105 2.57105 3.92127e-06 0 3.92127e-06 5.00272e-12 3.92128e-06
2 _3346_ sky130_fd_sc_hd__nand2_2 B,Y 1 0.004034 0.290521 0.534975 3.10603 3.55794e-10 2.02189e-09 2.37768e-09 4.32598e-14 2.37773e-09
3 _3347_ sky130_fd_sc_hd__o21ai_2 B1,Y 2 0.00452 0.263525 0.204784 3.31081 5.91824e-10 2.09849e-09 2.69032e-09 7.64634e-14 2.69039e-09
4 _3348_ sky130_fd_sc_hd__mux2i_1 A0,Y 2 0.004282 0.249733 0.1739 3.48471 1.91287e-09 2.11892e-09 4.03179e-09 3.54735e-12 4.03534e-09
5 _3432_ sky130_fd_sc_hd__nand2_1 A,Y 1 0.004355 0.17891 0.201451 3.68616 1.19729e-10 2.02189e-09 2.14162e-09 6.6251e-15 2.14162e-09
6 _3433_ sky130_fd_sc_hd__o21ai_2 B1,Y 2 0.006009 0.20172 0.118242 3.80441 2.92778e-09 3.04839e-09 5.97617e-09 7.06883e-12 5.98324e-09
7 _3515_ sky130_fd_sc_hd__a32oi_2 B1,Y 2 0.009245 0.314766 0.391629 4.19604 7.04016e-09 4.29216e-09 1.13323e-08 3.4739e-13 1.13327e-08
8 _3517_ sky130_fd_sc_hd__a21oi_2 A2,Y 3 0.006357 0.070106 0.162865 4.3589 2.92041e-09 3.27216e-09 6.19257e-09 3.5347e-12 6.19611e-09
9 _3530_ sky130_fd_sc_hd__o22ai_1 A1,Y 1 0.001921 0.173288 0.245078 4.60398 2.05034e-09 8.9186e-10 2.9422e-09 3.53379e-12 2.94573e-09
10 _3531_ sky130_fd_sc_hd__o21ai_1 B1,Y 1 0.002056 0.056322 0.114901 4.71888 1.38494e-09 1.03114e-09 2.41608e-09 1.76597e-14 2.4161e-09
11 _3532_ sky130_fd_sc_hd__inv_1 A,Y 2 0.006786 0.096199 0.107812 4.82669 8.47719e-10 3.15053e-09 3.99825e-09 1.80635e-12 4.00005e-09
12 _3533_ sky130_fd_sc_hd__o21ai_2 A2,Y 2 0.006131 0.053066 0.086929 4.91362 3.8663e-09 3.15053e-09 7.01682e-09 7.66905e-14 7.0169e-09
13 _3535_ sky130_fd_sc_hd__o21ai_2 A2,Y 3 0.009188 0.238833 0.250814 5.16444 3.02676e-09 4.2657e-09 7.29246e-09 7.06128e-12 7.29952e-09
14 _3536_ sky130_fd_sc_hd__nor3_2 C,Y 2 0.006162 0.057432 0.114726 5.27916 3.60251e-09 3.09342e-09 6.69593e-09 1.047e-13 6.69603e-09
15 _3555_ sky130_fd_sc_hd__nand3_2 A,Y 2 0.00661 0.093312 0.101061 5.38022 3.13139e-09 3.06882e-09 6.20021e-09 1.05957e-11 6.2108e-09
16 _3570_ sky130_fd_sc_hd__a211oi_2 A1,Y 2 0.005989 0.082328 0.096583 5.4768 4.11236e-09 3.1886e-09 7.30096e-09 1.15685e-13 7.30108e-09
17 _3574_ sky130_fd_sc_hd__o31ai_2 A3,Y 3 0.009188 0.414323 0.422655 5.89946 3.54314e-09 4.2657e-09 7.80884e-09 7.06003e-12 7.8159e-09
18 _3575_ sky130_fd_sc_hd__nor3_2 C,Y 1 0.003875 0.077149 0.139169 6.03863 3.52498e-09 2.08317e-09 5.60816e-09 1.047e-13 5.60826e-09
19 _3576_ sky130_fd_sc_hd__a211oi_2 C1,Y 3 0.0084 0.356887 0.350197 6.38883 3.08736e-09 3.89986e-09 6.98722e-09 3.53484e-12 6.99075e-09
20 _3577_ sky130_fd_sc_hd__o221ai_2 B2,Y 2 0.004854 0.095299 0.211388 6.60021 5.26376e-09 2.43741e-09 7.70117e-09 8.0889e-14 7.70126e-09
21 _3579_ sky130_fd_sc_hd__maj3_2 B,X 2 0.004206 0.077055 0.527116 7.12733 4.98756e-09 2.12264e-09 7.11019e-09 6.79648e-12 7.11699e-09
22 _3641_ sky130_fd_sc_hd__a21oi_1 A1,Y 1 0.004531 0.215858 0.242088 7.36942 1.55152e-09 2.1036e-09 3.65512e-09 7.94661e-12 3.66307e-09
23 _3642_ sky130_fd_sc_hd__a21oi_2 B1,Y 1 0.014163 0.089218 0.125818 7.49524 2.72843e-09 7.20638e-09 9.9348e-09 5.51113e-14 9.93486e-09
24 _3643_ sky130_fd_sc_hd__xor2_4 B,X 4 0.038912 0.483507 0.471075 7.96631 7.23107e-09 1.80656e-08 2.52967e-08 6.26878e-11 2.53594e-08
25 _3644_ sky130_fd_sc_hd__nand2_8 B,Y 15 0.06129 0.14372 0.250663 8.21697 1.10158e-08 3.08367e-08 4.18525e-08 2.63108e-13 4.18528e-08
26 _3650_ sky130_fd_sc_hd__a21oi_2 A1,Y 1 0.004377 0.150502 0.235509 8.45248 3.2072e-09 2.0321e-09 5.23931e-09 8.98964e-14 5.2394e-09
27 _3651_ sky130_fd_sc_hd__o22ai_2 B2,Y 1 0.001762 0.155216 0.096657 8.54914 7.42988e-09 8.75146e-10 8.30503e-09 4.07464e-12 8.3091e-09
28 _4942_ sky130_fd_sc_hd__dfrtp_1 D - - 0.155216 0 8.54914 3.92127e-06 0 3.92127e-06 5.00272e-12 3.92128e-06

Worst path 8: status=met slack=1.14603 type=max group=core
startpoint=_4829_ (rising edge-triggered flip-flop clocked by core)
endpoint=_4931_ (rising edge-triggered flip-flop clocked by core)
path_power_complete=true
path_average_power_sum internal=7.93401e-06 switching=1.16643e-07 dynamic=8.05065e-06 leakage=1.40636e-10 total=8.05079e-06
stage instance cell pins fanout capacitance slew delay arrival internal switching dynamic leakage total
1 _4829_ sky130_fd_sc_hd__dfrtp_1 CLK,Q 68 0.22564 2.98617 2.57105 2.57105 3.92127e-06 0 3.92127e-06 5.00272e-12 3.92128e-06
2 _3346_ sky130_fd_sc_hd__nand2_2 B,Y 1 0.004034 0.290521 0.534975 3.10603 3.55794e-10 2.02189e-09 2.37768e-09 4.32598e-14 2.37773e-09
3 _3347_ sky130_fd_sc_hd__o21ai_2 B1,Y 2 0.00452 0.263525 0.204784 3.31081 5.91824e-10 2.09849e-09 2.69032e-09 7.64634e-14 2.69039e-09
4 _3348_ sky130_fd_sc_hd__mux2i_1 A0,Y 2 0.004282 0.249733 0.1739 3.48471 1.91287e-09 2.11892e-09 4.03179e-09 3.54735e-12 4.03534e-09
5 _3432_ sky130_fd_sc_hd__nand2_1 A,Y 1 0.004355 0.17891 0.201451 3.68616 1.19729e-10 2.02189e-09 2.14162e-09 6.6251e-15 2.14162e-09
6 _3433_ sky130_fd_sc_hd__o21ai_2 B1,Y 2 0.006009 0.20172 0.118242 3.80441 2.92778e-09 3.04839e-09 5.97617e-09 7.06883e-12 5.98324e-09
7 _3515_ sky130_fd_sc_hd__a32oi_2 B1,Y 2 0.009245 0.314766 0.391629 4.19604 7.04016e-09 4.29216e-09 1.13323e-08 3.4739e-13 1.13327e-08
8 _3517_ sky130_fd_sc_hd__a21oi_2 A2,Y 3 0.006357 0.070106 0.162865 4.3589 2.92041e-09 3.27216e-09 6.19257e-09 3.5347e-12 6.19611e-09
9 _3530_ sky130_fd_sc_hd__o22ai_1 A1,Y 1 0.001921 0.173288 0.245078 4.60398 2.05034e-09 8.9186e-10 2.9422e-09 3.53379e-12 2.94573e-09
10 _3531_ sky130_fd_sc_hd__o21ai_1 B1,Y 1 0.002056 0.056322 0.114901 4.71888 1.38494e-09 1.03114e-09 2.41608e-09 1.76597e-14 2.4161e-09
11 _3532_ sky130_fd_sc_hd__inv_1 A,Y 2 0.006786 0.096199 0.107812 4.82669 8.47719e-10 3.15053e-09 3.99825e-09 1.80635e-12 4.00005e-09
12 _3533_ sky130_fd_sc_hd__o21ai_2 A2,Y 2 0.006131 0.053066 0.086929 4.91362 3.8663e-09 3.15053e-09 7.01682e-09 7.66905e-14 7.0169e-09
13 _3535_ sky130_fd_sc_hd__o21ai_2 A2,Y 3 0.009188 0.238833 0.250814 5.16444 3.02676e-09 4.2657e-09 7.29246e-09 7.06128e-12 7.29952e-09
14 _3536_ sky130_fd_sc_hd__nor3_2 C,Y 2 0.006162 0.057432 0.114726 5.27916 3.60251e-09 3.09342e-09 6.69593e-09 1.047e-13 6.69603e-09
15 _3555_ sky130_fd_sc_hd__nand3_2 A,Y 2 0.00661 0.093312 0.101061 5.38022 3.13139e-09 3.06882e-09 6.20021e-09 1.05957e-11 6.2108e-09
16 _3570_ sky130_fd_sc_hd__a211oi_2 A1,Y 2 0.005989 0.082328 0.096583 5.4768 4.11236e-09 3.1886e-09 7.30096e-09 1.15685e-13 7.30108e-09
17 _3574_ sky130_fd_sc_hd__o31ai_2 A3,Y 3 0.009188 0.414323 0.422655 5.89946 3.54314e-09 4.2657e-09 7.80884e-09 7.06003e-12 7.8159e-09
18 _3575_ sky130_fd_sc_hd__nor3_2 C,Y 1 0.003875 0.077149 0.139169 6.03863 3.52498e-09 2.08317e-09 5.60816e-09 1.047e-13 5.60826e-09
19 _3576_ sky130_fd_sc_hd__a211oi_2 C1,Y 3 0.0084 0.356887 0.350197 6.38883 3.08736e-09 3.89986e-09 6.98722e-09 3.53484e-12 6.99075e-09
20 _3577_ sky130_fd_sc_hd__o221ai_2 B2,Y 2 0.004854 0.095299 0.211388 6.60021 5.26376e-09 2.43741e-09 7.70117e-09 8.0889e-14 7.70126e-09
21 _3579_ sky130_fd_sc_hd__maj3_2 B,X 2 0.004206 0.077055 0.527116 7.12733 4.98756e-09 2.12264e-09 7.11019e-09 6.79648e-12 7.11699e-09
22 _3641_ sky130_fd_sc_hd__a21oi_1 A1,Y 1 0.004531 0.215858 0.242088 7.36942 1.55152e-09 2.1036e-09 3.65512e-09 7.94661e-12 3.66307e-09
23 _3642_ sky130_fd_sc_hd__a21oi_2 B1,Y 1 0.014163 0.089218 0.125818 7.49524 2.72843e-09 7.20638e-09 9.9348e-09 5.51113e-14 9.93486e-09
24 _3643_ sky130_fd_sc_hd__xor2_4 B,X 4 0.038912 0.483507 0.471075 7.96631 7.23107e-09 1.80656e-08 2.52967e-08 6.26878e-11 2.53594e-08
25 _3644_ sky130_fd_sc_hd__nand2_8 B,Y 15 0.06129 0.14372 0.250663 8.21697 1.10158e-08 3.08367e-08 4.18525e-08 2.63108e-13 4.18528e-08
26 _3741_ sky130_fd_sc_hd__a21oi_2 A1,Y 1 0.004377 0.150496 0.235509 8.45248 3.21247e-09 2.0321e-09 5.24457e-09 8.98964e-14 5.24466e-09
27 _3742_ sky130_fd_sc_hd__o22ai_2 B2,Y 1 0.001762 0.155216 0.096655 8.54914 7.42995e-09 8.75146e-10 8.3051e-09 4.07472e-12 8.30917e-09
28 _4931_ sky130_fd_sc_hd__dfrtp_1 D - - 0.155216 0 8.54914 3.92127e-06 0 3.92127e-06 5.00272e-12 3.92128e-06

Worst path 9: status=met slack=1.14603 type=max group=core
startpoint=_4829_ (rising edge-triggered flip-flop clocked by core)
endpoint=_4928_ (rising edge-triggered flip-flop clocked by core)
path_power_complete=true
path_average_power_sum internal=7.93405e-06 switching=1.16643e-07 dynamic=8.05069e-06 leakage=1.40636e-10 total=8.05083e-06
stage instance cell pins fanout capacitance slew delay arrival internal switching dynamic leakage total
1 _4829_ sky130_fd_sc_hd__dfrtp_1 CLK,Q 68 0.22564 2.98617 2.57105 2.57105 3.92127e-06 0 3.92127e-06 5.00272e-12 3.92128e-06
2 _3346_ sky130_fd_sc_hd__nand2_2 B,Y 1 0.004034 0.290521 0.534975 3.10603 3.55794e-10 2.02189e-09 2.37768e-09 4.32598e-14 2.37773e-09
3 _3347_ sky130_fd_sc_hd__o21ai_2 B1,Y 2 0.00452 0.263525 0.204784 3.31081 5.91824e-10 2.09849e-09 2.69032e-09 7.64634e-14 2.69039e-09
4 _3348_ sky130_fd_sc_hd__mux2i_1 A0,Y 2 0.004282 0.249733 0.1739 3.48471 1.91287e-09 2.11892e-09 4.03179e-09 3.54735e-12 4.03534e-09
5 _3432_ sky130_fd_sc_hd__nand2_1 A,Y 1 0.004355 0.17891 0.201451 3.68616 1.19729e-10 2.02189e-09 2.14162e-09 6.6251e-15 2.14162e-09
6 _3433_ sky130_fd_sc_hd__o21ai_2 B1,Y 2 0.006009 0.20172 0.118242 3.80441 2.92778e-09 3.04839e-09 5.97617e-09 7.06883e-12 5.98324e-09
7 _3515_ sky130_fd_sc_hd__a32oi_2 B1,Y 2 0.009245 0.314766 0.391629 4.19604 7.04016e-09 4.29216e-09 1.13323e-08 3.4739e-13 1.13327e-08
8 _3517_ sky130_fd_sc_hd__a21oi_2 A2,Y 3 0.006357 0.070106 0.162865 4.3589 2.92041e-09 3.27216e-09 6.19257e-09 3.5347e-12 6.19611e-09
9 _3530_ sky130_fd_sc_hd__o22ai_1 A1,Y 1 0.001921 0.173288 0.245078 4.60398 2.05034e-09 8.9186e-10 2.9422e-09 3.53379e-12 2.94573e-09
10 _3531_ sky130_fd_sc_hd__o21ai_1 B1,Y 1 0.002056 0.056322 0.114901 4.71888 1.38494e-09 1.03114e-09 2.41608e-09 1.76597e-14 2.4161e-09
11 _3532_ sky130_fd_sc_hd__inv_1 A,Y 2 0.006786 0.096199 0.107812 4.82669 8.47719e-10 3.15053e-09 3.99825e-09 1.80635e-12 4.00005e-09
12 _3533_ sky130_fd_sc_hd__o21ai_2 A2,Y 2 0.006131 0.053066 0.086929 4.91362 3.8663e-09 3.15053e-09 7.01682e-09 7.66905e-14 7.0169e-09
13 _3535_ sky130_fd_sc_hd__o21ai_2 A2,Y 3 0.009188 0.238833 0.250814 5.16444 3.02676e-09 4.2657e-09 7.29246e-09 7.06128e-12 7.29952e-09
14 _3536_ sky130_fd_sc_hd__nor3_2 C,Y 2 0.006162 0.057432 0.114726 5.27916 3.60251e-09 3.09342e-09 6.69593e-09 1.047e-13 6.69603e-09
15 _3555_ sky130_fd_sc_hd__nand3_2 A,Y 2 0.00661 0.093312 0.101061 5.38022 3.13139e-09 3.06882e-09 6.20021e-09 1.05957e-11 6.2108e-09
16 _3570_ sky130_fd_sc_hd__a211oi_2 A1,Y 2 0.005989 0.082328 0.096583 5.4768 4.11236e-09 3.1886e-09 7.30096e-09 1.15685e-13 7.30108e-09
17 _3574_ sky130_fd_sc_hd__o31ai_2 A3,Y 3 0.009188 0.414323 0.422655 5.89946 3.54314e-09 4.2657e-09 7.80884e-09 7.06003e-12 7.8159e-09
18 _3575_ sky130_fd_sc_hd__nor3_2 C,Y 1 0.003875 0.077149 0.139169 6.03863 3.52498e-09 2.08317e-09 5.60816e-09 1.047e-13 5.60826e-09
19 _3576_ sky130_fd_sc_hd__a211oi_2 C1,Y 3 0.0084 0.356887 0.350197 6.38883 3.08736e-09 3.89986e-09 6.98722e-09 3.53484e-12 6.99075e-09
20 _3577_ sky130_fd_sc_hd__o221ai_2 B2,Y 2 0.004854 0.095299 0.211388 6.60021 5.26376e-09 2.43741e-09 7.70117e-09 8.0889e-14 7.70126e-09
21 _3579_ sky130_fd_sc_hd__maj3_2 B,X 2 0.004206 0.077055 0.527116 7.12733 4.98756e-09 2.12264e-09 7.11019e-09 6.79648e-12 7.11699e-09
22 _3641_ sky130_fd_sc_hd__a21oi_1 A1,Y 1 0.004531 0.215858 0.242088 7.36942 1.55152e-09 2.1036e-09 3.65512e-09 7.94661e-12 3.66307e-09
23 _3642_ sky130_fd_sc_hd__a21oi_2 B1,Y 1 0.014163 0.089218 0.125818 7.49524 2.72843e-09 7.20638e-09 9.9348e-09 5.51113e-14 9.93486e-09
24 _3643_ sky130_fd_sc_hd__xor2_4 B,X 4 0.038912 0.483507 0.471075 7.96631 7.23107e-09 1.80656e-08 2.52967e-08 6.26878e-11 2.53594e-08
25 _3644_ sky130_fd_sc_hd__nand2_8 B,Y 15 0.06129 0.14372 0.250663 8.21697 1.10158e-08 3.08367e-08 4.18525e-08 2.63108e-13 4.18528e-08
26 _3761_ sky130_fd_sc_hd__a21oi_2 A1,Y 1 0.004377 0.150488 0.235509 8.45248 3.23961e-09 2.0321e-09 5.27171e-09 8.98964e-14 5.2718e-09
27 _3762_ sky130_fd_sc_hd__o22ai_2 B2,Y 1 0.001762 0.155216 0.096652 8.54913 7.44489e-09 8.75146e-10 8.32003e-09 4.07473e-12 8.32411e-09
28 _4928_ sky130_fd_sc_hd__dfrtp_1 D - - 0.155216 0 8.54913 3.92127e-06 0 3.92127e-06 5.00272e-12 3.92128e-06

Worst path 10: status=met slack=1.18064 type=max group=core
startpoint=_4829_ (rising edge-triggered flip-flop clocked by core)
endpoint=_4815_ (rising edge-triggered flip-flop clocked by core)
path_power_complete=true
path_average_power_sum internal=7.89344e-06 switching=7.85106e-08 dynamic=7.97195e-06 leakage=7.91326e-11 total=7.97203e-06
stage instance cell pins fanout capacitance slew delay arrival internal switching dynamic leakage total
1 _4829_ sky130_fd_sc_hd__dfrtp_1 CLK,Q 68 0.22564 2.98617 2.57105 2.57105 3.92127e-06 0 3.92127e-06 5.00272e-12 3.92128e-06
2 _4378_ sky130_fd_sc_hd__o21ai_0 A2,Y 2 0.004225 0.383997 0.799855 3.37091 1.93059e-10 2.11846e-09 2.31152e-09 1.12596e-13 2.31163e-09
3 _4379_ sky130_fd_sc_hd__mux2i_1 A1,Y 2 0.004783 0.262627 0.429597 3.80051 1.89871e-09 2.2206e-09 4.1193e-09 3.54711e-12 4.12285e-09
4 _4388_ sky130_fd_sc_hd__o21ai_1 A2,Y 2 0.005251 0.087686 0.161777 3.96228 1.44466e-09 2.7494e-09 4.19406e-09 1.91736e-14 4.19408e-09
5 _4389_ sky130_fd_sc_hd__or2_1 B,X 1 0.002145 0.062499 0.364199 4.32648 2.44807e-09 1.0511e-09 3.49917e-09 2.73729e-14 3.4992e-09
6 _4392_ sky130_fd_sc_hd__nand3_1 A,Y 2 0.004622 0.126218 0.121221 4.4477 1.83065e-09 2.14585e-09 3.9765e-09 5.3082e-12 3.98181e-09
7 _4393_ sky130_fd_sc_hd__nor2_1 B,Y 2 0.006065 0.04852 0.093597 4.5413 1.55287e-09 3.15656e-09 4.70943e-09 1.41392e-13 4.70957e-09
8 _4396_ sky130_fd_sc_hd__nor2_2 A,Y 4 0.011297 0.236393 0.251468 4.79277 2.36783e-09 5.24484e-09 7.61267e-09 7.83408e-14 7.61275e-09
9 _4397_ sky130_fd_sc_hd__inv_1 A,Y 2 0.004316 0.060801 0.118933 4.9117 8.20778e-10 2.13471e-09 2.95549e-09 1.80596e-12 2.95729e-09
10 _4412_ sky130_fd_sc_hd__a21oi_1 A1,Y 1 0.001693 0.127783 0.164314 5.07601 1.47831e-09 7.86007e-10 2.26432e-09 2.17344e-14 2.26434e-09
11 _4414_ sky130_fd_sc_hd__o21ai_0 A2,Y 2 0.005026 0.105985 0.143018 5.21903 1.05313e-09 2.56787e-09 3.621e-09 4.51322e-12 3.62552e-09
12 _4423_ sky130_fd_sc_hd__maj3_2 B,X 1 0.002169 0.067163 0.514462 5.7335 2.09066e-10 1.10217e-09 1.31124e-09 3.559e-12 1.3148e-09
13 _4554_ sky130_fd_sc_hd__nor2_1 A,Y 2 0.006734 0.231915 0.245811 5.97931 1.30604e-09 3.12638e-09 4.43242e-09 2.98644e-14 4.43245e-09
14 _4555_ sky130_fd_sc_hd__inv_2 A,Y 2 0.004385 0.046339 0.09137 6.07068 1.0976e-09 2.16953e-09 3.26712e-09 3.55057e-12 3.27067e-09
15 _4570_ sky130_fd_sc_hd__a31oi_1 A1,Y 1 0.004452 0.242943 0.236843 6.30752 1.95731e-09 2.06692e-09 4.02423e-09 2.26234e-14 4.02425e-09
16 _4571_ sky130_fd_sc_hd__inv_2 A,Y 3 0.005823 0.052091 0.100777 6.4083 1.09024e-09 2.92628e-09 4.01653e-09 3.5498e-12 4.02008e-09
17 _4585_ sky130_fd_sc_hd__a31oi_1 A1,Y 2 0.004902 0.258374 0.250576 6.65887 1.93636e-09 2.27584e-09 4.2122e-09 2.26234e-14 4.21222e-09
18 _4586_ sky130_fd_sc_hd__nor2_1 B,Y 1 0.003954 0.063824 0.122678 6.78155 1.26146e-09 2.10778e-09 3.36924e-09 1.76743e-12 3.37101e-09
19 _4587_ sky130_fd_sc_hd__nor2_2 B,Y 2 0.00671 0.160845 0.170487 6.95204 2.34054e-09 3.11524e-09 5.45578e-09 7.83408e-14 5.45586e-09
20 _4638_ sky130_fd_sc_hd__a21oi_2 A1,Y 1 0.00394 0.064133 0.10024 7.05228 2.86876e-09 2.09664e-09 4.9654e-09 3.53408e-12 4.96894e-09
21 _4639_ sky130_fd_sc_hd__a31oi_2 B1,Y 1 0.008343 0.273842 0.296924 7.3492 3.7252e-09 3.87339e-09 7.5986e-09 7.97152e-14 7.59868e-09
22 _4640_ sky130_fd_sc_hd__xor2_2 B,X 4 0.022215 0.462635 0.504619 7.85382 3.60717e-09 1.03137e-08 1.39209e-08 3.31489e-11 1.3954e-08
23 _4641_ sky130_fd_sc_hd__o21ai_4 B1,Y 15 0.032565 0.157596 0.266259 8.12008 5.19643e-09 1.6254e-08 2.14505e-08 1.03384e-13 2.14506e-08
24 _4669_ sky130_fd_sc_hd__a21oi_1 A1,Y 1 0.004377 0.211086 0.279898 8.39998 1.79257e-09 2.0321e-09 3.82468e-09 3.46714e-14 3.82471e-09
25 _4670_ sky130_fd_sc_hd__o22ai_2 B2,Y 1 0.001762 0.155216 0.114553 8.51453 7.42123e-09 8.75146e-10 8.29637e-09 4.07104e-12 8.30045e-09
26 _4815_ sky130_fd_sc_hd__dfrtp_1 D - - 0.155216 0 8.51453 3.92127e-06 0 3.92127e-06 5.00272e-12 3.92128e-06

Worst path 11: status=met slack=1.70733 type=max group=asynchronous
startpoint=_4962_ (rising edge-triggered flip-flop clocked by core)
endpoint=_4671_ (recovery check against rising-edge clock core)
path_power_complete=true
path_average_power_sum internal=7.91058e-06 switching=1.87844e-06 dynamic=9.78902e-06 leakage=8.01633e-12 total=9.78903e-06
stage instance cell pins fanout capacitance slew delay arrival internal switching dynamic leakage total
1 _4962_ sky130_fd_sc_hd__dfrtp_1 CLK,Q 174 0.588293 7.77624 5.9897 5.9897 3.93649e-06 1.63876e-06 5.57524e-06 3.19784e-12 5.57525e-06
2 _4671_ sky130_fd_sc_hd__dfrtp_1 RESET_B - - 7.77624 0 5.9897 3.97409e-06 2.39681e-07 4.21377e-06 4.81849e-12 4.21378e-06

Worst path 12: status=met slack=1.70733 type=max group=asynchronous
startpoint=_4962_ (rising edge-triggered flip-flop clocked by core)
endpoint=_4672_ (recovery check against rising-edge clock core)
path_power_complete=true
path_average_power_sum internal=7.91131e-06 switching=1.66983e-06 dynamic=9.58114e-06 leakage=8.01571e-12 total=9.58115e-06
stage instance cell pins fanout capacitance slew delay arrival internal switching dynamic leakage total
1 _4962_ sky130_fd_sc_hd__dfrtp_1 CLK,Q 174 0.588293 7.77624 5.9897 5.9897 3.93649e-06 1.63876e-06 5.57524e-06 3.19784e-12 5.57525e-06
2 _4672_ sky130_fd_sc_hd__dfrtp_1 RESET_B - - 7.77624 0 5.9897 3.97482e-06 3.10726e-08 4.0059e-06 4.81787e-12 4.0059e-06

Worst path 13: status=met slack=1.70733 type=max group=asynchronous
startpoint=_4962_ (rising edge-triggered flip-flop clocked by core)
endpoint=_4673_ (recovery check against rising-edge clock core)
path_power_complete=true
path_average_power_sum internal=7.91151e-06 switching=1.67969e-06 dynamic=9.59119e-06 leakage=8.01574e-12 total=9.5912e-06
stage instance cell pins fanout capacitance slew delay arrival internal switching dynamic leakage total
1 _4962_ sky130_fd_sc_hd__dfrtp_1 CLK,Q 174 0.588293 7.77624 5.9897 5.9897 3.93649e-06 1.63876e-06 5.57524e-06 3.19784e-12 5.57525e-06
2 _4673_ sky130_fd_sc_hd__dfrtp_1 RESET_B - - 7.77624 0 5.9897 3.97502e-06 4.09299e-08 4.01595e-06 4.8179e-12 4.01595e-06

Worst path 14: status=met slack=1.70733 type=max group=asynchronous
startpoint=_4962_ (rising edge-triggered flip-flop clocked by core)
endpoint=_4674_ (recovery check against rising-edge clock core)
path_power_complete=true
path_average_power_sum internal=7.91138e-06 switching=1.67314e-06 dynamic=9.58451e-06 leakage=8.01572e-12 total=9.58452e-06
stage instance cell pins fanout capacitance slew delay arrival internal switching dynamic leakage total
1 _4962_ sky130_fd_sc_hd__dfrtp_1 CLK,Q 174 0.588293 7.77624 5.9897 5.9897 3.93649e-06 1.63876e-06 5.57524e-06 3.19784e-12 5.57525e-06
2 _4674_ sky130_fd_sc_hd__dfrtp_1 RESET_B - - 7.77624 0 5.9897 3.97489e-06 3.43819e-08 4.00927e-06 4.81788e-12 4.00928e-06

Worst path 15: status=met slack=1.70733 type=max group=asynchronous
startpoint=_4962_ (rising edge-triggered flip-flop clocked by core)
endpoint=_4675_ (recovery check against rising-edge clock core)
path_power_complete=true
path_average_power_sum internal=7.91146e-06 switching=1.67719e-06 dynamic=9.58865e-06 leakage=8.01573e-12 total=9.58866e-06
stage instance cell pins fanout capacitance slew delay arrival internal switching dynamic leakage total
1 _4962_ sky130_fd_sc_hd__dfrtp_1 CLK,Q 174 0.588293 7.77624 5.9897 5.9897 3.93649e-06 1.63876e-06 5.57524e-06 3.19784e-12 5.57525e-06
2 _4675_ sky130_fd_sc_hd__dfrtp_1 RESET_B - - 7.77624 0 5.9897 3.97497e-06 3.84377e-08 4.01341e-06 4.81789e-12 4.01341e-06

Worst path 16: status=met slack=1.70733 type=max group=asynchronous
startpoint=_4962_ (rising edge-triggered flip-flop clocked by core)
endpoint=_4676_ (recovery check against rising-edge clock core)
path_power_complete=true
path_average_power_sum internal=7.91162e-06 switching=1.68565e-06 dynamic=9.59727e-06 leakage=8.01575e-12 total=9.59728e-06
stage instance cell pins fanout capacitance slew delay arrival internal switching dynamic leakage total
1 _4962_ sky130_fd_sc_hd__dfrtp_1 CLK,Q 174 0.588293 7.77624 5.9897 5.9897 3.93649e-06 1.63876e-06 5.57524e-06 3.19784e-12 5.57525e-06
2 _4676_ sky130_fd_sc_hd__dfrtp_1 RESET_B - - 7.77624 0 5.9897 3.97514e-06 4.68911e-08 4.02203e-06 4.81791e-12 4.02203e-06

Worst path 17: status=met slack=1.70733 type=max group=asynchronous
startpoint=_4962_ (rising edge-triggered flip-flop clocked by core)
endpoint=_4677_ (recovery check against rising-edge clock core)
path_power_complete=true
path_average_power_sum internal=7.91127e-06 switching=1.66787e-06 dynamic=9.57914e-06 leakage=8.01571e-12 total=9.57915e-06
stage instance cell pins fanout capacitance slew delay arrival internal switching dynamic leakage total
1 _4962_ sky130_fd_sc_hd__dfrtp_1 CLK,Q 174 0.588293 7.77624 5.9897 5.9897 3.93649e-06 1.63876e-06 5.57524e-06 3.19784e-12 5.57525e-06
2 _4677_ sky130_fd_sc_hd__dfrtp_1 RESET_B - - 7.77624 0 5.9897 3.97478e-06 2.91152e-08 4.0039e-06 4.81787e-12 4.0039e-06

Worst path 18: status=met slack=1.70733 type=max group=asynchronous
startpoint=_4962_ (rising edge-triggered flip-flop clocked by core)
endpoint=_4678_ (recovery check against rising-edge clock core)
path_power_complete=true
path_average_power_sum internal=7.9115e-06 switching=1.67927e-06 dynamic=9.59077e-06 leakage=8.01574e-12 total=9.59078e-06
stage instance cell pins fanout capacitance slew delay arrival internal switching dynamic leakage total
1 _4962_ sky130_fd_sc_hd__dfrtp_1 CLK,Q 174 0.588293 7.77624 5.9897 5.9897 3.93649e-06 1.63876e-06 5.57524e-06 3.19784e-12 5.57525e-06
2 _4678_ sky130_fd_sc_hd__dfrtp_1 RESET_B - - 7.77624 0 5.9897 3.97501e-06 4.05139e-08 4.01552e-06 4.8179e-12 4.01553e-06

Worst path 19: status=met slack=1.70733 type=max group=asynchronous
startpoint=_4962_ (rising edge-triggered flip-flop clocked by core)
endpoint=_4679_ (recovery check against rising-edge clock core)
path_power_complete=true
path_average_power_sum internal=7.91183e-06 switching=1.69619e-06 dynamic=9.60802e-06 leakage=8.01578e-12 total=9.60803e-06
stage instance cell pins fanout capacitance slew delay arrival internal switching dynamic leakage total
1 _4962_ sky130_fd_sc_hd__dfrtp_1 CLK,Q 174 0.588293 7.77624 5.9897 5.9897 3.93649e-06 1.63876e-06 5.57524e-06 3.19784e-12 5.57525e-06
2 _4679_ sky130_fd_sc_hd__dfrtp_1 RESET_B - - 7.77624 0 5.9897 3.97535e-06 5.74319e-08 4.03278e-06 4.81794e-12 4.03279e-06

Worst path 20: status=met slack=1.70733 type=max group=asynchronous
startpoint=_4962_ (rising edge-triggered flip-flop clocked by core)
endpoint=_4680_ (recovery check against rising-edge clock core)
path_power_complete=true
path_average_power_sum internal=7.91133e-06 switching=1.67062e-06 dynamic=9.58195e-06 leakage=8.01571e-12 total=9.58196e-06
stage instance cell pins fanout capacitance slew delay arrival internal switching dynamic leakage total
1 _4962_ sky130_fd_sc_hd__dfrtp_1 CLK,Q 174 0.588293 7.77624 5.9897 5.9897 3.93649e-06 1.63876e-06 5.57524e-06 3.19784e-12 5.57525e-06
2 _4680_ sky130_fd_sc_hd__dfrtp_1 RESET_B - - 7.77624 0 5.9897 3.97484e-06 3.18674e-08 4.00671e-06 4.81787e-12 4.00671e-06

=== Highest-power instances and worst path through each ===

Hotspot 1: instance=_4962_ selected_worst_paths=11,12,13,14,15,16,17,18,19,20 internal=3.93649e-06 switching=1.63876e-06 dynamic=5.57524e-06 leakage=3.19784e-12 total=5.57525e-06
Worst path through hotspot: status=met slack=1.70733 type=max group=asynchronous
startpoint=_4962_ (rising edge-triggered flip-flop clocked by core)
endpoint=_4671_ (recovery check against rising-edge clock core)
path_power_complete=true
path_average_power_sum internal=7.91058e-06 switching=1.87844e-06 dynamic=9.78902e-06 leakage=8.01633e-12 total=9.78903e-06
stage instance cell pins fanout capacitance slew delay arrival internal switching dynamic leakage total
1 _4962_ sky130_fd_sc_hd__dfrtp_1 CLK,Q 174 0.588293 7.77624 5.9897 5.9897 3.93649e-06 1.63876e-06 5.57524e-06 3.19784e-12 5.57525e-06
2 _4671_ sky130_fd_sc_hd__dfrtp_1 RESET_B - - 7.77624 0 5.9897 3.97409e-06 2.39681e-07 4.21377e-06 4.81849e-12 4.21378e-06
OpenSTA targeted timing report:
Startpoint: _4962_ (rising edge-triggered flip-flop clocked by core)
Endpoint: _4671_ (recovery check against rising-edge clock core)
Path Group: asynchronous
Path Type: max

Fanout         Cap        Slew       Delay        Time   Description
---------------------------------------------------------------------------------------------
                      0.000000    0.000000    0.000000   clock core (rise edge)
                                  0.000000    0.000000   clock network delay (ideal)
                      0.000000    0.000000    0.000000 ^ _4962_/CLK (sky130_fd_sc_hd__dfrtp_1)
   174    0.588293    7.776236    5.989702    5.989702 ^ _4962_/Q (sky130_fd_sc_hd__dfrtp_1)
                                                         core_rst_ni (net)
                      7.776236    0.000000    5.989702 ^ _4671_/RESET_B (sky130_fd_sc_hd__dfrtp_1)
                                              5.989702   data arrival time

                      0.000000   10.000000   10.000000   clock core (rise edge)
                                  0.000000   10.000000   clock network delay (ideal)
                                  0.000000   10.000000   clock reconvergence pessimism
                                             10.000000 ^ _4671_/CLK (sky130_fd_sc_hd__dfrtp_1)
                                 -2.302969    7.697031   library recovery time
                                              7.697031   data required time
---------------------------------------------------------------------------------------------
                                              7.697031   data required time
                                             -5.989702   data arrival time
---------------------------------------------------------------------------------------------
                                              1.707329   slack (MET)

Hotspot 2: instance=_4963_ selected_worst_paths=none internal=3.94442e-06 switching=1.25202e-06 dynamic=5.19644e-06 leakage=3.24128e-12 total=5.19644e-06
Worst path through hotspot: status=met slack=1.70733 type=max group=asynchronous
startpoint=_4962_ (rising edge-triggered flip-flop clocked by core)
endpoint=_4963_ (recovery check against rising-edge clock core)
path_power_complete=true
path_average_power_sum internal=7.88091e-06 switching=2.89078e-06 dynamic=1.07717e-05 leakage=6.43912e-12 total=1.07717e-05
stage instance cell pins fanout capacitance slew delay arrival internal switching dynamic leakage total
1 _4962_ sky130_fd_sc_hd__dfrtp_1 CLK,Q 174 0.588293 7.77624 5.9897 5.9897 3.93649e-06 1.63876e-06 5.57524e-06 3.19784e-12 5.57525e-06
2 _4963_ sky130_fd_sc_hd__dfrtp_1 RESET_B - - 7.77624 0 5.9897 3.94442e-06 1.25202e-06 5.19644e-06 3.24128e-12 5.19644e-06
OpenSTA targeted timing report:
Startpoint: _4962_ (rising edge-triggered flip-flop clocked by core)
Endpoint: _4963_ (recovery check against rising-edge clock core)
Path Group: asynchronous
Path Type: max

Fanout         Cap        Slew       Delay        Time   Description
---------------------------------------------------------------------------------------------
                      0.000000    0.000000    0.000000   clock core (rise edge)
                                  0.000000    0.000000   clock network delay (ideal)
                      0.000000    0.000000    0.000000 ^ _4962_/CLK (sky130_fd_sc_hd__dfrtp_1)
   174    0.588293    7.776236    5.989702    5.989702 ^ _4962_/Q (sky130_fd_sc_hd__dfrtp_1)
                                                         core_rst_ni (net)
                      7.776236    0.000000    5.989702 ^ _4963_/RESET_B (sky130_fd_sc_hd__dfrtp_1)
                                              5.989702   data arrival time

                      0.000000   10.000000   10.000000   clock core (rise edge)
                                  0.000000   10.000000   clock network delay (ideal)
                                  0.000000   10.000000   clock reconvergence pessimism
                                             10.000000 ^ _4963_/CLK (sky130_fd_sc_hd__dfrtp_1)
                                 -2.302969    7.697031   library recovery time
                                              7.697031   data required time
---------------------------------------------------------------------------------------------
                                              7.697031   data required time
                                             -5.989702   data arrival time
---------------------------------------------------------------------------------------------
                                              1.707329   slack (MET)

Hotspot 3: instance=_4925_ selected_worst_paths=none internal=4.29646e-06 switching=1.37245e-07 dynamic=4.43371e-06 leakage=4.81988e-12 total=4.43371e-06
Worst path through hotspot: status=met slack=1.70733 type=max group=asynchronous
startpoint=_4962_ (rising edge-triggered flip-flop clocked by core)
endpoint=_4925_ (recovery check against rising-edge clock core)
path_power_complete=true
path_average_power_sum internal=8.23295e-06 switching=1.776e-06 dynamic=1.00089e-05 leakage=8.01772e-12 total=1.0009e-05
stage instance cell pins fanout capacitance slew delay arrival internal switching dynamic leakage total
1 _4962_ sky130_fd_sc_hd__dfrtp_1 CLK,Q 174 0.588293 7.77624 5.9897 5.9897 3.93649e-06 1.63876e-06 5.57524e-06 3.19784e-12 5.57525e-06
2 _4925_ sky130_fd_sc_hd__dfrtp_1 RESET_B - - 7.77624 0 5.9897 4.29646e-06 1.37245e-07 4.43371e-06 4.81988e-12 4.43371e-06
OpenSTA targeted timing report:
Startpoint: _4962_ (rising edge-triggered flip-flop clocked by core)
Endpoint: _4925_ (recovery check against rising-edge clock core)
Path Group: asynchronous
Path Type: max

Fanout         Cap        Slew       Delay        Time   Description
---------------------------------------------------------------------------------------------
                      0.000000    0.000000    0.000000   clock core (rise edge)
                                  0.000000    0.000000   clock network delay (ideal)
                      0.000000    0.000000    0.000000 ^ _4962_/CLK (sky130_fd_sc_hd__dfrtp_1)
   174    0.588293    7.776236    5.989702    5.989702 ^ _4962_/Q (sky130_fd_sc_hd__dfrtp_1)
                                                         core_rst_ni (net)
                      7.776236    0.000000    5.989702 ^ _4925_/RESET_B (sky130_fd_sc_hd__dfrtp_1)
                                              5.989702   data arrival time

                      0.000000   10.000000   10.000000   clock core (rise edge)
                                  0.000000   10.000000   clock network delay (ideal)
                                  0.000000   10.000000   clock reconvergence pessimism
                                             10.000000 ^ _4925_/CLK (sky130_fd_sc_hd__dfrtp_1)
                                 -2.302969    7.697031   library recovery time
                                              7.697031   data required time
---------------------------------------------------------------------------------------------
                                              7.697031   data required time
                                             -5.989702   data arrival time
---------------------------------------------------------------------------------------------
                                              1.707329   slack (MET)

Hotspot 4: instance=_4763_ selected_worst_paths=none internal=3.97376e-06 switching=2.8915e-07 dynamic=4.26291e-06 leakage=4.81863e-12 total=4.26291e-06
Worst path through hotspot: status=met slack=1.70733 type=max group=asynchronous
startpoint=_4962_ (rising edge-triggered flip-flop clocked by core)
endpoint=_4763_ (recovery check against rising-edge clock core)
path_power_complete=true
path_average_power_sum internal=7.91024e-06 switching=1.92791e-06 dynamic=9.83815e-06 leakage=8.01647e-12 total=9.83816e-06
stage instance cell pins fanout capacitance slew delay arrival internal switching dynamic leakage total
1 _4962_ sky130_fd_sc_hd__dfrtp_1 CLK,Q 174 0.588293 7.77624 5.9897 5.9897 3.93649e-06 1.63876e-06 5.57524e-06 3.19784e-12 5.57525e-06
2 _4763_ sky130_fd_sc_hd__dfrtp_1 RESET_B - - 7.77624 0 5.9897 3.97376e-06 2.8915e-07 4.26291e-06 4.81863e-12 4.26291e-06
OpenSTA targeted timing report:
Startpoint: _4962_ (rising edge-triggered flip-flop clocked by core)
Endpoint: _4763_ (recovery check against rising-edge clock core)
Path Group: asynchronous
Path Type: max

Fanout         Cap        Slew       Delay        Time   Description
---------------------------------------------------------------------------------------------
                      0.000000    0.000000    0.000000   clock core (rise edge)
                                  0.000000    0.000000   clock network delay (ideal)
                      0.000000    0.000000    0.000000 ^ _4962_/CLK (sky130_fd_sc_hd__dfrtp_1)
   174    0.588293    7.776236    5.989702    5.989702 ^ _4962_/Q (sky130_fd_sc_hd__dfrtp_1)
                                                         core_rst_ni (net)
                      7.776236    0.000000    5.989702 ^ _4763_/RESET_B (sky130_fd_sc_hd__dfrtp_1)
                                              5.989702   data arrival time

                      0.000000   10.000000   10.000000   clock core (rise edge)
                                  0.000000   10.000000   clock network delay (ideal)
                                  0.000000   10.000000   clock reconvergence pessimism
                                             10.000000 ^ _4763_/CLK (sky130_fd_sc_hd__dfrtp_1)
                                 -2.302969    7.697031   library recovery time
                                              7.697031   data required time
---------------------------------------------------------------------------------------------
                                              7.697031   data required time
                                             -5.989702   data arrival time
---------------------------------------------------------------------------------------------
                                              1.707329   slack (MET)

Hotspot 5: instance=_4671_ selected_worst_paths=11 internal=3.97409e-06 switching=2.39681e-07 dynamic=4.21377e-06 leakage=4.81849e-12 total=4.21378e-06
Worst path through hotspot: status=met slack=1.70733 type=max group=asynchronous
startpoint=_4962_ (rising edge-triggered flip-flop clocked by core)
endpoint=_4671_ (recovery check against rising-edge clock core)
path_power_complete=true
path_average_power_sum internal=7.91058e-06 switching=1.87844e-06 dynamic=9.78902e-06 leakage=8.01633e-12 total=9.78903e-06
stage instance cell pins fanout capacitance slew delay arrival internal switching dynamic leakage total
1 _4962_ sky130_fd_sc_hd__dfrtp_1 CLK,Q 174 0.588293 7.77624 5.9897 5.9897 3.93649e-06 1.63876e-06 5.57524e-06 3.19784e-12 5.57525e-06
2 _4671_ sky130_fd_sc_hd__dfrtp_1 RESET_B - - 7.77624 0 5.9897 3.97409e-06 2.39681e-07 4.21377e-06 4.81849e-12 4.21378e-06
OpenSTA targeted timing report:
Startpoint: _4962_ (rising edge-triggered flip-flop clocked by core)
Endpoint: _4671_ (recovery check against rising-edge clock core)
Path Group: asynchronous
Path Type: max

Fanout         Cap        Slew       Delay        Time   Description
---------------------------------------------------------------------------------------------
                      0.000000    0.000000    0.000000   clock core (rise edge)
                                  0.000000    0.000000   clock network delay (ideal)
                      0.000000    0.000000    0.000000 ^ _4962_/CLK (sky130_fd_sc_hd__dfrtp_1)
   174    0.588293    7.776236    5.989702    5.989702 ^ _4962_/Q (sky130_fd_sc_hd__dfrtp_1)
                                                         core_rst_ni (net)
                      7.776236    0.000000    5.989702 ^ _4671_/RESET_B (sky130_fd_sc_hd__dfrtp_1)
                                              5.989702   data arrival time

                      0.000000   10.000000   10.000000   clock core (rise edge)
                                  0.000000   10.000000   clock network delay (ideal)
                                  0.000000   10.000000   clock reconvergence pessimism
                                             10.000000 ^ _4671_/CLK (sky130_fd_sc_hd__dfrtp_1)
                                 -2.302969    7.697031   library recovery time
                                              7.697031   data required time
---------------------------------------------------------------------------------------------
                                              7.697031   data required time
                                             -5.989702   data arrival time
---------------------------------------------------------------------------------------------
                                              1.707329   slack (MET)

Hotspot 6: instance=_4926_ selected_worst_paths=none internal=3.97537e-06 switching=8.87793e-08 dynamic=4.06415e-06 leakage=4.81803e-12 total=4.06416e-06
Worst path through hotspot: status=met slack=1.70733 type=max group=asynchronous
startpoint=_4962_ (rising edge-triggered flip-flop clocked by core)
endpoint=_4926_ (recovery check against rising-edge clock core)
path_power_complete=true
path_average_power_sum internal=7.91186e-06 switching=1.72754e-06 dynamic=9.6394e-06 leakage=8.01587e-12 total=9.6394e-06
stage instance cell pins fanout capacitance slew delay arrival internal switching dynamic leakage total
1 _4962_ sky130_fd_sc_hd__dfrtp_1 CLK,Q 174 0.588293 7.77624 5.9897 5.9897 3.93649e-06 1.63876e-06 5.57524e-06 3.19784e-12 5.57525e-06
2 _4926_ sky130_fd_sc_hd__dfrtp_1 RESET_B - - 7.77624 0 5.9897 3.97537e-06 8.87793e-08 4.06415e-06 4.81803e-12 4.06416e-06
OpenSTA targeted timing report:
Startpoint: _4962_ (rising edge-triggered flip-flop clocked by core)
Endpoint: _4926_ (recovery check against rising-edge clock core)
Path Group: asynchronous
Path Type: max

Fanout         Cap        Slew       Delay        Time   Description
---------------------------------------------------------------------------------------------
                      0.000000    0.000000    0.000000   clock core (rise edge)
                                  0.000000    0.000000   clock network delay (ideal)
                      0.000000    0.000000    0.000000 ^ _4962_/CLK (sky130_fd_sc_hd__dfrtp_1)
   174    0.588293    7.776236    5.989702    5.989702 ^ _4962_/Q (sky130_fd_sc_hd__dfrtp_1)
                                                         core_rst_ni (net)
                      7.776236    0.000000    5.989702 ^ _4926_/RESET_B (sky130_fd_sc_hd__dfrtp_1)
                                              5.989702   data arrival time

                      0.000000   10.000000   10.000000   clock core (rise edge)
                                  0.000000   10.000000   clock network delay (ideal)
                                  0.000000   10.000000   clock reconvergence pessimism
                                             10.000000 ^ _4926_/CLK (sky130_fd_sc_hd__dfrtp_1)
                                 -2.302969    7.697031   library recovery time
                                              7.697031   data required time
---------------------------------------------------------------------------------------------
                                              7.697031   data required time
                                             -5.989702   data arrival time
---------------------------------------------------------------------------------------------
                                              1.707329   slack (MET)

Hotspot 7: instance=_4893_ selected_worst_paths=none internal=3.97553e-06 switching=6.67135e-08 dynamic=4.04225e-06 leakage=4.81797e-12 total=4.04225e-06
Worst path through hotspot: status=met slack=1.70733 type=max group=asynchronous
startpoint=_4962_ (rising edge-triggered flip-flop clocked by core)
endpoint=_4893_ (recovery check against rising-edge clock core)
path_power_complete=true
path_average_power_sum internal=7.91202e-06 switching=1.70547e-06 dynamic=9.61749e-06 leakage=8.01581e-12 total=9.6175e-06
stage instance cell pins fanout capacitance slew delay arrival internal switching dynamic leakage total
1 _4962_ sky130_fd_sc_hd__dfrtp_1 CLK,Q 174 0.588293 7.77624 5.9897 5.9897 3.93649e-06 1.63876e-06 5.57524e-06 3.19784e-12 5.57525e-06
2 _4893_ sky130_fd_sc_hd__dfrtp_1 RESET_B - - 7.77624 0 5.9897 3.97553e-06 6.67135e-08 4.04225e-06 4.81797e-12 4.04225e-06
OpenSTA targeted timing report:
Startpoint: _4962_ (rising edge-triggered flip-flop clocked by core)
Endpoint: _4893_ (recovery check against rising-edge clock core)
Path Group: asynchronous
Path Type: max

Fanout         Cap        Slew       Delay        Time   Description
---------------------------------------------------------------------------------------------
                      0.000000    0.000000    0.000000   clock core (rise edge)
                                  0.000000    0.000000   clock network delay (ideal)
                      0.000000    0.000000    0.000000 ^ _4962_/CLK (sky130_fd_sc_hd__dfrtp_1)
   174    0.588293    7.776236    5.989702    5.989702 ^ _4962_/Q (sky130_fd_sc_hd__dfrtp_1)
                                                         core_rst_ni (net)
                      7.776236    0.000000    5.989702 ^ _4893_/RESET_B (sky130_fd_sc_hd__dfrtp_1)
                                              5.989702   data arrival time

                      0.000000   10.000000   10.000000   clock core (rise edge)
                                  0.000000   10.000000   clock network delay (ideal)
                                  0.000000   10.000000   clock reconvergence pessimism
                                             10.000000 ^ _4893_/CLK (sky130_fd_sc_hd__dfrtp_1)
                                 -2.302969    7.697031   library recovery time
                                              7.697031   data required time
---------------------------------------------------------------------------------------------
                                              7.697031   data required time
                                             -5.989702   data arrival time
---------------------------------------------------------------------------------------------
                                              1.707329   slack (MET)

Hotspot 8: instance=_4894_ selected_worst_paths=none internal=3.97541e-06 switching=6.07449e-08 dynamic=4.03616e-06 leakage=4.81795e-12 total=4.03616e-06
Worst path through hotspot: status=met slack=1.70733 type=max group=asynchronous
startpoint=_4962_ (rising edge-triggered flip-flop clocked by core)
endpoint=_4894_ (recovery check against rising-edge clock core)
path_power_complete=true
path_average_power_sum internal=7.9119e-06 switching=1.6995e-06 dynamic=9.6114e-06 leakage=8.01579e-12 total=9.61141e-06
stage instance cell pins fanout capacitance slew delay arrival internal switching dynamic leakage total
1 _4962_ sky130_fd_sc_hd__dfrtp_1 CLK,Q 174 0.588293 7.77624 5.9897 5.9897 3.93649e-06 1.63876e-06 5.57524e-06 3.19784e-12 5.57525e-06
2 _4894_ sky130_fd_sc_hd__dfrtp_1 RESET_B - - 7.77624 0 5.9897 3.97541e-06 6.07449e-08 4.03616e-06 4.81795e-12 4.03616e-06
OpenSTA targeted timing report:
Startpoint: _4962_ (rising edge-triggered flip-flop clocked by core)
Endpoint: _4894_ (recovery check against rising-edge clock core)
Path Group: asynchronous
Path Type: max

Fanout         Cap        Slew       Delay        Time   Description
---------------------------------------------------------------------------------------------
                      0.000000    0.000000    0.000000   clock core (rise edge)
                                  0.000000    0.000000   clock network delay (ideal)
                      0.000000    0.000000    0.000000 ^ _4962_/CLK (sky130_fd_sc_hd__dfrtp_1)
   174    0.588293    7.776236    5.989702    5.989702 ^ _4962_/Q (sky130_fd_sc_hd__dfrtp_1)
                                                         core_rst_ni (net)
                      7.776236    0.000000    5.989702 ^ _4894_/RESET_B (sky130_fd_sc_hd__dfrtp_1)
                                              5.989702   data arrival time

                      0.000000   10.000000   10.000000   clock core (rise edge)
                                  0.000000   10.000000   clock network delay (ideal)
                                  0.000000   10.000000   clock reconvergence pessimism
                                             10.000000 ^ _4894_/CLK (sky130_fd_sc_hd__dfrtp_1)
                                 -2.302969    7.697031   library recovery time
                                              7.697031   data required time
---------------------------------------------------------------------------------------------
                                              7.697031   data required time
                                             -5.989702   data arrival time
---------------------------------------------------------------------------------------------
                                              1.707329   slack (MET)

Hotspot 9: instance=_4683_ selected_worst_paths=none internal=3.9754e-06 switching=6.02583e-08 dynamic=4.03566e-06 leakage=4.81795e-12 total=4.03567e-06
Worst path through hotspot: status=met slack=1.70733 type=max group=asynchronous
startpoint=_4962_ (rising edge-triggered flip-flop clocked by core)
endpoint=_4683_ (recovery check against rising-edge clock core)
path_power_complete=true
path_average_power_sum internal=7.91189e-06 switching=1.69902e-06 dynamic=9.61091e-06 leakage=8.01579e-12 total=9.61091e-06
stage instance cell pins fanout capacitance slew delay arrival internal switching dynamic leakage total
1 _4962_ sky130_fd_sc_hd__dfrtp_1 CLK,Q 174 0.588293 7.77624 5.9897 5.9897 3.93649e-06 1.63876e-06 5.57524e-06 3.19784e-12 5.57525e-06
2 _4683_ sky130_fd_sc_hd__dfrtp_1 RESET_B - - 7.77624 0 5.9897 3.9754e-06 6.02583e-08 4.03566e-06 4.81795e-12 4.03567e-06
OpenSTA targeted timing report:
Startpoint: _4962_ (rising edge-triggered flip-flop clocked by core)
Endpoint: _4683_ (recovery check against rising-edge clock core)
Path Group: asynchronous
Path Type: max

Fanout         Cap        Slew       Delay        Time   Description
---------------------------------------------------------------------------------------------
                      0.000000    0.000000    0.000000   clock core (rise edge)
                                  0.000000    0.000000   clock network delay (ideal)
                      0.000000    0.000000    0.000000 ^ _4962_/CLK (sky130_fd_sc_hd__dfrtp_1)
   174    0.588293    7.776236    5.989702    5.989702 ^ _4962_/Q (sky130_fd_sc_hd__dfrtp_1)
                                                         core_rst_ni (net)
                      7.776236    0.000000    5.989702 ^ _4683_/RESET_B (sky130_fd_sc_hd__dfrtp_1)
                                              5.989702   data arrival time

                      0.000000   10.000000   10.000000   clock core (rise edge)
                                  0.000000   10.000000   clock network delay (ideal)
                                  0.000000   10.000000   clock reconvergence pessimism
                                             10.000000 ^ _4683_/CLK (sky130_fd_sc_hd__dfrtp_1)
                                 -2.302969    7.697031   library recovery time
                                              7.697031   data required time
---------------------------------------------------------------------------------------------
                                              7.697031   data required time
                                             -5.989702   data arrival time
---------------------------------------------------------------------------------------------
                                              1.707329   slack (MET)

Hotspot 10: instance=_4754_ selected_worst_paths=none internal=3.97535e-06 switching=5.74467e-08 dynamic=4.03279e-06 leakage=4.81794e-12 total=4.0328e-06
Worst path through hotspot: status=met slack=1.70733 type=max group=asynchronous
startpoint=_4962_ (rising edge-triggered flip-flop clocked by core)
endpoint=_4754_ (recovery check against rising-edge clock core)
path_power_complete=true
path_average_power_sum internal=7.91183e-06 switching=1.6962e-06 dynamic=9.60804e-06 leakage=8.01578e-12 total=9.60805e-06
stage instance cell pins fanout capacitance slew delay arrival internal switching dynamic leakage total
1 _4962_ sky130_fd_sc_hd__dfrtp_1 CLK,Q 174 0.588293 7.77624 5.9897 5.9897 3.93649e-06 1.63876e-06 5.57524e-06 3.19784e-12 5.57525e-06
2 _4754_ sky130_fd_sc_hd__dfrtp_1 RESET_B - - 7.77624 0 5.9897 3.97535e-06 5.74467e-08 4.03279e-06 4.81794e-12 4.0328e-06
OpenSTA targeted timing report:
Startpoint: _4962_ (rising edge-triggered flip-flop clocked by core)
Endpoint: _4754_ (recovery check against rising-edge clock core)
Path Group: asynchronous
Path Type: max

Fanout         Cap        Slew       Delay        Time   Description
---------------------------------------------------------------------------------------------
                      0.000000    0.000000    0.000000   clock core (rise edge)
                                  0.000000    0.000000   clock network delay (ideal)
                      0.000000    0.000000    0.000000 ^ _4962_/CLK (sky130_fd_sc_hd__dfrtp_1)
   174    0.588293    7.776236    5.989702    5.989702 ^ _4962_/Q (sky130_fd_sc_hd__dfrtp_1)
                                                         core_rst_ni (net)
                      7.776236    0.000000    5.989702 ^ _4754_/RESET_B (sky130_fd_sc_hd__dfrtp_1)
                                              5.989702   data arrival time

                      0.000000   10.000000   10.000000   clock core (rise edge)
                                  0.000000   10.000000   clock network delay (ideal)
                                  0.000000   10.000000   clock reconvergence pessimism
                                             10.000000 ^ _4754_/CLK (sky130_fd_sc_hd__dfrtp_1)
                                 -2.302969    7.697031   library recovery time
                                              7.697031   data required time
---------------------------------------------------------------------------------------------
                                              7.697031   data required time
                                             -5.989702   data arrival time
---------------------------------------------------------------------------------------------
                                              1.707329   slack (MET)

Hotspot 11: instance=_4679_ selected_worst_paths=19 internal=3.97535e-06 switching=5.74319e-08 dynamic=4.03278e-06 leakage=4.81794e-12 total=4.03279e-06
Worst path through hotspot: status=met slack=1.70733 type=max group=asynchronous
startpoint=_4962_ (rising edge-triggered flip-flop clocked by core)
endpoint=_4679_ (recovery check against rising-edge clock core)
path_power_complete=true
path_average_power_sum internal=7.91183e-06 switching=1.69619e-06 dynamic=9.60802e-06 leakage=8.01578e-12 total=9.60803e-06
stage instance cell pins fanout capacitance slew delay arrival internal switching dynamic leakage total
1 _4962_ sky130_fd_sc_hd__dfrtp_1 CLK,Q 174 0.588293 7.77624 5.9897 5.9897 3.93649e-06 1.63876e-06 5.57524e-06 3.19784e-12 5.57525e-06
2 _4679_ sky130_fd_sc_hd__dfrtp_1 RESET_B - - 7.77624 0 5.9897 3.97535e-06 5.74319e-08 4.03278e-06 4.81794e-12 4.03279e-06
OpenSTA targeted timing report:
Startpoint: _4962_ (rising edge-triggered flip-flop clocked by core)
Endpoint: _4679_ (recovery check against rising-edge clock core)
Path Group: asynchronous
Path Type: max

Fanout         Cap        Slew       Delay        Time   Description
---------------------------------------------------------------------------------------------
                      0.000000    0.000000    0.000000   clock core (rise edge)
                                  0.000000    0.000000   clock network delay (ideal)
                      0.000000    0.000000    0.000000 ^ _4962_/CLK (sky130_fd_sc_hd__dfrtp_1)
   174    0.588293    7.776236    5.989702    5.989702 ^ _4962_/Q (sky130_fd_sc_hd__dfrtp_1)
                                                         core_rst_ni (net)
                      7.776236    0.000000    5.989702 ^ _4679_/RESET_B (sky130_fd_sc_hd__dfrtp_1)
                                              5.989702   data arrival time

                      0.000000   10.000000   10.000000   clock core (rise edge)
                                  0.000000   10.000000   clock network delay (ideal)
                                  0.000000   10.000000   clock reconvergence pessimism
                                             10.000000 ^ _4679_/CLK (sky130_fd_sc_hd__dfrtp_1)
                                 -2.302969    7.697031   library recovery time
                                              7.697031   data required time
---------------------------------------------------------------------------------------------
                                              7.697031   data required time
                                             -5.989702   data arrival time
---------------------------------------------------------------------------------------------
                                              1.707329   slack (MET)

Hotspot 12: instance=_4889_ selected_worst_paths=none internal=3.97524e-06 switching=5.18607e-08 dynamic=4.0271e-06 leakage=4.81793e-12 total=4.0271e-06
Worst path through hotspot: status=met slack=1.70733 type=max group=asynchronous
startpoint=_4962_ (rising edge-triggered flip-flop clocked by core)
endpoint=_4889_ (recovery check against rising-edge clock core)
path_power_complete=true
path_average_power_sum internal=7.91172e-06 switching=1.69062e-06 dynamic=9.60234e-06 leakage=8.01577e-12 total=9.60235e-06
stage instance cell pins fanout capacitance slew delay arrival internal switching dynamic leakage total
1 _4962_ sky130_fd_sc_hd__dfrtp_1 CLK,Q 174 0.588293 7.77624 5.9897 5.9897 3.93649e-06 1.63876e-06 5.57524e-06 3.19784e-12 5.57525e-06
2 _4889_ sky130_fd_sc_hd__dfrtp_1 RESET_B - - 7.77624 0 5.9897 3.97524e-06 5.18607e-08 4.0271e-06 4.81793e-12 4.0271e-06
OpenSTA targeted timing report:
Startpoint: _4962_ (rising edge-triggered flip-flop clocked by core)
Endpoint: _4889_ (recovery check against rising-edge clock core)
Path Group: asynchronous
Path Type: max

Fanout         Cap        Slew       Delay        Time   Description
---------------------------------------------------------------------------------------------
                      0.000000    0.000000    0.000000   clock core (rise edge)
                                  0.000000    0.000000   clock network delay (ideal)
                      0.000000    0.000000    0.000000 ^ _4962_/CLK (sky130_fd_sc_hd__dfrtp_1)
   174    0.588293    7.776236    5.989702    5.989702 ^ _4962_/Q (sky130_fd_sc_hd__dfrtp_1)
                                                         core_rst_ni (net)
                      7.776236    0.000000    5.989702 ^ _4889_/RESET_B (sky130_fd_sc_hd__dfrtp_1)
                                              5.989702   data arrival time

                      0.000000   10.000000   10.000000   clock core (rise edge)
                                  0.000000   10.000000   clock network delay (ideal)
                                  0.000000   10.000000   clock reconvergence pessimism
                                             10.000000 ^ _4889_/CLK (sky130_fd_sc_hd__dfrtp_1)
                                 -2.302969    7.697031   library recovery time
                                              7.697031   data required time
---------------------------------------------------------------------------------------------
                                              7.697031   data required time
                                             -5.989702   data arrival time
---------------------------------------------------------------------------------------------
                                              1.707329   slack (MET)

Hotspot 13: instance=_4886_ selected_worst_paths=none internal=3.97524e-06 switching=5.18012e-08 dynamic=4.02704e-06 leakage=4.81793e-12 total=4.02704e-06
Worst path through hotspot: status=met slack=1.70733 type=max group=asynchronous
startpoint=_4962_ (rising edge-triggered flip-flop clocked by core)
endpoint=_4886_ (recovery check against rising-edge clock core)
path_power_complete=true
path_average_power_sum internal=7.91172e-06 switching=1.69056e-06 dynamic=9.60228e-06 leakage=8.01577e-12 total=9.60229e-06
stage instance cell pins fanout capacitance slew delay arrival internal switching dynamic leakage total
1 _4962_ sky130_fd_sc_hd__dfrtp_1 CLK,Q 174 0.588293 7.77624 5.9897 5.9897 3.93649e-06 1.63876e-06 5.57524e-06 3.19784e-12 5.57525e-06
2 _4886_ sky130_fd_sc_hd__dfrtp_1 RESET_B - - 7.77624 0 5.9897 3.97524e-06 5.18012e-08 4.02704e-06 4.81793e-12 4.02704e-06
OpenSTA targeted timing report:
Startpoint: _4962_ (rising edge-triggered flip-flop clocked by core)
Endpoint: _4886_ (recovery check against rising-edge clock core)
Path Group: asynchronous
Path Type: max

Fanout         Cap        Slew       Delay        Time   Description
---------------------------------------------------------------------------------------------
                      0.000000    0.000000    0.000000   clock core (rise edge)
                                  0.000000    0.000000   clock network delay (ideal)
                      0.000000    0.000000    0.000000 ^ _4962_/CLK (sky130_fd_sc_hd__dfrtp_1)
   174    0.588293    7.776236    5.989702    5.989702 ^ _4962_/Q (sky130_fd_sc_hd__dfrtp_1)
                                                         core_rst_ni (net)
                      7.776236    0.000000    5.989702 ^ _4886_/RESET_B (sky130_fd_sc_hd__dfrtp_1)
                                              5.989702   data arrival time

                      0.000000   10.000000   10.000000   clock core (rise edge)
                                  0.000000   10.000000   clock network delay (ideal)
                                  0.000000   10.000000   clock reconvergence pessimism
                                             10.000000 ^ _4886_/CLK (sky130_fd_sc_hd__dfrtp_1)
                                 -2.302969    7.697031   library recovery time
                                              7.697031   data required time
---------------------------------------------------------------------------------------------
                                              7.697031   data required time
                                             -5.989702   data arrival time
---------------------------------------------------------------------------------------------
                                              1.707329   slack (MET)

Hotspot 14: instance=_4688_ selected_worst_paths=none internal=3.97523e-06 switching=5.17567e-08 dynamic=4.02699e-06 leakage=4.81793e-12 total=4.027e-06
Worst path through hotspot: status=met slack=1.70733 type=max group=asynchronous
startpoint=_4962_ (rising edge-triggered flip-flop clocked by core)
endpoint=_4688_ (recovery check against rising-edge clock core)
path_power_complete=true
path_average_power_sum internal=7.91172e-06 switching=1.69051e-06 dynamic=9.60224e-06 leakage=8.01577e-12 total=9.60224e-06
stage instance cell pins fanout capacitance slew delay arrival internal switching dynamic leakage total
1 _4962_ sky130_fd_sc_hd__dfrtp_1 CLK,Q 174 0.588293 7.77624 5.9897 5.9897 3.93649e-06 1.63876e-06 5.57524e-06 3.19784e-12 5.57525e-06
2 _4688_ sky130_fd_sc_hd__dfrtp_1 RESET_B - - 7.77624 0 5.9897 3.97523e-06 5.17567e-08 4.02699e-06 4.81793e-12 4.027e-06
OpenSTA targeted timing report:
Startpoint: _4962_ (rising edge-triggered flip-flop clocked by core)
Endpoint: _4688_ (recovery check against rising-edge clock core)
Path Group: asynchronous
Path Type: max

Fanout         Cap        Slew       Delay        Time   Description
---------------------------------------------------------------------------------------------
                      0.000000    0.000000    0.000000   clock core (rise edge)
                                  0.000000    0.000000   clock network delay (ideal)
                      0.000000    0.000000    0.000000 ^ _4962_/CLK (sky130_fd_sc_hd__dfrtp_1)
   174    0.588293    7.776236    5.989702    5.989702 ^ _4962_/Q (sky130_fd_sc_hd__dfrtp_1)
                                                         core_rst_ni (net)
                      7.776236    0.000000    5.989702 ^ _4688_/RESET_B (sky130_fd_sc_hd__dfrtp_1)
                                              5.989702   data arrival time

                      0.000000   10.000000   10.000000   clock core (rise edge)
                                  0.000000   10.000000   clock network delay (ideal)
                                  0.000000   10.000000   clock reconvergence pessimism
                                             10.000000 ^ _4688_/CLK (sky130_fd_sc_hd__dfrtp_1)
                                 -2.302969    7.697031   library recovery time
                                              7.697031   data required time
---------------------------------------------------------------------------------------------
                                              7.697031   data required time
                                             -5.989702   data arrival time
---------------------------------------------------------------------------------------------
                                              1.707329   slack (MET)

Hotspot 15: instance=_4890_ selected_worst_paths=none internal=3.97523e-06 switching=5.16861e-08 dynamic=4.02692e-06 leakage=4.81793e-12 total=4.02692e-06
Worst path through hotspot: status=met slack=1.70733 type=max group=asynchronous
startpoint=_4962_ (rising edge-triggered flip-flop clocked by core)
endpoint=_4890_ (recovery check against rising-edge clock core)
path_power_complete=true
path_average_power_sum internal=7.91172e-06 switching=1.69044e-06 dynamic=9.60216e-06 leakage=8.01577e-12 total=9.60217e-06
stage instance cell pins fanout capacitance slew delay arrival internal switching dynamic leakage total
1 _4962_ sky130_fd_sc_hd__dfrtp_1 CLK,Q 174 0.588293 7.77624 5.9897 5.9897 3.93649e-06 1.63876e-06 5.57524e-06 3.19784e-12 5.57525e-06
2 _4890_ sky130_fd_sc_hd__dfrtp_1 RESET_B - - 7.77624 0 5.9897 3.97523e-06 5.16861e-08 4.02692e-06 4.81793e-12 4.02692e-06
OpenSTA targeted timing report:
Startpoint: _4962_ (rising edge-triggered flip-flop clocked by core)
Endpoint: _4890_ (recovery check against rising-edge clock core)
Path Group: asynchronous
Path Type: max

Fanout         Cap        Slew       Delay        Time   Description
---------------------------------------------------------------------------------------------
                      0.000000    0.000000    0.000000   clock core (rise edge)
                                  0.000000    0.000000   clock network delay (ideal)
                      0.000000    0.000000    0.000000 ^ _4962_/CLK (sky130_fd_sc_hd__dfrtp_1)
   174    0.588293    7.776236    5.989702    5.989702 ^ _4962_/Q (sky130_fd_sc_hd__dfrtp_1)
                                                         core_rst_ni (net)
                      7.776236    0.000000    5.989702 ^ _4890_/RESET_B (sky130_fd_sc_hd__dfrtp_1)
                                              5.989702   data arrival time

                      0.000000   10.000000   10.000000   clock core (rise edge)
                                  0.000000   10.000000   clock network delay (ideal)
                                  0.000000   10.000000   clock reconvergence pessimism
                                             10.000000 ^ _4890_/CLK (sky130_fd_sc_hd__dfrtp_1)
                                 -2.302969    7.697031   library recovery time
                                              7.697031   data required time
---------------------------------------------------------------------------------------------
                                              7.697031   data required time
                                             -5.989702   data arrival time
---------------------------------------------------------------------------------------------
                                              1.707329   slack (MET)

Hotspot 16: instance=_4753_ selected_worst_paths=none internal=3.9752e-06 switching=4.97696e-08 dynamic=4.02496e-06 leakage=4.81792e-12 total=4.02497e-06
Worst path through hotspot: status=met slack=1.70733 type=max group=asynchronous
startpoint=_4962_ (rising edge-triggered flip-flop clocked by core)
endpoint=_4753_ (recovery check against rising-edge clock core)
path_power_complete=true
path_average_power_sum internal=7.91168e-06 switching=1.68853e-06 dynamic=9.60021e-06 leakage=8.01576e-12 total=9.60022e-06
stage instance cell pins fanout capacitance slew delay arrival internal switching dynamic leakage total
1 _4962_ sky130_fd_sc_hd__dfrtp_1 CLK,Q 174 0.588293 7.77624 5.9897 5.9897 3.93649e-06 1.63876e-06 5.57524e-06 3.19784e-12 5.57525e-06
2 _4753_ sky130_fd_sc_hd__dfrtp_1 RESET_B - - 7.77624 0 5.9897 3.9752e-06 4.97696e-08 4.02496e-06 4.81792e-12 4.02497e-06
OpenSTA targeted timing report:
Startpoint: _4962_ (rising edge-triggered flip-flop clocked by core)
Endpoint: _4753_ (recovery check against rising-edge clock core)
Path Group: asynchronous
Path Type: max

Fanout         Cap        Slew       Delay        Time   Description
---------------------------------------------------------------------------------------------
                      0.000000    0.000000    0.000000   clock core (rise edge)
                                  0.000000    0.000000   clock network delay (ideal)
                      0.000000    0.000000    0.000000 ^ _4962_/CLK (sky130_fd_sc_hd__dfrtp_1)
   174    0.588293    7.776236    5.989702    5.989702 ^ _4962_/Q (sky130_fd_sc_hd__dfrtp_1)
                                                         core_rst_ni (net)
                      7.776236    0.000000    5.989702 ^ _4753_/RESET_B (sky130_fd_sc_hd__dfrtp_1)
                                              5.989702   data arrival time

                      0.000000   10.000000   10.000000   clock core (rise edge)
                                  0.000000   10.000000   clock network delay (ideal)
                                  0.000000   10.000000   clock reconvergence pessimism
                                             10.000000 ^ _4753_/CLK (sky130_fd_sc_hd__dfrtp_1)
                                 -2.302969    7.697031   library recovery time
                                              7.697031   data required time
---------------------------------------------------------------------------------------------
                                              7.697031   data required time
                                             -5.989702   data arrival time
---------------------------------------------------------------------------------------------
                                              1.707329   slack (MET)

Hotspot 17: instance=_4751_ selected_worst_paths=none internal=3.97514e-06 switching=4.7114e-08 dynamic=4.02226e-06 leakage=4.81791e-12 total=4.02226e-06
Worst path through hotspot: status=met slack=1.70733 type=max group=asynchronous
startpoint=_4962_ (rising edge-triggered flip-flop clocked by core)
endpoint=_4751_ (recovery check against rising-edge clock core)
path_power_complete=true
path_average_power_sum internal=7.91163e-06 switching=1.68587e-06 dynamic=9.5975e-06 leakage=8.01575e-12 total=9.59751e-06
stage instance cell pins fanout capacitance slew delay arrival internal switching dynamic leakage total
1 _4962_ sky130_fd_sc_hd__dfrtp_1 CLK,Q 174 0.588293 7.77624 5.9897 5.9897 3.93649e-06 1.63876e-06 5.57524e-06 3.19784e-12 5.57525e-06
2 _4751_ sky130_fd_sc_hd__dfrtp_1 RESET_B - - 7.77624 0 5.9897 3.97514e-06 4.7114e-08 4.02226e-06 4.81791e-12 4.02226e-06
OpenSTA targeted timing report:
Startpoint: _4962_ (rising edge-triggered flip-flop clocked by core)
Endpoint: _4751_ (recovery check against rising-edge clock core)
Path Group: asynchronous
Path Type: max

Fanout         Cap        Slew       Delay        Time   Description
---------------------------------------------------------------------------------------------
                      0.000000    0.000000    0.000000   clock core (rise edge)
                                  0.000000    0.000000   clock network delay (ideal)
                      0.000000    0.000000    0.000000 ^ _4962_/CLK (sky130_fd_sc_hd__dfrtp_1)
   174    0.588293    7.776236    5.989702    5.989702 ^ _4962_/Q (sky130_fd_sc_hd__dfrtp_1)
                                                         core_rst_ni (net)
                      7.776236    0.000000    5.989702 ^ _4751_/RESET_B (sky130_fd_sc_hd__dfrtp_1)
                                              5.989702   data arrival time

                      0.000000   10.000000   10.000000   clock core (rise edge)
                                  0.000000   10.000000   clock network delay (ideal)
                                  0.000000   10.000000   clock reconvergence pessimism
                                             10.000000 ^ _4751_/CLK (sky130_fd_sc_hd__dfrtp_1)
                                 -2.302969    7.697031   library recovery time
                                              7.697031   data required time
---------------------------------------------------------------------------------------------
                                              7.697031   data required time
                                             -5.989702   data arrival time
---------------------------------------------------------------------------------------------
                                              1.707329   slack (MET)

Hotspot 18: instance=_4676_ selected_worst_paths=16 internal=3.97514e-06 switching=4.68911e-08 dynamic=4.02203e-06 leakage=4.81791e-12 total=4.02203e-06
Worst path through hotspot: status=met slack=1.70733 type=max group=asynchronous
startpoint=_4962_ (rising edge-triggered flip-flop clocked by core)
endpoint=_4676_ (recovery check against rising-edge clock core)
path_power_complete=true
path_average_power_sum internal=7.91162e-06 switching=1.68565e-06 dynamic=9.59727e-06 leakage=8.01575e-12 total=9.59728e-06
stage instance cell pins fanout capacitance slew delay arrival internal switching dynamic leakage total
1 _4962_ sky130_fd_sc_hd__dfrtp_1 CLK,Q 174 0.588293 7.77624 5.9897 5.9897 3.93649e-06 1.63876e-06 5.57524e-06 3.19784e-12 5.57525e-06
2 _4676_ sky130_fd_sc_hd__dfrtp_1 RESET_B - - 7.77624 0 5.9897 3.97514e-06 4.68911e-08 4.02203e-06 4.81791e-12 4.02203e-06
OpenSTA targeted timing report:
Startpoint: _4962_ (rising edge-triggered flip-flop clocked by core)
Endpoint: _4676_ (recovery check against rising-edge clock core)
Path Group: asynchronous
Path Type: max

Fanout         Cap        Slew       Delay        Time   Description
---------------------------------------------------------------------------------------------
                      0.000000    0.000000    0.000000   clock core (rise edge)
                                  0.000000    0.000000   clock network delay (ideal)
                      0.000000    0.000000    0.000000 ^ _4962_/CLK (sky130_fd_sc_hd__dfrtp_1)
   174    0.588293    7.776236    5.989702    5.989702 ^ _4962_/Q (sky130_fd_sc_hd__dfrtp_1)
                                                         core_rst_ni (net)
                      7.776236    0.000000    5.989702 ^ _4676_/RESET_B (sky130_fd_sc_hd__dfrtp_1)
                                              5.989702   data arrival time

                      0.000000   10.000000   10.000000   clock core (rise edge)
                                  0.000000   10.000000   clock network delay (ideal)
                                  0.000000   10.000000   clock reconvergence pessimism
                                             10.000000 ^ _4676_/CLK (sky130_fd_sc_hd__dfrtp_1)
                                 -2.302969    7.697031   library recovery time
                                              7.697031   data required time
---------------------------------------------------------------------------------------------
                                              7.697031   data required time
                                             -5.989702   data arrival time
---------------------------------------------------------------------------------------------
                                              1.707329   slack (MET)

Hotspot 19: instance=_4752_ selected_worst_paths=none internal=3.97513e-06 switching=4.6568e-08 dynamic=4.0217e-06 leakage=4.81791e-12 total=4.0217e-06
Worst path through hotspot: status=met slack=1.70733 type=max group=asynchronous
startpoint=_4962_ (rising edge-triggered flip-flop clocked by core)
endpoint=_4752_ (recovery check against rising-edge clock core)
path_power_complete=true
path_average_power_sum internal=7.91162e-06 switching=1.68532e-06 dynamic=9.59694e-06 leakage=8.01575e-12 total=9.59695e-06
stage instance cell pins fanout capacitance slew delay arrival internal switching dynamic leakage total
1 _4962_ sky130_fd_sc_hd__dfrtp_1 CLK,Q 174 0.588293 7.77624 5.9897 5.9897 3.93649e-06 1.63876e-06 5.57524e-06 3.19784e-12 5.57525e-06
2 _4752_ sky130_fd_sc_hd__dfrtp_1 RESET_B - - 7.77624 0 5.9897 3.97513e-06 4.6568e-08 4.0217e-06 4.81791e-12 4.0217e-06
OpenSTA targeted timing report:
Startpoint: _4962_ (rising edge-triggered flip-flop clocked by core)
Endpoint: _4752_ (recovery check against rising-edge clock core)
Path Group: asynchronous
Path Type: max

Fanout         Cap        Slew       Delay        Time   Description
---------------------------------------------------------------------------------------------
                      0.000000    0.000000    0.000000   clock core (rise edge)
                                  0.000000    0.000000   clock network delay (ideal)
                      0.000000    0.000000    0.000000 ^ _4962_/CLK (sky130_fd_sc_hd__dfrtp_1)
   174    0.588293    7.776236    5.989702    5.989702 ^ _4962_/Q (sky130_fd_sc_hd__dfrtp_1)
                                                         core_rst_ni (net)
                      7.776236    0.000000    5.989702 ^ _4752_/RESET_B (sky130_fd_sc_hd__dfrtp_1)
                                              5.989702   data arrival time

                      0.000000   10.000000   10.000000   clock core (rise edge)
                                  0.000000   10.000000   clock network delay (ideal)
                                  0.000000   10.000000   clock reconvergence pessimism
                                             10.000000 ^ _4752_/CLK (sky130_fd_sc_hd__dfrtp_1)
                                 -2.302969    7.697031   library recovery time
                                              7.697031   data required time
---------------------------------------------------------------------------------------------
                                              7.697031   data required time
                                             -5.989702   data arrival time
---------------------------------------------------------------------------------------------
                                              1.707329   slack (MET)

Hotspot 20: instance=_4885_ selected_worst_paths=none internal=3.97506e-06 switching=4.30284e-08 dynamic=4.01809e-06 leakage=4.8179e-12 total=4.01809e-06
Worst path through hotspot: status=met slack=1.70733 type=max group=asynchronous
startpoint=_4962_ (rising edge-triggered flip-flop clocked by core)
endpoint=_4885_ (recovery check against rising-edge clock core)
path_power_complete=true
path_average_power_sum internal=7.91155e-06 switching=1.68179e-06 dynamic=9.59333e-06 leakage=8.01574e-12 total=9.59334e-06
stage instance cell pins fanout capacitance slew delay arrival internal switching dynamic leakage total
1 _4962_ sky130_fd_sc_hd__dfrtp_1 CLK,Q 174 0.588293 7.77624 5.9897 5.9897 3.93649e-06 1.63876e-06 5.57524e-06 3.19784e-12 5.57525e-06
2 _4885_ sky130_fd_sc_hd__dfrtp_1 RESET_B - - 7.77624 0 5.9897 3.97506e-06 4.30284e-08 4.01809e-06 4.8179e-12 4.01809e-06
OpenSTA targeted timing report:
Startpoint: _4962_ (rising edge-triggered flip-flop clocked by core)
Endpoint: _4885_ (recovery check against rising-edge clock core)
Path Group: asynchronous
Path Type: max

Fanout         Cap        Slew       Delay        Time   Description
---------------------------------------------------------------------------------------------
                      0.000000    0.000000    0.000000   clock core (rise edge)
                                  0.000000    0.000000   clock network delay (ideal)
                      0.000000    0.000000    0.000000 ^ _4962_/CLK (sky130_fd_sc_hd__dfrtp_1)
   174    0.588293    7.776236    5.989702    5.989702 ^ _4962_/Q (sky130_fd_sc_hd__dfrtp_1)
                                                         core_rst_ni (net)
                      7.776236    0.000000    5.989702 ^ _4885_/RESET_B (sky130_fd_sc_hd__dfrtp_1)
                                              5.989702   data arrival time

                      0.000000   10.000000   10.000000   clock core (rise edge)
                                  0.000000   10.000000   clock network delay (ideal)
                                  0.000000   10.000000   clock reconvergence pessimism
                                             10.000000 ^ _4885_/CLK (sky130_fd_sc_hd__dfrtp_1)
                                 -2.302969    7.697031   library recovery time
                                              7.697031   data required time
---------------------------------------------------------------------------------------------
                                              7.697031   data required time
                                             -5.989702   data arrival time
---------------------------------------------------------------------------------------------
                                              1.707329   slack (MET)
