analysis=fusion_analysis corner=ss mode=setup stage=post_syn
workload=auto_toggle_sv_ss
methodology=staged_public_opensta
path_power_semantics=average_instance_power_in_same_analysis_context
activity_file=/tmp/flexsoc-reference-cordic/runs/cordic/reference/signoff/sky130/power/activity/captures/cordic_sky130_auto_toggle_sv_ss.vcd
activity_scope=cordic_tb/u_cordic
liberty=/home/eneadim/github/flexsoc/.flexsoc/pdks/ciel/sky130/versions/f6eeac7dad085ffcc829ccfd721f7b4ce39edcf7/sky130A/libs.ref/sky130_fd_sc_hd/lib/sky130_fd_sc_hd__ss_n40C_1v76.lib
netlist=/tmp/flexsoc-reference-cordic/runs/cordic/reference/syn/sky130/cordic_synth.v
sdc=/tmp/flexsoc-reference-cordic/runs/cordic/reference/signoff/sky130/cordic.sdc
spef=

=== Units ===
 time 1ns
 capacitance 1pF
 resistance 1kohm
 voltage 1v
 current 1mA
 power 1nW
 distance 1um

=== Constraint validation ===

=== Timing summary ===
wns max wns max 0.00
tns max tns max 0.00

=== Power summary ===
Group                  Internal  Switching    Leakage      Total
                          Power      Power      Power      Power (Watts)
----------------------------------------------------------------
Sequential             1.21e-03   3.54e-06   1.46e-09   1.21e-03  95.0%
Combinational          2.52e-05   3.84e-05   2.98e-09   6.36e-05   5.0%
Clock                  0.00e+00   0.00e+00   0.00e+00   0.00e+00   0.0%
Macro                  0.00e+00   0.00e+00   0.00e+00   0.00e+00   0.0%
Pad                    0.00e+00   0.00e+00   0.00e+00   0.00e+00   0.0%
----------------------------------------------------------------
Total                  1.23e-03   4.19e-05   4.44e-09   1.27e-03 100.0%
                          96.7%       3.3%       0.0%

=== Worst timing paths (violated or met) ===
Startpoint: _4720_ (rising edge-triggered flip-flop clocked by core)
Endpoint: _4781_ (rising edge-triggered flip-flop clocked by core)
Path Group: core
Path Type: max

Fanout         Cap        Slew       Delay        Time   Description
---------------------------------------------------------------------------------------------
                      0.000000    0.000000    0.000000   clock core (rise edge)
                                  0.000000    0.000000   clock network delay (ideal)
                      0.000000    0.000000    0.000000 ^ _4720_/CLK (sky130_fd_sc_hd__dfrtp_1)
    68    0.144507    1.914534    1.806232    1.806232 ^ _4720_/Q (sky130_fd_sc_hd__dfrtp_1)
                                                         u_cordic_core.iter_q[0] (net)
                      1.914534    0.000000    1.806232 ^ _3129_/B (sky130_fd_sc_hd__nand2_1)
     1    0.001862    0.196314    0.394480    2.200712 v _3129_/Y (sky130_fd_sc_hd__nand2_1)
                                                         _2161_ (net)
                      0.196314    0.000000    2.200712 v _3130_/B1 (sky130_fd_sc_hd__o21ai_1)
     2    0.004783    0.245241    0.214552    2.415264 ^ _3130_/Y (sky130_fd_sc_hd__o21ai_1)
                                                         _2162_ (net)
                      0.245241    0.000000    2.415264 ^ _3134_/A2 (sky130_fd_sc_hd__o21ai_1)
     2    0.004312    0.168021    0.147713    2.562978 v _3134_/Y (sky130_fd_sc_hd__o21ai_1)
                                                         _2166_ (net)
                      0.168021    0.000000    2.562978 v _3137_/A1 (sky130_fd_sc_hd__a21oi_1)
     3    0.007023    0.292875    0.348371    2.911348 ^ _3137_/Y (sky130_fd_sc_hd__a21oi_1)
                                                         _2169_ (net)
                      0.292875    0.000000    2.911348 ^ _3272_/B (sky130_fd_sc_hd__nor2_1)
     1    0.002218    0.080746    0.116005    3.027353 v _3272_/Y (sky130_fd_sc_hd__nor2_1)
                                                         _0349_ (net)
                      0.080746    0.000000    3.027353 v _3273_/A2 (sky130_fd_sc_hd__o21ai_1)
     2    0.006544    0.266971    0.283062    3.310415 ^ _3273_/Y (sky130_fd_sc_hd__o21ai_1)
                                                         _0350_ (net)
                      0.266971    0.000000    3.310415 ^ _3295_/A (sky130_fd_sc_hd__nand3_2)
     3    0.005813    0.097446    0.159122    3.469537 v _3295_/Y (sky130_fd_sc_hd__nand3_2)
                                                         _0372_ (net)
                      0.097446    0.000000    3.469537 v _3320_/A2 (sky130_fd_sc_hd__a211oi_1)
     1    0.002380    0.271020    0.373987    3.843524 ^ _3320_/Y (sky130_fd_sc_hd__a211oi_1)
                                                         _0397_ (net)
                      0.271020    0.000000    3.843524 ^ _3321_/B1 (sky130_fd_sc_hd__a21oi_1)
     2    0.004233    0.075601    0.130254    3.973778 v _3321_/Y (sky130_fd_sc_hd__a21oi_1)
                                                         _0398_ (net)
                      0.075601    0.000000    3.973778 v _3332_/B (sky130_fd_sc_hd__maj3_2)
     2    0.004282    0.077080    0.519584    4.493361 v _3332_/X (sky130_fd_sc_hd__maj3_2)
                                                         _0409_ (net)
                      0.077080    0.000000    4.493361 v _3343_/A (sky130_fd_sc_hd__nand2_1)
     1    0.002282    0.060893    0.089901    4.583262 ^ _3343_/Y (sky130_fd_sc_hd__nand2_1)
                                                         _0420_ (net)
                      0.060893    0.000000    4.583262 ^ _3346_/A (sky130_fd_sc_hd__nand2_1)
     2    0.005583    0.064351    0.082085    4.665348 v _3346_/Y (sky130_fd_sc_hd__nand2_1)
                                                         _0423_ (net)
                      0.064351    0.000000    4.665348 v _3347_/A (sky130_fd_sc_hd__inv_2)
     2    0.006544    0.058327    0.086188    4.751535 ^ _3347_/Y (sky130_fd_sc_hd__inv_2)
                                                         _0424_ (net)
                      0.058327    0.000000    4.751535 ^ _3366_/A (sky130_fd_sc_hd__nand3_2)
     2    0.004300    0.100656    0.076189    4.827724 v _3366_/Y (sky130_fd_sc_hd__nand3_2)
                                                         _0443_ (net)
                      0.100656    0.000000    4.827724 v _3387_/A (sky130_fd_sc_hd__nand4_1)
     1    0.004262    0.133139    0.142179    4.969903 ^ _3387_/Y (sky130_fd_sc_hd__nand4_1)
                                                         _0464_ (net)
                      0.133139    0.000000    4.969903 ^ _3389_/A (sky130_fd_sc_hd__nand3_2)
     4    0.009634    0.101503    0.135592    5.105494 v _3389_/Y (sky130_fd_sc_hd__nand3_2)
                                                         _0466_ (net)
                      0.101503    0.000000    5.105494 v _3390_/C (sky130_fd_sc_hd__nor3_2)
     1    0.004481    0.214783    0.213024    5.318518 ^ _3390_/Y (sky130_fd_sc_hd__nor3_2)
                                                         _0467_ (net)
                      0.214783    0.000000    5.318518 ^ _3391_/D (sky130_fd_sc_hd__nor4_2)
     3    0.012046    0.086268    0.126942    5.445460 v _3391_/Y (sky130_fd_sc_hd__nor4_2)
                                                         _0468_ (net)
                      0.086268    0.000000    5.445460 v _3395_/A3 (sky130_fd_sc_hd__o31ai_4)
     2    0.004497    0.240514    0.289880    5.735340 ^ _3395_/Y (sky130_fd_sc_hd__o31ai_4)
                                                         _0472_ (net)
                      0.240514    0.000000    5.735340 ^ _3412_/A1 (sky130_fd_sc_hd__a31oi_1)
     2    0.004312    0.100855    0.176711    5.912051 v _3412_/Y (sky130_fd_sc_hd__a31oi_1)
                                                         _0489_ (net)
                      0.100855    0.000000    5.912051 v _3417_/A1 (sky130_fd_sc_hd__a21oi_1)
     2    0.004881    0.226630    0.262937    6.174988 ^ _3417_/Y (sky130_fd_sc_hd__a21oi_1)
                                                         _0494_ (net)
                      0.226630    0.000000    6.174988 ^ _3486_/A2 (sky130_fd_sc_hd__o21ai_1)
     1    0.004235    0.091933    0.140872    6.315860 v _3486_/Y (sky130_fd_sc_hd__o21ai_1)
                                                         _0563_ (net)
                      0.091933    0.000000    6.315860 v _3487_/B (sky130_fd_sc_hd__xnor2_1)
     3    0.008297    0.104309    0.216664    6.532524 v _3487_/Y (sky130_fd_sc_hd__xnor2_1)
                                                         _0564_ (net)
                      0.104309    0.000000    6.532524 v _3496_/B (sky130_fd_sc_hd__nor3_2)
     1    0.017088    0.520677    0.520092    7.052616 ^ _3496_/Y (sky130_fd_sc_hd__nor3_2)
                                                         _0573_ (net)
                      0.520677    0.000000    7.052616 ^ _3497_/A (sky130_fd_sc_hd__nor2_8)
    15    0.059580    0.129747    0.230110    7.282725 v _3497_/Y (sky130_fd_sc_hd__nor2_8)
                                                         _0574_ (net)
                      0.129747    0.000000    7.282725 v _3592_/B1 (sky130_fd_sc_hd__a21oi_2)
     1    0.004377    0.150502    0.209519    7.492244 ^ _3592_/Y (sky130_fd_sc_hd__a21oi_2)
                                                         _0657_ (net)
                      0.150502    0.000000    7.492244 ^ _3593_/B2 (sky130_fd_sc_hd__o22ai_2)
     1    0.001762    0.203943    0.096657    7.588901 v _3593_/Y (sky130_fd_sc_hd__o22ai_2)
                                                         _0027_ (net)
                      0.203943    0.000000    7.588901 v _4781_/D (sky130_fd_sc_hd__dfrtp_1)
                                              7.588901   data arrival time

                      0.000000   10.000000   10.000000   clock core (rise edge)
                                  0.000000   10.000000   clock network delay (ideal)
                                  0.000000   10.000000   clock reconvergence pessimism
                                             10.000000 ^ _4781_/CLK (sky130_fd_sc_hd__dfrtp_1)
                                 -0.331361    9.668639   library setup time
                                              9.668639   data required time
---------------------------------------------------------------------------------------------
                                              9.668639   data required time
                                             -7.588901   data arrival time
---------------------------------------------------------------------------------------------
                                              2.079738   slack (MET)


Startpoint: _4720_ (rising edge-triggered flip-flop clocked by core)
Endpoint: _4792_ (rising edge-triggered flip-flop clocked by core)
Path Group: core
Path Type: max

Fanout         Cap        Slew       Delay        Time   Description
---------------------------------------------------------------------------------------------
                      0.000000    0.000000    0.000000   clock core (rise edge)
                                  0.000000    0.000000   clock network delay (ideal)
                      0.000000    0.000000    0.000000 ^ _4720_/CLK (sky130_fd_sc_hd__dfrtp_1)
    68    0.144507    1.914534    1.806232    1.806232 ^ _4720_/Q (sky130_fd_sc_hd__dfrtp_1)
                                                         u_cordic_core.iter_q[0] (net)
                      1.914534    0.000000    1.806232 ^ _3129_/B (sky130_fd_sc_hd__nand2_1)
     1    0.001862    0.196314    0.394480    2.200712 v _3129_/Y (sky130_fd_sc_hd__nand2_1)
                                                         _2161_ (net)
                      0.196314    0.000000    2.200712 v _3130_/B1 (sky130_fd_sc_hd__o21ai_1)
     2    0.004783    0.245241    0.214552    2.415264 ^ _3130_/Y (sky130_fd_sc_hd__o21ai_1)
                                                         _2162_ (net)
                      0.245241    0.000000    2.415264 ^ _3134_/A2 (sky130_fd_sc_hd__o21ai_1)
     2    0.004312    0.168021    0.147713    2.562978 v _3134_/Y (sky130_fd_sc_hd__o21ai_1)
                                                         _2166_ (net)
                      0.168021    0.000000    2.562978 v _3137_/A1 (sky130_fd_sc_hd__a21oi_1)
     3    0.007023    0.292875    0.348371    2.911348 ^ _3137_/Y (sky130_fd_sc_hd__a21oi_1)
                                                         _2169_ (net)
                      0.292875    0.000000    2.911348 ^ _3272_/B (sky130_fd_sc_hd__nor2_1)
     1    0.002218    0.080746    0.116005    3.027353 v _3272_/Y (sky130_fd_sc_hd__nor2_1)
                                                         _0349_ (net)
                      0.080746    0.000000    3.027353 v _3273_/A2 (sky130_fd_sc_hd__o21ai_1)
     2    0.006544    0.266971    0.283062    3.310415 ^ _3273_/Y (sky130_fd_sc_hd__o21ai_1)
                                                         _0350_ (net)
                      0.266971    0.000000    3.310415 ^ _3295_/A (sky130_fd_sc_hd__nand3_2)
     3    0.005813    0.097446    0.159122    3.469537 v _3295_/Y (sky130_fd_sc_hd__nand3_2)
                                                         _0372_ (net)
                      0.097446    0.000000    3.469537 v _3320_/A2 (sky130_fd_sc_hd__a211oi_1)
     1    0.002380    0.271020    0.373987    3.843524 ^ _3320_/Y (sky130_fd_sc_hd__a211oi_1)
                                                         _0397_ (net)
                      0.271020    0.000000    3.843524 ^ _3321_/B1 (sky130_fd_sc_hd__a21oi_1)
     2    0.004233    0.075601    0.130254    3.973778 v _3321_/Y (sky130_fd_sc_hd__a21oi_1)
                                                         _0398_ (net)
                      0.075601    0.000000    3.973778 v _3332_/B (sky130_fd_sc_hd__maj3_2)
     2    0.004282    0.077080    0.519584    4.493361 v _3332_/X (sky130_fd_sc_hd__maj3_2)
                                                         _0409_ (net)
                      0.077080    0.000000    4.493361 v _3343_/A (sky130_fd_sc_hd__nand2_1)
     1    0.002282    0.060893    0.089901    4.583262 ^ _3343_/Y (sky130_fd_sc_hd__nand2_1)
                                                         _0420_ (net)
                      0.060893    0.000000    4.583262 ^ _3346_/A (sky130_fd_sc_hd__nand2_1)
     2    0.005583    0.064351    0.082085    4.665348 v _3346_/Y (sky130_fd_sc_hd__nand2_1)
                                                         _0423_ (net)
                      0.064351    0.000000    4.665348 v _3347_/A (sky130_fd_sc_hd__inv_2)
     2    0.006544    0.058327    0.086188    4.751535 ^ _3347_/Y (sky130_fd_sc_hd__inv_2)
                                                         _0424_ (net)
                      0.058327    0.000000    4.751535 ^ _3366_/A (sky130_fd_sc_hd__nand3_2)
     2    0.004300    0.100656    0.076189    4.827724 v _3366_/Y (sky130_fd_sc_hd__nand3_2)
                                                         _0443_ (net)
                      0.100656    0.000000    4.827724 v _3387_/A (sky130_fd_sc_hd__nand4_1)
     1    0.004262    0.133139    0.142179    4.969903 ^ _3387_/Y (sky130_fd_sc_hd__nand4_1)
                                                         _0464_ (net)
                      0.133139    0.000000    4.969903 ^ _3389_/A (sky130_fd_sc_hd__nand3_2)
     4    0.009634    0.101503    0.135592    5.105494 v _3389_/Y (sky130_fd_sc_hd__nand3_2)
                                                         _0466_ (net)
                      0.101503    0.000000    5.105494 v _3390_/C (sky130_fd_sc_hd__nor3_2)
     1    0.004481    0.214783    0.213024    5.318518 ^ _3390_/Y (sky130_fd_sc_hd__nor3_2)
                                                         _0467_ (net)
                      0.214783    0.000000    5.318518 ^ _3391_/D (sky130_fd_sc_hd__nor4_2)
     3    0.012046    0.086268    0.126942    5.445460 v _3391_/Y (sky130_fd_sc_hd__nor4_2)
                                                         _0468_ (net)
                      0.086268    0.000000    5.445460 v _3395_/A3 (sky130_fd_sc_hd__o31ai_4)
     2    0.004497    0.240514    0.289880    5.735340 ^ _3395_/Y (sky130_fd_sc_hd__o31ai_4)
                                                         _0472_ (net)
                      0.240514    0.000000    5.735340 ^ _3412_/A1 (sky130_fd_sc_hd__a31oi_1)
     2    0.004312    0.100855    0.176711    5.912051 v _3412_/Y (sky130_fd_sc_hd__a31oi_1)
                                                         _0489_ (net)
                      0.100855    0.000000    5.912051 v _3417_/A1 (sky130_fd_sc_hd__a21oi_1)
     2    0.004881    0.226630    0.262937    6.174988 ^ _3417_/Y (sky130_fd_sc_hd__a21oi_1)
                                                         _0494_ (net)
                      0.226630    0.000000    6.174988 ^ _3486_/A2 (sky130_fd_sc_hd__o21ai_1)
     1    0.004235    0.091933    0.140872    6.315860 v _3486_/Y (sky130_fd_sc_hd__o21ai_1)
                                                         _0563_ (net)
                      0.091933    0.000000    6.315860 v _3487_/B (sky130_fd_sc_hd__xnor2_1)
     3    0.008297    0.104309    0.216664    6.532524 v _3487_/Y (sky130_fd_sc_hd__xnor2_1)
                                                         _0564_ (net)
                      0.104309    0.000000    6.532524 v _3496_/B (sky130_fd_sc_hd__nor3_2)
     1    0.017088    0.520677    0.520092    7.052616 ^ _3496_/Y (sky130_fd_sc_hd__nor3_2)
                                                         _0573_ (net)
                      0.520677    0.000000    7.052616 ^ _3497_/A (sky130_fd_sc_hd__nor2_8)
    15    0.059580    0.129747    0.230110    7.282725 v _3497_/Y (sky130_fd_sc_hd__nor2_8)
                                                         _0574_ (net)
                      0.129747    0.000000    7.282725 v _3506_/B1 (sky130_fd_sc_hd__a21oi_2)
     1    0.004377    0.150503    0.209519    7.492244 ^ _3506_/Y (sky130_fd_sc_hd__a21oi_2)
                                                         _0582_ (net)
                      0.150503    0.000000    7.492244 ^ _3507_/B2 (sky130_fd_sc_hd__o22ai_2)
     1    0.001762    0.203943    0.096658    7.588902 v _3507_/Y (sky130_fd_sc_hd__o22ai_2)
                                                         _0016_ (net)
                      0.203943    0.000000    7.588902 v _4792_/D (sky130_fd_sc_hd__dfrtp_1)
                                              7.588902   data arrival time

                      0.000000   10.000000   10.000000   clock core (rise edge)
                                  0.000000   10.000000   clock network delay (ideal)
                                  0.000000   10.000000   clock reconvergence pessimism
                                             10.000000 ^ _4792_/CLK (sky130_fd_sc_hd__dfrtp_1)
                                 -0.331361    9.668639   library setup time
                                              9.668639   data required time
---------------------------------------------------------------------------------------------
                                              9.668639   data required time
                                             -7.588902   data arrival time
---------------------------------------------------------------------------------------------
                                              2.079737   slack (MET)


Startpoint: _4720_ (rising edge-triggered flip-flop clocked by core)
Endpoint: _4780_ (rising edge-triggered flip-flop clocked by core)
Path Group: core
Path Type: max

Fanout         Cap        Slew       Delay        Time   Description
---------------------------------------------------------------------------------------------
                      0.000000    0.000000    0.000000   clock core (rise edge)
                                  0.000000    0.000000   clock network delay (ideal)
                      0.000000    0.000000    0.000000 ^ _4720_/CLK (sky130_fd_sc_hd__dfrtp_1)
    68    0.144507    1.914534    1.806232    1.806232 ^ _4720_/Q (sky130_fd_sc_hd__dfrtp_1)
                                                         u_cordic_core.iter_q[0] (net)
                      1.914534    0.000000    1.806232 ^ _3129_/B (sky130_fd_sc_hd__nand2_1)
     1    0.001862    0.196314    0.394480    2.200712 v _3129_/Y (sky130_fd_sc_hd__nand2_1)
                                                         _2161_ (net)
                      0.196314    0.000000    2.200712 v _3130_/B1 (sky130_fd_sc_hd__o21ai_1)
     2    0.004783    0.245241    0.214552    2.415264 ^ _3130_/Y (sky130_fd_sc_hd__o21ai_1)
                                                         _2162_ (net)
                      0.245241    0.000000    2.415264 ^ _3134_/A2 (sky130_fd_sc_hd__o21ai_1)
     2    0.004312    0.168021    0.147713    2.562978 v _3134_/Y (sky130_fd_sc_hd__o21ai_1)
                                                         _2166_ (net)
                      0.168021    0.000000    2.562978 v _3137_/A1 (sky130_fd_sc_hd__a21oi_1)
     3    0.007023    0.292875    0.348371    2.911348 ^ _3137_/Y (sky130_fd_sc_hd__a21oi_1)
                                                         _2169_ (net)
                      0.292875    0.000000    2.911348 ^ _3272_/B (sky130_fd_sc_hd__nor2_1)
     1    0.002218    0.080746    0.116005    3.027353 v _3272_/Y (sky130_fd_sc_hd__nor2_1)
                                                         _0349_ (net)
                      0.080746    0.000000    3.027353 v _3273_/A2 (sky130_fd_sc_hd__o21ai_1)
     2    0.006544    0.266971    0.283062    3.310415 ^ _3273_/Y (sky130_fd_sc_hd__o21ai_1)
                                                         _0350_ (net)
                      0.266971    0.000000    3.310415 ^ _3295_/A (sky130_fd_sc_hd__nand3_2)
     3    0.005813    0.097446    0.159122    3.469537 v _3295_/Y (sky130_fd_sc_hd__nand3_2)
                                                         _0372_ (net)
                      0.097446    0.000000    3.469537 v _3320_/A2 (sky130_fd_sc_hd__a211oi_1)
     1    0.002380    0.271020    0.373987    3.843524 ^ _3320_/Y (sky130_fd_sc_hd__a211oi_1)
                                                         _0397_ (net)
                      0.271020    0.000000    3.843524 ^ _3321_/B1 (sky130_fd_sc_hd__a21oi_1)
     2    0.004233    0.075601    0.130254    3.973778 v _3321_/Y (sky130_fd_sc_hd__a21oi_1)
                                                         _0398_ (net)
                      0.075601    0.000000    3.973778 v _3332_/B (sky130_fd_sc_hd__maj3_2)
     2    0.004282    0.077080    0.519584    4.493361 v _3332_/X (sky130_fd_sc_hd__maj3_2)
                                                         _0409_ (net)
                      0.077080    0.000000    4.493361 v _3343_/A (sky130_fd_sc_hd__nand2_1)
     1    0.002282    0.060893    0.089901    4.583262 ^ _3343_/Y (sky130_fd_sc_hd__nand2_1)
                                                         _0420_ (net)
                      0.060893    0.000000    4.583262 ^ _3346_/A (sky130_fd_sc_hd__nand2_1)
     2    0.005583    0.064351    0.082085    4.665348 v _3346_/Y (sky130_fd_sc_hd__nand2_1)
                                                         _0423_ (net)
                      0.064351    0.000000    4.665348 v _3347_/A (sky130_fd_sc_hd__inv_2)
     2    0.006544    0.058327    0.086188    4.751535 ^ _3347_/Y (sky130_fd_sc_hd__inv_2)
                                                         _0424_ (net)
                      0.058327    0.000000    4.751535 ^ _3366_/A (sky130_fd_sc_hd__nand3_2)
     2    0.004300    0.100656    0.076189    4.827724 v _3366_/Y (sky130_fd_sc_hd__nand3_2)
                                                         _0443_ (net)
                      0.100656    0.000000    4.827724 v _3387_/A (sky130_fd_sc_hd__nand4_1)
     1    0.004262    0.133139    0.142179    4.969903 ^ _3387_/Y (sky130_fd_sc_hd__nand4_1)
                                                         _0464_ (net)
                      0.133139    0.000000    4.969903 ^ _3389_/A (sky130_fd_sc_hd__nand3_2)
     4    0.009634    0.101503    0.135592    5.105494 v _3389_/Y (sky130_fd_sc_hd__nand3_2)
                                                         _0466_ (net)
                      0.101503    0.000000    5.105494 v _3390_/C (sky130_fd_sc_hd__nor3_2)
     1    0.004481    0.214783    0.213024    5.318518 ^ _3390_/Y (sky130_fd_sc_hd__nor3_2)
                                                         _0467_ (net)
                      0.214783    0.000000    5.318518 ^ _3391_/D (sky130_fd_sc_hd__nor4_2)
     3    0.012046    0.086268    0.126942    5.445460 v _3391_/Y (sky130_fd_sc_hd__nor4_2)
                                                         _0468_ (net)
                      0.086268    0.000000    5.445460 v _3395_/A3 (sky130_fd_sc_hd__o31ai_4)
     2    0.004497    0.240514    0.289880    5.735340 ^ _3395_/Y (sky130_fd_sc_hd__o31ai_4)
                                                         _0472_ (net)
                      0.240514    0.000000    5.735340 ^ _3412_/A1 (sky130_fd_sc_hd__a31oi_1)
     2    0.004312    0.100855    0.176711    5.912051 v _3412_/Y (sky130_fd_sc_hd__a31oi_1)
                                                         _0489_ (net)
                      0.100855    0.000000    5.912051 v _3417_/A1 (sky130_fd_sc_hd__a21oi_1)
     2    0.004881    0.226630    0.262937    6.174988 ^ _3417_/Y (sky130_fd_sc_hd__a21oi_1)
                                                         _0494_ (net)
                      0.226630    0.000000    6.174988 ^ _3486_/A2 (sky130_fd_sc_hd__o21ai_1)
     1    0.004235    0.091933    0.140872    6.315860 v _3486_/Y (sky130_fd_sc_hd__o21ai_1)
                                                         _0563_ (net)
                      0.091933    0.000000    6.315860 v _3487_/B (sky130_fd_sc_hd__xnor2_1)
     3    0.008297    0.104309    0.216664    6.532524 v _3487_/Y (sky130_fd_sc_hd__xnor2_1)
                                                         _0564_ (net)
                      0.104309    0.000000    6.532524 v _3496_/B (sky130_fd_sc_hd__nor3_2)
     1    0.017088    0.520677    0.520092    7.052616 ^ _3496_/Y (sky130_fd_sc_hd__nor3_2)
                                                         _0573_ (net)
                      0.520677    0.000000    7.052616 ^ _3497_/A (sky130_fd_sc_hd__nor2_8)
    15    0.059580    0.129747    0.230110    7.282725 v _3497_/Y (sky130_fd_sc_hd__nor2_8)
                                                         _0574_ (net)
                      0.129747    0.000000    7.282725 v _3601_/B1 (sky130_fd_sc_hd__a21oi_2)
     1    0.004377    0.150487    0.209519    7.492244 ^ _3601_/Y (sky130_fd_sc_hd__a21oi_2)
                                                         _0665_ (net)
                      0.150487    0.000000    7.492244 ^ _3602_/B2 (sky130_fd_sc_hd__o22ai_2)
     1    0.001762    0.203943    0.096652    7.588897 v _3602_/Y (sky130_fd_sc_hd__o22ai_2)
                                                         _0028_ (net)
                      0.203943    0.000000    7.588897 v _4780_/D (sky130_fd_sc_hd__dfrtp_1)
                                              7.588897   data arrival time

                      0.000000   10.000000   10.000000   clock core (rise edge)
                                  0.000000   10.000000   clock network delay (ideal)
                                  0.000000   10.000000   clock reconvergence pessimism
                                             10.000000 ^ _4780_/CLK (sky130_fd_sc_hd__dfrtp_1)
                                 -0.331361    9.668639   library setup time
                                              9.668639   data required time
---------------------------------------------------------------------------------------------
                                              9.668639   data required time
                                             -7.588897   data arrival time
---------------------------------------------------------------------------------------------
                                              2.079743   slack (MET)


Startpoint: _4720_ (rising edge-triggered flip-flop clocked by core)
Endpoint: _4786_ (rising edge-triggered flip-flop clocked by core)
Path Group: core
Path Type: max

Fanout         Cap        Slew       Delay        Time   Description
---------------------------------------------------------------------------------------------
                      0.000000    0.000000    0.000000   clock core (rise edge)
                                  0.000000    0.000000   clock network delay (ideal)
                      0.000000    0.000000    0.000000 ^ _4720_/CLK (sky130_fd_sc_hd__dfrtp_1)
    68    0.144507    1.914534    1.806232    1.806232 ^ _4720_/Q (sky130_fd_sc_hd__dfrtp_1)
                                                         u_cordic_core.iter_q[0] (net)
                      1.914534    0.000000    1.806232 ^ _3129_/B (sky130_fd_sc_hd__nand2_1)
     1    0.001862    0.196314    0.394480    2.200712 v _3129_/Y (sky130_fd_sc_hd__nand2_1)
                                                         _2161_ (net)
                      0.196314    0.000000    2.200712 v _3130_/B1 (sky130_fd_sc_hd__o21ai_1)
     2    0.004783    0.245241    0.214552    2.415264 ^ _3130_/Y (sky130_fd_sc_hd__o21ai_1)
                                                         _2162_ (net)
                      0.245241    0.000000    2.415264 ^ _3134_/A2 (sky130_fd_sc_hd__o21ai_1)
     2    0.004312    0.168021    0.147713    2.562978 v _3134_/Y (sky130_fd_sc_hd__o21ai_1)
                                                         _2166_ (net)
                      0.168021    0.000000    2.562978 v _3137_/A1 (sky130_fd_sc_hd__a21oi_1)
     3    0.007023    0.292875    0.348371    2.911348 ^ _3137_/Y (sky130_fd_sc_hd__a21oi_1)
                                                         _2169_ (net)
                      0.292875    0.000000    2.911348 ^ _3272_/B (sky130_fd_sc_hd__nor2_1)
     1    0.002218    0.080746    0.116005    3.027353 v _3272_/Y (sky130_fd_sc_hd__nor2_1)
                                                         _0349_ (net)
                      0.080746    0.000000    3.027353 v _3273_/A2 (sky130_fd_sc_hd__o21ai_1)
     2    0.006544    0.266971    0.283062    3.310415 ^ _3273_/Y (sky130_fd_sc_hd__o21ai_1)
                                                         _0350_ (net)
                      0.266971    0.000000    3.310415 ^ _3295_/A (sky130_fd_sc_hd__nand3_2)
     3    0.005813    0.097446    0.159122    3.469537 v _3295_/Y (sky130_fd_sc_hd__nand3_2)
                                                         _0372_ (net)
                      0.097446    0.000000    3.469537 v _3320_/A2 (sky130_fd_sc_hd__a211oi_1)
     1    0.002380    0.271020    0.373987    3.843524 ^ _3320_/Y (sky130_fd_sc_hd__a211oi_1)
                                                         _0397_ (net)
                      0.271020    0.000000    3.843524 ^ _3321_/B1 (sky130_fd_sc_hd__a21oi_1)
     2    0.004233    0.075601    0.130254    3.973778 v _3321_/Y (sky130_fd_sc_hd__a21oi_1)
                                                         _0398_ (net)
                      0.075601    0.000000    3.973778 v _3332_/B (sky130_fd_sc_hd__maj3_2)
     2    0.004282    0.077080    0.519584    4.493361 v _3332_/X (sky130_fd_sc_hd__maj3_2)
                                                         _0409_ (net)
                      0.077080    0.000000    4.493361 v _3343_/A (sky130_fd_sc_hd__nand2_1)
     1    0.002282    0.060893    0.089901    4.583262 ^ _3343_/Y (sky130_fd_sc_hd__nand2_1)
                                                         _0420_ (net)
                      0.060893    0.000000    4.583262 ^ _3346_/A (sky130_fd_sc_hd__nand2_1)
     2    0.005583    0.064351    0.082085    4.665348 v _3346_/Y (sky130_fd_sc_hd__nand2_1)
                                                         _0423_ (net)
                      0.064351    0.000000    4.665348 v _3347_/A (sky130_fd_sc_hd__inv_2)
     2    0.006544    0.058327    0.086188    4.751535 ^ _3347_/Y (sky130_fd_sc_hd__inv_2)
                                                         _0424_ (net)
                      0.058327    0.000000    4.751535 ^ _3366_/A (sky130_fd_sc_hd__nand3_2)
     2    0.004300    0.100656    0.076189    4.827724 v _3366_/Y (sky130_fd_sc_hd__nand3_2)
                                                         _0443_ (net)
                      0.100656    0.000000    4.827724 v _3387_/A (sky130_fd_sc_hd__nand4_1)
     1    0.004262    0.133139    0.142179    4.969903 ^ _3387_/Y (sky130_fd_sc_hd__nand4_1)
                                                         _0464_ (net)
                      0.133139    0.000000    4.969903 ^ _3389_/A (sky130_fd_sc_hd__nand3_2)
     4    0.009634    0.101503    0.135592    5.105494 v _3389_/Y (sky130_fd_sc_hd__nand3_2)
                                                         _0466_ (net)
                      0.101503    0.000000    5.105494 v _3390_/C (sky130_fd_sc_hd__nor3_2)
     1    0.004481    0.214783    0.213024    5.318518 ^ _3390_/Y (sky130_fd_sc_hd__nor3_2)
                                                         _0467_ (net)
                      0.214783    0.000000    5.318518 ^ _3391_/D (sky130_fd_sc_hd__nor4_2)
     3    0.012046    0.086268    0.126942    5.445460 v _3391_/Y (sky130_fd_sc_hd__nor4_2)
                                                         _0468_ (net)
                      0.086268    0.000000    5.445460 v _3395_/A3 (sky130_fd_sc_hd__o31ai_4)
     2    0.004497    0.240514    0.289880    5.735340 ^ _3395_/Y (sky130_fd_sc_hd__o31ai_4)
                                                         _0472_ (net)
                      0.240514    0.000000    5.735340 ^ _3412_/A1 (sky130_fd_sc_hd__a31oi_1)
     2    0.004312    0.100855    0.176711    5.912051 v _3412_/Y (sky130_fd_sc_hd__a31oi_1)
                                                         _0489_ (net)
                      0.100855    0.000000    5.912051 v _3417_/A1 (sky130_fd_sc_hd__a21oi_1)
     2    0.004881    0.226630    0.262937    6.174988 ^ _3417_/Y (sky130_fd_sc_hd__a21oi_1)
                                                         _0494_ (net)
                      0.226630    0.000000    6.174988 ^ _3420_/A2 (sky130_fd_sc_hd__o21bai_1)
     1    0.002171    0.056435    0.126377    6.301365 v _3420_/Y (sky130_fd_sc_hd__o21bai_1)
                                                         _0497_ (net)
                      0.056435    0.000000    6.301365 v _3475_/A1 (sky130_fd_sc_hd__a21oi_1)
     1    0.004421    0.212474    0.228661    6.530026 ^ _3475_/Y (sky130_fd_sc_hd__a21oi_1)
                                                         _0552_ (net)
                      0.212474    0.000000    6.530026 ^ _3476_/B (sky130_fd_sc_hd__xor2_1)
     2    0.006841    0.294923    0.360842    6.890869 ^ _3476_/X (sky130_fd_sc_hd__xor2_1)
                                                         _0553_ (net)
                      0.294923    0.000000    6.890869 ^ _3477_/A (sky130_fd_sc_hd__inv_2)
     3    0.025033    0.101923    0.185714    7.076583 v _3477_/Y (sky130_fd_sc_hd__inv_2)
                                                         _0554_ (net)
                      0.101923    0.000000    7.076583 v _3497_/B (sky130_fd_sc_hd__nor2_8)
    15    0.067965    0.424413    0.399136    7.475719 ^ _3497_/Y (sky130_fd_sc_hd__nor2_8)
                                                         _0574_ (net)
                      0.424413    0.000000    7.475719 ^ _3558_/B1 (sky130_fd_sc_hd__a21oi_2)
     1    0.003990    0.084458    0.123602    7.599321 v _3558_/Y (sky130_fd_sc_hd__a21oi_2)
                                                         _0628_ (net)
                      0.084458    0.000000    7.599321 v _3560_/A2 (sky130_fd_sc_hd__o21ai_2)
     1    0.001885    0.136560    0.168481    7.767803 ^ _3560_/Y (sky130_fd_sc_hd__o21ai_2)
                                                         _0022_ (net)
                      0.136560    0.000000    7.767803 ^ _4786_/D (sky130_fd_sc_hd__dfrtp_1)
                                              7.767803   data arrival time

                      0.000000   10.000000   10.000000   clock core (rise edge)
                                  0.000000   10.000000   clock network delay (ideal)
                                  0.000000   10.000000   clock reconvergence pessimism
                                             10.000000 ^ _4786_/CLK (sky130_fd_sc_hd__dfrtp_1)
                                 -0.146334    9.853665   library setup time
                                              9.853665   data required time
---------------------------------------------------------------------------------------------
                                              9.853665   data required time
                                             -7.767803   data arrival time
---------------------------------------------------------------------------------------------
                                              2.085863   slack (MET)


Startpoint: _4720_ (rising edge-triggered flip-flop clocked by core)
Endpoint: _4787_ (rising edge-triggered flip-flop clocked by core)
Path Group: core
Path Type: max

Fanout         Cap        Slew       Delay        Time   Description
---------------------------------------------------------------------------------------------
                      0.000000    0.000000    0.000000   clock core (rise edge)
                                  0.000000    0.000000   clock network delay (ideal)
                      0.000000    0.000000    0.000000 ^ _4720_/CLK (sky130_fd_sc_hd__dfrtp_1)
    68    0.144507    1.914534    1.806232    1.806232 ^ _4720_/Q (sky130_fd_sc_hd__dfrtp_1)
                                                         u_cordic_core.iter_q[0] (net)
                      1.914534    0.000000    1.806232 ^ _3129_/B (sky130_fd_sc_hd__nand2_1)
     1    0.001862    0.196314    0.394480    2.200712 v _3129_/Y (sky130_fd_sc_hd__nand2_1)
                                                         _2161_ (net)
                      0.196314    0.000000    2.200712 v _3130_/B1 (sky130_fd_sc_hd__o21ai_1)
     2    0.004783    0.245241    0.214552    2.415264 ^ _3130_/Y (sky130_fd_sc_hd__o21ai_1)
                                                         _2162_ (net)
                      0.245241    0.000000    2.415264 ^ _3134_/A2 (sky130_fd_sc_hd__o21ai_1)
     2    0.004312    0.168021    0.147713    2.562978 v _3134_/Y (sky130_fd_sc_hd__o21ai_1)
                                                         _2166_ (net)
                      0.168021    0.000000    2.562978 v _3137_/A1 (sky130_fd_sc_hd__a21oi_1)
     3    0.007023    0.292875    0.348371    2.911348 ^ _3137_/Y (sky130_fd_sc_hd__a21oi_1)
                                                         _2169_ (net)
                      0.292875    0.000000    2.911348 ^ _3272_/B (sky130_fd_sc_hd__nor2_1)
     1    0.002218    0.080746    0.116005    3.027353 v _3272_/Y (sky130_fd_sc_hd__nor2_1)
                                                         _0349_ (net)
                      0.080746    0.000000    3.027353 v _3273_/A2 (sky130_fd_sc_hd__o21ai_1)
     2    0.006544    0.266971    0.283062    3.310415 ^ _3273_/Y (sky130_fd_sc_hd__o21ai_1)
                                                         _0350_ (net)
                      0.266971    0.000000    3.310415 ^ _3295_/A (sky130_fd_sc_hd__nand3_2)
     3    0.005813    0.097446    0.159122    3.469537 v _3295_/Y (sky130_fd_sc_hd__nand3_2)
                                                         _0372_ (net)
                      0.097446    0.000000    3.469537 v _3320_/A2 (sky130_fd_sc_hd__a211oi_1)
     1    0.002380    0.271020    0.373987    3.843524 ^ _3320_/Y (sky130_fd_sc_hd__a211oi_1)
                                                         _0397_ (net)
                      0.271020    0.000000    3.843524 ^ _3321_/B1 (sky130_fd_sc_hd__a21oi_1)
     2    0.004233    0.075601    0.130254    3.973778 v _3321_/Y (sky130_fd_sc_hd__a21oi_1)
                                                         _0398_ (net)
                      0.075601    0.000000    3.973778 v _3332_/B (sky130_fd_sc_hd__maj3_2)
     2    0.004282    0.077080    0.519584    4.493361 v _3332_/X (sky130_fd_sc_hd__maj3_2)
                                                         _0409_ (net)
                      0.077080    0.000000    4.493361 v _3343_/A (sky130_fd_sc_hd__nand2_1)
     1    0.002282    0.060893    0.089901    4.583262 ^ _3343_/Y (sky130_fd_sc_hd__nand2_1)
                                                         _0420_ (net)
                      0.060893    0.000000    4.583262 ^ _3346_/A (sky130_fd_sc_hd__nand2_1)
     2    0.005583    0.064351    0.082085    4.665348 v _3346_/Y (sky130_fd_sc_hd__nand2_1)
                                                         _0423_ (net)
                      0.064351    0.000000    4.665348 v _3347_/A (sky130_fd_sc_hd__inv_2)
     2    0.006544    0.058327    0.086188    4.751535 ^ _3347_/Y (sky130_fd_sc_hd__inv_2)
                                                         _0424_ (net)
                      0.058327    0.000000    4.751535 ^ _3366_/A (sky130_fd_sc_hd__nand3_2)
     2    0.004300    0.100656    0.076189    4.827724 v _3366_/Y (sky130_fd_sc_hd__nand3_2)
                                                         _0443_ (net)
                      0.100656    0.000000    4.827724 v _3387_/A (sky130_fd_sc_hd__nand4_1)
     1    0.004262    0.133139    0.142179    4.969903 ^ _3387_/Y (sky130_fd_sc_hd__nand4_1)
                                                         _0464_ (net)
                      0.133139    0.000000    4.969903 ^ _3389_/A (sky130_fd_sc_hd__nand3_2)
     4    0.009634    0.101503    0.135592    5.105494 v _3389_/Y (sky130_fd_sc_hd__nand3_2)
                                                         _0466_ (net)
                      0.101503    0.000000    5.105494 v _3390_/C (sky130_fd_sc_hd__nor3_2)
     1    0.004481    0.214783    0.213024    5.318518 ^ _3390_/Y (sky130_fd_sc_hd__nor3_2)
                                                         _0467_ (net)
                      0.214783    0.000000    5.318518 ^ _3391_/D (sky130_fd_sc_hd__nor4_2)
     3    0.012046    0.086268    0.126942    5.445460 v _3391_/Y (sky130_fd_sc_hd__nor4_2)
                                                         _0468_ (net)
                      0.086268    0.000000    5.445460 v _3395_/A3 (sky130_fd_sc_hd__o31ai_4)
     2    0.004497    0.240514    0.289880    5.735340 ^ _3395_/Y (sky130_fd_sc_hd__o31ai_4)
                                                         _0472_ (net)
                      0.240514    0.000000    5.735340 ^ _3412_/A1 (sky130_fd_sc_hd__a31oi_1)
     2    0.004312    0.100855    0.176711    5.912051 v _3412_/Y (sky130_fd_sc_hd__a31oi_1)
                                                         _0489_ (net)
                      0.100855    0.000000    5.912051 v _3417_/A1 (sky130_fd_sc_hd__a21oi_1)
     2    0.004881    0.226630    0.262937    6.174988 ^ _3417_/Y (sky130_fd_sc_hd__a21oi_1)
                                                         _0494_ (net)
                      0.226630    0.000000    6.174988 ^ _3420_/A2 (sky130_fd_sc_hd__o21bai_1)
     1    0.002171    0.056435    0.126377    6.301365 v _3420_/Y (sky130_fd_sc_hd__o21bai_1)
                                                         _0497_ (net)
                      0.056435    0.000000    6.301365 v _3475_/A1 (sky130_fd_sc_hd__a21oi_1)
     1    0.004421    0.212474    0.228661    6.530026 ^ _3475_/Y (sky130_fd_sc_hd__a21oi_1)
                                                         _0552_ (net)
                      0.212474    0.000000    6.530026 ^ _3476_/B (sky130_fd_sc_hd__xor2_1)
     2    0.006841    0.294923    0.360842    6.890869 ^ _3476_/X (sky130_fd_sc_hd__xor2_1)
                                                         _0553_ (net)
                      0.294923    0.000000    6.890869 ^ _3477_/A (sky130_fd_sc_hd__inv_2)
     3    0.025033    0.101923    0.185714    7.076583 v _3477_/Y (sky130_fd_sc_hd__inv_2)
                                                         _0554_ (net)
                      0.101923    0.000000    7.076583 v _3497_/B (sky130_fd_sc_hd__nor2_8)
    15    0.067965    0.424413    0.399136    7.475719 ^ _3497_/Y (sky130_fd_sc_hd__nor2_8)
                                                         _0574_ (net)
                      0.424413    0.000000    7.475719 ^ _3543_/B1 (sky130_fd_sc_hd__a21oi_2)
     1    0.003990    0.084458    0.123602    7.599321 v _3543_/Y (sky130_fd_sc_hd__a21oi_2)
                                                         _0614_ (net)
                      0.084458    0.000000    7.599321 v _3545_/A2 (sky130_fd_sc_hd__o21ai_2)
     1    0.001885    0.136560    0.168481    7.767803 ^ _3545_/Y (sky130_fd_sc_hd__o21ai_2)
                                                         _0021_ (net)
                      0.136560    0.000000    7.767803 ^ _4787_/D (sky130_fd_sc_hd__dfrtp_1)
                                              7.767803   data arrival time

                      0.000000   10.000000   10.000000   clock core (rise edge)
                                  0.000000   10.000000   clock network delay (ideal)
                                  0.000000   10.000000   clock reconvergence pessimism
                                             10.000000 ^ _4787_/CLK (sky130_fd_sc_hd__dfrtp_1)
                                 -0.146334    9.853665   library setup time
                                              9.853665   data required time
---------------------------------------------------------------------------------------------
                                              9.853665   data required time
                                             -7.767803   data arrival time
---------------------------------------------------------------------------------------------
                                              2.085863   slack (MET)


Startpoint: _4720_ (rising edge-triggered flip-flop clocked by core)
Endpoint: _4788_ (rising edge-triggered flip-flop clocked by core)
Path Group: core
Path Type: max

Fanout         Cap        Slew       Delay        Time   Description
---------------------------------------------------------------------------------------------
                      0.000000    0.000000    0.000000   clock core (rise edge)
                                  0.000000    0.000000   clock network delay (ideal)
                      0.000000    0.000000    0.000000 ^ _4720_/CLK (sky130_fd_sc_hd__dfrtp_1)
    68    0.144507    1.914534    1.806232    1.806232 ^ _4720_/Q (sky130_fd_sc_hd__dfrtp_1)
                                                         u_cordic_core.iter_q[0] (net)
                      1.914534    0.000000    1.806232 ^ _3129_/B (sky130_fd_sc_hd__nand2_1)
     1    0.001862    0.196314    0.394480    2.200712 v _3129_/Y (sky130_fd_sc_hd__nand2_1)
                                                         _2161_ (net)
                      0.196314    0.000000    2.200712 v _3130_/B1 (sky130_fd_sc_hd__o21ai_1)
     2    0.004783    0.245241    0.214552    2.415264 ^ _3130_/Y (sky130_fd_sc_hd__o21ai_1)
                                                         _2162_ (net)
                      0.245241    0.000000    2.415264 ^ _3134_/A2 (sky130_fd_sc_hd__o21ai_1)
     2    0.004312    0.168021    0.147713    2.562978 v _3134_/Y (sky130_fd_sc_hd__o21ai_1)
                                                         _2166_ (net)
                      0.168021    0.000000    2.562978 v _3137_/A1 (sky130_fd_sc_hd__a21oi_1)
     3    0.007023    0.292875    0.348371    2.911348 ^ _3137_/Y (sky130_fd_sc_hd__a21oi_1)
                                                         _2169_ (net)
                      0.292875    0.000000    2.911348 ^ _3272_/B (sky130_fd_sc_hd__nor2_1)
     1    0.002218    0.080746    0.116005    3.027353 v _3272_/Y (sky130_fd_sc_hd__nor2_1)
                                                         _0349_ (net)
                      0.080746    0.000000    3.027353 v _3273_/A2 (sky130_fd_sc_hd__o21ai_1)
     2    0.006544    0.266971    0.283062    3.310415 ^ _3273_/Y (sky130_fd_sc_hd__o21ai_1)
                                                         _0350_ (net)
                      0.266971    0.000000    3.310415 ^ _3295_/A (sky130_fd_sc_hd__nand3_2)
     3    0.005813    0.097446    0.159122    3.469537 v _3295_/Y (sky130_fd_sc_hd__nand3_2)
                                                         _0372_ (net)
                      0.097446    0.000000    3.469537 v _3320_/A2 (sky130_fd_sc_hd__a211oi_1)
     1    0.002380    0.271020    0.373987    3.843524 ^ _3320_/Y (sky130_fd_sc_hd__a211oi_1)
                                                         _0397_ (net)
                      0.271020    0.000000    3.843524 ^ _3321_/B1 (sky130_fd_sc_hd__a21oi_1)
     2    0.004233    0.075601    0.130254    3.973778 v _3321_/Y (sky130_fd_sc_hd__a21oi_1)
                                                         _0398_ (net)
                      0.075601    0.000000    3.973778 v _3332_/B (sky130_fd_sc_hd__maj3_2)
     2    0.004282    0.077080    0.519584    4.493361 v _3332_/X (sky130_fd_sc_hd__maj3_2)
                                                         _0409_ (net)
                      0.077080    0.000000    4.493361 v _3343_/A (sky130_fd_sc_hd__nand2_1)
     1    0.002282    0.060893    0.089901    4.583262 ^ _3343_/Y (sky130_fd_sc_hd__nand2_1)
                                                         _0420_ (net)
                      0.060893    0.000000    4.583262 ^ _3346_/A (sky130_fd_sc_hd__nand2_1)
     2    0.005583    0.064351    0.082085    4.665348 v _3346_/Y (sky130_fd_sc_hd__nand2_1)
                                                         _0423_ (net)
                      0.064351    0.000000    4.665348 v _3347_/A (sky130_fd_sc_hd__inv_2)
     2    0.006544    0.058327    0.086188    4.751535 ^ _3347_/Y (sky130_fd_sc_hd__inv_2)
                                                         _0424_ (net)
                      0.058327    0.000000    4.751535 ^ _3366_/A (sky130_fd_sc_hd__nand3_2)
     2    0.004300    0.100656    0.076189    4.827724 v _3366_/Y (sky130_fd_sc_hd__nand3_2)
                                                         _0443_ (net)
                      0.100656    0.000000    4.827724 v _3387_/A (sky130_fd_sc_hd__nand4_1)
     1    0.004262    0.133139    0.142179    4.969903 ^ _3387_/Y (sky130_fd_sc_hd__nand4_1)
                                                         _0464_ (net)
                      0.133139    0.000000    4.969903 ^ _3389_/A (sky130_fd_sc_hd__nand3_2)
     4    0.009634    0.101503    0.135592    5.105494 v _3389_/Y (sky130_fd_sc_hd__nand3_2)
                                                         _0466_ (net)
                      0.101503    0.000000    5.105494 v _3390_/C (sky130_fd_sc_hd__nor3_2)
     1    0.004481    0.214783    0.213024    5.318518 ^ _3390_/Y (sky130_fd_sc_hd__nor3_2)
                                                         _0467_ (net)
                      0.214783    0.000000    5.318518 ^ _3391_/D (sky130_fd_sc_hd__nor4_2)
     3    0.012046    0.086268    0.126942    5.445460 v _3391_/Y (sky130_fd_sc_hd__nor4_2)
                                                         _0468_ (net)
                      0.086268    0.000000    5.445460 v _3395_/A3 (sky130_fd_sc_hd__o31ai_4)
     2    0.004497    0.240514    0.289880    5.735340 ^ _3395_/Y (sky130_fd_sc_hd__o31ai_4)
                                                         _0472_ (net)
                      0.240514    0.000000    5.735340 ^ _3412_/A1 (sky130_fd_sc_hd__a31oi_1)
     2    0.004312    0.100855    0.176711    5.912051 v _3412_/Y (sky130_fd_sc_hd__a31oi_1)
                                                         _0489_ (net)
                      0.100855    0.000000    5.912051 v _3417_/A1 (sky130_fd_sc_hd__a21oi_1)
     2    0.004881    0.226630    0.262937    6.174988 ^ _3417_/Y (sky130_fd_sc_hd__a21oi_1)
                                                         _0494_ (net)
                      0.226630    0.000000    6.174988 ^ _3420_/A2 (sky130_fd_sc_hd__o21bai_1)
     1    0.002171    0.056435    0.126377    6.301365 v _3420_/Y (sky130_fd_sc_hd__o21bai_1)
                                                         _0497_ (net)
                      0.056435    0.000000    6.301365 v _3475_/A1 (sky130_fd_sc_hd__a21oi_1)
     1    0.004421    0.212474    0.228661    6.530026 ^ _3475_/Y (sky130_fd_sc_hd__a21oi_1)
                                                         _0552_ (net)
                      0.212474    0.000000    6.530026 ^ _3476_/B (sky130_fd_sc_hd__xor2_1)
     2    0.006841    0.294923    0.360842    6.890869 ^ _3476_/X (sky130_fd_sc_hd__xor2_1)
                                                         _0553_ (net)
                      0.294923    0.000000    6.890869 ^ _3477_/A (sky130_fd_sc_hd__inv_2)
     3    0.025033    0.101923    0.185714    7.076583 v _3477_/Y (sky130_fd_sc_hd__inv_2)
                                                         _0554_ (net)
                      0.101923    0.000000    7.076583 v _3497_/B (sky130_fd_sc_hd__nor2_8)
    15    0.067965    0.424413    0.399136    7.475719 ^ _3497_/Y (sky130_fd_sc_hd__nor2_8)
                                                         _0574_ (net)
                      0.424413    0.000000    7.475719 ^ _3537_/B1 (sky130_fd_sc_hd__a21oi_2)
     1    0.003990    0.084458    0.123602    7.599321 v _3537_/Y (sky130_fd_sc_hd__a21oi_2)
                                                         _0609_ (net)
                      0.084458    0.000000    7.599321 v _3539_/A2 (sky130_fd_sc_hd__o21ai_2)
     1    0.001885    0.136560    0.168481    7.767803 ^ _3539_/Y (sky130_fd_sc_hd__o21ai_2)
                                                         _0020_ (net)
                      0.136560    0.000000    7.767803 ^ _4788_/D (sky130_fd_sc_hd__dfrtp_1)
                                              7.767803   data arrival time

                      0.000000   10.000000   10.000000   clock core (rise edge)
                                  0.000000   10.000000   clock network delay (ideal)
                                  0.000000   10.000000   clock reconvergence pessimism
                                             10.000000 ^ _4788_/CLK (sky130_fd_sc_hd__dfrtp_1)
                                 -0.146334    9.853665   library setup time
                                              9.853665   data required time
---------------------------------------------------------------------------------------------
                                              9.853665   data required time
                                             -7.767803   data arrival time
---------------------------------------------------------------------------------------------
                                              2.085863   slack (MET)


Startpoint: _4720_ (rising edge-triggered flip-flop clocked by core)
Endpoint: _4789_ (rising edge-triggered flip-flop clocked by core)
Path Group: core
Path Type: max

Fanout         Cap        Slew       Delay        Time   Description
---------------------------------------------------------------------------------------------
                      0.000000    0.000000    0.000000   clock core (rise edge)
                                  0.000000    0.000000   clock network delay (ideal)
                      0.000000    0.000000    0.000000 ^ _4720_/CLK (sky130_fd_sc_hd__dfrtp_1)
    68    0.144507    1.914534    1.806232    1.806232 ^ _4720_/Q (sky130_fd_sc_hd__dfrtp_1)
                                                         u_cordic_core.iter_q[0] (net)
                      1.914534    0.000000    1.806232 ^ _3129_/B (sky130_fd_sc_hd__nand2_1)
     1    0.001862    0.196314    0.394480    2.200712 v _3129_/Y (sky130_fd_sc_hd__nand2_1)
                                                         _2161_ (net)
                      0.196314    0.000000    2.200712 v _3130_/B1 (sky130_fd_sc_hd__o21ai_1)
     2    0.004783    0.245241    0.214552    2.415264 ^ _3130_/Y (sky130_fd_sc_hd__o21ai_1)
                                                         _2162_ (net)
                      0.245241    0.000000    2.415264 ^ _3134_/A2 (sky130_fd_sc_hd__o21ai_1)
     2    0.004312    0.168021    0.147713    2.562978 v _3134_/Y (sky130_fd_sc_hd__o21ai_1)
                                                         _2166_ (net)
                      0.168021    0.000000    2.562978 v _3137_/A1 (sky130_fd_sc_hd__a21oi_1)
     3    0.007023    0.292875    0.348371    2.911348 ^ _3137_/Y (sky130_fd_sc_hd__a21oi_1)
                                                         _2169_ (net)
                      0.292875    0.000000    2.911348 ^ _3272_/B (sky130_fd_sc_hd__nor2_1)
     1    0.002218    0.080746    0.116005    3.027353 v _3272_/Y (sky130_fd_sc_hd__nor2_1)
                                                         _0349_ (net)
                      0.080746    0.000000    3.027353 v _3273_/A2 (sky130_fd_sc_hd__o21ai_1)
     2    0.006544    0.266971    0.283062    3.310415 ^ _3273_/Y (sky130_fd_sc_hd__o21ai_1)
                                                         _0350_ (net)
                      0.266971    0.000000    3.310415 ^ _3295_/A (sky130_fd_sc_hd__nand3_2)
     3    0.005813    0.097446    0.159122    3.469537 v _3295_/Y (sky130_fd_sc_hd__nand3_2)
                                                         _0372_ (net)
                      0.097446    0.000000    3.469537 v _3320_/A2 (sky130_fd_sc_hd__a211oi_1)
     1    0.002380    0.271020    0.373987    3.843524 ^ _3320_/Y (sky130_fd_sc_hd__a211oi_1)
                                                         _0397_ (net)
                      0.271020    0.000000    3.843524 ^ _3321_/B1 (sky130_fd_sc_hd__a21oi_1)
     2    0.004233    0.075601    0.130254    3.973778 v _3321_/Y (sky130_fd_sc_hd__a21oi_1)
                                                         _0398_ (net)
                      0.075601    0.000000    3.973778 v _3332_/B (sky130_fd_sc_hd__maj3_2)
     2    0.004282    0.077080    0.519584    4.493361 v _3332_/X (sky130_fd_sc_hd__maj3_2)
                                                         _0409_ (net)
                      0.077080    0.000000    4.493361 v _3343_/A (sky130_fd_sc_hd__nand2_1)
     1    0.002282    0.060893    0.089901    4.583262 ^ _3343_/Y (sky130_fd_sc_hd__nand2_1)
                                                         _0420_ (net)
                      0.060893    0.000000    4.583262 ^ _3346_/A (sky130_fd_sc_hd__nand2_1)
     2    0.005583    0.064351    0.082085    4.665348 v _3346_/Y (sky130_fd_sc_hd__nand2_1)
                                                         _0423_ (net)
                      0.064351    0.000000    4.665348 v _3347_/A (sky130_fd_sc_hd__inv_2)
     2    0.006544    0.058327    0.086188    4.751535 ^ _3347_/Y (sky130_fd_sc_hd__inv_2)
                                                         _0424_ (net)
                      0.058327    0.000000    4.751535 ^ _3366_/A (sky130_fd_sc_hd__nand3_2)
     2    0.004300    0.100656    0.076189    4.827724 v _3366_/Y (sky130_fd_sc_hd__nand3_2)
                                                         _0443_ (net)
                      0.100656    0.000000    4.827724 v _3387_/A (sky130_fd_sc_hd__nand4_1)
     1    0.004262    0.133139    0.142179    4.969903 ^ _3387_/Y (sky130_fd_sc_hd__nand4_1)
                                                         _0464_ (net)
                      0.133139    0.000000    4.969903 ^ _3389_/A (sky130_fd_sc_hd__nand3_2)
     4    0.009634    0.101503    0.135592    5.105494 v _3389_/Y (sky130_fd_sc_hd__nand3_2)
                                                         _0466_ (net)
                      0.101503    0.000000    5.105494 v _3390_/C (sky130_fd_sc_hd__nor3_2)
     1    0.004481    0.214783    0.213024    5.318518 ^ _3390_/Y (sky130_fd_sc_hd__nor3_2)
                                                         _0467_ (net)
                      0.214783    0.000000    5.318518 ^ _3391_/D (sky130_fd_sc_hd__nor4_2)
     3    0.012046    0.086268    0.126942    5.445460 v _3391_/Y (sky130_fd_sc_hd__nor4_2)
                                                         _0468_ (net)
                      0.086268    0.000000    5.445460 v _3395_/A3 (sky130_fd_sc_hd__o31ai_4)
     2    0.004497    0.240514    0.289880    5.735340 ^ _3395_/Y (sky130_fd_sc_hd__o31ai_4)
                                                         _0472_ (net)
                      0.240514    0.000000    5.735340 ^ _3412_/A1 (sky130_fd_sc_hd__a31oi_1)
     2    0.004312    0.100855    0.176711    5.912051 v _3412_/Y (sky130_fd_sc_hd__a31oi_1)
                                                         _0489_ (net)
                      0.100855    0.000000    5.912051 v _3417_/A1 (sky130_fd_sc_hd__a21oi_1)
     2    0.004881    0.226630    0.262937    6.174988 ^ _3417_/Y (sky130_fd_sc_hd__a21oi_1)
                                                         _0494_ (net)
                      0.226630    0.000000    6.174988 ^ _3420_/A2 (sky130_fd_sc_hd__o21bai_1)
     1    0.002171    0.056435    0.126377    6.301365 v _3420_/Y (sky130_fd_sc_hd__o21bai_1)
                                                         _0497_ (net)
                      0.056435    0.000000    6.301365 v _3475_/A1 (sky130_fd_sc_hd__a21oi_1)
     1    0.004421    0.212474    0.228661    6.530026 ^ _3475_/Y (sky130_fd_sc_hd__a21oi_1)
                                                         _0552_ (net)
                      0.212474    0.000000    6.530026 ^ _3476_/B (sky130_fd_sc_hd__xor2_1)
     2    0.006841    0.294923    0.360842    6.890869 ^ _3476_/X (sky130_fd_sc_hd__xor2_1)
                                                         _0553_ (net)
                      0.294923    0.000000    6.890869 ^ _3477_/A (sky130_fd_sc_hd__inv_2)
     3    0.025033    0.101923    0.185714    7.076583 v _3477_/Y (sky130_fd_sc_hd__inv_2)
                                                         _0554_ (net)
                      0.101923    0.000000    7.076583 v _3497_/B (sky130_fd_sc_hd__nor2_8)
    15    0.067965    0.424413    0.399136    7.475719 ^ _3497_/Y (sky130_fd_sc_hd__nor2_8)
                                                         _0574_ (net)
                      0.424413    0.000000    7.475719 ^ _3528_/B1 (sky130_fd_sc_hd__a21oi_2)
     1    0.003990    0.084458    0.123602    7.599321 v _3528_/Y (sky130_fd_sc_hd__a21oi_2)
                                                         _0601_ (net)
                      0.084458    0.000000    7.599321 v _3530_/A2 (sky130_fd_sc_hd__o21ai_2)
     1    0.001885    0.136560    0.168481    7.767803 ^ _3530_/Y (sky130_fd_sc_hd__o21ai_2)
                                                         _0019_ (net)
                      0.136560    0.000000    7.767803 ^ _4789_/D (sky130_fd_sc_hd__dfrtp_1)
                                              7.767803   data arrival time

                      0.000000   10.000000   10.000000   clock core (rise edge)
                                  0.000000   10.000000   clock network delay (ideal)
                                  0.000000   10.000000   clock reconvergence pessimism
                                             10.000000 ^ _4789_/CLK (sky130_fd_sc_hd__dfrtp_1)
                                 -0.146334    9.853665   library setup time
                                              9.853665   data required time
---------------------------------------------------------------------------------------------
                                              9.853665   data required time
                                             -7.767803   data arrival time
---------------------------------------------------------------------------------------------
                                              2.085863   slack (MET)


Startpoint: _4720_ (rising edge-triggered flip-flop clocked by core)
Endpoint: _4790_ (rising edge-triggered flip-flop clocked by core)
Path Group: core
Path Type: max

Fanout         Cap        Slew       Delay        Time   Description
---------------------------------------------------------------------------------------------
                      0.000000    0.000000    0.000000   clock core (rise edge)
                                  0.000000    0.000000   clock network delay (ideal)
                      0.000000    0.000000    0.000000 ^ _4720_/CLK (sky130_fd_sc_hd__dfrtp_1)
    68    0.144507    1.914534    1.806232    1.806232 ^ _4720_/Q (sky130_fd_sc_hd__dfrtp_1)
                                                         u_cordic_core.iter_q[0] (net)
                      1.914534    0.000000    1.806232 ^ _3129_/B (sky130_fd_sc_hd__nand2_1)
     1    0.001862    0.196314    0.394480    2.200712 v _3129_/Y (sky130_fd_sc_hd__nand2_1)
                                                         _2161_ (net)
                      0.196314    0.000000    2.200712 v _3130_/B1 (sky130_fd_sc_hd__o21ai_1)
     2    0.004783    0.245241    0.214552    2.415264 ^ _3130_/Y (sky130_fd_sc_hd__o21ai_1)
                                                         _2162_ (net)
                      0.245241    0.000000    2.415264 ^ _3134_/A2 (sky130_fd_sc_hd__o21ai_1)
     2    0.004312    0.168021    0.147713    2.562978 v _3134_/Y (sky130_fd_sc_hd__o21ai_1)
                                                         _2166_ (net)
                      0.168021    0.000000    2.562978 v _3137_/A1 (sky130_fd_sc_hd__a21oi_1)
     3    0.007023    0.292875    0.348371    2.911348 ^ _3137_/Y (sky130_fd_sc_hd__a21oi_1)
                                                         _2169_ (net)
                      0.292875    0.000000    2.911348 ^ _3272_/B (sky130_fd_sc_hd__nor2_1)
     1    0.002218    0.080746    0.116005    3.027353 v _3272_/Y (sky130_fd_sc_hd__nor2_1)
                                                         _0349_ (net)
                      0.080746    0.000000    3.027353 v _3273_/A2 (sky130_fd_sc_hd__o21ai_1)
     2    0.006544    0.266971    0.283062    3.310415 ^ _3273_/Y (sky130_fd_sc_hd__o21ai_1)
                                                         _0350_ (net)
                      0.266971    0.000000    3.310415 ^ _3295_/A (sky130_fd_sc_hd__nand3_2)
     3    0.005813    0.097446    0.159122    3.469537 v _3295_/Y (sky130_fd_sc_hd__nand3_2)
                                                         _0372_ (net)
                      0.097446    0.000000    3.469537 v _3320_/A2 (sky130_fd_sc_hd__a211oi_1)
     1    0.002380    0.271020    0.373987    3.843524 ^ _3320_/Y (sky130_fd_sc_hd__a211oi_1)
                                                         _0397_ (net)
                      0.271020    0.000000    3.843524 ^ _3321_/B1 (sky130_fd_sc_hd__a21oi_1)
     2    0.004233    0.075601    0.130254    3.973778 v _3321_/Y (sky130_fd_sc_hd__a21oi_1)
                                                         _0398_ (net)
                      0.075601    0.000000    3.973778 v _3332_/B (sky130_fd_sc_hd__maj3_2)
     2    0.004282    0.077080    0.519584    4.493361 v _3332_/X (sky130_fd_sc_hd__maj3_2)
                                                         _0409_ (net)
                      0.077080    0.000000    4.493361 v _3343_/A (sky130_fd_sc_hd__nand2_1)
     1    0.002282    0.060893    0.089901    4.583262 ^ _3343_/Y (sky130_fd_sc_hd__nand2_1)
                                                         _0420_ (net)
                      0.060893    0.000000    4.583262 ^ _3346_/A (sky130_fd_sc_hd__nand2_1)
     2    0.005583    0.064351    0.082085    4.665348 v _3346_/Y (sky130_fd_sc_hd__nand2_1)
                                                         _0423_ (net)
                      0.064351    0.000000    4.665348 v _3347_/A (sky130_fd_sc_hd__inv_2)
     2    0.006544    0.058327    0.086188    4.751535 ^ _3347_/Y (sky130_fd_sc_hd__inv_2)
                                                         _0424_ (net)
                      0.058327    0.000000    4.751535 ^ _3366_/A (sky130_fd_sc_hd__nand3_2)
     2    0.004300    0.100656    0.076189    4.827724 v _3366_/Y (sky130_fd_sc_hd__nand3_2)
                                                         _0443_ (net)
                      0.100656    0.000000    4.827724 v _3387_/A (sky130_fd_sc_hd__nand4_1)
     1    0.004262    0.133139    0.142179    4.969903 ^ _3387_/Y (sky130_fd_sc_hd__nand4_1)
                                                         _0464_ (net)
                      0.133139    0.000000    4.969903 ^ _3389_/A (sky130_fd_sc_hd__nand3_2)
     4    0.009634    0.101503    0.135592    5.105494 v _3389_/Y (sky130_fd_sc_hd__nand3_2)
                                                         _0466_ (net)
                      0.101503    0.000000    5.105494 v _3390_/C (sky130_fd_sc_hd__nor3_2)
     1    0.004481    0.214783    0.213024    5.318518 ^ _3390_/Y (sky130_fd_sc_hd__nor3_2)
                                                         _0467_ (net)
                      0.214783    0.000000    5.318518 ^ _3391_/D (sky130_fd_sc_hd__nor4_2)
     3    0.012046    0.086268    0.126942    5.445460 v _3391_/Y (sky130_fd_sc_hd__nor4_2)
                                                         _0468_ (net)
                      0.086268    0.000000    5.445460 v _3395_/A3 (sky130_fd_sc_hd__o31ai_4)
     2    0.004497    0.240514    0.289880    5.735340 ^ _3395_/Y (sky130_fd_sc_hd__o31ai_4)
                                                         _0472_ (net)
                      0.240514    0.000000    5.735340 ^ _3412_/A1 (sky130_fd_sc_hd__a31oi_1)
     2    0.004312    0.100855    0.176711    5.912051 v _3412_/Y (sky130_fd_sc_hd__a31oi_1)
                                                         _0489_ (net)
                      0.100855    0.000000    5.912051 v _3417_/A1 (sky130_fd_sc_hd__a21oi_1)
     2    0.004881    0.226630    0.262937    6.174988 ^ _3417_/Y (sky130_fd_sc_hd__a21oi_1)
                                                         _0494_ (net)
                      0.226630    0.000000    6.174988 ^ _3420_/A2 (sky130_fd_sc_hd__o21bai_1)
     1    0.002171    0.056435    0.126377    6.301365 v _3420_/Y (sky130_fd_sc_hd__o21bai_1)
                                                         _0497_ (net)
                      0.056435    0.000000    6.301365 v _3475_/A1 (sky130_fd_sc_hd__a21oi_1)
     1    0.004421    0.212474    0.228661    6.530026 ^ _3475_/Y (sky130_fd_sc_hd__a21oi_1)
                                                         _0552_ (net)
                      0.212474    0.000000    6.530026 ^ _3476_/B (sky130_fd_sc_hd__xor2_1)
     2    0.006841    0.294923    0.360842    6.890869 ^ _3476_/X (sky130_fd_sc_hd__xor2_1)
                                                         _0553_ (net)
                      0.294923    0.000000    6.890869 ^ _3477_/A (sky130_fd_sc_hd__inv_2)
     3    0.025033    0.101923    0.185714    7.076583 v _3477_/Y (sky130_fd_sc_hd__inv_2)
                                                         _0554_ (net)
                      0.101923    0.000000    7.076583 v _3497_/B (sky130_fd_sc_hd__nor2_8)
    15    0.067965    0.424413    0.399136    7.475719 ^ _3497_/Y (sky130_fd_sc_hd__nor2_8)
                                                         _0574_ (net)
                      0.424413    0.000000    7.475719 ^ _3521_/B1 (sky130_fd_sc_hd__a21oi_2)
     1    0.003990    0.084458    0.123602    7.599321 v _3521_/Y (sky130_fd_sc_hd__a21oi_2)
                                                         _0595_ (net)
                      0.084458    0.000000    7.599321 v _3523_/A2 (sky130_fd_sc_hd__o21ai_2)
     1    0.001885    0.136560    0.168481    7.767803 ^ _3523_/Y (sky130_fd_sc_hd__o21ai_2)
                                                         _0018_ (net)
                      0.136560    0.000000    7.767803 ^ _4790_/D (sky130_fd_sc_hd__dfrtp_1)
                                              7.767803   data arrival time

                      0.000000   10.000000   10.000000   clock core (rise edge)
                                  0.000000   10.000000   clock network delay (ideal)
                                  0.000000   10.000000   clock reconvergence pessimism
                                             10.000000 ^ _4790_/CLK (sky130_fd_sc_hd__dfrtp_1)
                                 -0.146334    9.853665   library setup time
                                              9.853665   data required time
---------------------------------------------------------------------------------------------
                                              9.853665   data required time
                                             -7.767803   data arrival time
---------------------------------------------------------------------------------------------
                                              2.085863   slack (MET)


Startpoint: _4720_ (rising edge-triggered flip-flop clocked by core)
Endpoint: _4791_ (rising edge-triggered flip-flop clocked by core)
Path Group: core
Path Type: max

Fanout         Cap        Slew       Delay        Time   Description
---------------------------------------------------------------------------------------------
                      0.000000    0.000000    0.000000   clock core (rise edge)
                                  0.000000    0.000000   clock network delay (ideal)
                      0.000000    0.000000    0.000000 ^ _4720_/CLK (sky130_fd_sc_hd__dfrtp_1)
    68    0.144507    1.914534    1.806232    1.806232 ^ _4720_/Q (sky130_fd_sc_hd__dfrtp_1)
                                                         u_cordic_core.iter_q[0] (net)
                      1.914534    0.000000    1.806232 ^ _3129_/B (sky130_fd_sc_hd__nand2_1)
     1    0.001862    0.196314    0.394480    2.200712 v _3129_/Y (sky130_fd_sc_hd__nand2_1)
                                                         _2161_ (net)
                      0.196314    0.000000    2.200712 v _3130_/B1 (sky130_fd_sc_hd__o21ai_1)
     2    0.004783    0.245241    0.214552    2.415264 ^ _3130_/Y (sky130_fd_sc_hd__o21ai_1)
                                                         _2162_ (net)
                      0.245241    0.000000    2.415264 ^ _3134_/A2 (sky130_fd_sc_hd__o21ai_1)
     2    0.004312    0.168021    0.147713    2.562978 v _3134_/Y (sky130_fd_sc_hd__o21ai_1)
                                                         _2166_ (net)
                      0.168021    0.000000    2.562978 v _3137_/A1 (sky130_fd_sc_hd__a21oi_1)
     3    0.007023    0.292875    0.348371    2.911348 ^ _3137_/Y (sky130_fd_sc_hd__a21oi_1)
                                                         _2169_ (net)
                      0.292875    0.000000    2.911348 ^ _3272_/B (sky130_fd_sc_hd__nor2_1)
     1    0.002218    0.080746    0.116005    3.027353 v _3272_/Y (sky130_fd_sc_hd__nor2_1)
                                                         _0349_ (net)
                      0.080746    0.000000    3.027353 v _3273_/A2 (sky130_fd_sc_hd__o21ai_1)
     2    0.006544    0.266971    0.283062    3.310415 ^ _3273_/Y (sky130_fd_sc_hd__o21ai_1)
                                                         _0350_ (net)
                      0.266971    0.000000    3.310415 ^ _3295_/A (sky130_fd_sc_hd__nand3_2)
     3    0.005813    0.097446    0.159122    3.469537 v _3295_/Y (sky130_fd_sc_hd__nand3_2)
                                                         _0372_ (net)
                      0.097446    0.000000    3.469537 v _3320_/A2 (sky130_fd_sc_hd__a211oi_1)
     1    0.002380    0.271020    0.373987    3.843524 ^ _3320_/Y (sky130_fd_sc_hd__a211oi_1)
                                                         _0397_ (net)
                      0.271020    0.000000    3.843524 ^ _3321_/B1 (sky130_fd_sc_hd__a21oi_1)
     2    0.004233    0.075601    0.130254    3.973778 v _3321_/Y (sky130_fd_sc_hd__a21oi_1)
                                                         _0398_ (net)
                      0.075601    0.000000    3.973778 v _3332_/B (sky130_fd_sc_hd__maj3_2)
     2    0.004282    0.077080    0.519584    4.493361 v _3332_/X (sky130_fd_sc_hd__maj3_2)
                                                         _0409_ (net)
                      0.077080    0.000000    4.493361 v _3343_/A (sky130_fd_sc_hd__nand2_1)
     1    0.002282    0.060893    0.089901    4.583262 ^ _3343_/Y (sky130_fd_sc_hd__nand2_1)
                                                         _0420_ (net)
                      0.060893    0.000000    4.583262 ^ _3346_/A (sky130_fd_sc_hd__nand2_1)
     2    0.005583    0.064351    0.082085    4.665348 v _3346_/Y (sky130_fd_sc_hd__nand2_1)
                                                         _0423_ (net)
                      0.064351    0.000000    4.665348 v _3347_/A (sky130_fd_sc_hd__inv_2)
     2    0.006544    0.058327    0.086188    4.751535 ^ _3347_/Y (sky130_fd_sc_hd__inv_2)
                                                         _0424_ (net)
                      0.058327    0.000000    4.751535 ^ _3366_/A (sky130_fd_sc_hd__nand3_2)
     2    0.004300    0.100656    0.076189    4.827724 v _3366_/Y (sky130_fd_sc_hd__nand3_2)
                                                         _0443_ (net)
                      0.100656    0.000000    4.827724 v _3387_/A (sky130_fd_sc_hd__nand4_1)
     1    0.004262    0.133139    0.142179    4.969903 ^ _3387_/Y (sky130_fd_sc_hd__nand4_1)
                                                         _0464_ (net)
                      0.133139    0.000000    4.969903 ^ _3389_/A (sky130_fd_sc_hd__nand3_2)
     4    0.009634    0.101503    0.135592    5.105494 v _3389_/Y (sky130_fd_sc_hd__nand3_2)
                                                         _0466_ (net)
                      0.101503    0.000000    5.105494 v _3390_/C (sky130_fd_sc_hd__nor3_2)
     1    0.004481    0.214783    0.213024    5.318518 ^ _3390_/Y (sky130_fd_sc_hd__nor3_2)
                                                         _0467_ (net)
                      0.214783    0.000000    5.318518 ^ _3391_/D (sky130_fd_sc_hd__nor4_2)
     3    0.012046    0.086268    0.126942    5.445460 v _3391_/Y (sky130_fd_sc_hd__nor4_2)
                                                         _0468_ (net)
                      0.086268    0.000000    5.445460 v _3395_/A3 (sky130_fd_sc_hd__o31ai_4)
     2    0.004497    0.240514    0.289880    5.735340 ^ _3395_/Y (sky130_fd_sc_hd__o31ai_4)
                                                         _0472_ (net)
                      0.240514    0.000000    5.735340 ^ _3412_/A1 (sky130_fd_sc_hd__a31oi_1)
     2    0.004312    0.100855    0.176711    5.912051 v _3412_/Y (sky130_fd_sc_hd__a31oi_1)
                                                         _0489_ (net)
                      0.100855    0.000000    5.912051 v _3417_/A1 (sky130_fd_sc_hd__a21oi_1)
     2    0.004881    0.226630    0.262937    6.174988 ^ _3417_/Y (sky130_fd_sc_hd__a21oi_1)
                                                         _0494_ (net)
                      0.226630    0.000000    6.174988 ^ _3420_/A2 (sky130_fd_sc_hd__o21bai_1)
     1    0.002171    0.056435    0.126377    6.301365 v _3420_/Y (sky130_fd_sc_hd__o21bai_1)
                                                         _0497_ (net)
                      0.056435    0.000000    6.301365 v _3475_/A1 (sky130_fd_sc_hd__a21oi_1)
     1    0.004421    0.212474    0.228661    6.530026 ^ _3475_/Y (sky130_fd_sc_hd__a21oi_1)
                                                         _0552_ (net)
                      0.212474    0.000000    6.530026 ^ _3476_/B (sky130_fd_sc_hd__xor2_1)
     2    0.006841    0.294923    0.360842    6.890869 ^ _3476_/X (sky130_fd_sc_hd__xor2_1)
                                                         _0553_ (net)
                      0.294923    0.000000    6.890869 ^ _3477_/A (sky130_fd_sc_hd__inv_2)
     3    0.025033    0.101923    0.185714    7.076583 v _3477_/Y (sky130_fd_sc_hd__inv_2)
                                                         _0554_ (net)
                      0.101923    0.000000    7.076583 v _3497_/B (sky130_fd_sc_hd__nor2_8)
    15    0.067965    0.424413    0.399136    7.475719 ^ _3497_/Y (sky130_fd_sc_hd__nor2_8)
                                                         _0574_ (net)
                      0.424413    0.000000    7.475719 ^ _3511_/B1 (sky130_fd_sc_hd__a21oi_2)
     1    0.003990    0.084458    0.123602    7.599321 v _3511_/Y (sky130_fd_sc_hd__a21oi_2)
                                                         _0586_ (net)
                      0.084458    0.000000    7.599321 v _3513_/A2 (sky130_fd_sc_hd__o21ai_2)
     1    0.001885    0.136560    0.168481    7.767803 ^ _3513_/Y (sky130_fd_sc_hd__o21ai_2)
                                                         _0017_ (net)
                      0.136560    0.000000    7.767803 ^ _4791_/D (sky130_fd_sc_hd__dfrtp_1)
                                              7.767803   data arrival time

                      0.000000   10.000000   10.000000   clock core (rise edge)
                                  0.000000   10.000000   clock network delay (ideal)
                                  0.000000   10.000000   clock reconvergence pessimism
                                             10.000000 ^ _4791_/CLK (sky130_fd_sc_hd__dfrtp_1)
                                 -0.146334    9.853665   library setup time
                                              9.853665   data required time
---------------------------------------------------------------------------------------------
                                              9.853665   data required time
                                             -7.767803   data arrival time
---------------------------------------------------------------------------------------------
                                              2.085863   slack (MET)


Startpoint: _4720_ (rising edge-triggered flip-flop clocked by core)
Endpoint: _4793_ (rising edge-triggered flip-flop clocked by core)
Path Group: core
Path Type: max

Fanout         Cap        Slew       Delay        Time   Description
---------------------------------------------------------------------------------------------
                      0.000000    0.000000    0.000000   clock core (rise edge)
                                  0.000000    0.000000   clock network delay (ideal)
                      0.000000    0.000000    0.000000 ^ _4720_/CLK (sky130_fd_sc_hd__dfrtp_1)
    68    0.144507    1.914534    1.806232    1.806232 ^ _4720_/Q (sky130_fd_sc_hd__dfrtp_1)
                                                         u_cordic_core.iter_q[0] (net)
                      1.914534    0.000000    1.806232 ^ _3129_/B (sky130_fd_sc_hd__nand2_1)
     1    0.001862    0.196314    0.394480    2.200712 v _3129_/Y (sky130_fd_sc_hd__nand2_1)
                                                         _2161_ (net)
                      0.196314    0.000000    2.200712 v _3130_/B1 (sky130_fd_sc_hd__o21ai_1)
     2    0.004783    0.245241    0.214552    2.415264 ^ _3130_/Y (sky130_fd_sc_hd__o21ai_1)
                                                         _2162_ (net)
                      0.245241    0.000000    2.415264 ^ _3134_/A2 (sky130_fd_sc_hd__o21ai_1)
     2    0.004312    0.168021    0.147713    2.562978 v _3134_/Y (sky130_fd_sc_hd__o21ai_1)
                                                         _2166_ (net)
                      0.168021    0.000000    2.562978 v _3137_/A1 (sky130_fd_sc_hd__a21oi_1)
     3    0.007023    0.292875    0.348371    2.911348 ^ _3137_/Y (sky130_fd_sc_hd__a21oi_1)
                                                         _2169_ (net)
                      0.292875    0.000000    2.911348 ^ _3272_/B (sky130_fd_sc_hd__nor2_1)
     1    0.002218    0.080746    0.116005    3.027353 v _3272_/Y (sky130_fd_sc_hd__nor2_1)
                                                         _0349_ (net)
                      0.080746    0.000000    3.027353 v _3273_/A2 (sky130_fd_sc_hd__o21ai_1)
     2    0.006544    0.266971    0.283062    3.310415 ^ _3273_/Y (sky130_fd_sc_hd__o21ai_1)
                                                         _0350_ (net)
                      0.266971    0.000000    3.310415 ^ _3295_/A (sky130_fd_sc_hd__nand3_2)
     3    0.005813    0.097446    0.159122    3.469537 v _3295_/Y (sky130_fd_sc_hd__nand3_2)
                                                         _0372_ (net)
                      0.097446    0.000000    3.469537 v _3320_/A2 (sky130_fd_sc_hd__a211oi_1)
     1    0.002380    0.271020    0.373987    3.843524 ^ _3320_/Y (sky130_fd_sc_hd__a211oi_1)
                                                         _0397_ (net)
                      0.271020    0.000000    3.843524 ^ _3321_/B1 (sky130_fd_sc_hd__a21oi_1)
     2    0.004233    0.075601    0.130254    3.973778 v _3321_/Y (sky130_fd_sc_hd__a21oi_1)
                                                         _0398_ (net)
                      0.075601    0.000000    3.973778 v _3332_/B (sky130_fd_sc_hd__maj3_2)
     2    0.004282    0.077080    0.519584    4.493361 v _3332_/X (sky130_fd_sc_hd__maj3_2)
                                                         _0409_ (net)
                      0.077080    0.000000    4.493361 v _3343_/A (sky130_fd_sc_hd__nand2_1)
     1    0.002282    0.060893    0.089901    4.583262 ^ _3343_/Y (sky130_fd_sc_hd__nand2_1)
                                                         _0420_ (net)
                      0.060893    0.000000    4.583262 ^ _3346_/A (sky130_fd_sc_hd__nand2_1)
     2    0.005583    0.064351    0.082085    4.665348 v _3346_/Y (sky130_fd_sc_hd__nand2_1)
                                                         _0423_ (net)
                      0.064351    0.000000    4.665348 v _3347_/A (sky130_fd_sc_hd__inv_2)
     2    0.006544    0.058327    0.086188    4.751535 ^ _3347_/Y (sky130_fd_sc_hd__inv_2)
                                                         _0424_ (net)
                      0.058327    0.000000    4.751535 ^ _3366_/A (sky130_fd_sc_hd__nand3_2)
     2    0.004300    0.100656    0.076189    4.827724 v _3366_/Y (sky130_fd_sc_hd__nand3_2)
                                                         _0443_ (net)
                      0.100656    0.000000    4.827724 v _3387_/A (sky130_fd_sc_hd__nand4_1)
     1    0.004262    0.133139    0.142179    4.969903 ^ _3387_/Y (sky130_fd_sc_hd__nand4_1)
                                                         _0464_ (net)
                      0.133139    0.000000    4.969903 ^ _3389_/A (sky130_fd_sc_hd__nand3_2)
     4    0.009634    0.101503    0.135592    5.105494 v _3389_/Y (sky130_fd_sc_hd__nand3_2)
                                                         _0466_ (net)
                      0.101503    0.000000    5.105494 v _3390_/C (sky130_fd_sc_hd__nor3_2)
     1    0.004481    0.214783    0.213024    5.318518 ^ _3390_/Y (sky130_fd_sc_hd__nor3_2)
                                                         _0467_ (net)
                      0.214783    0.000000    5.318518 ^ _3391_/D (sky130_fd_sc_hd__nor4_2)
     3    0.012046    0.086268    0.126942    5.445460 v _3391_/Y (sky130_fd_sc_hd__nor4_2)
                                                         _0468_ (net)
                      0.086268    0.000000    5.445460 v _3395_/A3 (sky130_fd_sc_hd__o31ai_4)
     2    0.004497    0.240514    0.289880    5.735340 ^ _3395_/Y (sky130_fd_sc_hd__o31ai_4)
                                                         _0472_ (net)
                      0.240514    0.000000    5.735340 ^ _3412_/A1 (sky130_fd_sc_hd__a31oi_1)
     2    0.004312    0.100855    0.176711    5.912051 v _3412_/Y (sky130_fd_sc_hd__a31oi_1)
                                                         _0489_ (net)
                      0.100855    0.000000    5.912051 v _3417_/A1 (sky130_fd_sc_hd__a21oi_1)
     2    0.004881    0.226630    0.262937    6.174988 ^ _3417_/Y (sky130_fd_sc_hd__a21oi_1)
                                                         _0494_ (net)
                      0.226630    0.000000    6.174988 ^ _3420_/A2 (sky130_fd_sc_hd__o21bai_1)
     1    0.002171    0.056435    0.126377    6.301365 v _3420_/Y (sky130_fd_sc_hd__o21bai_1)
                                                         _0497_ (net)
                      0.056435    0.000000    6.301365 v _3475_/A1 (sky130_fd_sc_hd__a21oi_1)
     1    0.004421    0.212474    0.228661    6.530026 ^ _3475_/Y (sky130_fd_sc_hd__a21oi_1)
                                                         _0552_ (net)
                      0.212474    0.000000    6.530026 ^ _3476_/B (sky130_fd_sc_hd__xor2_1)
     2    0.006841    0.294923    0.360842    6.890869 ^ _3476_/X (sky130_fd_sc_hd__xor2_1)
                                                         _0553_ (net)
                      0.294923    0.000000    6.890869 ^ _3477_/A (sky130_fd_sc_hd__inv_2)
     3    0.025033    0.101923    0.185714    7.076583 v _3477_/Y (sky130_fd_sc_hd__inv_2)
                                                         _0554_ (net)
                      0.101923    0.000000    7.076583 v _3497_/B (sky130_fd_sc_hd__nor2_8)
    15    0.067965    0.424413    0.399136    7.475719 ^ _3497_/Y (sky130_fd_sc_hd__nor2_8)
                                                         _0574_ (net)
                      0.424413    0.000000    7.475719 ^ _3498_/B1 (sky130_fd_sc_hd__a21oi_2)
     1    0.003990    0.084458    0.123602    7.599321 v _3498_/Y (sky130_fd_sc_hd__a21oi_2)
                                                         _0575_ (net)
                      0.084458    0.000000    7.599321 v _3500_/A2 (sky130_fd_sc_hd__o21ai_2)
     1    0.001885    0.136560    0.168481    7.767803 ^ _3500_/Y (sky130_fd_sc_hd__o21ai_2)
                                                         _0015_ (net)
                      0.136560    0.000000    7.767803 ^ _4793_/D (sky130_fd_sc_hd__dfrtp_1)
                                              7.767803   data arrival time

                      0.000000   10.000000   10.000000   clock core (rise edge)
                                  0.000000   10.000000   clock network delay (ideal)
                                  0.000000   10.000000   clock reconvergence pessimism
                                             10.000000 ^ _4793_/CLK (sky130_fd_sc_hd__dfrtp_1)
                                 -0.146334    9.853665   library setup time
                                              9.853665   data required time
---------------------------------------------------------------------------------------------
                                              9.853665   data required time
                                             -7.767803   data arrival time
---------------------------------------------------------------------------------------------
                                              2.085863   slack (MET)


Startpoint: rst_ni (input port clocked by core)
Endpoint: _4716_ (recovery check against rising-edge clock core)
Path Group: asynchronous
Path Type: max

Fanout         Cap        Slew       Delay        Time   Description
---------------------------------------------------------------------------------------------
                      0.000000    0.000000    0.000000   clock core (rise edge)
                                  0.000000    0.000000   clock network delay (ideal)
                                  2.000000    2.000000 ^ input external delay
   306    1.034368    0.000000    0.000000    2.000000 ^ rst_ni (in)
                                                         rst_ni (net)
                      0.000000    0.000000    2.000000 ^ _4716_/SET_B (sky130_fd_sc_hd__dfstp_2)
                                              2.000000   data arrival time

                      0.000000   10.000000   10.000000   clock core (rise edge)
                                  0.000000   10.000000   clock network delay (ideal)
                                  0.000000   10.000000   clock reconvergence pessimism
                                             10.000000 ^ _4716_/CLK (sky130_fd_sc_hd__dfstp_2)
                                  0.198743   10.198744   library recovery time
                                             10.198744   data required time
---------------------------------------------------------------------------------------------
                                             10.198744   data required time
                                             -2.000000   data arrival time
---------------------------------------------------------------------------------------------
                                              8.198743   slack (MET)


Startpoint: rst_ni (input port clocked by core)
Endpoint: _4522_ (recovery check against rising-edge clock core)
Path Group: asynchronous
Path Type: max

Fanout         Cap        Slew       Delay        Time   Description
---------------------------------------------------------------------------------------------
                      0.000000    0.000000    0.000000   clock core (rise edge)
                                  0.000000    0.000000   clock network delay (ideal)
                                  2.000000    2.000000 ^ input external delay
   306    1.034368    0.000000    0.000000    2.000000 ^ rst_ni (in)
                                                         rst_ni (net)
                      0.000000    0.000000    2.000000 ^ _4522_/RESET_B (sky130_fd_sc_hd__dfrtp_1)
                                              2.000000   data arrival time

                      0.000000   10.000000   10.000000   clock core (rise edge)
                                  0.000000   10.000000   clock network delay (ideal)
                                  0.000000   10.000000   clock reconvergence pessimism
                                             10.000000 ^ _4522_/CLK (sky130_fd_sc_hd__dfrtp_1)
                                  0.369219   10.369220   library recovery time
                                             10.369220   data required time
---------------------------------------------------------------------------------------------
                                             10.369220   data required time
                                             -2.000000   data arrival time
---------------------------------------------------------------------------------------------
                                              8.369220   slack (MET)


Startpoint: rst_ni (input port clocked by core)
Endpoint: _4523_ (recovery check against rising-edge clock core)
Path Group: asynchronous
Path Type: max

Fanout         Cap        Slew       Delay        Time   Description
---------------------------------------------------------------------------------------------
                      0.000000    0.000000    0.000000   clock core (rise edge)
                                  0.000000    0.000000   clock network delay (ideal)
                                  2.000000    2.000000 ^ input external delay
   306    1.034368    0.000000    0.000000    2.000000 ^ rst_ni (in)
                                                         rst_ni (net)
                      0.000000    0.000000    2.000000 ^ _4523_/RESET_B (sky130_fd_sc_hd__dfrtp_1)
                                              2.000000   data arrival time

                      0.000000   10.000000   10.000000   clock core (rise edge)
                                  0.000000   10.000000   clock network delay (ideal)
                                  0.000000   10.000000   clock reconvergence pessimism
                                             10.000000 ^ _4523_/CLK (sky130_fd_sc_hd__dfrtp_1)
                                  0.369219   10.369220   library recovery time
                                             10.369220   data required time
---------------------------------------------------------------------------------------------
                                             10.369220   data required time
                                             -2.000000   data arrival time
---------------------------------------------------------------------------------------------
                                              8.369220   slack (MET)


Startpoint: rst_ni (input port clocked by core)
Endpoint: _4524_ (recovery check against rising-edge clock core)
Path Group: asynchronous
Path Type: max

Fanout         Cap        Slew       Delay        Time   Description
---------------------------------------------------------------------------------------------
                      0.000000    0.000000    0.000000   clock core (rise edge)
                                  0.000000    0.000000   clock network delay (ideal)
                                  2.000000    2.000000 ^ input external delay
   306    1.034368    0.000000    0.000000    2.000000 ^ rst_ni (in)
                                                         rst_ni (net)
                      0.000000    0.000000    2.000000 ^ _4524_/RESET_B (sky130_fd_sc_hd__dfrtp_1)
                                              2.000000   data arrival time

                      0.000000   10.000000   10.000000   clock core (rise edge)
                                  0.000000   10.000000   clock network delay (ideal)
                                  0.000000   10.000000   clock reconvergence pessimism
                                             10.000000 ^ _4524_/CLK (sky130_fd_sc_hd__dfrtp_1)
                                  0.369219   10.369220   library recovery time
                                             10.369220   data required time
---------------------------------------------------------------------------------------------
                                             10.369220   data required time
                                             -2.000000   data arrival time
---------------------------------------------------------------------------------------------
                                              8.369220   slack (MET)


Startpoint: rst_ni (input port clocked by core)
Endpoint: _4525_ (recovery check against rising-edge clock core)
Path Group: asynchronous
Path Type: max

Fanout         Cap        Slew       Delay        Time   Description
---------------------------------------------------------------------------------------------
                      0.000000    0.000000    0.000000   clock core (rise edge)
                                  0.000000    0.000000   clock network delay (ideal)
                                  2.000000    2.000000 ^ input external delay
   306    1.034368    0.000000    0.000000    2.000000 ^ rst_ni (in)
                                                         rst_ni (net)
                      0.000000    0.000000    2.000000 ^ _4525_/RESET_B (sky130_fd_sc_hd__dfrtp_1)
                                              2.000000   data arrival time

                      0.000000   10.000000   10.000000   clock core (rise edge)
                                  0.000000   10.000000   clock network delay (ideal)
                                  0.000000   10.000000   clock reconvergence pessimism
                                             10.000000 ^ _4525_/CLK (sky130_fd_sc_hd__dfrtp_1)
                                  0.369219   10.369220   library recovery time
                                             10.369220   data required time
---------------------------------------------------------------------------------------------
                                             10.369220   data required time
                                             -2.000000   data arrival time
---------------------------------------------------------------------------------------------
                                              8.369220   slack (MET)


Startpoint: rst_ni (input port clocked by core)
Endpoint: _4526_ (recovery check against rising-edge clock core)
Path Group: asynchronous
Path Type: max

Fanout         Cap        Slew       Delay        Time   Description
---------------------------------------------------------------------------------------------
                      0.000000    0.000000    0.000000   clock core (rise edge)
                                  0.000000    0.000000   clock network delay (ideal)
                                  2.000000    2.000000 ^ input external delay
   306    1.034368    0.000000    0.000000    2.000000 ^ rst_ni (in)
                                                         rst_ni (net)
                      0.000000    0.000000    2.000000 ^ _4526_/RESET_B (sky130_fd_sc_hd__dfrtp_1)
                                              2.000000   data arrival time

                      0.000000   10.000000   10.000000   clock core (rise edge)
                                  0.000000   10.000000   clock network delay (ideal)
                                  0.000000   10.000000   clock reconvergence pessimism
                                             10.000000 ^ _4526_/CLK (sky130_fd_sc_hd__dfrtp_1)
                                  0.369219   10.369220   library recovery time
                                             10.369220   data required time
---------------------------------------------------------------------------------------------
                                             10.369220   data required time
                                             -2.000000   data arrival time
---------------------------------------------------------------------------------------------
                                              8.369220   slack (MET)


Startpoint: rst_ni (input port clocked by core)
Endpoint: _4527_ (recovery check against rising-edge clock core)
Path Group: asynchronous
Path Type: max

Fanout         Cap        Slew       Delay        Time   Description
---------------------------------------------------------------------------------------------
                      0.000000    0.000000    0.000000   clock core (rise edge)
                                  0.000000    0.000000   clock network delay (ideal)
                                  2.000000    2.000000 ^ input external delay
   306    1.034368    0.000000    0.000000    2.000000 ^ rst_ni (in)
                                                         rst_ni (net)
                      0.000000    0.000000    2.000000 ^ _4527_/RESET_B (sky130_fd_sc_hd__dfrtp_1)
                                              2.000000   data arrival time

                      0.000000   10.000000   10.000000   clock core (rise edge)
                                  0.000000   10.000000   clock network delay (ideal)
                                  0.000000   10.000000   clock reconvergence pessimism
                                             10.000000 ^ _4527_/CLK (sky130_fd_sc_hd__dfrtp_1)
                                  0.369219   10.369220   library recovery time
                                             10.369220   data required time
---------------------------------------------------------------------------------------------
                                             10.369220   data required time
                                             -2.000000   data arrival time
---------------------------------------------------------------------------------------------
                                              8.369220   slack (MET)


Startpoint: rst_ni (input port clocked by core)
Endpoint: _4528_ (recovery check against rising-edge clock core)
Path Group: asynchronous
Path Type: max

Fanout         Cap        Slew       Delay        Time   Description
---------------------------------------------------------------------------------------------
                      0.000000    0.000000    0.000000   clock core (rise edge)
                                  0.000000    0.000000   clock network delay (ideal)
                                  2.000000    2.000000 ^ input external delay
   306    1.034368    0.000000    0.000000    2.000000 ^ rst_ni (in)
                                                         rst_ni (net)
                      0.000000    0.000000    2.000000 ^ _4528_/RESET_B (sky130_fd_sc_hd__dfrtp_1)
                                              2.000000   data arrival time

                      0.000000   10.000000   10.000000   clock core (rise edge)
                                  0.000000   10.000000   clock network delay (ideal)
                                  0.000000   10.000000   clock reconvergence pessimism
                                             10.000000 ^ _4528_/CLK (sky130_fd_sc_hd__dfrtp_1)
                                  0.369219   10.369220   library recovery time
                                             10.369220   data required time
---------------------------------------------------------------------------------------------
                                             10.369220   data required time
                                             -2.000000   data arrival time
---------------------------------------------------------------------------------------------
                                              8.369220   slack (MET)


Startpoint: rst_ni (input port clocked by core)
Endpoint: _4529_ (recovery check against rising-edge clock core)
Path Group: asynchronous
Path Type: max

Fanout         Cap        Slew       Delay        Time   Description
---------------------------------------------------------------------------------------------
                      0.000000    0.000000    0.000000   clock core (rise edge)
                                  0.000000    0.000000   clock network delay (ideal)
                                  2.000000    2.000000 ^ input external delay
   306    1.034368    0.000000    0.000000    2.000000 ^ rst_ni (in)
                                                         rst_ni (net)
                      0.000000    0.000000    2.000000 ^ _4529_/RESET_B (sky130_fd_sc_hd__dfrtp_1)
                                              2.000000   data arrival time

                      0.000000   10.000000   10.000000   clock core (rise edge)
                                  0.000000   10.000000   clock network delay (ideal)
                                  0.000000   10.000000   clock reconvergence pessimism
                                             10.000000 ^ _4529_/CLK (sky130_fd_sc_hd__dfrtp_1)
                                  0.369219   10.369220   library recovery time
                                             10.369220   data required time
---------------------------------------------------------------------------------------------
                                             10.369220   data required time
                                             -2.000000   data arrival time
---------------------------------------------------------------------------------------------
                                              8.369220   slack (MET)


Startpoint: rst_ni (input port clocked by core)
Endpoint: _4530_ (recovery check against rising-edge clock core)
Path Group: asynchronous
Path Type: max

Fanout         Cap        Slew       Delay        Time   Description
---------------------------------------------------------------------------------------------
                      0.000000    0.000000    0.000000   clock core (rise edge)
                                  0.000000    0.000000   clock network delay (ideal)
                                  2.000000    2.000000 ^ input external delay
   306    1.034368    0.000000    0.000000    2.000000 ^ rst_ni (in)
                                                         rst_ni (net)
                      0.000000    0.000000    2.000000 ^ _4530_/RESET_B (sky130_fd_sc_hd__dfrtp_1)
                                              2.000000   data arrival time

                      0.000000   10.000000   10.000000   clock core (rise edge)
                                  0.000000   10.000000   clock network delay (ideal)
                                  0.000000   10.000000   clock reconvergence pessimism
                                             10.000000 ^ _4530_/CLK (sky130_fd_sc_hd__dfrtp_1)
                                  0.369219   10.369220   library recovery time
                                             10.369220   data required time
---------------------------------------------------------------------------------------------
                                             10.369220   data required time
                                             -2.000000   data arrival time
---------------------------------------------------------------------------------------------
                                              8.369220   slack (MET)

=== FlexSoC normalized power fields ===
dynamic_power_definition=internal_power+switching_power
power_unit=OpenSTA report unit; see Units section
internal_power=0.00123
switching_power=4.19e-05
dynamic_power=0.0012719
leakage_power=4.44e-09
total_power=0.00127

=== Gate-level timing/power fusion ===
power_semantics=average_instance_power_from_the_same_VCD_SAIF_context
path_power_sum=unique_instance_average_power_sum_not_incremental_path_energy
fanout_capacitance_source=OpenSTA_report_checks_output_pin_fields

Worst path 1: status=met slack=2.07974 type=max group=core
startpoint=_4720_ (rising edge-triggered flip-flop clocked by core)
endpoint=_4781_ (rising edge-triggered flip-flop clocked by core)
path_power_complete=true
path_average_power_sum internal=7.90864e-06 switching=1.00417e-07 dynamic=8.00905e-06 leakage=9.59633e-11 total=8.00915e-06
stage instance cell pins fanout capacitance slew delay arrival internal switching dynamic leakage total
1 _4720_ sky130_fd_sc_hd__dfrtp_1 CLK,Q 68 0.144507 1.91453 1.80623 1.80623 3.92114e-06 0 3.92114e-06 5.009e-12 3.92115e-06
2 _3129_ sky130_fd_sc_hd__nand2_1 B,Y 1 0.001862 0.196314 0.39448 2.20071 1.17026e-10 8.89194e-10 1.00622e-09 1.8373e-14 1.00624e-09
3 _3130_ sky130_fd_sc_hd__o21ai_1 B1,Y 2 0.004783 0.245241 0.214552 2.41526 2.75467e-10 2.21396e-09 2.48943e-09 3.62908e-14 2.48946e-09
4 _3134_ sky130_fd_sc_hd__o21ai_1 A2,Y 2 0.004312 0.168021 0.147713 2.56298 1.59675e-09 2.13666e-09 3.73341e-09 1.77729e-12 3.73519e-09
5 _3137_ sky130_fd_sc_hd__a21oi_1 A1,Y 3 0.007023 0.292875 0.348371 2.91135 1.5833e-09 3.25081e-09 4.83411e-09 3.889e-14 4.83415e-09
6 _3272_ sky130_fd_sc_hd__nor2_1 B,Y 1 0.002218 0.080746 0.116005 3.02735 9.26596e-10 1.15767e-09 2.08426e-09 1.77842e-12 2.08604e-09
7 _3273_ sky130_fd_sc_hd__o21ai_1 A2,Y 2 0.006544 0.266971 0.283062 3.31041 5.15789e-13 3.02909e-09 3.02961e-09 6.2061e-12 3.03582e-09
8 _3295_ sky130_fd_sc_hd__nand3_2 A,Y 3 0.005813 0.097446 0.159122 3.46954 3.47366e-10 2.91013e-09 3.2575e-09 3.24045e-13 3.25782e-09
9 _3320_ sky130_fd_sc_hd__a211oi_1 A2,Y 1 0.00238 0.27102 0.373987 3.84352 2.41998e-09 1.10166e-09 3.52164e-09 1.76742e-12 3.52341e-09
10 _3321_ sky130_fd_sc_hd__a21oi_1 B1,Y 2 0.004233 0.075601 0.130254 3.97378 1.34858e-09 2.15749e-09 3.50607e-09 2.17344e-14 3.50609e-09
11 _3332_ sky130_fd_sc_hd__maj3_2 B,X 2 0.004282 0.07708 0.519584 4.49336 5.03091e-09 2.11259e-09 7.1435e-09 6.80124e-12 7.1503e-09
12 _3343_ sky130_fd_sc_hd__nand2_1 A,Y 1 0.002282 0.060893 0.089901 4.58326 1.1585e-09 1.05629e-09 2.2148e-09 3.55253e-12 2.21835e-09
13 _3346_ sky130_fd_sc_hd__nand2_1 A,Y 2 0.005583 0.064351 0.082085 4.66535 1.1719e-10 2.8444e-09 2.96159e-09 6.6251e-15 2.9616e-09
14 _3347_ sky130_fd_sc_hd__inv_2 A,Y 2 0.006544 0.058327 0.086188 4.75153 1.14194e-09 3.02909e-09 4.17103e-09 3.55239e-12 4.17459e-09
15 _3366_ sky130_fd_sc_hd__nand3_2 A,Y 2 0.0043 0.100656 0.076189 4.82772 3.43883e-10 2.10426e-09 2.44814e-09 9.3194e-12 2.45746e-09
16 _3387_ sky130_fd_sc_hd__nand4_1 A,Y 1 0.004262 0.133139 0.142179 4.9699 2.08498e-09 1.9728e-09 4.05778e-09 7.07148e-12 4.06485e-09
17 _3389_ sky130_fd_sc_hd__nand3_2 A,Y 4 0.009634 0.101503 0.135592 5.10549 3.42604e-10 5.03661e-09 5.37921e-09 9.3194e-12 5.38853e-09
18 _3390_ sky130_fd_sc_hd__nor3_2 C,Y 1 0.004481 0.214783 0.213024 5.31852 3.37516e-09 2.07417e-09 5.44933e-09 3.53404e-12 5.45287e-09
19 _3391_ sky130_fd_sc_hd__nor4_2 D,Y 3 0.012046 0.086268 0.126942 5.44546 5.29491e-09 6.31231e-09 1.16072e-08 1.55e-13 1.16074e-08
20 _3395_ sky130_fd_sc_hd__o31ai_4 A3,Y 2 0.004497 0.240514 0.28988 5.73534 4.98419e-09 2.08158e-09 7.06577e-09 1.41243e-11 7.07989e-09
21 _3412_ sky130_fd_sc_hd__a31oi_1 A1,Y 2 0.004312 0.100855 0.176711 5.91205 1.93211e-09 2.13666e-09 4.06877e-09 2.26234e-14 4.06879e-09
22 _3417_ sky130_fd_sc_hd__a21oi_1 A1,Y 2 0.004881 0.22663 0.262937 6.17499 1.76502e-09 2.25932e-09 4.02435e-09 7.95428e-12 4.0323e-09
23 _3486_ sky130_fd_sc_hd__o21ai_1 A2,Y 1 0.004235 0.091933 0.140872 6.31586 1.97737e-09 2.02603e-09 4.0034e-09 3.89722e-14 4.00343e-09
24 _3487_ sky130_fd_sc_hd__xnor2_1 B,Y 3 0.008297 0.104309 0.216664 6.53252 3.54397e-09 4.25619e-09 7.80016e-09 3.55323e-12 7.80371e-09
25 _3496_ sky130_fd_sc_hd__nor3_2 B,Y 1 0.017088 0.520677 0.520092 7.05262 3.61681e-09 7.90971e-09 1.15265e-08 1.047e-13 1.15266e-08
26 _3497_ sky130_fd_sc_hd__nor2_8 A,Y 15 0.05958 0.129747 0.23011 7.28273 1.03944e-08 3.14597e-08 4.18541e-08 7.06371e-13 4.18548e-08
27 _3592_ sky130_fd_sc_hd__a21oi_2 B1,Y 1 0.004377 0.150502 0.209519 7.49224 3.20092e-09 2.02603e-09 5.22695e-09 8.98889e-14 5.22704e-09
28 _3593_ sky130_fd_sc_hd__o22ai_2 B2,Y 1 0.001762 0.203943 0.096657 7.5889 7.43497e-09 8.72531e-10 8.3075e-09 4.07024e-12 8.31157e-09
29 _4781_ sky130_fd_sc_hd__dfrtp_1 D - - 0.203943 0 7.5889 3.92114e-06 0 3.92114e-06 5.009e-12 3.92114e-06

Worst path 2: status=met slack=2.07974 type=max group=core
startpoint=_4720_ (rising edge-triggered flip-flop clocked by core)
endpoint=_4792_ (rising edge-triggered flip-flop clocked by core)
path_power_complete=true
path_average_power_sum internal=7.90864e-06 switching=1.00417e-07 dynamic=8.00905e-06 leakage=9.59633e-11 total=8.00915e-06
stage instance cell pins fanout capacitance slew delay arrival internal switching dynamic leakage total
1 _4720_ sky130_fd_sc_hd__dfrtp_1 CLK,Q 68 0.144507 1.91453 1.80623 1.80623 3.92114e-06 0 3.92114e-06 5.009e-12 3.92115e-06
2 _3129_ sky130_fd_sc_hd__nand2_1 B,Y 1 0.001862 0.196314 0.39448 2.20071 1.17026e-10 8.89194e-10 1.00622e-09 1.8373e-14 1.00624e-09
3 _3130_ sky130_fd_sc_hd__o21ai_1 B1,Y 2 0.004783 0.245241 0.214552 2.41526 2.75467e-10 2.21396e-09 2.48943e-09 3.62908e-14 2.48946e-09
4 _3134_ sky130_fd_sc_hd__o21ai_1 A2,Y 2 0.004312 0.168021 0.147713 2.56298 1.59675e-09 2.13666e-09 3.73341e-09 1.77729e-12 3.73519e-09
5 _3137_ sky130_fd_sc_hd__a21oi_1 A1,Y 3 0.007023 0.292875 0.348371 2.91135 1.5833e-09 3.25081e-09 4.83411e-09 3.889e-14 4.83415e-09
6 _3272_ sky130_fd_sc_hd__nor2_1 B,Y 1 0.002218 0.080746 0.116005 3.02735 9.26596e-10 1.15767e-09 2.08426e-09 1.77842e-12 2.08604e-09
7 _3273_ sky130_fd_sc_hd__o21ai_1 A2,Y 2 0.006544 0.266971 0.283062 3.31041 5.15789e-13 3.02909e-09 3.02961e-09 6.2061e-12 3.03582e-09
8 _3295_ sky130_fd_sc_hd__nand3_2 A,Y 3 0.005813 0.097446 0.159122 3.46954 3.47366e-10 2.91013e-09 3.2575e-09 3.24045e-13 3.25782e-09
9 _3320_ sky130_fd_sc_hd__a211oi_1 A2,Y 1 0.00238 0.27102 0.373987 3.84352 2.41998e-09 1.10166e-09 3.52164e-09 1.76742e-12 3.52341e-09
10 _3321_ sky130_fd_sc_hd__a21oi_1 B1,Y 2 0.004233 0.075601 0.130254 3.97378 1.34858e-09 2.15749e-09 3.50607e-09 2.17344e-14 3.50609e-09
11 _3332_ sky130_fd_sc_hd__maj3_2 B,X 2 0.004282 0.07708 0.519584 4.49336 5.03091e-09 2.11259e-09 7.1435e-09 6.80124e-12 7.1503e-09
12 _3343_ sky130_fd_sc_hd__nand2_1 A,Y 1 0.002282 0.060893 0.089901 4.58326 1.1585e-09 1.05629e-09 2.2148e-09 3.55253e-12 2.21835e-09
13 _3346_ sky130_fd_sc_hd__nand2_1 A,Y 2 0.005583 0.064351 0.082085 4.66535 1.1719e-10 2.8444e-09 2.96159e-09 6.6251e-15 2.9616e-09
14 _3347_ sky130_fd_sc_hd__inv_2 A,Y 2 0.006544 0.058327 0.086188 4.75153 1.14194e-09 3.02909e-09 4.17103e-09 3.55239e-12 4.17459e-09
15 _3366_ sky130_fd_sc_hd__nand3_2 A,Y 2 0.0043 0.100656 0.076189 4.82772 3.43883e-10 2.10426e-09 2.44814e-09 9.3194e-12 2.45746e-09
16 _3387_ sky130_fd_sc_hd__nand4_1 A,Y 1 0.004262 0.133139 0.142179 4.9699 2.08498e-09 1.9728e-09 4.05778e-09 7.07148e-12 4.06485e-09
17 _3389_ sky130_fd_sc_hd__nand3_2 A,Y 4 0.009634 0.101503 0.135592 5.10549 3.42604e-10 5.03661e-09 5.37921e-09 9.3194e-12 5.38853e-09
18 _3390_ sky130_fd_sc_hd__nor3_2 C,Y 1 0.004481 0.214783 0.213024 5.31852 3.37516e-09 2.07417e-09 5.44933e-09 3.53404e-12 5.45287e-09
19 _3391_ sky130_fd_sc_hd__nor4_2 D,Y 3 0.012046 0.086268 0.126942 5.44546 5.29491e-09 6.31231e-09 1.16072e-08 1.55e-13 1.16074e-08
20 _3395_ sky130_fd_sc_hd__o31ai_4 A3,Y 2 0.004497 0.240514 0.28988 5.73534 4.98419e-09 2.08158e-09 7.06577e-09 1.41243e-11 7.07989e-09
21 _3412_ sky130_fd_sc_hd__a31oi_1 A1,Y 2 0.004312 0.100855 0.176711 5.91205 1.93211e-09 2.13666e-09 4.06877e-09 2.26234e-14 4.06879e-09
22 _3417_ sky130_fd_sc_hd__a21oi_1 A1,Y 2 0.004881 0.22663 0.262937 6.17499 1.76502e-09 2.25932e-09 4.02435e-09 7.95428e-12 4.0323e-09
23 _3486_ sky130_fd_sc_hd__o21ai_1 A2,Y 1 0.004235 0.091933 0.140872 6.31586 1.97737e-09 2.02603e-09 4.0034e-09 3.89722e-14 4.00343e-09
24 _3487_ sky130_fd_sc_hd__xnor2_1 B,Y 3 0.008297 0.104309 0.216664 6.53252 3.54397e-09 4.25619e-09 7.80016e-09 3.55323e-12 7.80371e-09
25 _3496_ sky130_fd_sc_hd__nor3_2 B,Y 1 0.017088 0.520677 0.520092 7.05262 3.61681e-09 7.90971e-09 1.15265e-08 1.047e-13 1.15266e-08
26 _3497_ sky130_fd_sc_hd__nor2_8 A,Y 15 0.05958 0.129747 0.23011 7.28273 1.03944e-08 3.14597e-08 4.18541e-08 7.06371e-13 4.18548e-08
27 _3506_ sky130_fd_sc_hd__a21oi_2 B1,Y 1 0.004377 0.150503 0.209519 7.49224 3.20009e-09 2.02603e-09 5.22612e-09 8.98889e-14 5.22621e-09
28 _3507_ sky130_fd_sc_hd__o22ai_2 B2,Y 1 0.001762 0.203943 0.096658 7.5889 7.43497e-09 8.72531e-10 8.3075e-09 4.07024e-12 8.31157e-09
29 _4792_ sky130_fd_sc_hd__dfrtp_1 D - - 0.203943 0 7.5889 3.92114e-06 0 3.92114e-06 5.009e-12 3.92114e-06

Worst path 3: status=met slack=2.07974 type=max group=core
startpoint=_4720_ (rising edge-triggered flip-flop clocked by core)
endpoint=_4780_ (rising edge-triggered flip-flop clocked by core)
path_power_complete=true
path_average_power_sum internal=7.90867e-06 switching=1.00417e-07 dynamic=8.00909e-06 leakage=9.59633e-11 total=8.00918e-06
stage instance cell pins fanout capacitance slew delay arrival internal switching dynamic leakage total
1 _4720_ sky130_fd_sc_hd__dfrtp_1 CLK,Q 68 0.144507 1.91453 1.80623 1.80623 3.92114e-06 0 3.92114e-06 5.009e-12 3.92115e-06
2 _3129_ sky130_fd_sc_hd__nand2_1 B,Y 1 0.001862 0.196314 0.39448 2.20071 1.17026e-10 8.89194e-10 1.00622e-09 1.8373e-14 1.00624e-09
3 _3130_ sky130_fd_sc_hd__o21ai_1 B1,Y 2 0.004783 0.245241 0.214552 2.41526 2.75467e-10 2.21396e-09 2.48943e-09 3.62908e-14 2.48946e-09
4 _3134_ sky130_fd_sc_hd__o21ai_1 A2,Y 2 0.004312 0.168021 0.147713 2.56298 1.59675e-09 2.13666e-09 3.73341e-09 1.77729e-12 3.73519e-09
5 _3137_ sky130_fd_sc_hd__a21oi_1 A1,Y 3 0.007023 0.292875 0.348371 2.91135 1.5833e-09 3.25081e-09 4.83411e-09 3.889e-14 4.83415e-09
6 _3272_ sky130_fd_sc_hd__nor2_1 B,Y 1 0.002218 0.080746 0.116005 3.02735 9.26596e-10 1.15767e-09 2.08426e-09 1.77842e-12 2.08604e-09
7 _3273_ sky130_fd_sc_hd__o21ai_1 A2,Y 2 0.006544 0.266971 0.283062 3.31041 5.15789e-13 3.02909e-09 3.02961e-09 6.2061e-12 3.03582e-09
8 _3295_ sky130_fd_sc_hd__nand3_2 A,Y 3 0.005813 0.097446 0.159122 3.46954 3.47366e-10 2.91013e-09 3.2575e-09 3.24045e-13 3.25782e-09
9 _3320_ sky130_fd_sc_hd__a211oi_1 A2,Y 1 0.00238 0.27102 0.373987 3.84352 2.41998e-09 1.10166e-09 3.52164e-09 1.76742e-12 3.52341e-09
10 _3321_ sky130_fd_sc_hd__a21oi_1 B1,Y 2 0.004233 0.075601 0.130254 3.97378 1.34858e-09 2.15749e-09 3.50607e-09 2.17344e-14 3.50609e-09
11 _3332_ sky130_fd_sc_hd__maj3_2 B,X 2 0.004282 0.07708 0.519584 4.49336 5.03091e-09 2.11259e-09 7.1435e-09 6.80124e-12 7.1503e-09
12 _3343_ sky130_fd_sc_hd__nand2_1 A,Y 1 0.002282 0.060893 0.089901 4.58326 1.1585e-09 1.05629e-09 2.2148e-09 3.55253e-12 2.21835e-09
13 _3346_ sky130_fd_sc_hd__nand2_1 A,Y 2 0.005583 0.064351 0.082085 4.66535 1.1719e-10 2.8444e-09 2.96159e-09 6.6251e-15 2.9616e-09
14 _3347_ sky130_fd_sc_hd__inv_2 A,Y 2 0.006544 0.058327 0.086188 4.75153 1.14194e-09 3.02909e-09 4.17103e-09 3.55239e-12 4.17459e-09
15 _3366_ sky130_fd_sc_hd__nand3_2 A,Y 2 0.0043 0.100656 0.076189 4.82772 3.43883e-10 2.10426e-09 2.44814e-09 9.3194e-12 2.45746e-09
16 _3387_ sky130_fd_sc_hd__nand4_1 A,Y 1 0.004262 0.133139 0.142179 4.9699 2.08498e-09 1.9728e-09 4.05778e-09 7.07148e-12 4.06485e-09
17 _3389_ sky130_fd_sc_hd__nand3_2 A,Y 4 0.009634 0.101503 0.135592 5.10549 3.42604e-10 5.03661e-09 5.37921e-09 9.3194e-12 5.38853e-09
18 _3390_ sky130_fd_sc_hd__nor3_2 C,Y 1 0.004481 0.214783 0.213024 5.31852 3.37516e-09 2.07417e-09 5.44933e-09 3.53404e-12 5.45287e-09
19 _3391_ sky130_fd_sc_hd__nor4_2 D,Y 3 0.012046 0.086268 0.126942 5.44546 5.29491e-09 6.31231e-09 1.16072e-08 1.55e-13 1.16074e-08
20 _3395_ sky130_fd_sc_hd__o31ai_4 A3,Y 2 0.004497 0.240514 0.28988 5.73534 4.98419e-09 2.08158e-09 7.06577e-09 1.41243e-11 7.07989e-09
21 _3412_ sky130_fd_sc_hd__a31oi_1 A1,Y 2 0.004312 0.100855 0.176711 5.91205 1.93211e-09 2.13666e-09 4.06877e-09 2.26234e-14 4.06879e-09
22 _3417_ sky130_fd_sc_hd__a21oi_1 A1,Y 2 0.004881 0.22663 0.262937 6.17499 1.76502e-09 2.25932e-09 4.02435e-09 7.95428e-12 4.0323e-09
23 _3486_ sky130_fd_sc_hd__o21ai_1 A2,Y 1 0.004235 0.091933 0.140872 6.31586 1.97737e-09 2.02603e-09 4.0034e-09 3.89722e-14 4.00343e-09
24 _3487_ sky130_fd_sc_hd__xnor2_1 B,Y 3 0.008297 0.104309 0.216664 6.53252 3.54397e-09 4.25619e-09 7.80016e-09 3.55323e-12 7.80371e-09
25 _3496_ sky130_fd_sc_hd__nor3_2 B,Y 1 0.017088 0.520677 0.520092 7.05262 3.61681e-09 7.90971e-09 1.15265e-08 1.047e-13 1.15266e-08
26 _3497_ sky130_fd_sc_hd__nor2_8 A,Y 15 0.05958 0.129747 0.23011 7.28273 1.03944e-08 3.14597e-08 4.18541e-08 7.06371e-13 4.18548e-08
27 _3601_ sky130_fd_sc_hd__a21oi_2 B1,Y 1 0.004377 0.150487 0.209519 7.49224 3.2359e-09 2.02603e-09 5.26193e-09 8.98889e-14 5.26202e-09
28 _3602_ sky130_fd_sc_hd__o22ai_2 B2,Y 1 0.001762 0.203943 0.096652 7.5889 7.43497e-09 8.72531e-10 8.3075e-09 4.07024e-12 8.31157e-09
29 _4780_ sky130_fd_sc_hd__dfrtp_1 D - - 0.203943 0 7.5889 3.92114e-06 0 3.92114e-06 5.009e-12 3.92114e-06

Worst path 4: status=met slack=2.08586 type=max group=core
startpoint=_4720_ (rising edge-triggered flip-flop clocked by core)
endpoint=_4786_ (rising edge-triggered flip-flop clocked by core)
path_power_complete=true
path_average_power_sum internal=7.90314e-06 switching=1.05581e-07 dynamic=8.00872e-06 leakage=9.92129e-11 total=8.00882e-06
stage instance cell pins fanout capacitance slew delay arrival internal switching dynamic leakage total
1 _4720_ sky130_fd_sc_hd__dfrtp_1 CLK,Q 68 0.144507 1.91453 1.80623 1.80623 3.92114e-06 0 3.92114e-06 5.009e-12 3.92115e-06
2 _3129_ sky130_fd_sc_hd__nand2_1 B,Y 1 0.001862 0.196314 0.39448 2.20071 1.17026e-10 8.89194e-10 1.00622e-09 1.8373e-14 1.00624e-09
3 _3130_ sky130_fd_sc_hd__o21ai_1 B1,Y 2 0.004783 0.245241 0.214552 2.41526 2.75467e-10 2.21396e-09 2.48943e-09 3.62908e-14 2.48946e-09
4 _3134_ sky130_fd_sc_hd__o21ai_1 A2,Y 2 0.004312 0.168021 0.147713 2.56298 1.59675e-09 2.13666e-09 3.73341e-09 1.77729e-12 3.73519e-09
5 _3137_ sky130_fd_sc_hd__a21oi_1 A1,Y 3 0.007023 0.292875 0.348371 2.91135 1.5833e-09 3.25081e-09 4.83411e-09 3.889e-14 4.83415e-09
6 _3272_ sky130_fd_sc_hd__nor2_1 B,Y 1 0.002218 0.080746 0.116005 3.02735 9.26596e-10 1.15767e-09 2.08426e-09 1.77842e-12 2.08604e-09
7 _3273_ sky130_fd_sc_hd__o21ai_1 A2,Y 2 0.006544 0.266971 0.283062 3.31041 5.15789e-13 3.02909e-09 3.02961e-09 6.2061e-12 3.03582e-09
8 _3295_ sky130_fd_sc_hd__nand3_2 A,Y 3 0.005813 0.097446 0.159122 3.46954 3.47366e-10 2.91013e-09 3.2575e-09 3.24045e-13 3.25782e-09
9 _3320_ sky130_fd_sc_hd__a211oi_1 A2,Y 1 0.00238 0.27102 0.373987 3.84352 2.41998e-09 1.10166e-09 3.52164e-09 1.76742e-12 3.52341e-09
10 _3321_ sky130_fd_sc_hd__a21oi_1 B1,Y 2 0.004233 0.075601 0.130254 3.97378 1.34858e-09 2.15749e-09 3.50607e-09 2.17344e-14 3.50609e-09
11 _3332_ sky130_fd_sc_hd__maj3_2 B,X 2 0.004282 0.07708 0.519584 4.49336 5.03091e-09 2.11259e-09 7.1435e-09 6.80124e-12 7.1503e-09
12 _3343_ sky130_fd_sc_hd__nand2_1 A,Y 1 0.002282 0.060893 0.089901 4.58326 1.1585e-09 1.05629e-09 2.2148e-09 3.55253e-12 2.21835e-09
13 _3346_ sky130_fd_sc_hd__nand2_1 A,Y 2 0.005583 0.064351 0.082085 4.66535 1.1719e-10 2.8444e-09 2.96159e-09 6.6251e-15 2.9616e-09
14 _3347_ sky130_fd_sc_hd__inv_2 A,Y 2 0.006544 0.058327 0.086188 4.75153 1.14194e-09 3.02909e-09 4.17103e-09 3.55239e-12 4.17459e-09
15 _3366_ sky130_fd_sc_hd__nand3_2 A,Y 2 0.0043 0.100656 0.076189 4.82772 3.43883e-10 2.10426e-09 2.44814e-09 9.3194e-12 2.45746e-09
16 _3387_ sky130_fd_sc_hd__nand4_1 A,Y 1 0.004262 0.133139 0.142179 4.9699 2.08498e-09 1.9728e-09 4.05778e-09 7.07148e-12 4.06485e-09
17 _3389_ sky130_fd_sc_hd__nand3_2 A,Y 4 0.009634 0.101503 0.135592 5.10549 3.42604e-10 5.03661e-09 5.37921e-09 9.3194e-12 5.38853e-09
18 _3390_ sky130_fd_sc_hd__nor3_2 C,Y 1 0.004481 0.214783 0.213024 5.31852 3.37516e-09 2.07417e-09 5.44933e-09 3.53404e-12 5.45287e-09
19 _3391_ sky130_fd_sc_hd__nor4_2 D,Y 3 0.012046 0.086268 0.126942 5.44546 5.29491e-09 6.31231e-09 1.16072e-08 1.55e-13 1.16074e-08
20 _3395_ sky130_fd_sc_hd__o31ai_4 A3,Y 2 0.004497 0.240514 0.28988 5.73534 4.98419e-09 2.08158e-09 7.06577e-09 1.41243e-11 7.07989e-09
21 _3412_ sky130_fd_sc_hd__a31oi_1 A1,Y 2 0.004312 0.100855 0.176711 5.91205 1.93211e-09 2.13666e-09 4.06877e-09 2.26234e-14 4.06879e-09
22 _3417_ sky130_fd_sc_hd__a21oi_1 A1,Y 2 0.004881 0.22663 0.262937 6.17499 1.76502e-09 2.25932e-09 4.02435e-09 7.95428e-12 4.0323e-09
23 _3420_ sky130_fd_sc_hd__o21bai_1 A2,Y 1 0.002171 0.056435 0.126377 6.30136 3.47104e-09 1.08036e-09 4.5514e-09 1.65428e-14 4.55142e-09
24 _3475_ sky130_fd_sc_hd__a21oi_1 A1,Y 1 0.004421 0.212474 0.228661 6.53003 1.93521e-09 2.0464e-09 3.9816e-09 2.18853e-13 3.98182e-09
25 _3476_ sky130_fd_sc_hd__xor2_1 B,X 2 0.006841 0.294923 0.360842 6.89087 2.11518e-09 3.16657e-09 5.28175e-09 1.68098e-13 5.28191e-09
26 _3477_ sky130_fd_sc_hd__inv_2 A,Y 3 0.025033 0.101923 0.185714 7.07658 1.15855e-09 1.30037e-08 1.41623e-08 3.5491e-12 1.41658e-08
27 _3497_ sky130_fd_sc_hd__nor2_8 B,Y 15 0.067965 0.424413 0.399136 7.47572 1.03944e-08 3.14597e-08 4.18541e-08 7.06371e-13 4.18548e-08
28 _3558_ sky130_fd_sc_hd__a21oi_2 B1,Y 1 0.00399 0.084458 0.123602 7.59932 3.20721e-09 2.08482e-09 5.29202e-09 8.98889e-14 5.29211e-09
29 _3560_ sky130_fd_sc_hd__o21ai_2 A2,Y 1 0.001885 0.13656 0.168481 7.7678 2.38753e-09 8.72531e-10 3.26006e-09 7.06412e-12 3.26713e-09
30 _4786_ sky130_fd_sc_hd__dfrtp_1 D - - 0.13656 0 7.7678 3.92114e-06 0 3.92114e-06 5.009e-12 3.92115e-06

Worst path 5: status=met slack=2.08586 type=max group=core
startpoint=_4720_ (rising edge-triggered flip-flop clocked by core)
endpoint=_4787_ (rising edge-triggered flip-flop clocked by core)
path_power_complete=true
path_average_power_sum internal=7.90313e-06 switching=1.05581e-07 dynamic=8.00871e-06 leakage=9.92129e-11 total=8.00881e-06
stage instance cell pins fanout capacitance slew delay arrival internal switching dynamic leakage total
1 _4720_ sky130_fd_sc_hd__dfrtp_1 CLK,Q 68 0.144507 1.91453 1.80623 1.80623 3.92114e-06 0 3.92114e-06 5.009e-12 3.92115e-06
2 _3129_ sky130_fd_sc_hd__nand2_1 B,Y 1 0.001862 0.196314 0.39448 2.20071 1.17026e-10 8.89194e-10 1.00622e-09 1.8373e-14 1.00624e-09
3 _3130_ sky130_fd_sc_hd__o21ai_1 B1,Y 2 0.004783 0.245241 0.214552 2.41526 2.75467e-10 2.21396e-09 2.48943e-09 3.62908e-14 2.48946e-09
4 _3134_ sky130_fd_sc_hd__o21ai_1 A2,Y 2 0.004312 0.168021 0.147713 2.56298 1.59675e-09 2.13666e-09 3.73341e-09 1.77729e-12 3.73519e-09
5 _3137_ sky130_fd_sc_hd__a21oi_1 A1,Y 3 0.007023 0.292875 0.348371 2.91135 1.5833e-09 3.25081e-09 4.83411e-09 3.889e-14 4.83415e-09
6 _3272_ sky130_fd_sc_hd__nor2_1 B,Y 1 0.002218 0.080746 0.116005 3.02735 9.26596e-10 1.15767e-09 2.08426e-09 1.77842e-12 2.08604e-09
7 _3273_ sky130_fd_sc_hd__o21ai_1 A2,Y 2 0.006544 0.266971 0.283062 3.31041 5.15789e-13 3.02909e-09 3.02961e-09 6.2061e-12 3.03582e-09
8 _3295_ sky130_fd_sc_hd__nand3_2 A,Y 3 0.005813 0.097446 0.159122 3.46954 3.47366e-10 2.91013e-09 3.2575e-09 3.24045e-13 3.25782e-09
9 _3320_ sky130_fd_sc_hd__a211oi_1 A2,Y 1 0.00238 0.27102 0.373987 3.84352 2.41998e-09 1.10166e-09 3.52164e-09 1.76742e-12 3.52341e-09
10 _3321_ sky130_fd_sc_hd__a21oi_1 B1,Y 2 0.004233 0.075601 0.130254 3.97378 1.34858e-09 2.15749e-09 3.50607e-09 2.17344e-14 3.50609e-09
11 _3332_ sky130_fd_sc_hd__maj3_2 B,X 2 0.004282 0.07708 0.519584 4.49336 5.03091e-09 2.11259e-09 7.1435e-09 6.80124e-12 7.1503e-09
12 _3343_ sky130_fd_sc_hd__nand2_1 A,Y 1 0.002282 0.060893 0.089901 4.58326 1.1585e-09 1.05629e-09 2.2148e-09 3.55253e-12 2.21835e-09
13 _3346_ sky130_fd_sc_hd__nand2_1 A,Y 2 0.005583 0.064351 0.082085 4.66535 1.1719e-10 2.8444e-09 2.96159e-09 6.6251e-15 2.9616e-09
14 _3347_ sky130_fd_sc_hd__inv_2 A,Y 2 0.006544 0.058327 0.086188 4.75153 1.14194e-09 3.02909e-09 4.17103e-09 3.55239e-12 4.17459e-09
15 _3366_ sky130_fd_sc_hd__nand3_2 A,Y 2 0.0043 0.100656 0.076189 4.82772 3.43883e-10 2.10426e-09 2.44814e-09 9.3194e-12 2.45746e-09
16 _3387_ sky130_fd_sc_hd__nand4_1 A,Y 1 0.004262 0.133139 0.142179 4.9699 2.08498e-09 1.9728e-09 4.05778e-09 7.07148e-12 4.06485e-09
17 _3389_ sky130_fd_sc_hd__nand3_2 A,Y 4 0.009634 0.101503 0.135592 5.10549 3.42604e-10 5.03661e-09 5.37921e-09 9.3194e-12 5.38853e-09
18 _3390_ sky130_fd_sc_hd__nor3_2 C,Y 1 0.004481 0.214783 0.213024 5.31852 3.37516e-09 2.07417e-09 5.44933e-09 3.53404e-12 5.45287e-09
19 _3391_ sky130_fd_sc_hd__nor4_2 D,Y 3 0.012046 0.086268 0.126942 5.44546 5.29491e-09 6.31231e-09 1.16072e-08 1.55e-13 1.16074e-08
20 _3395_ sky130_fd_sc_hd__o31ai_4 A3,Y 2 0.004497 0.240514 0.28988 5.73534 4.98419e-09 2.08158e-09 7.06577e-09 1.41243e-11 7.07989e-09
21 _3412_ sky130_fd_sc_hd__a31oi_1 A1,Y 2 0.004312 0.100855 0.176711 5.91205 1.93211e-09 2.13666e-09 4.06877e-09 2.26234e-14 4.06879e-09
22 _3417_ sky130_fd_sc_hd__a21oi_1 A1,Y 2 0.004881 0.22663 0.262937 6.17499 1.76502e-09 2.25932e-09 4.02435e-09 7.95428e-12 4.0323e-09
23 _3420_ sky130_fd_sc_hd__o21bai_1 A2,Y 1 0.002171 0.056435 0.126377 6.30136 3.47104e-09 1.08036e-09 4.5514e-09 1.65428e-14 4.55142e-09
24 _3475_ sky130_fd_sc_hd__a21oi_1 A1,Y 1 0.004421 0.212474 0.228661 6.53003 1.93521e-09 2.0464e-09 3.9816e-09 2.18853e-13 3.98182e-09
25 _3476_ sky130_fd_sc_hd__xor2_1 B,X 2 0.006841 0.294923 0.360842 6.89087 2.11518e-09 3.16657e-09 5.28175e-09 1.68098e-13 5.28191e-09
26 _3477_ sky130_fd_sc_hd__inv_2 A,Y 3 0.025033 0.101923 0.185714 7.07658 1.15855e-09 1.30037e-08 1.41623e-08 3.5491e-12 1.41658e-08
27 _3497_ sky130_fd_sc_hd__nor2_8 B,Y 15 0.067965 0.424413 0.399136 7.47572 1.03944e-08 3.14597e-08 4.18541e-08 7.06371e-13 4.18548e-08
28 _3543_ sky130_fd_sc_hd__a21oi_2 B1,Y 1 0.00399 0.084458 0.123602 7.59932 3.20283e-09 2.08482e-09 5.28764e-09 8.98889e-14 5.28773e-09
29 _3545_ sky130_fd_sc_hd__o21ai_2 A2,Y 1 0.001885 0.13656 0.168481 7.7678 2.38753e-09 8.72531e-10 3.26006e-09 7.06412e-12 3.26713e-09
30 _4787_ sky130_fd_sc_hd__dfrtp_1 D - - 0.13656 0 7.7678 3.92114e-06 0 3.92114e-06 5.009e-12 3.92115e-06

Worst path 6: status=met slack=2.08586 type=max group=core
startpoint=_4720_ (rising edge-triggered flip-flop clocked by core)
endpoint=_4788_ (rising edge-triggered flip-flop clocked by core)
path_power_complete=true
path_average_power_sum internal=7.90317e-06 switching=1.05581e-07 dynamic=8.00875e-06 leakage=9.92129e-11 total=8.00885e-06
stage instance cell pins fanout capacitance slew delay arrival internal switching dynamic leakage total
1 _4720_ sky130_fd_sc_hd__dfrtp_1 CLK,Q 68 0.144507 1.91453 1.80623 1.80623 3.92114e-06 0 3.92114e-06 5.009e-12 3.92115e-06
2 _3129_ sky130_fd_sc_hd__nand2_1 B,Y 1 0.001862 0.196314 0.39448 2.20071 1.17026e-10 8.89194e-10 1.00622e-09 1.8373e-14 1.00624e-09
3 _3130_ sky130_fd_sc_hd__o21ai_1 B1,Y 2 0.004783 0.245241 0.214552 2.41526 2.75467e-10 2.21396e-09 2.48943e-09 3.62908e-14 2.48946e-09
4 _3134_ sky130_fd_sc_hd__o21ai_1 A2,Y 2 0.004312 0.168021 0.147713 2.56298 1.59675e-09 2.13666e-09 3.73341e-09 1.77729e-12 3.73519e-09
5 _3137_ sky130_fd_sc_hd__a21oi_1 A1,Y 3 0.007023 0.292875 0.348371 2.91135 1.5833e-09 3.25081e-09 4.83411e-09 3.889e-14 4.83415e-09
6 _3272_ sky130_fd_sc_hd__nor2_1 B,Y 1 0.002218 0.080746 0.116005 3.02735 9.26596e-10 1.15767e-09 2.08426e-09 1.77842e-12 2.08604e-09
7 _3273_ sky130_fd_sc_hd__o21ai_1 A2,Y 2 0.006544 0.266971 0.283062 3.31041 5.15789e-13 3.02909e-09 3.02961e-09 6.2061e-12 3.03582e-09
8 _3295_ sky130_fd_sc_hd__nand3_2 A,Y 3 0.005813 0.097446 0.159122 3.46954 3.47366e-10 2.91013e-09 3.2575e-09 3.24045e-13 3.25782e-09
9 _3320_ sky130_fd_sc_hd__a211oi_1 A2,Y 1 0.00238 0.27102 0.373987 3.84352 2.41998e-09 1.10166e-09 3.52164e-09 1.76742e-12 3.52341e-09
10 _3321_ sky130_fd_sc_hd__a21oi_1 B1,Y 2 0.004233 0.075601 0.130254 3.97378 1.34858e-09 2.15749e-09 3.50607e-09 2.17344e-14 3.50609e-09
11 _3332_ sky130_fd_sc_hd__maj3_2 B,X 2 0.004282 0.07708 0.519584 4.49336 5.03091e-09 2.11259e-09 7.1435e-09 6.80124e-12 7.1503e-09
12 _3343_ sky130_fd_sc_hd__nand2_1 A,Y 1 0.002282 0.060893 0.089901 4.58326 1.1585e-09 1.05629e-09 2.2148e-09 3.55253e-12 2.21835e-09
13 _3346_ sky130_fd_sc_hd__nand2_1 A,Y 2 0.005583 0.064351 0.082085 4.66535 1.1719e-10 2.8444e-09 2.96159e-09 6.6251e-15 2.9616e-09
14 _3347_ sky130_fd_sc_hd__inv_2 A,Y 2 0.006544 0.058327 0.086188 4.75153 1.14194e-09 3.02909e-09 4.17103e-09 3.55239e-12 4.17459e-09
15 _3366_ sky130_fd_sc_hd__nand3_2 A,Y 2 0.0043 0.100656 0.076189 4.82772 3.43883e-10 2.10426e-09 2.44814e-09 9.3194e-12 2.45746e-09
16 _3387_ sky130_fd_sc_hd__nand4_1 A,Y 1 0.004262 0.133139 0.142179 4.9699 2.08498e-09 1.9728e-09 4.05778e-09 7.07148e-12 4.06485e-09
17 _3389_ sky130_fd_sc_hd__nand3_2 A,Y 4 0.009634 0.101503 0.135592 5.10549 3.42604e-10 5.03661e-09 5.37921e-09 9.3194e-12 5.38853e-09
18 _3390_ sky130_fd_sc_hd__nor3_2 C,Y 1 0.004481 0.214783 0.213024 5.31852 3.37516e-09 2.07417e-09 5.44933e-09 3.53404e-12 5.45287e-09
19 _3391_ sky130_fd_sc_hd__nor4_2 D,Y 3 0.012046 0.086268 0.126942 5.44546 5.29491e-09 6.31231e-09 1.16072e-08 1.55e-13 1.16074e-08
20 _3395_ sky130_fd_sc_hd__o31ai_4 A3,Y 2 0.004497 0.240514 0.28988 5.73534 4.98419e-09 2.08158e-09 7.06577e-09 1.41243e-11 7.07989e-09
21 _3412_ sky130_fd_sc_hd__a31oi_1 A1,Y 2 0.004312 0.100855 0.176711 5.91205 1.93211e-09 2.13666e-09 4.06877e-09 2.26234e-14 4.06879e-09
22 _3417_ sky130_fd_sc_hd__a21oi_1 A1,Y 2 0.004881 0.22663 0.262937 6.17499 1.76502e-09 2.25932e-09 4.02435e-09 7.95428e-12 4.0323e-09
23 _3420_ sky130_fd_sc_hd__o21bai_1 A2,Y 1 0.002171 0.056435 0.126377 6.30136 3.47104e-09 1.08036e-09 4.5514e-09 1.65428e-14 4.55142e-09
24 _3475_ sky130_fd_sc_hd__a21oi_1 A1,Y 1 0.004421 0.212474 0.228661 6.53003 1.93521e-09 2.0464e-09 3.9816e-09 2.18853e-13 3.98182e-09
25 _3476_ sky130_fd_sc_hd__xor2_1 B,X 2 0.006841 0.294923 0.360842 6.89087 2.11518e-09 3.16657e-09 5.28175e-09 1.68098e-13 5.28191e-09
26 _3477_ sky130_fd_sc_hd__inv_2 A,Y 3 0.025033 0.101923 0.185714 7.07658 1.15855e-09 1.30037e-08 1.41623e-08 3.5491e-12 1.41658e-08
27 _3497_ sky130_fd_sc_hd__nor2_8 B,Y 15 0.067965 0.424413 0.399136 7.47572 1.03944e-08 3.14597e-08 4.18541e-08 7.06371e-13 4.18548e-08
28 _3537_ sky130_fd_sc_hd__a21oi_2 B1,Y 1 0.00399 0.084458 0.123602 7.59932 3.23772e-09 2.08482e-09 5.32253e-09 8.98889e-14 5.32262e-09
29 _3539_ sky130_fd_sc_hd__o21ai_2 A2,Y 1 0.001885 0.13656 0.168481 7.7678 2.38753e-09 8.72531e-10 3.26006e-09 7.06412e-12 3.26713e-09
30 _4788_ sky130_fd_sc_hd__dfrtp_1 D - - 0.13656 0 7.7678 3.92114e-06 0 3.92114e-06 5.009e-12 3.92115e-06

Worst path 7: status=met slack=2.08586 type=max group=core
startpoint=_4720_ (rising edge-triggered flip-flop clocked by core)
endpoint=_4789_ (rising edge-triggered flip-flop clocked by core)
path_power_complete=true
path_average_power_sum internal=7.90317e-06 switching=1.05581e-07 dynamic=8.00875e-06 leakage=9.92129e-11 total=8.00885e-06
stage instance cell pins fanout capacitance slew delay arrival internal switching dynamic leakage total
1 _4720_ sky130_fd_sc_hd__dfrtp_1 CLK,Q 68 0.144507 1.91453 1.80623 1.80623 3.92114e-06 0 3.92114e-06 5.009e-12 3.92115e-06
2 _3129_ sky130_fd_sc_hd__nand2_1 B,Y 1 0.001862 0.196314 0.39448 2.20071 1.17026e-10 8.89194e-10 1.00622e-09 1.8373e-14 1.00624e-09
3 _3130_ sky130_fd_sc_hd__o21ai_1 B1,Y 2 0.004783 0.245241 0.214552 2.41526 2.75467e-10 2.21396e-09 2.48943e-09 3.62908e-14 2.48946e-09
4 _3134_ sky130_fd_sc_hd__o21ai_1 A2,Y 2 0.004312 0.168021 0.147713 2.56298 1.59675e-09 2.13666e-09 3.73341e-09 1.77729e-12 3.73519e-09
5 _3137_ sky130_fd_sc_hd__a21oi_1 A1,Y 3 0.007023 0.292875 0.348371 2.91135 1.5833e-09 3.25081e-09 4.83411e-09 3.889e-14 4.83415e-09
6 _3272_ sky130_fd_sc_hd__nor2_1 B,Y 1 0.002218 0.080746 0.116005 3.02735 9.26596e-10 1.15767e-09 2.08426e-09 1.77842e-12 2.08604e-09
7 _3273_ sky130_fd_sc_hd__o21ai_1 A2,Y 2 0.006544 0.266971 0.283062 3.31041 5.15789e-13 3.02909e-09 3.02961e-09 6.2061e-12 3.03582e-09
8 _3295_ sky130_fd_sc_hd__nand3_2 A,Y 3 0.005813 0.097446 0.159122 3.46954 3.47366e-10 2.91013e-09 3.2575e-09 3.24045e-13 3.25782e-09
9 _3320_ sky130_fd_sc_hd__a211oi_1 A2,Y 1 0.00238 0.27102 0.373987 3.84352 2.41998e-09 1.10166e-09 3.52164e-09 1.76742e-12 3.52341e-09
10 _3321_ sky130_fd_sc_hd__a21oi_1 B1,Y 2 0.004233 0.075601 0.130254 3.97378 1.34858e-09 2.15749e-09 3.50607e-09 2.17344e-14 3.50609e-09
11 _3332_ sky130_fd_sc_hd__maj3_2 B,X 2 0.004282 0.07708 0.519584 4.49336 5.03091e-09 2.11259e-09 7.1435e-09 6.80124e-12 7.1503e-09
12 _3343_ sky130_fd_sc_hd__nand2_1 A,Y 1 0.002282 0.060893 0.089901 4.58326 1.1585e-09 1.05629e-09 2.2148e-09 3.55253e-12 2.21835e-09
13 _3346_ sky130_fd_sc_hd__nand2_1 A,Y 2 0.005583 0.064351 0.082085 4.66535 1.1719e-10 2.8444e-09 2.96159e-09 6.6251e-15 2.9616e-09
14 _3347_ sky130_fd_sc_hd__inv_2 A,Y 2 0.006544 0.058327 0.086188 4.75153 1.14194e-09 3.02909e-09 4.17103e-09 3.55239e-12 4.17459e-09
15 _3366_ sky130_fd_sc_hd__nand3_2 A,Y 2 0.0043 0.100656 0.076189 4.82772 3.43883e-10 2.10426e-09 2.44814e-09 9.3194e-12 2.45746e-09
16 _3387_ sky130_fd_sc_hd__nand4_1 A,Y 1 0.004262 0.133139 0.142179 4.9699 2.08498e-09 1.9728e-09 4.05778e-09 7.07148e-12 4.06485e-09
17 _3389_ sky130_fd_sc_hd__nand3_2 A,Y 4 0.009634 0.101503 0.135592 5.10549 3.42604e-10 5.03661e-09 5.37921e-09 9.3194e-12 5.38853e-09
18 _3390_ sky130_fd_sc_hd__nor3_2 C,Y 1 0.004481 0.214783 0.213024 5.31852 3.37516e-09 2.07417e-09 5.44933e-09 3.53404e-12 5.45287e-09
19 _3391_ sky130_fd_sc_hd__nor4_2 D,Y 3 0.012046 0.086268 0.126942 5.44546 5.29491e-09 6.31231e-09 1.16072e-08 1.55e-13 1.16074e-08
20 _3395_ sky130_fd_sc_hd__o31ai_4 A3,Y 2 0.004497 0.240514 0.28988 5.73534 4.98419e-09 2.08158e-09 7.06577e-09 1.41243e-11 7.07989e-09
21 _3412_ sky130_fd_sc_hd__a31oi_1 A1,Y 2 0.004312 0.100855 0.176711 5.91205 1.93211e-09 2.13666e-09 4.06877e-09 2.26234e-14 4.06879e-09
22 _3417_ sky130_fd_sc_hd__a21oi_1 A1,Y 2 0.004881 0.22663 0.262937 6.17499 1.76502e-09 2.25932e-09 4.02435e-09 7.95428e-12 4.0323e-09
23 _3420_ sky130_fd_sc_hd__o21bai_1 A2,Y 1 0.002171 0.056435 0.126377 6.30136 3.47104e-09 1.08036e-09 4.5514e-09 1.65428e-14 4.55142e-09
24 _3475_ sky130_fd_sc_hd__a21oi_1 A1,Y 1 0.004421 0.212474 0.228661 6.53003 1.93521e-09 2.0464e-09 3.9816e-09 2.18853e-13 3.98182e-09
25 _3476_ sky130_fd_sc_hd__xor2_1 B,X 2 0.006841 0.294923 0.360842 6.89087 2.11518e-09 3.16657e-09 5.28175e-09 1.68098e-13 5.28191e-09
26 _3477_ sky130_fd_sc_hd__inv_2 A,Y 3 0.025033 0.101923 0.185714 7.07658 1.15855e-09 1.30037e-08 1.41623e-08 3.5491e-12 1.41658e-08
27 _3497_ sky130_fd_sc_hd__nor2_8 B,Y 15 0.067965 0.424413 0.399136 7.47572 1.03944e-08 3.14597e-08 4.18541e-08 7.06371e-13 4.18548e-08
28 _3528_ sky130_fd_sc_hd__a21oi_2 B1,Y 1 0.00399 0.084458 0.123602 7.59932 3.23765e-09 2.08482e-09 5.32247e-09 8.98889e-14 5.32256e-09
29 _3530_ sky130_fd_sc_hd__o21ai_2 A2,Y 1 0.001885 0.13656 0.168481 7.7678 2.38753e-09 8.72531e-10 3.26006e-09 7.06412e-12 3.26713e-09
30 _4789_ sky130_fd_sc_hd__dfrtp_1 D - - 0.13656 0 7.7678 3.92114e-06 0 3.92114e-06 5.009e-12 3.92115e-06

Worst path 8: status=met slack=2.08586 type=max group=core
startpoint=_4720_ (rising edge-triggered flip-flop clocked by core)
endpoint=_4790_ (rising edge-triggered flip-flop clocked by core)
path_power_complete=true
path_average_power_sum internal=7.90313e-06 switching=1.05581e-07 dynamic=8.00871e-06 leakage=9.92129e-11 total=8.00881e-06
stage instance cell pins fanout capacitance slew delay arrival internal switching dynamic leakage total
1 _4720_ sky130_fd_sc_hd__dfrtp_1 CLK,Q 68 0.144507 1.91453 1.80623 1.80623 3.92114e-06 0 3.92114e-06 5.009e-12 3.92115e-06
2 _3129_ sky130_fd_sc_hd__nand2_1 B,Y 1 0.001862 0.196314 0.39448 2.20071 1.17026e-10 8.89194e-10 1.00622e-09 1.8373e-14 1.00624e-09
3 _3130_ sky130_fd_sc_hd__o21ai_1 B1,Y 2 0.004783 0.245241 0.214552 2.41526 2.75467e-10 2.21396e-09 2.48943e-09 3.62908e-14 2.48946e-09
4 _3134_ sky130_fd_sc_hd__o21ai_1 A2,Y 2 0.004312 0.168021 0.147713 2.56298 1.59675e-09 2.13666e-09 3.73341e-09 1.77729e-12 3.73519e-09
5 _3137_ sky130_fd_sc_hd__a21oi_1 A1,Y 3 0.007023 0.292875 0.348371 2.91135 1.5833e-09 3.25081e-09 4.83411e-09 3.889e-14 4.83415e-09
6 _3272_ sky130_fd_sc_hd__nor2_1 B,Y 1 0.002218 0.080746 0.116005 3.02735 9.26596e-10 1.15767e-09 2.08426e-09 1.77842e-12 2.08604e-09
7 _3273_ sky130_fd_sc_hd__o21ai_1 A2,Y 2 0.006544 0.266971 0.283062 3.31041 5.15789e-13 3.02909e-09 3.02961e-09 6.2061e-12 3.03582e-09
8 _3295_ sky130_fd_sc_hd__nand3_2 A,Y 3 0.005813 0.097446 0.159122 3.46954 3.47366e-10 2.91013e-09 3.2575e-09 3.24045e-13 3.25782e-09
9 _3320_ sky130_fd_sc_hd__a211oi_1 A2,Y 1 0.00238 0.27102 0.373987 3.84352 2.41998e-09 1.10166e-09 3.52164e-09 1.76742e-12 3.52341e-09
10 _3321_ sky130_fd_sc_hd__a21oi_1 B1,Y 2 0.004233 0.075601 0.130254 3.97378 1.34858e-09 2.15749e-09 3.50607e-09 2.17344e-14 3.50609e-09
11 _3332_ sky130_fd_sc_hd__maj3_2 B,X 2 0.004282 0.07708 0.519584 4.49336 5.03091e-09 2.11259e-09 7.1435e-09 6.80124e-12 7.1503e-09
12 _3343_ sky130_fd_sc_hd__nand2_1 A,Y 1 0.002282 0.060893 0.089901 4.58326 1.1585e-09 1.05629e-09 2.2148e-09 3.55253e-12 2.21835e-09
13 _3346_ sky130_fd_sc_hd__nand2_1 A,Y 2 0.005583 0.064351 0.082085 4.66535 1.1719e-10 2.8444e-09 2.96159e-09 6.6251e-15 2.9616e-09
14 _3347_ sky130_fd_sc_hd__inv_2 A,Y 2 0.006544 0.058327 0.086188 4.75153 1.14194e-09 3.02909e-09 4.17103e-09 3.55239e-12 4.17459e-09
15 _3366_ sky130_fd_sc_hd__nand3_2 A,Y 2 0.0043 0.100656 0.076189 4.82772 3.43883e-10 2.10426e-09 2.44814e-09 9.3194e-12 2.45746e-09
16 _3387_ sky130_fd_sc_hd__nand4_1 A,Y 1 0.004262 0.133139 0.142179 4.9699 2.08498e-09 1.9728e-09 4.05778e-09 7.07148e-12 4.06485e-09
17 _3389_ sky130_fd_sc_hd__nand3_2 A,Y 4 0.009634 0.101503 0.135592 5.10549 3.42604e-10 5.03661e-09 5.37921e-09 9.3194e-12 5.38853e-09
18 _3390_ sky130_fd_sc_hd__nor3_2 C,Y 1 0.004481 0.214783 0.213024 5.31852 3.37516e-09 2.07417e-09 5.44933e-09 3.53404e-12 5.45287e-09
19 _3391_ sky130_fd_sc_hd__nor4_2 D,Y 3 0.012046 0.086268 0.126942 5.44546 5.29491e-09 6.31231e-09 1.16072e-08 1.55e-13 1.16074e-08
20 _3395_ sky130_fd_sc_hd__o31ai_4 A3,Y 2 0.004497 0.240514 0.28988 5.73534 4.98419e-09 2.08158e-09 7.06577e-09 1.41243e-11 7.07989e-09
21 _3412_ sky130_fd_sc_hd__a31oi_1 A1,Y 2 0.004312 0.100855 0.176711 5.91205 1.93211e-09 2.13666e-09 4.06877e-09 2.26234e-14 4.06879e-09
22 _3417_ sky130_fd_sc_hd__a21oi_1 A1,Y 2 0.004881 0.22663 0.262937 6.17499 1.76502e-09 2.25932e-09 4.02435e-09 7.95428e-12 4.0323e-09
23 _3420_ sky130_fd_sc_hd__o21bai_1 A2,Y 1 0.002171 0.056435 0.126377 6.30136 3.47104e-09 1.08036e-09 4.5514e-09 1.65428e-14 4.55142e-09
24 _3475_ sky130_fd_sc_hd__a21oi_1 A1,Y 1 0.004421 0.212474 0.228661 6.53003 1.93521e-09 2.0464e-09 3.9816e-09 2.18853e-13 3.98182e-09
25 _3476_ sky130_fd_sc_hd__xor2_1 B,X 2 0.006841 0.294923 0.360842 6.89087 2.11518e-09 3.16657e-09 5.28175e-09 1.68098e-13 5.28191e-09
26 _3477_ sky130_fd_sc_hd__inv_2 A,Y 3 0.025033 0.101923 0.185714 7.07658 1.15855e-09 1.30037e-08 1.41623e-08 3.5491e-12 1.41658e-08
27 _3497_ sky130_fd_sc_hd__nor2_8 B,Y 15 0.067965 0.424413 0.399136 7.47572 1.03944e-08 3.14597e-08 4.18541e-08 7.06371e-13 4.18548e-08
28 _3521_ sky130_fd_sc_hd__a21oi_2 B1,Y 1 0.00399 0.084458 0.123602 7.59932 3.19753e-09 2.08482e-09 5.28235e-09 8.98889e-14 5.28244e-09
29 _3523_ sky130_fd_sc_hd__o21ai_2 A2,Y 1 0.001885 0.13656 0.168481 7.7678 2.38753e-09 8.72531e-10 3.26006e-09 7.06412e-12 3.26713e-09
30 _4790_ sky130_fd_sc_hd__dfrtp_1 D - - 0.13656 0 7.7678 3.92114e-06 0 3.92114e-06 5.009e-12 3.92115e-06

Worst path 9: status=met slack=2.08586 type=max group=core
startpoint=_4720_ (rising edge-triggered flip-flop clocked by core)
endpoint=_4791_ (rising edge-triggered flip-flop clocked by core)
path_power_complete=true
path_average_power_sum internal=7.90313e-06 switching=1.05581e-07 dynamic=8.00871e-06 leakage=9.92129e-11 total=8.00881e-06
stage instance cell pins fanout capacitance slew delay arrival internal switching dynamic leakage total
1 _4720_ sky130_fd_sc_hd__dfrtp_1 CLK,Q 68 0.144507 1.91453 1.80623 1.80623 3.92114e-06 0 3.92114e-06 5.009e-12 3.92115e-06
2 _3129_ sky130_fd_sc_hd__nand2_1 B,Y 1 0.001862 0.196314 0.39448 2.20071 1.17026e-10 8.89194e-10 1.00622e-09 1.8373e-14 1.00624e-09
3 _3130_ sky130_fd_sc_hd__o21ai_1 B1,Y 2 0.004783 0.245241 0.214552 2.41526 2.75467e-10 2.21396e-09 2.48943e-09 3.62908e-14 2.48946e-09
4 _3134_ sky130_fd_sc_hd__o21ai_1 A2,Y 2 0.004312 0.168021 0.147713 2.56298 1.59675e-09 2.13666e-09 3.73341e-09 1.77729e-12 3.73519e-09
5 _3137_ sky130_fd_sc_hd__a21oi_1 A1,Y 3 0.007023 0.292875 0.348371 2.91135 1.5833e-09 3.25081e-09 4.83411e-09 3.889e-14 4.83415e-09
6 _3272_ sky130_fd_sc_hd__nor2_1 B,Y 1 0.002218 0.080746 0.116005 3.02735 9.26596e-10 1.15767e-09 2.08426e-09 1.77842e-12 2.08604e-09
7 _3273_ sky130_fd_sc_hd__o21ai_1 A2,Y 2 0.006544 0.266971 0.283062 3.31041 5.15789e-13 3.02909e-09 3.02961e-09 6.2061e-12 3.03582e-09
8 _3295_ sky130_fd_sc_hd__nand3_2 A,Y 3 0.005813 0.097446 0.159122 3.46954 3.47366e-10 2.91013e-09 3.2575e-09 3.24045e-13 3.25782e-09
9 _3320_ sky130_fd_sc_hd__a211oi_1 A2,Y 1 0.00238 0.27102 0.373987 3.84352 2.41998e-09 1.10166e-09 3.52164e-09 1.76742e-12 3.52341e-09
10 _3321_ sky130_fd_sc_hd__a21oi_1 B1,Y 2 0.004233 0.075601 0.130254 3.97378 1.34858e-09 2.15749e-09 3.50607e-09 2.17344e-14 3.50609e-09
11 _3332_ sky130_fd_sc_hd__maj3_2 B,X 2 0.004282 0.07708 0.519584 4.49336 5.03091e-09 2.11259e-09 7.1435e-09 6.80124e-12 7.1503e-09
12 _3343_ sky130_fd_sc_hd__nand2_1 A,Y 1 0.002282 0.060893 0.089901 4.58326 1.1585e-09 1.05629e-09 2.2148e-09 3.55253e-12 2.21835e-09
13 _3346_ sky130_fd_sc_hd__nand2_1 A,Y 2 0.005583 0.064351 0.082085 4.66535 1.1719e-10 2.8444e-09 2.96159e-09 6.6251e-15 2.9616e-09
14 _3347_ sky130_fd_sc_hd__inv_2 A,Y 2 0.006544 0.058327 0.086188 4.75153 1.14194e-09 3.02909e-09 4.17103e-09 3.55239e-12 4.17459e-09
15 _3366_ sky130_fd_sc_hd__nand3_2 A,Y 2 0.0043 0.100656 0.076189 4.82772 3.43883e-10 2.10426e-09 2.44814e-09 9.3194e-12 2.45746e-09
16 _3387_ sky130_fd_sc_hd__nand4_1 A,Y 1 0.004262 0.133139 0.142179 4.9699 2.08498e-09 1.9728e-09 4.05778e-09 7.07148e-12 4.06485e-09
17 _3389_ sky130_fd_sc_hd__nand3_2 A,Y 4 0.009634 0.101503 0.135592 5.10549 3.42604e-10 5.03661e-09 5.37921e-09 9.3194e-12 5.38853e-09
18 _3390_ sky130_fd_sc_hd__nor3_2 C,Y 1 0.004481 0.214783 0.213024 5.31852 3.37516e-09 2.07417e-09 5.44933e-09 3.53404e-12 5.45287e-09
19 _3391_ sky130_fd_sc_hd__nor4_2 D,Y 3 0.012046 0.086268 0.126942 5.44546 5.29491e-09 6.31231e-09 1.16072e-08 1.55e-13 1.16074e-08
20 _3395_ sky130_fd_sc_hd__o31ai_4 A3,Y 2 0.004497 0.240514 0.28988 5.73534 4.98419e-09 2.08158e-09 7.06577e-09 1.41243e-11 7.07989e-09
21 _3412_ sky130_fd_sc_hd__a31oi_1 A1,Y 2 0.004312 0.100855 0.176711 5.91205 1.93211e-09 2.13666e-09 4.06877e-09 2.26234e-14 4.06879e-09
22 _3417_ sky130_fd_sc_hd__a21oi_1 A1,Y 2 0.004881 0.22663 0.262937 6.17499 1.76502e-09 2.25932e-09 4.02435e-09 7.95428e-12 4.0323e-09
23 _3420_ sky130_fd_sc_hd__o21bai_1 A2,Y 1 0.002171 0.056435 0.126377 6.30136 3.47104e-09 1.08036e-09 4.5514e-09 1.65428e-14 4.55142e-09
24 _3475_ sky130_fd_sc_hd__a21oi_1 A1,Y 1 0.004421 0.212474 0.228661 6.53003 1.93521e-09 2.0464e-09 3.9816e-09 2.18853e-13 3.98182e-09
25 _3476_ sky130_fd_sc_hd__xor2_1 B,X 2 0.006841 0.294923 0.360842 6.89087 2.11518e-09 3.16657e-09 5.28175e-09 1.68098e-13 5.28191e-09
26 _3477_ sky130_fd_sc_hd__inv_2 A,Y 3 0.025033 0.101923 0.185714 7.07658 1.15855e-09 1.30037e-08 1.41623e-08 3.5491e-12 1.41658e-08
27 _3497_ sky130_fd_sc_hd__nor2_8 B,Y 15 0.067965 0.424413 0.399136 7.47572 1.03944e-08 3.14597e-08 4.18541e-08 7.06371e-13 4.18548e-08
28 _3511_ sky130_fd_sc_hd__a21oi_2 B1,Y 1 0.00399 0.084458 0.123602 7.59932 3.20283e-09 2.08482e-09 5.28764e-09 8.98889e-14 5.28773e-09
29 _3513_ sky130_fd_sc_hd__o21ai_2 A2,Y 1 0.001885 0.13656 0.168481 7.7678 2.38753e-09 8.72531e-10 3.26006e-09 7.06412e-12 3.26713e-09
30 _4791_ sky130_fd_sc_hd__dfrtp_1 D - - 0.13656 0 7.7678 3.92114e-06 0 3.92114e-06 5.009e-12 3.92115e-06

Worst path 10: status=met slack=2.08586 type=max group=core
startpoint=_4720_ (rising edge-triggered flip-flop clocked by core)
endpoint=_4793_ (rising edge-triggered flip-flop clocked by core)
path_power_complete=true
path_average_power_sum internal=7.90313e-06 switching=1.05581e-07 dynamic=8.00872e-06 leakage=9.92129e-11 total=8.00881e-06
stage instance cell pins fanout capacitance slew delay arrival internal switching dynamic leakage total
1 _4720_ sky130_fd_sc_hd__dfrtp_1 CLK,Q 68 0.144507 1.91453 1.80623 1.80623 3.92114e-06 0 3.92114e-06 5.009e-12 3.92115e-06
2 _3129_ sky130_fd_sc_hd__nand2_1 B,Y 1 0.001862 0.196314 0.39448 2.20071 1.17026e-10 8.89194e-10 1.00622e-09 1.8373e-14 1.00624e-09
3 _3130_ sky130_fd_sc_hd__o21ai_1 B1,Y 2 0.004783 0.245241 0.214552 2.41526 2.75467e-10 2.21396e-09 2.48943e-09 3.62908e-14 2.48946e-09
4 _3134_ sky130_fd_sc_hd__o21ai_1 A2,Y 2 0.004312 0.168021 0.147713 2.56298 1.59675e-09 2.13666e-09 3.73341e-09 1.77729e-12 3.73519e-09
5 _3137_ sky130_fd_sc_hd__a21oi_1 A1,Y 3 0.007023 0.292875 0.348371 2.91135 1.5833e-09 3.25081e-09 4.83411e-09 3.889e-14 4.83415e-09
6 _3272_ sky130_fd_sc_hd__nor2_1 B,Y 1 0.002218 0.080746 0.116005 3.02735 9.26596e-10 1.15767e-09 2.08426e-09 1.77842e-12 2.08604e-09
7 _3273_ sky130_fd_sc_hd__o21ai_1 A2,Y 2 0.006544 0.266971 0.283062 3.31041 5.15789e-13 3.02909e-09 3.02961e-09 6.2061e-12 3.03582e-09
8 _3295_ sky130_fd_sc_hd__nand3_2 A,Y 3 0.005813 0.097446 0.159122 3.46954 3.47366e-10 2.91013e-09 3.2575e-09 3.24045e-13 3.25782e-09
9 _3320_ sky130_fd_sc_hd__a211oi_1 A2,Y 1 0.00238 0.27102 0.373987 3.84352 2.41998e-09 1.10166e-09 3.52164e-09 1.76742e-12 3.52341e-09
10 _3321_ sky130_fd_sc_hd__a21oi_1 B1,Y 2 0.004233 0.075601 0.130254 3.97378 1.34858e-09 2.15749e-09 3.50607e-09 2.17344e-14 3.50609e-09
11 _3332_ sky130_fd_sc_hd__maj3_2 B,X 2 0.004282 0.07708 0.519584 4.49336 5.03091e-09 2.11259e-09 7.1435e-09 6.80124e-12 7.1503e-09
12 _3343_ sky130_fd_sc_hd__nand2_1 A,Y 1 0.002282 0.060893 0.089901 4.58326 1.1585e-09 1.05629e-09 2.2148e-09 3.55253e-12 2.21835e-09
13 _3346_ sky130_fd_sc_hd__nand2_1 A,Y 2 0.005583 0.064351 0.082085 4.66535 1.1719e-10 2.8444e-09 2.96159e-09 6.6251e-15 2.9616e-09
14 _3347_ sky130_fd_sc_hd__inv_2 A,Y 2 0.006544 0.058327 0.086188 4.75153 1.14194e-09 3.02909e-09 4.17103e-09 3.55239e-12 4.17459e-09
15 _3366_ sky130_fd_sc_hd__nand3_2 A,Y 2 0.0043 0.100656 0.076189 4.82772 3.43883e-10 2.10426e-09 2.44814e-09 9.3194e-12 2.45746e-09
16 _3387_ sky130_fd_sc_hd__nand4_1 A,Y 1 0.004262 0.133139 0.142179 4.9699 2.08498e-09 1.9728e-09 4.05778e-09 7.07148e-12 4.06485e-09
17 _3389_ sky130_fd_sc_hd__nand3_2 A,Y 4 0.009634 0.101503 0.135592 5.10549 3.42604e-10 5.03661e-09 5.37921e-09 9.3194e-12 5.38853e-09
18 _3390_ sky130_fd_sc_hd__nor3_2 C,Y 1 0.004481 0.214783 0.213024 5.31852 3.37516e-09 2.07417e-09 5.44933e-09 3.53404e-12 5.45287e-09
19 _3391_ sky130_fd_sc_hd__nor4_2 D,Y 3 0.012046 0.086268 0.126942 5.44546 5.29491e-09 6.31231e-09 1.16072e-08 1.55e-13 1.16074e-08
20 _3395_ sky130_fd_sc_hd__o31ai_4 A3,Y 2 0.004497 0.240514 0.28988 5.73534 4.98419e-09 2.08158e-09 7.06577e-09 1.41243e-11 7.07989e-09
21 _3412_ sky130_fd_sc_hd__a31oi_1 A1,Y 2 0.004312 0.100855 0.176711 5.91205 1.93211e-09 2.13666e-09 4.06877e-09 2.26234e-14 4.06879e-09
22 _3417_ sky130_fd_sc_hd__a21oi_1 A1,Y 2 0.004881 0.22663 0.262937 6.17499 1.76502e-09 2.25932e-09 4.02435e-09 7.95428e-12 4.0323e-09
23 _3420_ sky130_fd_sc_hd__o21bai_1 A2,Y 1 0.002171 0.056435 0.126377 6.30136 3.47104e-09 1.08036e-09 4.5514e-09 1.65428e-14 4.55142e-09
24 _3475_ sky130_fd_sc_hd__a21oi_1 A1,Y 1 0.004421 0.212474 0.228661 6.53003 1.93521e-09 2.0464e-09 3.9816e-09 2.18853e-13 3.98182e-09
25 _3476_ sky130_fd_sc_hd__xor2_1 B,X 2 0.006841 0.294923 0.360842 6.89087 2.11518e-09 3.16657e-09 5.28175e-09 1.68098e-13 5.28191e-09
26 _3477_ sky130_fd_sc_hd__inv_2 A,Y 3 0.025033 0.101923 0.185714 7.07658 1.15855e-09 1.30037e-08 1.41623e-08 3.5491e-12 1.41658e-08
27 _3497_ sky130_fd_sc_hd__nor2_8 B,Y 15 0.067965 0.424413 0.399136 7.47572 1.03944e-08 3.14597e-08 4.18541e-08 7.06371e-13 4.18548e-08
28 _3498_ sky130_fd_sc_hd__a21oi_2 B1,Y 1 0.00399 0.084458 0.123602 7.59932 3.20405e-09 2.08482e-09 5.28887e-09 8.98889e-14 5.28896e-09
29 _3500_ sky130_fd_sc_hd__o21ai_2 A2,Y 1 0.001885 0.13656 0.168481 7.7678 2.38753e-09 8.72531e-10 3.26006e-09 7.06412e-12 3.26713e-09
30 _4793_ sky130_fd_sc_hd__dfrtp_1 D - - 0.13656 0 7.7678 3.92114e-06 0 3.92114e-06 5.009e-12 3.92115e-06

Worst path 11: status=met slack=8.19874 type=max group=asynchronous
startpoint=rst_ni (input port clocked by core)
endpoint=_4716_ (recovery check against rising-edge clock core)
path_power_complete=true
path_average_power_sum internal=3.90876e-06 switching=0 dynamic=3.90876e-06 leakage=5.60142e-12 total=3.90877e-06
stage instance cell pins fanout capacitance slew delay arrival internal switching dynamic leakage total
1 _4716_ sky130_fd_sc_hd__dfstp_2 SET_B - - 0 0 2 3.90876e-06 0 3.90876e-06 5.60142e-12 3.90877e-06

Worst path 12: status=met slack=8.36922 type=max group=asynchronous
startpoint=rst_ni (input port clocked by core)
endpoint=_4522_ (recovery check against rising-edge clock core)
path_power_complete=true
path_average_power_sum internal=3.97331e-06 switching=1.72414e-08 dynamic=3.99055e-06 leakage=4.81866e-12 total=3.99056e-06
stage instance cell pins fanout capacitance slew delay arrival internal switching dynamic leakage total
1 _4522_ sky130_fd_sc_hd__dfrtp_1 RESET_B - - 0 0 2 3.97331e-06 1.72414e-08 3.99055e-06 4.81866e-12 3.99056e-06

Worst path 13: status=met slack=8.36922 type=max group=asynchronous
startpoint=rst_ni (input port clocked by core)
endpoint=_4523_ (recovery check against rising-edge clock core)
path_power_complete=true
path_average_power_sum internal=3.97331e-06 switching=1.72414e-08 dynamic=3.99055e-06 leakage=4.81866e-12 total=3.99056e-06
stage instance cell pins fanout capacitance slew delay arrival internal switching dynamic leakage total
1 _4523_ sky130_fd_sc_hd__dfrtp_1 RESET_B - - 0 0 2 3.97331e-06 1.72414e-08 3.99055e-06 4.81866e-12 3.99056e-06

Worst path 14: status=met slack=8.36922 type=max group=asynchronous
startpoint=rst_ni (input port clocked by core)
endpoint=_4524_ (recovery check against rising-edge clock core)
path_power_complete=true
path_average_power_sum internal=3.97331e-06 switching=1.72414e-08 dynamic=3.99055e-06 leakage=4.81866e-12 total=3.99056e-06
stage instance cell pins fanout capacitance slew delay arrival internal switching dynamic leakage total
1 _4524_ sky130_fd_sc_hd__dfrtp_1 RESET_B - - 0 0 2 3.97331e-06 1.72414e-08 3.99055e-06 4.81866e-12 3.99056e-06

Worst path 15: status=met slack=8.36922 type=max group=asynchronous
startpoint=rst_ni (input port clocked by core)
endpoint=_4525_ (recovery check against rising-edge clock core)
path_power_complete=true
path_average_power_sum internal=3.97331e-06 switching=1.72414e-08 dynamic=3.99055e-06 leakage=4.81866e-12 total=3.99056e-06
stage instance cell pins fanout capacitance slew delay arrival internal switching dynamic leakage total
1 _4525_ sky130_fd_sc_hd__dfrtp_1 RESET_B - - 0 0 2 3.97331e-06 1.72414e-08 3.99055e-06 4.81866e-12 3.99056e-06

Worst path 16: status=met slack=8.36922 type=max group=asynchronous
startpoint=rst_ni (input port clocked by core)
endpoint=_4526_ (recovery check against rising-edge clock core)
path_power_complete=true
path_average_power_sum internal=3.97313e-06 switching=1.49048e-08 dynamic=3.98803e-06 leakage=4.81865e-12 total=3.98804e-06
stage instance cell pins fanout capacitance slew delay arrival internal switching dynamic leakage total
1 _4526_ sky130_fd_sc_hd__dfrtp_1 RESET_B - - 0 0 2 3.97313e-06 1.49048e-08 3.98803e-06 4.81865e-12 3.98804e-06

Worst path 17: status=met slack=8.36922 type=max group=asynchronous
startpoint=rst_ni (input port clocked by core)
endpoint=_4527_ (recovery check against rising-edge clock core)
path_power_complete=true
path_average_power_sum internal=3.96764e-06 switching=1.7197e-08 dynamic=3.98484e-06 leakage=4.81846e-12 total=3.98484e-06
stage instance cell pins fanout capacitance slew delay arrival internal switching dynamic leakage total
1 _4527_ sky130_fd_sc_hd__dfrtp_1 RESET_B - - 0 0 2 3.96764e-06 1.7197e-08 3.98484e-06 4.81846e-12 3.98484e-06

Worst path 18: status=met slack=8.36922 type=max group=asynchronous
startpoint=rst_ni (input port clocked by core)
endpoint=_4528_ (recovery check against rising-edge clock core)
path_power_complete=true
path_average_power_sum internal=3.96764e-06 switching=1.71895e-08 dynamic=3.98483e-06 leakage=4.81846e-12 total=3.98484e-06
stage instance cell pins fanout capacitance slew delay arrival internal switching dynamic leakage total
1 _4528_ sky130_fd_sc_hd__dfrtp_1 RESET_B - - 0 0 2 3.96764e-06 1.71895e-08 3.98483e-06 4.81846e-12 3.98484e-06

Worst path 19: status=met slack=8.36922 type=max group=asynchronous
startpoint=rst_ni (input port clocked by core)
endpoint=_4529_ (recovery check against rising-edge clock core)
path_power_complete=true
path_average_power_sum internal=3.96765e-06 switching=1.72414e-08 dynamic=3.98489e-06 leakage=4.81846e-12 total=3.98489e-06
stage instance cell pins fanout capacitance slew delay arrival internal switching dynamic leakage total
1 _4529_ sky130_fd_sc_hd__dfrtp_1 RESET_B - - 0 0 2 3.96765e-06 1.72414e-08 3.98489e-06 4.81846e-12 3.98489e-06

Worst path 20: status=met slack=8.36922 type=max group=asynchronous
startpoint=rst_ni (input port clocked by core)
endpoint=_4530_ (recovery check against rising-edge clock core)
path_power_complete=true
path_average_power_sum internal=3.96764e-06 switching=1.7197e-08 dynamic=3.98484e-06 leakage=4.81846e-12 total=3.98484e-06
stage instance cell pins fanout capacitance slew delay arrival internal switching dynamic leakage total
1 _4530_ sky130_fd_sc_hd__dfrtp_1 RESET_B - - 0 0 2 3.96764e-06 1.7197e-08 3.98484e-06 4.81846e-12 3.98484e-06

=== Highest-power instances and worst path through each ===

Hotspot 1: instance=_4693_ selected_worst_paths=none internal=4.29314e-06 switching=1.36835e-07 dynamic=4.42998e-06 leakage=4.81907e-12 total=4.42998e-06
Worst path through hotspot: status=met slack=5.6866 type=max group=core
startpoint=_4693_ (rising edge-triggered flip-flop clocked by core)
endpoint=_4527_ (rising edge-triggered flip-flop clocked by core)
path_power_complete=true
path_average_power_sum internal=8.84547e-06 switching=2.7287e-06 dynamic=1.15742e-05 leakage=2.01332e-11 total=1.15742e-05
stage instance cell pins fanout capacitance slew delay arrival internal switching dynamic leakage total
1 _4693_ sky130_fd_sc_hd__dfrtp_1 CLK,Q 2 0.004187 0.060399 0.541384 0.541384 4.29314e-06 1.36835e-07 4.42998e-06 4.81907e-12 4.42998e-06
2 _4506_ sky130_fd_sc_hd__inv_1 A,Y 3 0.006383 0.091624 0.106494 0.647878 5.58806e-08 1.92047e-07 2.47928e-07 1.85383e-13 2.47928e-07
3 _4507_ sky130_fd_sc_hd__nand2_1 A,Y 5 0.012266 0.12142 0.139968 0.787845 9.44387e-08 4.12346e-07 5.06785e-07 3.2275e-13 5.06785e-07
4 _2274_ sky130_fd_sc_hd__nor2_1 B,Y 1 0.002282 0.110835 0.155607 0.943453 6.00873e-08 6.86591e-08 1.28746e-07 1.63448e-12 1.28748e-07
5 _2276_ sky130_fd_sc_hd__nand2_1 A,Y 5 0.009315 0.097014 0.128871 1.07232 7.46743e-08 3.0328e-07 3.77954e-07 6.4667e-14 3.77954e-07
6 _2277_ sky130_fd_sc_hd__inv_1 A,Y 4 0.009507 0.128193 0.152279 1.2246 5.46571e-08 2.8604e-07 3.40697e-07 1.65978e-12 3.40698e-07
7 _2279_ sky130_fd_sc_hd__nand2_1 A,Y 2 0.004227 0.061196 0.101879 1.32648 6.16627e-08 1.37048e-07 1.9871e-07 3.06307e-13 1.98711e-07
8 _2282_ sky130_fd_sc_hd__inv_1 A,Y 3 0.00701 0.098868 0.112292 1.43877 5.60106e-08 2.10912e-07 2.66922e-07 1.65999e-12 2.66924e-07
9 _2290_ sky130_fd_sc_hd__a21oi_1 A1,Y 3 0.006377 0.079909 0.115025 1.5538 9.29592e-09 3.20591e-09 1.25018e-08 4.77226e-14 1.25019e-08
10 _2670_ sky130_fd_sc_hd__nand3_1 A,Y 1 0.002042 0.105009 0.10213 1.65593 3.52488e-08 1.60685e-08 5.13173e-08 3.87737e-13 5.13177e-08
11 _2671_ sky130_fd_sc_hd__clkbuf_1 A,X 21 0.053146 0.986606 0.815591 2.47152 3.72491e-08 4.18205e-07 4.55454e-07 7.0161e-14 4.55454e-07
12 _2673_ sky130_fd_sc_hd__clkbuf_1 A,X 32 0.065956 1.22513 1.19483 3.66635 3.60262e-08 5.19006e-07 5.55032e-07 7.0161e-14 5.55032e-07
13 _2779_ sky130_fd_sc_hd__o21ai_0 A2,Y 1 0.001762 0.150977 0.344521 4.01087 9.45017e-09 7.85278e-09 1.73029e-08 4.08651e-12 1.7307e-08
14 _4527_ sky130_fd_sc_hd__dfrtp_1 D - - 0.150977 0 4.01087 3.96764e-06 1.7197e-08 3.98484e-06 4.81846e-12 3.98484e-06
OpenSTA targeted timing report:
Startpoint: _4693_ (rising edge-triggered flip-flop clocked by core)
Endpoint: _4527_ (rising edge-triggered flip-flop clocked by core)
Path Group: core
Path Type: max

Fanout         Cap        Slew       Delay        Time   Description
---------------------------------------------------------------------------------------------
                      0.000000    0.000000    0.000000   clock core (rise edge)
                                  0.000000    0.000000   clock network delay (ideal)
                      0.000000    0.000000    0.000000 ^ _4693_/CLK (sky130_fd_sc_hd__dfrtp_1)
     2    0.004187    0.060399    0.541384    0.541384 v _4693_/Q (sky130_fd_sc_hd__dfrtp_1)
                                                         u_cordic_reg.tl_o[65] (net)
                      0.060399    0.000000    0.541384 v _4506_/A (sky130_fd_sc_hd__inv_1)
     3    0.006383    0.091624    0.106494    0.647878 ^ _4506_/Y (sky130_fd_sc_hd__inv_1)
                                                         u_cordic_reg.tl_o[0] (net)
                      0.091624    0.000000    0.647878 ^ _4507_/A (sky130_fd_sc_hd__nand2_1)
     5    0.012266    0.121420    0.139968    0.787845 v _4507_/Y (sky130_fd_sc_hd__nand2_1)
                                                         _1491_ (net)
                      0.121420    0.000000    0.787845 v _2274_/B (sky130_fd_sc_hd__nor2_1)
     1    0.002282    0.110835    0.155607    0.943453 ^ _2274_/Y (sky130_fd_sc_hd__nor2_1)
                                                         _1511_ (net)
                      0.110835    0.000000    0.943453 ^ _2276_/A (sky130_fd_sc_hd__nand2_1)
     5    0.009315    0.097014    0.128871    1.072324 v _2276_/Y (sky130_fd_sc_hd__nand2_1)
                                                         _1513_ (net)
                      0.097014    0.000000    1.072324 v _2277_/A (sky130_fd_sc_hd__inv_1)
     4    0.009507    0.128193    0.152279    1.224603 ^ _2277_/Y (sky130_fd_sc_hd__inv_1)
                                                         _1514_ (net)
                      0.128193    0.000000    1.224603 ^ _2279_/A (sky130_fd_sc_hd__nand2_1)
     2    0.004227    0.061196    0.101879    1.326482 v _2279_/Y (sky130_fd_sc_hd__nand2_1)
                                                         _1516_ (net)
                      0.061196    0.000000    1.326482 v _2282_/A (sky130_fd_sc_hd__inv_1)
     3    0.007010    0.098868    0.112292    1.438774 ^ _2282_/Y (sky130_fd_sc_hd__inv_1)
                                                         _1519_ (net)
                      0.098868    0.000000    1.438774 ^ _2290_/A1 (sky130_fd_sc_hd__a21oi_1)
     3    0.006377    0.079909    0.115025    1.553799 v _2290_/Y (sky130_fd_sc_hd__a21oi_1)
                                                         _1527_ (net)
                      0.079909    0.000000    1.553799 v _2670_/A (sky130_fd_sc_hd__nand3_1)
     1    0.002042    0.105009    0.102130    1.655929 ^ _2670_/Y (sky130_fd_sc_hd__nand3_1)
                                                         _1814_ (net)
                      0.105009    0.000000    1.655929 ^ _2671_/A (sky130_fd_sc_hd__clkbuf_1)
    21    0.053146    0.986606    0.815591    2.471520 ^ _2671_/X (sky130_fd_sc_hd__clkbuf_1)
                                                         _1815_ (net)
                      0.986606    0.000000    2.471520 ^ _2673_/A (sky130_fd_sc_hd__clkbuf_1)
    32    0.065956    1.225126    1.194830    3.666350 ^ _2673_/X (sky130_fd_sc_hd__clkbuf_1)
                                                         _1816_ (net)
                      1.225126    0.000000    3.666350 ^ _2779_/A2 (sky130_fd_sc_hd__o21ai_0)
     1    0.001762    0.150977    0.344521    4.010871 v _2779_/Y (sky130_fd_sc_hd__o21ai_0)
                                                         _0259_ (net)
                      0.150977    0.000000    4.010871 v _4527_/D (sky130_fd_sc_hd__dfrtp_1)
                                              4.010871   data arrival time

                      0.000000   10.000000   10.000000   clock core (rise edge)
                                  0.000000   10.000000   clock network delay (ideal)
                                  0.000000   10.000000   clock reconvergence pessimism
                                             10.000000 ^ _4527_/CLK (sky130_fd_sc_hd__dfrtp_1)
                                 -0.302525    9.697475   library setup time
                                              9.697475   data required time
---------------------------------------------------------------------------------------------
                                              9.697475   data required time
                                             -4.010871   data arrival time
---------------------------------------------------------------------------------------------
                                              5.686604   slack (MET)

Hotspot 2: instance=_4554_ selected_worst_paths=none internal=3.96864e-06 switching=1.24708e-07 dynamic=4.09335e-06 leakage=4.81882e-12 total=4.09335e-06
Worst path through hotspot: status=met slack=4.90138 type=max group=core
startpoint=tl_i[108] (input port clocked by core)
endpoint=_4554_ (rising edge-triggered flip-flop clocked by core)
path_power_complete=true
path_average_power_sum internal=4.54705e-06 switching=2.40145e-06 dynamic=6.9485e-06 leakage=1.47053e-11 total=6.94851e-06
stage instance cell pins fanout capacitance slew delay arrival internal switching dynamic leakage total
1 _4507_ sky130_fd_sc_hd__nand2_1 B,Y 5 0.013705 0.216866 0.177847 2.17785 9.44387e-08 4.12346e-07 5.06785e-07 3.2275e-13 5.06785e-07
2 _2274_ sky130_fd_sc_hd__nor2_1 B,Y 1 0.002141 0.047518 0.095917 2.27376 6.00873e-08 6.86591e-08 1.28746e-07 1.63448e-12 1.28748e-07
3 _2276_ sky130_fd_sc_hd__nand2_1 A,Y 5 0.01008 0.167674 0.15473 2.42849 7.46743e-08 3.0328e-07 3.77954e-07 6.4667e-14 3.77954e-07
4 _2277_ sky130_fd_sc_hd__inv_1 A,Y 4 0.008643 0.065806 0.120175 2.54867 5.46571e-08 2.8604e-07 3.40697e-07 1.65978e-12 3.40698e-07
5 _2279_ sky130_fd_sc_hd__nand2_1 A,Y 2 0.004555 0.092105 0.107585 2.65625 6.16627e-08 1.37048e-07 1.9871e-07 3.06307e-13 1.98711e-07
6 _2282_ sky130_fd_sc_hd__inv_1 A,Y 3 0.006446 0.044949 0.078356 2.73461 5.60106e-08 2.10912e-07 2.66922e-07 1.65999e-12 2.66924e-07
7 _2290_ sky130_fd_sc_hd__a21oi_1 A1,Y 3 0.006926 0.289871 0.283231 3.01784 9.29592e-09 3.20591e-09 1.25018e-08 4.77226e-14 1.25019e-08
8 _2528_ sky130_fd_sc_hd__nand2_1 A,Y 3 0.006348 0.101405 0.178463 3.19631 8.53711e-08 2.16719e-07 3.0209e-07 3.07115e-13 3.0209e-07
9 _2688_ sky130_fd_sc_hd__nor2_1 B,Y 2 0.004082 0.16333 0.184599 3.3809 2.34802e-08 3.21212e-08 5.56013e-08 1.63497e-12 5.5603e-08
10 _2689_ sky130_fd_sc_hd__lpflow_clkbufkapwr_1 A,X 32 0.075222 1.38773 1.12803 4.50893 3.76732e-08 5.9192e-07 6.29593e-07 7.01608e-14 6.29594e-07
11 _2728_ sky130_fd_sc_hd__nand2_1 A,Y 1 0.001502 0.185369 0.269108 4.77804 9.91948e-09 6.63633e-09 1.65558e-08 1.41101e-14 1.65558e-08
12 _2729_ sky130_fd_sc_hd__o21ai_0 B1,Y 1 0.001885 0.17893 0.158355 4.93639 1.11423e-08 7.85278e-09 1.89951e-08 2.16442e-12 1.89973e-08
13 _4554_ sky130_fd_sc_hd__dfrtp_1 D - - 0.17893 0 4.93639 3.96864e-06 1.24708e-07 4.09335e-06 4.81882e-12 4.09335e-06
OpenSTA targeted timing report:
Startpoint: tl_i[108] (input port clocked by core)
Endpoint: _4554_ (rising edge-triggered flip-flop clocked by core)
Path Group: core
Path Type: max

Fanout         Cap        Slew       Delay        Time   Description
---------------------------------------------------------------------------------------------
                      0.000000    0.000000    0.000000   clock core (rise edge)
                                  0.000000    0.000000   clock network delay (ideal)
                                  2.000000    2.000000 v input external delay
     1    0.002125    0.000000    0.000000    2.000000 v tl_i[108] (in)
                                                         tl_i[108] (net)
                      0.000000    0.000000    2.000000 v _4507_/B (sky130_fd_sc_hd__nand2_1)
     5    0.013705    0.216866    0.177847    2.177847 ^ _4507_/Y (sky130_fd_sc_hd__nand2_1)
                                                         _1491_ (net)
                      0.216866    0.000000    2.177847 ^ _2274_/B (sky130_fd_sc_hd__nor2_1)
     1    0.002141    0.047518    0.095917    2.273764 v _2274_/Y (sky130_fd_sc_hd__nor2_1)
                                                         _1511_ (net)
                      0.047518    0.000000    2.273764 v _2276_/A (sky130_fd_sc_hd__nand2_1)
     5    0.010080    0.167674    0.154730    2.428494 ^ _2276_/Y (sky130_fd_sc_hd__nand2_1)
                                                         _1513_ (net)
                      0.167674    0.000000    2.428494 ^ _2277_/A (sky130_fd_sc_hd__inv_1)
     4    0.008643    0.065806    0.120175    2.548669 v _2277_/Y (sky130_fd_sc_hd__inv_1)
                                                         _1514_ (net)
                      0.065806    0.000000    2.548669 v _2279_/A (sky130_fd_sc_hd__nand2_1)
     2    0.004555    0.092105    0.107585    2.656254 ^ _2279_/Y (sky130_fd_sc_hd__nand2_1)
                                                         _1516_ (net)
                      0.092105    0.000000    2.656254 ^ _2282_/A (sky130_fd_sc_hd__inv_1)
     3    0.006446    0.044949    0.078356    2.734610 v _2282_/Y (sky130_fd_sc_hd__inv_1)
                                                         _1519_ (net)
                      0.044949    0.000000    2.734610 v _2290_/A1 (sky130_fd_sc_hd__a21oi_1)
     3    0.006926    0.289871    0.283231    3.017842 ^ _2290_/Y (sky130_fd_sc_hd__a21oi_1)
                                                         _1527_ (net)
                      0.289871    0.000000    3.017842 ^ _2528_/A (sky130_fd_sc_hd__nand2_1)
     3    0.006348    0.101405    0.178463    3.196305 v _2528_/Y (sky130_fd_sc_hd__nand2_1)
                                                         _1734_ (net)
                      0.101405    0.000000    3.196305 v _2688_/B (sky130_fd_sc_hd__nor2_1)
     2    0.004082    0.163330    0.184599    3.380903 ^ _2688_/Y (sky130_fd_sc_hd__nor2_1)
                                                         _1821_ (net)
                      0.163330    0.000000    3.380903 ^ _2689_/A (sky130_fd_sc_hd__lpflow_clkbufkapwr_1)
    32    0.075222    1.387734    1.128026    4.508929 ^ _2689_/X (sky130_fd_sc_hd__lpflow_clkbufkapwr_1)
                                                         _1822_ (net)
                      1.387734    0.000000    4.508929 ^ _2728_/A (sky130_fd_sc_hd__nand2_1)
     1    0.001502    0.185369    0.269108    4.778037 v _2728_/Y (sky130_fd_sc_hd__nand2_1)
                                                         _1846_ (net)
                      0.185369    0.000000    4.778037 v _2729_/B1 (sky130_fd_sc_hd__o21ai_0)
     1    0.001885    0.178930    0.158355    4.936392 ^ _2729_/Y (sky130_fd_sc_hd__o21ai_0)
                                                         _0234_ (net)
                      0.178930    0.000000    4.936392 ^ _4554_/D (sky130_fd_sc_hd__dfrtp_1)
                                              4.936392   data arrival time

                      0.000000   10.000000   10.000000   clock core (rise edge)
                                  0.000000   10.000000   clock network delay (ideal)
                                  0.000000   10.000000   clock reconvergence pessimism
                                             10.000000 ^ _4554_/CLK (sky130_fd_sc_hd__dfrtp_1)
                                 -0.162232    9.837769   library setup time
                                              9.837769   data required time
---------------------------------------------------------------------------------------------
                                              9.837769   data required time
                                             -4.936392   data arrival time
---------------------------------------------------------------------------------------------
                                              4.901376   slack (MET)

Hotspot 3: instance=_4538_ selected_worst_paths=none internal=3.97444e-06 switching=1.12462e-07 dynamic=4.0869e-06 leakage=4.81892e-12 total=4.08691e-06
Worst path through hotspot: status=met slack=3.96303 type=max group=core
startpoint=tl_i[62] (input port clocked by core)
endpoint=_4538_ (rising edge-triggered flip-flop clocked by core)
path_power_complete=true
path_average_power_sum internal=4.25777e-06 switching=2.91052e-06 dynamic=7.16829e-06 leakage=1.33292e-11 total=7.16831e-06
stage instance cell pins fanout capacitance slew delay arrival internal switching dynamic leakage total
1 _2285_ sky130_fd_sc_hd__nor2_1 A,Y 2 0.004604 0.1773 0.169478 2.16948 4.29085e-08 7.03264e-08 1.13235e-07 2.01942e-13 1.13235e-07
2 _2287_ sky130_fd_sc_hd__nand2_1 A,Y 2 0.004172 0.067042 0.118156 2.28763 5.321e-08 1.04832e-07 1.58042e-07 3.05936e-12 1.58045e-07
3 _2308_ sky130_fd_sc_hd__nor2_1 B,Y 32 0.072666 2.03476 1.58773 3.87537 5.01735e-08 1.64815e-06 1.69832e-06 2.82174e-13 1.69832e-06
4 _2670_ sky130_fd_sc_hd__nand3_1 B,Y 1 0.001828 0.250736 0.463087 4.33845 3.52488e-08 1.60685e-08 5.13173e-08 3.87737e-13 5.13177e-08
5 _2671_ sky130_fd_sc_hd__clkbuf_1 A,X 21 0.047972 0.34116 0.481124 4.81958 3.72491e-08 4.18205e-07 4.55454e-07 7.0161e-14 4.55454e-07
6 _2673_ sky130_fd_sc_hd__clkbuf_1 A,X 32 0.06106 0.430335 0.593028 5.41261 3.60262e-08 5.19006e-07 5.55032e-07 7.0161e-14 5.55032e-07
7 _2829_ sky130_fd_sc_hd__nand2_1 A,Y 1 0.001593 0.099026 0.233441 5.64605 1.22593e-08 6.63633e-09 1.88956e-08 3.47721e-13 1.8896e-08
8 _2830_ sky130_fd_sc_hd__o21ai_0 B1,Y 1 0.001762 0.129976 0.099833 5.74588 1.62538e-08 1.4833e-08 3.10868e-08 4.09104e-12 3.10909e-08
9 _4538_ sky130_fd_sc_hd__dfrtp_1 D - - 0.129976 0 5.74588 3.97444e-06 1.12462e-07 4.0869e-06 4.81892e-12 4.08691e-06
OpenSTA targeted timing report:
Startpoint: tl_i[62] (input port clocked by core)
Endpoint: _4538_ (rising edge-triggered flip-flop clocked by core)
Path Group: core
Path Type: max

Fanout         Cap        Slew       Delay        Time   Description
---------------------------------------------------------------------------------------------
                      0.000000    0.000000    0.000000   clock core (rise edge)
                                  0.000000    0.000000   clock network delay (ideal)
                                  2.000000    2.000000 v input external delay
     5    0.010748    0.000000    0.000000    2.000000 v tl_i[62] (in)
                                                         tl_i[62] (net)
                      0.000000    0.000000    2.000000 v _2285_/A (sky130_fd_sc_hd__nor2_1)
     2    0.004604    0.177300    0.169478    2.169478 ^ _2285_/Y (sky130_fd_sc_hd__nor2_1)
                                                         _1522_ (net)
                      0.177300    0.000000    2.169478 ^ _2287_/A (sky130_fd_sc_hd__nand2_1)
     2    0.004172    0.067042    0.118156    2.287634 v _2287_/Y (sky130_fd_sc_hd__nand2_1)
                                                         _1524_ (net)
                      0.067042    0.000000    2.287634 v _2308_/B (sky130_fd_sc_hd__nor2_1)
    32    0.072666    2.034763    1.587733    3.875367 ^ _2308_/Y (sky130_fd_sc_hd__nor2_1)
                                                         _1545_ (net)
                      2.034763    0.000000    3.875367 ^ _2670_/B (sky130_fd_sc_hd__nand3_1)
     1    0.001828    0.250736    0.463087    4.338454 v _2670_/Y (sky130_fd_sc_hd__nand3_1)
                                                         _1814_ (net)
                      0.250736    0.000000    4.338454 v _2671_/A (sky130_fd_sc_hd__clkbuf_1)
    21    0.047972    0.341160    0.481124    4.819578 v _2671_/X (sky130_fd_sc_hd__clkbuf_1)
                                                         _1815_ (net)
                      0.341160    0.000000    4.819578 v _2673_/A (sky130_fd_sc_hd__clkbuf_1)
    32    0.061060    0.430335    0.593028    5.412606 v _2673_/X (sky130_fd_sc_hd__clkbuf_1)
                                                         _1816_ (net)
                      0.430335    0.000000    5.412606 v _2829_/A (sky130_fd_sc_hd__nand2_1)
     1    0.001593    0.099026    0.233441    5.646047 ^ _2829_/Y (sky130_fd_sc_hd__nand2_1)
                                                         _1902_ (net)
                      0.099026    0.000000    5.646047 ^ _2830_/B1 (sky130_fd_sc_hd__o21ai_0)
     1    0.001762    0.129976    0.099833    5.745880 v _2830_/Y (sky130_fd_sc_hd__o21ai_0)
                                                         _0278_ (net)
                      0.129976    0.000000    5.745880 v _4538_/D (sky130_fd_sc_hd__dfrtp_1)
                                              5.745880   data arrival time

                      0.000000   10.000000   10.000000   clock core (rise edge)
                                  0.000000   10.000000   clock network delay (ideal)
                                  0.000000   10.000000   clock reconvergence pessimism
                                             10.000000 ^ _4538_/CLK (sky130_fd_sc_hd__dfrtp_1)
                                 -0.291092    9.708909   library setup time
                                              9.708909   data required time
---------------------------------------------------------------------------------------------
                                              9.708909   data required time
                                             -5.745880   data arrival time
---------------------------------------------------------------------------------------------
                                              3.963029   slack (MET)

Hotspot 4: instance=_4710_ selected_worst_paths=none internal=3.97472e-06 switching=8.84806e-08 dynamic=4.0632e-06 leakage=4.81884e-12 total=4.0632e-06
Worst path through hotspot: status=met slack=3.96303 type=max group=core
startpoint=tl_i[62] (input port clocked by core)
endpoint=_4710_ (rising edge-triggered flip-flop clocked by core)
path_power_complete=true
path_average_power_sum internal=4.25808e-06 switching=2.88654e-06 dynamic=7.14462e-06 leakage=1.33293e-11 total=7.14463e-06
stage instance cell pins fanout capacitance slew delay arrival internal switching dynamic leakage total
1 _2285_ sky130_fd_sc_hd__nor2_1 A,Y 2 0.004604 0.1773 0.169478 2.16948 4.29085e-08 7.03264e-08 1.13235e-07 2.01942e-13 1.13235e-07
2 _2287_ sky130_fd_sc_hd__nand2_1 A,Y 2 0.004172 0.067042 0.118156 2.28763 5.321e-08 1.04832e-07 1.58042e-07 3.05936e-12 1.58045e-07
3 _2308_ sky130_fd_sc_hd__nor2_1 B,Y 32 0.072666 2.03476 1.58773 3.87537 5.01735e-08 1.64815e-06 1.69832e-06 2.82174e-13 1.69832e-06
4 _2670_ sky130_fd_sc_hd__nand3_1 B,Y 1 0.001828 0.250736 0.463087 4.33845 3.52488e-08 1.60685e-08 5.13173e-08 3.87737e-13 5.13177e-08
5 _2671_ sky130_fd_sc_hd__clkbuf_1 A,X 21 0.047972 0.34116 0.481124 4.81958 3.72491e-08 4.18205e-07 4.55454e-07 7.0161e-14 4.55454e-07
6 _2673_ sky130_fd_sc_hd__clkbuf_1 A,X 32 0.06106 0.430335 0.593028 5.41261 3.60262e-08 5.19006e-07 5.55032e-07 7.0161e-14 5.55032e-07
7 _2865_ sky130_fd_sc_hd__nand2_1 A,Y 1 0.001593 0.099026 0.233441 5.64605 1.22939e-08 6.63633e-09 1.89302e-08 3.47865e-13 1.89306e-08
8 _2866_ sky130_fd_sc_hd__o21ai_0 B1,Y 1 0.001762 0.129976 0.099833 5.74588 1.62538e-08 1.4833e-08 3.10868e-08 4.09107e-12 3.10909e-08
9 _4710_ sky130_fd_sc_hd__dfrtp_1 D - - 0.129976 0 5.74588 3.97472e-06 8.84806e-08 4.0632e-06 4.81884e-12 4.0632e-06
OpenSTA targeted timing report:
Startpoint: tl_i[62] (input port clocked by core)
Endpoint: _4710_ (rising edge-triggered flip-flop clocked by core)
Path Group: core
Path Type: max

Fanout         Cap        Slew       Delay        Time   Description
---------------------------------------------------------------------------------------------
                      0.000000    0.000000    0.000000   clock core (rise edge)
                                  0.000000    0.000000   clock network delay (ideal)
                                  2.000000    2.000000 v input external delay
     5    0.010748    0.000000    0.000000    2.000000 v tl_i[62] (in)
                                                         tl_i[62] (net)
                      0.000000    0.000000    2.000000 v _2285_/A (sky130_fd_sc_hd__nor2_1)
     2    0.004604    0.177300    0.169478    2.169478 ^ _2285_/Y (sky130_fd_sc_hd__nor2_1)
                                                         _1522_ (net)
                      0.177300    0.000000    2.169478 ^ _2287_/A (sky130_fd_sc_hd__nand2_1)
     2    0.004172    0.067042    0.118156    2.287634 v _2287_/Y (sky130_fd_sc_hd__nand2_1)
                                                         _1524_ (net)
                      0.067042    0.000000    2.287634 v _2308_/B (sky130_fd_sc_hd__nor2_1)
    32    0.072666    2.034763    1.587733    3.875367 ^ _2308_/Y (sky130_fd_sc_hd__nor2_1)
                                                         _1545_ (net)
                      2.034763    0.000000    3.875367 ^ _2670_/B (sky130_fd_sc_hd__nand3_1)
     1    0.001828    0.250736    0.463087    4.338454 v _2670_/Y (sky130_fd_sc_hd__nand3_1)
                                                         _1814_ (net)
                      0.250736    0.000000    4.338454 v _2671_/A (sky130_fd_sc_hd__clkbuf_1)
    21    0.047972    0.341160    0.481124    4.819578 v _2671_/X (sky130_fd_sc_hd__clkbuf_1)
                                                         _1815_ (net)
                      0.341160    0.000000    4.819578 v _2673_/A (sky130_fd_sc_hd__clkbuf_1)
    32    0.061060    0.430335    0.593028    5.412606 v _2673_/X (sky130_fd_sc_hd__clkbuf_1)
                                                         _1816_ (net)
                      0.430335    0.000000    5.412606 v _2865_/A (sky130_fd_sc_hd__nand2_1)
     1    0.001593    0.099026    0.233441    5.646047 ^ _2865_/Y (sky130_fd_sc_hd__nand2_1)
                                                         _1921_ (net)
                      0.099026    0.000000    5.646047 ^ _2866_/B1 (sky130_fd_sc_hd__o21ai_0)
     1    0.001762    0.129976    0.099833    5.745880 v _2866_/Y (sky130_fd_sc_hd__o21ai_0)
                                                         _0294_ (net)
                      0.129976    0.000000    5.745880 v _4710_/D (sky130_fd_sc_hd__dfrtp_1)
                                              5.745880   data arrival time

                      0.000000   10.000000   10.000000   clock core (rise edge)
                                  0.000000   10.000000   clock network delay (ideal)
                                  0.000000   10.000000   clock reconvergence pessimism
                                             10.000000 ^ _4710_/CLK (sky130_fd_sc_hd__dfrtp_1)
                                 -0.291092    9.708909   library setup time
                                              9.708909   data required time
---------------------------------------------------------------------------------------------
                                              9.708909   data required time
                                             -5.745880   data arrival time
---------------------------------------------------------------------------------------------
                                              3.963029   slack (MET)

Hotspot 5: instance=_4684_ selected_worst_paths=none internal=4.03453e-06 switching=8.73919e-09 dynamic=4.04327e-06 leakage=3.50237e-12 total=4.04328e-06
Worst path through hotspot: status=met slack=5.95024 type=max group=core
startpoint=tl_i[108] (input port clocked by core)
endpoint=_4684_ (rising edge-triggered flip-flop clocked by core)
path_power_complete=true
path_average_power_sum internal=4.55155e-06 switching=3.75782e-06 dynamic=8.30937e-06 leakage=8.53732e-12 total=8.30938e-06
stage instance cell pins fanout capacitance slew delay arrival internal switching dynamic leakage total
1 _4507_ sky130_fd_sc_hd__nand2_1 B,Y 5 0.012266 0.12142 0.10565 2.10565 9.44387e-08 4.12346e-07 5.06785e-07 3.2275e-13 5.06785e-07
2 _4508_ sky130_fd_sc_hd__inv_2 A,Y 13 0.029237 0.214145 0.230506 2.33616 7.50454e-08 8.79661e-07 9.54707e-07 3.26186e-12 9.5471e-07
3 _4509_ sky130_fd_sc_hd__lpflow_clkbufkapwr_1 A,X 32 0.075642 1.40084 1.15241 3.48857 1.45815e-07 2.27586e-06 2.42168e-06 7.01608e-14 2.42168e-06
4 _2857_ sky130_fd_sc_hd__nand2_1 A,Y 1 0.002141 0.198459 0.295043 3.78361 5.19528e-08 6.86591e-08 1.20612e-07 2.83908e-13 1.20612e-07
5 _2859_ sky130_fd_sc_hd__nand2_1 A,Y 1 0.001885 0.0675 0.145723 3.92933 1.49766e-07 1.12556e-07 2.62323e-07 1.09626e-12 2.62324e-07
6 _4684_ sky130_fd_sc_hd__dfrtp_1 D - - 0.0675 0 3.92933 4.03453e-06 8.73919e-09 4.04327e-06 3.50237e-12 4.04328e-06
OpenSTA targeted timing report:
Startpoint: tl_i[108] (input port clocked by core)
Endpoint: _4684_ (rising edge-triggered flip-flop clocked by core)
Path Group: core
Path Type: max

Fanout         Cap        Slew       Delay        Time   Description
---------------------------------------------------------------------------------------------
                      0.000000    0.000000    0.000000   clock core (rise edge)
                                  0.000000    0.000000   clock network delay (ideal)
                                  2.000000    2.000000 ^ input external delay
     1    0.002322    0.000000    0.000000    2.000000 ^ tl_i[108] (in)
                                                         tl_i[108] (net)
                      0.000000    0.000000    2.000000 ^ _4507_/B (sky130_fd_sc_hd__nand2_1)
     5    0.012266    0.121420    0.105650    2.105650 v _4507_/Y (sky130_fd_sc_hd__nand2_1)
                                                         _1491_ (net)
                      0.121420    0.000000    2.105650 v _4508_/A (sky130_fd_sc_hd__inv_2)
    13    0.029237    0.214145    0.230506    2.336156 ^ _4508_/Y (sky130_fd_sc_hd__inv_2)
                                                         _1492_ (net)
                      0.214145    0.000000    2.336156 ^ _4509_/A (sky130_fd_sc_hd__lpflow_clkbufkapwr_1)
    32    0.075642    1.400835    1.152412    3.488568 ^ _4509_/X (sky130_fd_sc_hd__lpflow_clkbufkapwr_1)
                                                         _1493_ (net)
                      1.400835    0.000000    3.488568 ^ _2857_/A (sky130_fd_sc_hd__nand2_1)
     1    0.002141    0.198459    0.295043    3.783610 v _2857_/Y (sky130_fd_sc_hd__nand2_1)
                                                         _1917_ (net)
                      0.198459    0.000000    3.783610 v _2859_/A (sky130_fd_sc_hd__nand2_1)
     1    0.001885    0.067500    0.145723    3.929333 ^ _2859_/Y (sky130_fd_sc_hd__nand2_1)
                                                         _0290_ (net)
                      0.067500    0.000000    3.929333 ^ _4684_/D (sky130_fd_sc_hd__dfrtp_1)
                                              3.929333   data arrival time

                      0.000000   10.000000   10.000000   clock core (rise edge)
                                  0.000000   10.000000   clock network delay (ideal)
                                  0.000000   10.000000   clock reconvergence pessimism
                                             10.000000 ^ _4684_/CLK (sky130_fd_sc_hd__dfrtp_1)
                                 -0.120422    9.879579   library setup time
                                              9.879579   data required time
---------------------------------------------------------------------------------------------
                                              9.879579   data required time
                                             -3.929333   data arrival time
---------------------------------------------------------------------------------------------
                                              5.950245   slack (MET)

Hotspot 6: instance=_4630_ selected_worst_paths=none internal=3.96904e-06 switching=5.54569e-08 dynamic=4.02449e-06 leakage=4.81858e-12 total=4.0245e-06
Worst path through hotspot: status=met slack=4.82634 type=max group=core
startpoint=tl_i[108] (input port clocked by core)
endpoint=_4630_ (rising edge-triggered flip-flop clocked by core)
path_power_complete=true
path_average_power_sum internal=4.54306e-06 switching=2.31938e-06 dynamic=6.86244e-06 leakage=1.42109e-11 total=6.86245e-06
stage instance cell pins fanout capacitance slew delay arrival internal switching dynamic leakage total
1 _4507_ sky130_fd_sc_hd__nand2_1 B,Y 5 0.013705 0.216866 0.177847 2.17785 9.44387e-08 4.12346e-07 5.06785e-07 3.2275e-13 5.06785e-07
2 _2274_ sky130_fd_sc_hd__nor2_1 B,Y 1 0.002141 0.047518 0.095917 2.27376 6.00873e-08 6.86591e-08 1.28746e-07 1.63448e-12 1.28748e-07
3 _2276_ sky130_fd_sc_hd__nand2_1 A,Y 5 0.01008 0.167674 0.15473 2.42849 7.46743e-08 3.0328e-07 3.77954e-07 6.4667e-14 3.77954e-07
4 _2277_ sky130_fd_sc_hd__inv_1 A,Y 4 0.008643 0.065806 0.120175 2.54867 5.46571e-08 2.8604e-07 3.40697e-07 1.65978e-12 3.40698e-07
5 _2279_ sky130_fd_sc_hd__nand2_1 A,Y 2 0.004555 0.092105 0.107585 2.65625 6.16627e-08 1.37048e-07 1.9871e-07 3.06307e-13 1.98711e-07
6 _2282_ sky130_fd_sc_hd__inv_1 A,Y 3 0.006446 0.044949 0.078356 2.73461 5.60106e-08 2.10912e-07 2.66922e-07 1.65999e-12 2.66924e-07
7 _2290_ sky130_fd_sc_hd__a21oi_1 A1,Y 3 0.006926 0.289871 0.283231 3.01784 9.29592e-09 3.20591e-09 1.25018e-08 4.77226e-14 1.25019e-08
8 _2528_ sky130_fd_sc_hd__nand2_1 A,Y 3 0.006348 0.101405 0.178463 3.19631 8.53711e-08 2.16719e-07 3.0209e-07 3.07115e-13 3.0209e-07
9 _2529_ sky130_fd_sc_hd__nor2_1 B,Y 2 0.004082 0.175662 0.184599 3.3809 2.35084e-08 3.21212e-08 5.56296e-08 1.63497e-12 5.56312e-08
10 _2531_ sky130_fd_sc_hd__lpflow_clkbufkapwr_1 A,X 32 0.074437 1.37476 1.12227 4.50317 3.77901e-08 5.85743e-07 6.23533e-07 7.01608e-14 6.23533e-07
11 _2573_ sky130_fd_sc_hd__a21oi_1 A2,Y 1 0.001762 0.148212 0.36947 4.87264 1.65237e-08 7.85278e-09 2.43765e-08 1.68442e-12 2.43781e-08
12 _4630_ sky130_fd_sc_hd__dfrtp_1 D - - 0.148212 0 4.87264 3.96904e-06 5.54569e-08 4.02449e-06 4.81858e-12 4.0245e-06
OpenSTA targeted timing report:
Startpoint: tl_i[108] (input port clocked by core)
Endpoint: _4630_ (rising edge-triggered flip-flop clocked by core)
Path Group: core
Path Type: max

Fanout         Cap        Slew       Delay        Time   Description
---------------------------------------------------------------------------------------------
                      0.000000    0.000000    0.000000   clock core (rise edge)
                                  0.000000    0.000000   clock network delay (ideal)
                                  2.000000    2.000000 v input external delay
     1    0.002125    0.000000    0.000000    2.000000 v tl_i[108] (in)
                                                         tl_i[108] (net)
                      0.000000    0.000000    2.000000 v _4507_/B (sky130_fd_sc_hd__nand2_1)
     5    0.013705    0.216866    0.177847    2.177847 ^ _4507_/Y (sky130_fd_sc_hd__nand2_1)
                                                         _1491_ (net)
                      0.216866    0.000000    2.177847 ^ _2274_/B (sky130_fd_sc_hd__nor2_1)
     1    0.002141    0.047518    0.095917    2.273764 v _2274_/Y (sky130_fd_sc_hd__nor2_1)
                                                         _1511_ (net)
                      0.047518    0.000000    2.273764 v _2276_/A (sky130_fd_sc_hd__nand2_1)
     5    0.010080    0.167674    0.154730    2.428494 ^ _2276_/Y (sky130_fd_sc_hd__nand2_1)
                                                         _1513_ (net)
                      0.167674    0.000000    2.428494 ^ _2277_/A (sky130_fd_sc_hd__inv_1)
     4    0.008643    0.065806    0.120175    2.548669 v _2277_/Y (sky130_fd_sc_hd__inv_1)
                                                         _1514_ (net)
                      0.065806    0.000000    2.548669 v _2279_/A (sky130_fd_sc_hd__nand2_1)
     2    0.004555    0.092105    0.107585    2.656254 ^ _2279_/Y (sky130_fd_sc_hd__nand2_1)
                                                         _1516_ (net)
                      0.092105    0.000000    2.656254 ^ _2282_/A (sky130_fd_sc_hd__inv_1)
     3    0.006446    0.044949    0.078356    2.734610 v _2282_/Y (sky130_fd_sc_hd__inv_1)
                                                         _1519_ (net)
                      0.044949    0.000000    2.734610 v _2290_/A1 (sky130_fd_sc_hd__a21oi_1)
     3    0.006926    0.289871    0.283231    3.017842 ^ _2290_/Y (sky130_fd_sc_hd__a21oi_1)
                                                         _1527_ (net)
                      0.289871    0.000000    3.017842 ^ _2528_/A (sky130_fd_sc_hd__nand2_1)
     3    0.006348    0.101405    0.178463    3.196305 v _2528_/Y (sky130_fd_sc_hd__nand2_1)
                                                         _1734_ (net)
                      0.101405    0.000000    3.196305 v _2529_/B (sky130_fd_sc_hd__nor2_1)
     2    0.004082    0.175662    0.184599    3.380903 ^ _2529_/Y (sky130_fd_sc_hd__nor2_1)
                                                         _1735_ (net)
                      0.175662    0.000000    3.380903 ^ _2531_/A (sky130_fd_sc_hd__lpflow_clkbufkapwr_1)
    32    0.074437    1.374762    1.122268    4.503171 ^ _2531_/X (sky130_fd_sc_hd__lpflow_clkbufkapwr_1)
                                                         _1737_ (net)
                      1.374762    0.000000    4.503171 ^ _2573_/A2 (sky130_fd_sc_hd__a21oi_1)
     1    0.001762    0.148212    0.369470    4.872641 v _2573_/Y (sky130_fd_sc_hd__a21oi_1)
                                                         _0163_ (net)
                      0.148212    0.000000    4.872641 v _4630_/D (sky130_fd_sc_hd__dfrtp_1)
                                              4.872641   data arrival time

                      0.000000   10.000000   10.000000   clock core (rise edge)
                                  0.000000   10.000000   clock network delay (ideal)
                                  0.000000   10.000000   clock reconvergence pessimism
                                             10.000000 ^ _4630_/CLK (sky130_fd_sc_hd__dfrtp_1)
                                 -0.301020    9.698980   library setup time
                                              9.698980   data required time
---------------------------------------------------------------------------------------------
                                              9.698980   data required time
                                             -4.872641   data arrival time
---------------------------------------------------------------------------------------------
                                              4.826340   slack (MET)

Hotspot 7: instance=_4628_ selected_worst_paths=none internal=3.96902e-06 switching=5.54531e-08 dynamic=4.02448e-06 leakage=4.81863e-12 total=4.02448e-06
Worst path through hotspot: status=met slack=4.91019 type=max group=core
startpoint=tl_i[108] (input port clocked by core)
endpoint=_4628_ (rising edge-triggered flip-flop clocked by core)
path_power_complete=true
path_average_power_sum internal=4.54768e-06 switching=2.32601e-06 dynamic=6.8737e-06 leakage=1.47048e-11 total=6.87371e-06
stage instance cell pins fanout capacitance slew delay arrival internal switching dynamic leakage total
1 _4507_ sky130_fd_sc_hd__nand2_1 B,Y 5 0.013705 0.216866 0.177847 2.17785 9.44387e-08 4.12346e-07 5.06785e-07 3.2275e-13 5.06785e-07
2 _2274_ sky130_fd_sc_hd__nor2_1 B,Y 1 0.002141 0.047518 0.095917 2.27376 6.00873e-08 6.86591e-08 1.28746e-07 1.63448e-12 1.28748e-07
3 _2276_ sky130_fd_sc_hd__nand2_1 A,Y 5 0.01008 0.167674 0.15473 2.42849 7.46743e-08 3.0328e-07 3.77954e-07 6.4667e-14 3.77954e-07
4 _2277_ sky130_fd_sc_hd__inv_1 A,Y 4 0.008643 0.065806 0.120175 2.54867 5.46571e-08 2.8604e-07 3.40697e-07 1.65978e-12 3.40698e-07
5 _2279_ sky130_fd_sc_hd__nand2_1 A,Y 2 0.004555 0.092105 0.107585 2.65625 6.16627e-08 1.37048e-07 1.9871e-07 3.06307e-13 1.98711e-07
6 _2282_ sky130_fd_sc_hd__inv_1 A,Y 3 0.006446 0.044949 0.078356 2.73461 5.60106e-08 2.10912e-07 2.66922e-07 1.65999e-12 2.66924e-07
7 _2290_ sky130_fd_sc_hd__a21oi_1 A1,Y 3 0.006926 0.289871 0.283231 3.01784 9.29592e-09 3.20591e-09 1.25018e-08 4.77226e-14 1.25019e-08
8 _2528_ sky130_fd_sc_hd__nand2_1 A,Y 3 0.006348 0.101405 0.178463 3.19631 8.53711e-08 2.16719e-07 3.0209e-07 3.07115e-13 3.0209e-07
9 _2529_ sky130_fd_sc_hd__nor2_1 B,Y 2 0.004082 0.175662 0.184599 3.3809 2.35084e-08 3.21212e-08 5.56296e-08 1.63497e-12 5.56312e-08
10 _2531_ sky130_fd_sc_hd__lpflow_clkbufkapwr_1 A,X 32 0.074437 1.37476 1.12227 4.50317 3.77901e-08 5.85743e-07 6.23533e-07 7.01608e-14 6.23533e-07
11 _2576_ sky130_fd_sc_hd__nand2_1 A,Y 1 0.001502 0.184024 0.267652 4.77082 9.9183e-09 6.63633e-09 1.65546e-08 1.41126e-14 1.65546e-08
12 _2577_ sky130_fd_sc_hd__o21ai_0 B1,Y 1 0.001885 0.176569 0.157643 4.92847 1.12443e-08 7.85278e-09 1.90971e-08 2.16407e-12 1.90992e-08
13 _4628_ sky130_fd_sc_hd__dfrtp_1 D - - 0.176569 0 4.92847 3.96902e-06 5.54531e-08 4.02448e-06 4.81863e-12 4.02448e-06
OpenSTA targeted timing report:
Startpoint: tl_i[108] (input port clocked by core)
Endpoint: _4628_ (rising edge-triggered flip-flop clocked by core)
Path Group: core
Path Type: max

Fanout         Cap        Slew       Delay        Time   Description
---------------------------------------------------------------------------------------------
                      0.000000    0.000000    0.000000   clock core (rise edge)
                                  0.000000    0.000000   clock network delay (ideal)
                                  2.000000    2.000000 v input external delay
     1    0.002125    0.000000    0.000000    2.000000 v tl_i[108] (in)
                                                         tl_i[108] (net)
                      0.000000    0.000000    2.000000 v _4507_/B (sky130_fd_sc_hd__nand2_1)
     5    0.013705    0.216866    0.177847    2.177847 ^ _4507_/Y (sky130_fd_sc_hd__nand2_1)
                                                         _1491_ (net)
                      0.216866    0.000000    2.177847 ^ _2274_/B (sky130_fd_sc_hd__nor2_1)
     1    0.002141    0.047518    0.095917    2.273764 v _2274_/Y (sky130_fd_sc_hd__nor2_1)
                                                         _1511_ (net)
                      0.047518    0.000000    2.273764 v _2276_/A (sky130_fd_sc_hd__nand2_1)
     5    0.010080    0.167674    0.154730    2.428494 ^ _2276_/Y (sky130_fd_sc_hd__nand2_1)
                                                         _1513_ (net)
                      0.167674    0.000000    2.428494 ^ _2277_/A (sky130_fd_sc_hd__inv_1)
     4    0.008643    0.065806    0.120175    2.548669 v _2277_/Y (sky130_fd_sc_hd__inv_1)
                                                         _1514_ (net)
                      0.065806    0.000000    2.548669 v _2279_/A (sky130_fd_sc_hd__nand2_1)
     2    0.004555    0.092105    0.107585    2.656254 ^ _2279_/Y (sky130_fd_sc_hd__nand2_1)
                                                         _1516_ (net)
                      0.092105    0.000000    2.656254 ^ _2282_/A (sky130_fd_sc_hd__inv_1)
     3    0.006446    0.044949    0.078356    2.734610 v _2282_/Y (sky130_fd_sc_hd__inv_1)
                                                         _1519_ (net)
                      0.044949    0.000000    2.734610 v _2290_/A1 (sky130_fd_sc_hd__a21oi_1)
     3    0.006926    0.289871    0.283231    3.017842 ^ _2290_/Y (sky130_fd_sc_hd__a21oi_1)
                                                         _1527_ (net)
                      0.289871    0.000000    3.017842 ^ _2528_/A (sky130_fd_sc_hd__nand2_1)
     3    0.006348    0.101405    0.178463    3.196305 v _2528_/Y (sky130_fd_sc_hd__nand2_1)
                                                         _1734_ (net)
                      0.101405    0.000000    3.196305 v _2529_/B (sky130_fd_sc_hd__nor2_1)
     2    0.004082    0.175662    0.184599    3.380903 ^ _2529_/Y (sky130_fd_sc_hd__nor2_1)
                                                         _1735_ (net)
                      0.175662    0.000000    3.380903 ^ _2531_/A (sky130_fd_sc_hd__lpflow_clkbufkapwr_1)
    32    0.074437    1.374762    1.122268    4.503171 ^ _2531_/X (sky130_fd_sc_hd__lpflow_clkbufkapwr_1)
                                                         _1737_ (net)
                      1.374762    0.000000    4.503171 ^ _2576_/A (sky130_fd_sc_hd__nand2_1)
     1    0.001502    0.184024    0.267652    4.770823 v _2576_/Y (sky130_fd_sc_hd__nand2_1)
                                                         _1763_ (net)
                      0.184024    0.000000    4.770823 v _2577_/B1 (sky130_fd_sc_hd__o21ai_0)
     1    0.001885    0.176569    0.157643    4.928466 ^ _2577_/Y (sky130_fd_sc_hd__o21ai_0)
                                                         _0165_ (net)
                      0.176569    0.000000    4.928466 ^ _4628_/D (sky130_fd_sc_hd__dfrtp_1)
                                              4.928466   data arrival time

                      0.000000   10.000000   10.000000   clock core (rise edge)
                                  0.000000   10.000000   clock network delay (ideal)
                                  0.000000   10.000000   clock reconvergence pessimism
                                             10.000000 ^ _4628_/CLK (sky130_fd_sc_hd__dfrtp_1)
                                 -0.161346    9.838654   library setup time
                                              9.838654   data required time
---------------------------------------------------------------------------------------------
                                              9.838654   data required time
                                             -4.928466   data arrival time
---------------------------------------------------------------------------------------------
                                              4.910188   slack (MET)

Hotspot 8: instance=_4543_ selected_worst_paths=none internal=3.96897e-06 switching=5.22537e-08 dynamic=4.02123e-06 leakage=4.81857e-12 total=4.02123e-06
Worst path through hotspot: status=met slack=4.81776 type=max group=core
startpoint=tl_i[108] (input port clocked by core)
endpoint=_4543_ (rising edge-triggered flip-flop clocked by core)
path_power_complete=true
path_average_power_sum internal=4.54285e-06 switching=2.32236e-06 dynamic=6.8652e-06 leakage=1.42109e-11 total=6.86522e-06
stage instance cell pins fanout capacitance slew delay arrival internal switching dynamic leakage total
1 _4507_ sky130_fd_sc_hd__nand2_1 B,Y 5 0.013705 0.216866 0.177847 2.17785 9.44387e-08 4.12346e-07 5.06785e-07 3.2275e-13 5.06785e-07
2 _2274_ sky130_fd_sc_hd__nor2_1 B,Y 1 0.002141 0.047518 0.095917 2.27376 6.00873e-08 6.86591e-08 1.28746e-07 1.63448e-12 1.28748e-07
3 _2276_ sky130_fd_sc_hd__nand2_1 A,Y 5 0.01008 0.167674 0.15473 2.42849 7.46743e-08 3.0328e-07 3.77954e-07 6.4667e-14 3.77954e-07
4 _2277_ sky130_fd_sc_hd__inv_1 A,Y 4 0.008643 0.065806 0.120175 2.54867 5.46571e-08 2.8604e-07 3.40697e-07 1.65978e-12 3.40698e-07
5 _2279_ sky130_fd_sc_hd__nand2_1 A,Y 2 0.004555 0.092105 0.107585 2.65625 6.16627e-08 1.37048e-07 1.9871e-07 3.06307e-13 1.98711e-07
6 _2282_ sky130_fd_sc_hd__inv_1 A,Y 3 0.006446 0.044949 0.078356 2.73461 5.60106e-08 2.10912e-07 2.66922e-07 1.65999e-12 2.66924e-07
7 _2290_ sky130_fd_sc_hd__a21oi_1 A1,Y 3 0.006926 0.289871 0.283231 3.01784 9.29592e-09 3.20591e-09 1.25018e-08 4.77226e-14 1.25019e-08
8 _2528_ sky130_fd_sc_hd__nand2_1 A,Y 3 0.006348 0.101405 0.178463 3.19631 8.53711e-08 2.16719e-07 3.0209e-07 3.07115e-13 3.0209e-07
9 _2688_ sky130_fd_sc_hd__nor2_1 B,Y 2 0.004082 0.16333 0.184599 3.3809 2.34802e-08 3.21212e-08 5.56013e-08 1.63497e-12 5.5603e-08
10 _2689_ sky130_fd_sc_hd__lpflow_clkbufkapwr_1 A,X 32 0.075222 1.38773 1.12803 4.50893 3.76732e-08 5.9192e-07 6.29593e-07 7.01608e-14 6.29594e-07
11 _2751_ sky130_fd_sc_hd__a21oi_1 A2,Y 1 0.001762 0.149203 0.371755 4.88068 1.65228e-08 7.85278e-09 2.43756e-08 1.6844e-12 2.43772e-08
12 _4543_ sky130_fd_sc_hd__dfrtp_1 D - - 0.149203 0 4.88068 3.96897e-06 5.22537e-08 4.02123e-06 4.81857e-12 4.02123e-06
OpenSTA targeted timing report:
Startpoint: tl_i[108] (input port clocked by core)
Endpoint: _4543_ (rising edge-triggered flip-flop clocked by core)
Path Group: core
Path Type: max

Fanout         Cap        Slew       Delay        Time   Description
---------------------------------------------------------------------------------------------
                      0.000000    0.000000    0.000000   clock core (rise edge)
                                  0.000000    0.000000   clock network delay (ideal)
                                  2.000000    2.000000 v input external delay
     1    0.002125    0.000000    0.000000    2.000000 v tl_i[108] (in)
                                                         tl_i[108] (net)
                      0.000000    0.000000    2.000000 v _4507_/B (sky130_fd_sc_hd__nand2_1)
     5    0.013705    0.216866    0.177847    2.177847 ^ _4507_/Y (sky130_fd_sc_hd__nand2_1)
                                                         _1491_ (net)
                      0.216866    0.000000    2.177847 ^ _2274_/B (sky130_fd_sc_hd__nor2_1)
     1    0.002141    0.047518    0.095917    2.273764 v _2274_/Y (sky130_fd_sc_hd__nor2_1)
                                                         _1511_ (net)
                      0.047518    0.000000    2.273764 v _2276_/A (sky130_fd_sc_hd__nand2_1)
     5    0.010080    0.167674    0.154730    2.428494 ^ _2276_/Y (sky130_fd_sc_hd__nand2_1)
                                                         _1513_ (net)
                      0.167674    0.000000    2.428494 ^ _2277_/A (sky130_fd_sc_hd__inv_1)
     4    0.008643    0.065806    0.120175    2.548669 v _2277_/Y (sky130_fd_sc_hd__inv_1)
                                                         _1514_ (net)
                      0.065806    0.000000    2.548669 v _2279_/A (sky130_fd_sc_hd__nand2_1)
     2    0.004555    0.092105    0.107585    2.656254 ^ _2279_/Y (sky130_fd_sc_hd__nand2_1)
                                                         _1516_ (net)
                      0.092105    0.000000    2.656254 ^ _2282_/A (sky130_fd_sc_hd__inv_1)
     3    0.006446    0.044949    0.078356    2.734610 v _2282_/Y (sky130_fd_sc_hd__inv_1)
                                                         _1519_ (net)
                      0.044949    0.000000    2.734610 v _2290_/A1 (sky130_fd_sc_hd__a21oi_1)
     3    0.006926    0.289871    0.283231    3.017842 ^ _2290_/Y (sky130_fd_sc_hd__a21oi_1)
                                                         _1527_ (net)
                      0.289871    0.000000    3.017842 ^ _2528_/A (sky130_fd_sc_hd__nand2_1)
     3    0.006348    0.101405    0.178463    3.196305 v _2528_/Y (sky130_fd_sc_hd__nand2_1)
                                                         _1734_ (net)
                      0.101405    0.000000    3.196305 v _2688_/B (sky130_fd_sc_hd__nor2_1)
     2    0.004082    0.163330    0.184599    3.380903 ^ _2688_/Y (sky130_fd_sc_hd__nor2_1)
                                                         _1821_ (net)
                      0.163330    0.000000    3.380903 ^ _2689_/A (sky130_fd_sc_hd__lpflow_clkbufkapwr_1)
    32    0.075222    1.387734    1.128026    4.508929 ^ _2689_/X (sky130_fd_sc_hd__lpflow_clkbufkapwr_1)
                                                         _1822_ (net)
                      1.387734    0.000000    4.508929 ^ _2751_/A2 (sky130_fd_sc_hd__a21oi_1)
     1    0.001762    0.149203    0.371755    4.880683 v _2751_/Y (sky130_fd_sc_hd__a21oi_1)
                                                         _0245_ (net)
                      0.149203    0.000000    4.880683 v _4543_/D (sky130_fd_sc_hd__dfrtp_1)
                                              4.880683   data arrival time

                      0.000000   10.000000   10.000000   clock core (rise edge)
                                  0.000000   10.000000   clock network delay (ideal)
                                  0.000000   10.000000   clock reconvergence pessimism
                                             10.000000 ^ _4543_/CLK (sky130_fd_sc_hd__dfrtp_1)
                                 -0.301559    9.698441   library setup time
                                              9.698441   data required time
---------------------------------------------------------------------------------------------
                                              9.698441   data required time
                                             -4.880683   data arrival time
---------------------------------------------------------------------------------------------
                                              4.817757   slack (MET)

Hotspot 9: instance=_4622_ selected_worst_paths=none internal=3.96892e-06 switching=5.04318e-08 dynamic=4.01936e-06 leakage=4.81855e-12 total=4.01936e-06
Worst path through hotspot: status=met slack=5.06048 type=max group=core
startpoint=_4622_ (rising edge-triggered flip-flop clocked by core)
endpoint=_4763_ (rising edge-triggered flip-flop clocked by core)
path_power_complete=true
path_average_power_sum internal=8.06512e-06 switching=5.94616e-07 dynamic=8.65974e-06 leakage=3.79917e-11 total=8.65977e-06
stage instance cell pins fanout capacitance slew delay arrival internal switching dynamic leakage total
1 _4622_ sky130_fd_sc_hd__dfrtp_1 CLK,Q 5 0.012496 0.104572 0.592455 0.592455 3.96892e-06 5.04318e-08 4.01936e-06 4.81855e-12 4.01936e-06
2 _3906_ sky130_fd_sc_hd__inv_1 A,Y 2 0.004023 0.066444 0.109438 0.701893 7.28596e-09 1.67595e-08 2.40455e-08 1.84415e-13 2.40457e-08
3 _3908_ sky130_fd_sc_hd__a21oi_1 A2,Y 2 0.004252 0.069148 0.091295 0.793188 1.54508e-08 1.9884e-08 3.53348e-08 6.19927e-12 3.5341e-08
4 _3909_ sky130_fd_sc_hd__nor3_1 C,Y 1 0.002334 0.221167 0.211691 1.00488 1.6635e-08 9.72328e-09 2.63583e-08 2.26711e-13 2.63585e-08
5 _3912_ sky130_fd_sc_hd__a21oi_1 A1,Y 1 0.001512 0.057298 0.121927 1.12681 1.49629e-08 7.06958e-09 2.20325e-08 6.19645e-12 2.20387e-08
6 _3913_ sky130_fd_sc_hd__o311ai_0 A3,Y 1 0.002282 0.402282 0.421281 1.54809 1.63741e-08 9.50665e-09 2.58808e-08 4.54521e-12 2.58853e-08
7 _3915_ sky130_fd_sc_hd__nand2_1 A,Y 1 0.002141 0.084895 0.152903 1.70099 1.0075e-08 9.50665e-09 1.95816e-08 2.90805e-12 1.95845e-08
8 _3917_ sky130_fd_sc_hd__nand2_1 A,Y 6 0.013481 0.21414 0.208056 1.90905 9.57994e-09 5.61609e-08 6.57408e-08 3.2217e-13 6.57412e-08
9 _3918_ sky130_fd_sc_hd__inv_1 A,Y 3 0.00586 0.0633 0.1219 2.03095 7.35247e-09 2.66661e-08 3.40186e-08 1.80619e-12 3.40204e-08
10 _3929_ sky130_fd_sc_hd__nor2_1 A,Y 15 0.0312 0.896994 0.751288 2.78223 1.2718e-08 1.29977e-07 1.42695e-07 2.99041e-14 1.42695e-07
11 _3934_ sky130_fd_sc_hd__nor2_1 B,Y 3 0.006326 0.164985 0.282071 3.06431 8.31493e-09 2.88032e-08 3.71182e-08 1.77468e-12 3.71199e-08
12 _3978_ sky130_fd_sc_hd__nor2_1 B,Y 9 0.022292 0.655404 0.591745 3.65605 9.48841e-09 9.28669e-08 1.02355e-07 3.17298e-14 1.02355e-07
13 _3979_ sky130_fd_sc_hd__inv_2 A,Y 13 0.028332 0.175816 0.3125 3.96855 9.70247e-09 1.26215e-07 1.35918e-07 3.54256e-12 1.35921e-07
14 _4153_ sky130_fd_sc_hd__a221oi_1 A1,Y 1 0.002442 0.341342 0.457679 4.42623 2.94804e-08 1.01732e-08 3.96536e-08 5.48617e-14 3.96537e-08
15 _4159_ sky130_fd_sc_hd__o32ai_1 A2,Y 1 0.001762 0.194817 0.186901 4.61313 7.64373e-09 8.72531e-10 8.51626e-09 3.41951e-13 8.51661e-09
16 _4763_ sky130_fd_sc_hd__dfrtp_1 D - - 0.194817 0 4.61313 3.92113e-06 0 3.92113e-06 5.009e-12 3.92114e-06
OpenSTA targeted timing report:
Startpoint: _4622_ (rising edge-triggered flip-flop clocked by core)
Endpoint: _4763_ (rising edge-triggered flip-flop clocked by core)
Path Group: core
Path Type: max

Fanout         Cap        Slew       Delay        Time   Description
---------------------------------------------------------------------------------------------
                      0.000000    0.000000    0.000000   clock core (rise edge)
                                  0.000000    0.000000   clock network delay (ideal)
                      0.000000    0.000000    0.000000 ^ _4622_/CLK (sky130_fd_sc_hd__dfrtp_1)
     5    0.012496    0.104572    0.592455    0.592455 v _4622_/Q (sky130_fd_sc_hd__dfrtp_1)
                                                         reg2hw[140] (net)
                      0.104572    0.000000    0.592455 v _3906_/A (sky130_fd_sc_hd__inv_1)
     2    0.004023    0.066444    0.109438    0.701893 ^ _3906_/Y (sky130_fd_sc_hd__inv_1)
                                                         _0968_ (net)
                      0.066444    0.000000    0.701893 ^ _3908_/A2 (sky130_fd_sc_hd__a21oi_1)
     2    0.004252    0.069148    0.091295    0.793188 v _3908_/Y (sky130_fd_sc_hd__a21oi_1)
                                                         _0970_ (net)
                      0.069148    0.000000    0.793188 v _3909_/C (sky130_fd_sc_hd__nor3_1)
     1    0.002334    0.221167    0.211691    1.004879 ^ _3909_/Y (sky130_fd_sc_hd__nor3_1)
                                                         _0971_ (net)
                      0.221167    0.000000    1.004879 ^ _3912_/A1 (sky130_fd_sc_hd__a21oi_1)
     1    0.001512    0.057298    0.121927    1.126806 v _3912_/Y (sky130_fd_sc_hd__a21oi_1)
                                                         _0974_ (net)
                      0.057298    0.000000    1.126806 v _3913_/A3 (sky130_fd_sc_hd__o311ai_0)
     1    0.002282    0.402282    0.421281    1.548087 ^ _3913_/Y (sky130_fd_sc_hd__o311ai_0)
                                                         _0975_ (net)
                      0.402282    0.000000    1.548087 ^ _3915_/A (sky130_fd_sc_hd__nand2_1)
     1    0.002141    0.084895    0.152903    1.700990 v _3915_/Y (sky130_fd_sc_hd__nand2_1)
                                                         _0977_ (net)
                      0.084895    0.000000    1.700990 v _3917_/A (sky130_fd_sc_hd__nand2_1)
     6    0.013481    0.214140    0.208056    1.909046 ^ _3917_/Y (sky130_fd_sc_hd__nand2_1)
                                                         _0979_ (net)
                      0.214140    0.000000    1.909046 ^ _3918_/A (sky130_fd_sc_hd__inv_1)
     3    0.005860    0.063300    0.121900    2.030946 v _3918_/Y (sky130_fd_sc_hd__inv_1)
                                                         _0980_ (net)
                      0.063300    0.000000    2.030946 v _3929_/A (sky130_fd_sc_hd__nor2_1)
    15    0.031200    0.896994    0.751288    2.782234 ^ _3929_/Y (sky130_fd_sc_hd__nor2_1)
                                                         _0991_ (net)
                      0.896994    0.000000    2.782234 ^ _3934_/B (sky130_fd_sc_hd__nor2_1)
     3    0.006326    0.164985    0.282071    3.064305 v _3934_/Y (sky130_fd_sc_hd__nor2_1)
                                                         _0996_ (net)
                      0.164985    0.000000    3.064305 v _3978_/B (sky130_fd_sc_hd__nor2_1)
     9    0.022292    0.655404    0.591745    3.656050 ^ _3978_/Y (sky130_fd_sc_hd__nor2_1)
                                                         _1037_ (net)
                      0.655404    0.000000    3.656050 ^ _3979_/A (sky130_fd_sc_hd__inv_2)
    13    0.028332    0.175816    0.312500    3.968550 v _3979_/Y (sky130_fd_sc_hd__inv_2)
                                                         _1038_ (net)
                      0.175816    0.000000    3.968550 v _4153_/A1 (sky130_fd_sc_hd__a221oi_1)
     1    0.002442    0.341342    0.457679    4.426229 ^ _4153_/Y (sky130_fd_sc_hd__a221oi_1)
                                                         _1201_ (net)
                      0.341342    0.000000    4.426229 ^ _4159_/A2 (sky130_fd_sc_hd__o32ai_1)
     1    0.001762    0.194817    0.186901    4.613130 v _4159_/Y (sky130_fd_sc_hd__o32ai_1)
                                                         _0044_ (net)
                      0.194817    0.000000    4.613130 v _4763_/D (sky130_fd_sc_hd__dfrtp_1)
                                              4.613130   data arrival time

                      0.000000   10.000000   10.000000   clock core (rise edge)
                                  0.000000   10.000000   clock network delay (ideal)
                                  0.000000   10.000000   clock reconvergence pessimism
                                             10.000000 ^ _4763_/CLK (sky130_fd_sc_hd__dfrtp_1)
                                 -0.326393    9.673607   library setup time
                                              9.673607   data required time
---------------------------------------------------------------------------------------------
                                              9.673607   data required time
                                             -4.613130   data arrival time
---------------------------------------------------------------------------------------------
                                              5.060477   slack (MET)

Hotspot 10: instance=_4624_ selected_worst_paths=none internal=3.9689e-06 switching=4.94468e-08 dynamic=4.01835e-06 leakage=4.81854e-12 total=4.01836e-06
Worst path through hotspot: status=met slack=5.0736 type=max group=core
startpoint=tl_i[108] (input port clocked by core)
endpoint=_4624_ (rising edge-triggered flip-flop clocked by core)
path_power_complete=true
path_average_power_sum internal=4.5381e-06 switching=2.19565e-06 dynamic=6.73375e-06 leakage=1.46902e-11 total=6.73377e-06
stage instance cell pins fanout capacitance slew delay arrival internal switching dynamic leakage total
1 _4507_ sky130_fd_sc_hd__nand2_1 B,Y 5 0.013705 0.216866 0.177847 2.17785 9.44387e-08 4.12346e-07 5.06785e-07 3.2275e-13 5.06785e-07
2 _2274_ sky130_fd_sc_hd__nor2_1 B,Y 1 0.002141 0.047518 0.095917 2.27376 6.00873e-08 6.86591e-08 1.28746e-07 1.63448e-12 1.28748e-07
3 _2276_ sky130_fd_sc_hd__nand2_1 A,Y 5 0.01008 0.167674 0.15473 2.42849 7.46743e-08 3.0328e-07 3.77954e-07 6.4667e-14 3.77954e-07
4 _2277_ sky130_fd_sc_hd__inv_1 A,Y 4 0.008643 0.065806 0.120175 2.54867 5.46571e-08 2.8604e-07 3.40697e-07 1.65978e-12 3.40698e-07
5 _2279_ sky130_fd_sc_hd__nand2_1 A,Y 2 0.004555 0.092105 0.107585 2.65625 6.16627e-08 1.37048e-07 1.9871e-07 3.06307e-13 1.98711e-07
6 _2282_ sky130_fd_sc_hd__inv_1 A,Y 3 0.006446 0.044949 0.078356 2.73461 5.60106e-08 2.10912e-07 2.66922e-07 1.65999e-12 2.66924e-07
7 _2290_ sky130_fd_sc_hd__a21oi_1 A1,Y 3 0.006926 0.289871 0.283231 3.01784 9.29592e-09 3.20591e-09 1.25018e-08 4.77226e-14 1.25019e-08
8 _2528_ sky130_fd_sc_hd__nand2_1 A,Y 3 0.006348 0.101405 0.178463 3.19631 8.53711e-08 2.16719e-07 3.0209e-07 3.07115e-13 3.0209e-07
9 _2529_ sky130_fd_sc_hd__nor2_1 B,Y 2 0.004082 0.175662 0.184599 3.3809 2.35084e-08 3.21212e-08 5.56296e-08 1.63497e-12 5.56312e-08
10 _2530_ sky130_fd_sc_hd__lpflow_clkbufkapwr_1 A,X 32 0.059477 1.10255 0.925378 4.30628 3.82189e-08 4.68023e-07 5.06242e-07 7.01608e-14 5.06242e-07
11 _2585_ sky130_fd_sc_hd__o21ai_0 A2,Y 1 0.001762 0.140185 0.323471 4.62975 1.12732e-08 7.85278e-09 1.9126e-08 2.16374e-12 1.91281e-08
12 _4624_ sky130_fd_sc_hd__dfrtp_1 D - - 0.140185 0 4.62975 3.9689e-06 4.94468e-08 4.01835e-06 4.81854e-12 4.01836e-06
OpenSTA targeted timing report:
Startpoint: tl_i[108] (input port clocked by core)
Endpoint: _4624_ (rising edge-triggered flip-flop clocked by core)
Path Group: core
Path Type: max

Fanout         Cap        Slew       Delay        Time   Description
---------------------------------------------------------------------------------------------
                      0.000000    0.000000    0.000000   clock core (rise edge)
                                  0.000000    0.000000   clock network delay (ideal)
                                  2.000000    2.000000 v input external delay
     1    0.002125    0.000000    0.000000    2.000000 v tl_i[108] (in)
                                                         tl_i[108] (net)
                      0.000000    0.000000    2.000000 v _4507_/B (sky130_fd_sc_hd__nand2_1)
     5    0.013705    0.216866    0.177847    2.177847 ^ _4507_/Y (sky130_fd_sc_hd__nand2_1)
                                                         _1491_ (net)
                      0.216866    0.000000    2.177847 ^ _2274_/B (sky130_fd_sc_hd__nor2_1)
     1    0.002141    0.047518    0.095917    2.273764 v _2274_/Y (sky130_fd_sc_hd__nor2_1)
                                                         _1511_ (net)
                      0.047518    0.000000    2.273764 v _2276_/A (sky130_fd_sc_hd__nand2_1)
     5    0.010080    0.167674    0.154730    2.428494 ^ _2276_/Y (sky130_fd_sc_hd__nand2_1)
                                                         _1513_ (net)
                      0.167674    0.000000    2.428494 ^ _2277_/A (sky130_fd_sc_hd__inv_1)
     4    0.008643    0.065806    0.120175    2.548669 v _2277_/Y (sky130_fd_sc_hd__inv_1)
                                                         _1514_ (net)
                      0.065806    0.000000    2.548669 v _2279_/A (sky130_fd_sc_hd__nand2_1)
     2    0.004555    0.092105    0.107585    2.656254 ^ _2279_/Y (sky130_fd_sc_hd__nand2_1)
                                                         _1516_ (net)
                      0.092105    0.000000    2.656254 ^ _2282_/A (sky130_fd_sc_hd__inv_1)
     3    0.006446    0.044949    0.078356    2.734610 v _2282_/Y (sky130_fd_sc_hd__inv_1)
                                                         _1519_ (net)
                      0.044949    0.000000    2.734610 v _2290_/A1 (sky130_fd_sc_hd__a21oi_1)
     3    0.006926    0.289871    0.283231    3.017842 ^ _2290_/Y (sky130_fd_sc_hd__a21oi_1)
                                                         _1527_ (net)
                      0.289871    0.000000    3.017842 ^ _2528_/A (sky130_fd_sc_hd__nand2_1)
     3    0.006348    0.101405    0.178463    3.196305 v _2528_/Y (sky130_fd_sc_hd__nand2_1)
                                                         _1734_ (net)
                      0.101405    0.000000    3.196305 v _2529_/B (sky130_fd_sc_hd__nor2_1)
     2    0.004082    0.175662    0.184599    3.380903 ^ _2529_/Y (sky130_fd_sc_hd__nor2_1)
                                                         _1735_ (net)
                      0.175662    0.000000    3.380903 ^ _2530_/A (sky130_fd_sc_hd__lpflow_clkbufkapwr_1)
    32    0.059477    1.102555    0.925378    4.306281 ^ _2530_/X (sky130_fd_sc_hd__lpflow_clkbufkapwr_1)
                                                         _1736_ (net)
                      1.102555    0.000000    4.306281 ^ _2585_/A2 (sky130_fd_sc_hd__o21ai_0)
     1    0.001762    0.140185    0.323471    4.629751 v _2585_/Y (sky130_fd_sc_hd__o21ai_0)
                                                         _0169_ (net)
                      0.140185    0.000000    4.629751 v _4624_/D (sky130_fd_sc_hd__dfrtp_1)
                                              4.629751   data arrival time

                      0.000000   10.000000   10.000000   clock core (rise edge)
                                  0.000000   10.000000   clock network delay (ideal)
                                  0.000000   10.000000   clock reconvergence pessimism
                                             10.000000 ^ _4624_/CLK (sky130_fd_sc_hd__dfrtp_1)
                                 -0.296650    9.703350   library setup time
                                              9.703350   data required time
---------------------------------------------------------------------------------------------
                                              9.703350   data required time
                                             -4.629751   data arrival time
---------------------------------------------------------------------------------------------
                                              5.073599   slack (MET)

Hotspot 11: instance=_4625_ selected_worst_paths=none internal=3.9689e-06 switching=4.93135e-08 dynamic=4.01822e-06 leakage=4.81854e-12 total=4.01822e-06
Worst path through hotspot: status=met slack=5.0736 type=max group=core
startpoint=tl_i[108] (input port clocked by core)
endpoint=_4625_ (rising edge-triggered flip-flop clocked by core)
path_power_complete=true
path_average_power_sum internal=4.5381e-06 switching=2.19552e-06 dynamic=6.73362e-06 leakage=1.46902e-11 total=6.73363e-06
stage instance cell pins fanout capacitance slew delay arrival internal switching dynamic leakage total
1 _4507_ sky130_fd_sc_hd__nand2_1 B,Y 5 0.013705 0.216866 0.177847 2.17785 9.44387e-08 4.12346e-07 5.06785e-07 3.2275e-13 5.06785e-07
2 _2274_ sky130_fd_sc_hd__nor2_1 B,Y 1 0.002141 0.047518 0.095917 2.27376 6.00873e-08 6.86591e-08 1.28746e-07 1.63448e-12 1.28748e-07
3 _2276_ sky130_fd_sc_hd__nand2_1 A,Y 5 0.01008 0.167674 0.15473 2.42849 7.46743e-08 3.0328e-07 3.77954e-07 6.4667e-14 3.77954e-07
4 _2277_ sky130_fd_sc_hd__inv_1 A,Y 4 0.008643 0.065806 0.120175 2.54867 5.46571e-08 2.8604e-07 3.40697e-07 1.65978e-12 3.40698e-07
5 _2279_ sky130_fd_sc_hd__nand2_1 A,Y 2 0.004555 0.092105 0.107585 2.65625 6.16627e-08 1.37048e-07 1.9871e-07 3.06307e-13 1.98711e-07
6 _2282_ sky130_fd_sc_hd__inv_1 A,Y 3 0.006446 0.044949 0.078356 2.73461 5.60106e-08 2.10912e-07 2.66922e-07 1.65999e-12 2.66924e-07
7 _2290_ sky130_fd_sc_hd__a21oi_1 A1,Y 3 0.006926 0.289871 0.283231 3.01784 9.29592e-09 3.20591e-09 1.25018e-08 4.77226e-14 1.25019e-08
8 _2528_ sky130_fd_sc_hd__nand2_1 A,Y 3 0.006348 0.101405 0.178463 3.19631 8.53711e-08 2.16719e-07 3.0209e-07 3.07115e-13 3.0209e-07
9 _2529_ sky130_fd_sc_hd__nor2_1 B,Y 2 0.004082 0.175662 0.184599 3.3809 2.35084e-08 3.21212e-08 5.56296e-08 1.63497e-12 5.56312e-08
10 _2530_ sky130_fd_sc_hd__lpflow_clkbufkapwr_1 A,X 32 0.059477 1.10255 0.925378 4.30628 3.82189e-08 4.68023e-07 5.06242e-07 7.01608e-14 5.06242e-07
11 _2583_ sky130_fd_sc_hd__o21ai_0 A2,Y 1 0.001762 0.140185 0.323471 4.62975 1.12742e-08 7.85278e-09 1.91269e-08 2.16374e-12 1.91291e-08
12 _4625_ sky130_fd_sc_hd__dfrtp_1 D - - 0.140185 0 4.62975 3.9689e-06 4.93135e-08 4.01822e-06 4.81854e-12 4.01822e-06
OpenSTA targeted timing report:
Startpoint: tl_i[108] (input port clocked by core)
Endpoint: _4625_ (rising edge-triggered flip-flop clocked by core)
Path Group: core
Path Type: max

Fanout         Cap        Slew       Delay        Time   Description
---------------------------------------------------------------------------------------------
                      0.000000    0.000000    0.000000   clock core (rise edge)
                                  0.000000    0.000000   clock network delay (ideal)
                                  2.000000    2.000000 v input external delay
     1    0.002125    0.000000    0.000000    2.000000 v tl_i[108] (in)
                                                         tl_i[108] (net)
                      0.000000    0.000000    2.000000 v _4507_/B (sky130_fd_sc_hd__nand2_1)
     5    0.013705    0.216866    0.177847    2.177847 ^ _4507_/Y (sky130_fd_sc_hd__nand2_1)
                                                         _1491_ (net)
                      0.216866    0.000000    2.177847 ^ _2274_/B (sky130_fd_sc_hd__nor2_1)
     1    0.002141    0.047518    0.095917    2.273764 v _2274_/Y (sky130_fd_sc_hd__nor2_1)
                                                         _1511_ (net)
                      0.047518    0.000000    2.273764 v _2276_/A (sky130_fd_sc_hd__nand2_1)
     5    0.010080    0.167674    0.154730    2.428494 ^ _2276_/Y (sky130_fd_sc_hd__nand2_1)
                                                         _1513_ (net)
                      0.167674    0.000000    2.428494 ^ _2277_/A (sky130_fd_sc_hd__inv_1)
     4    0.008643    0.065806    0.120175    2.548669 v _2277_/Y (sky130_fd_sc_hd__inv_1)
                                                         _1514_ (net)
                      0.065806    0.000000    2.548669 v _2279_/A (sky130_fd_sc_hd__nand2_1)
     2    0.004555    0.092105    0.107585    2.656254 ^ _2279_/Y (sky130_fd_sc_hd__nand2_1)
                                                         _1516_ (net)
                      0.092105    0.000000    2.656254 ^ _2282_/A (sky130_fd_sc_hd__inv_1)
     3    0.006446    0.044949    0.078356    2.734610 v _2282_/Y (sky130_fd_sc_hd__inv_1)
                                                         _1519_ (net)
                      0.044949    0.000000    2.734610 v _2290_/A1 (sky130_fd_sc_hd__a21oi_1)
     3    0.006926    0.289871    0.283231    3.017842 ^ _2290_/Y (sky130_fd_sc_hd__a21oi_1)
                                                         _1527_ (net)
                      0.289871    0.000000    3.017842 ^ _2528_/A (sky130_fd_sc_hd__nand2_1)
     3    0.006348    0.101405    0.178463    3.196305 v _2528_/Y (sky130_fd_sc_hd__nand2_1)
                                                         _1734_ (net)
                      0.101405    0.000000    3.196305 v _2529_/B (sky130_fd_sc_hd__nor2_1)
     2    0.004082    0.175662    0.184599    3.380903 ^ _2529_/Y (sky130_fd_sc_hd__nor2_1)
                                                         _1735_ (net)
                      0.175662    0.000000    3.380903 ^ _2530_/A (sky130_fd_sc_hd__lpflow_clkbufkapwr_1)
    32    0.059477    1.102555    0.925378    4.306281 ^ _2530_/X (sky130_fd_sc_hd__lpflow_clkbufkapwr_1)
                                                         _1736_ (net)
                      1.102555    0.000000    4.306281 ^ _2583_/A2 (sky130_fd_sc_hd__o21ai_0)
     1    0.001762    0.140185    0.323471    4.629751 v _2583_/Y (sky130_fd_sc_hd__o21ai_0)
                                                         _0168_ (net)
                      0.140185    0.000000    4.629751 v _4625_/D (sky130_fd_sc_hd__dfrtp_1)
                                              4.629751   data arrival time

                      0.000000   10.000000   10.000000   clock core (rise edge)
                                  0.000000   10.000000   clock network delay (ideal)
                                  0.000000   10.000000   clock reconvergence pessimism
                                             10.000000 ^ _4625_/CLK (sky130_fd_sc_hd__dfrtp_1)
                                 -0.296650    9.703350   library setup time
                                              9.703350   data required time
---------------------------------------------------------------------------------------------
                                              9.703350   data required time
                                             -4.629751   data arrival time
---------------------------------------------------------------------------------------------
                                              5.073599   slack (MET)

Hotspot 12: instance=_4571_ selected_worst_paths=none internal=3.9744e-06 switching=4.14112e-08 dynamic=4.01582e-06 leakage=4.81871e-12 total=4.01582e-06
Worst path through hotspot: status=met slack=3.96303 type=max group=core
startpoint=tl_i[62] (input port clocked by core)
endpoint=_4571_ (rising edge-triggered flip-flop clocked by core)
path_power_complete=true
path_average_power_sum internal=4.25793e-06 switching=2.83947e-06 dynamic=7.0974e-06 leakage=1.33295e-11 total=7.09742e-06
stage instance cell pins fanout capacitance slew delay arrival internal switching dynamic leakage total
1 _2285_ sky130_fd_sc_hd__nor2_1 A,Y 2 0.004604 0.1773 0.169478 2.16948 4.29085e-08 7.03264e-08 1.13235e-07 2.01942e-13 1.13235e-07
2 _2287_ sky130_fd_sc_hd__nand2_1 A,Y 2 0.004172 0.067042 0.118156 2.28763 5.321e-08 1.04832e-07 1.58042e-07 3.05936e-12 1.58045e-07
3 _2308_ sky130_fd_sc_hd__nor2_1 B,Y 32 0.072666 2.03476 1.58773 3.87537 5.01735e-08 1.64815e-06 1.69832e-06 2.82174e-13 1.69832e-06
4 _2670_ sky130_fd_sc_hd__nand3_1 B,Y 1 0.001828 0.250736 0.463087 4.33845 3.52488e-08 1.60685e-08 5.13173e-08 3.87737e-13 5.13177e-08
5 _2671_ sky130_fd_sc_hd__clkbuf_1 A,X 21 0.047972 0.34116 0.481124 4.81958 3.72491e-08 4.18205e-07 4.55454e-07 7.0161e-14 4.55454e-07
6 _2673_ sky130_fd_sc_hd__clkbuf_1 A,X 32 0.06106 0.430335 0.593028 5.41261 3.60262e-08 5.19006e-07 5.55032e-07 7.0161e-14 5.55032e-07
7 _2834_ sky130_fd_sc_hd__nand2_1 A,Y 1 0.001593 0.099026 0.233441 5.64605 1.2459e-08 6.63633e-09 1.90953e-08 3.48129e-13 1.90957e-08
8 _2835_ sky130_fd_sc_hd__o21ai_0 B1,Y 1 0.001762 0.129976 0.099833 5.74588 1.62538e-08 1.4833e-08 3.10868e-08 4.09115e-12 3.10909e-08
9 _4571_ sky130_fd_sc_hd__dfrtp_1 D - - 0.129976 0 5.74588 3.9744e-06 4.14112e-08 4.01582e-06 4.81871e-12 4.01582e-06
OpenSTA targeted timing report:
Startpoint: tl_i[62] (input port clocked by core)
Endpoint: _4571_ (rising edge-triggered flip-flop clocked by core)
Path Group: core
Path Type: max

Fanout         Cap        Slew       Delay        Time   Description
---------------------------------------------------------------------------------------------
                      0.000000    0.000000    0.000000   clock core (rise edge)
                                  0.000000    0.000000   clock network delay (ideal)
                                  2.000000    2.000000 v input external delay
     5    0.010748    0.000000    0.000000    2.000000 v tl_i[62] (in)
                                                         tl_i[62] (net)
                      0.000000    0.000000    2.000000 v _2285_/A (sky130_fd_sc_hd__nor2_1)
     2    0.004604    0.177300    0.169478    2.169478 ^ _2285_/Y (sky130_fd_sc_hd__nor2_1)
                                                         _1522_ (net)
                      0.177300    0.000000    2.169478 ^ _2287_/A (sky130_fd_sc_hd__nand2_1)
     2    0.004172    0.067042    0.118156    2.287634 v _2287_/Y (sky130_fd_sc_hd__nand2_1)
                                                         _1524_ (net)
                      0.067042    0.000000    2.287634 v _2308_/B (sky130_fd_sc_hd__nor2_1)
    32    0.072666    2.034763    1.587733    3.875367 ^ _2308_/Y (sky130_fd_sc_hd__nor2_1)
                                                         _1545_ (net)
                      2.034763    0.000000    3.875367 ^ _2670_/B (sky130_fd_sc_hd__nand3_1)
     1    0.001828    0.250736    0.463087    4.338454 v _2670_/Y (sky130_fd_sc_hd__nand3_1)
                                                         _1814_ (net)
                      0.250736    0.000000    4.338454 v _2671_/A (sky130_fd_sc_hd__clkbuf_1)
    21    0.047972    0.341160    0.481124    4.819578 v _2671_/X (sky130_fd_sc_hd__clkbuf_1)
                                                         _1815_ (net)
                      0.341160    0.000000    4.819578 v _2673_/A (sky130_fd_sc_hd__clkbuf_1)
    32    0.061060    0.430335    0.593028    5.412606 v _2673_/X (sky130_fd_sc_hd__clkbuf_1)
                                                         _1816_ (net)
                      0.430335    0.000000    5.412606 v _2834_/A (sky130_fd_sc_hd__nand2_1)
     1    0.001593    0.099026    0.233441    5.646047 ^ _2834_/Y (sky130_fd_sc_hd__nand2_1)
                                                         _1905_ (net)
                      0.099026    0.000000    5.646047 ^ _2835_/B1 (sky130_fd_sc_hd__o21ai_0)
     1    0.001762    0.129976    0.099833    5.745880 v _2835_/Y (sky130_fd_sc_hd__o21ai_0)
                                                         _0280_ (net)
                      0.129976    0.000000    5.745880 v _4571_/D (sky130_fd_sc_hd__dfrtp_1)
                                              5.745880   data arrival time

                      0.000000   10.000000   10.000000   clock core (rise edge)
                                  0.000000   10.000000   clock network delay (ideal)
                                  0.000000   10.000000   clock reconvergence pessimism
                                             10.000000 ^ _4571_/CLK (sky130_fd_sc_hd__dfrtp_1)
                                 -0.291092    9.708909   library setup time
                                              9.708909   data required time
---------------------------------------------------------------------------------------------
                                              9.708909   data required time
                                             -5.745880   data arrival time
---------------------------------------------------------------------------------------------
                                              3.963029   slack (MET)

Hotspot 13: instance=_4620_ selected_worst_paths=none internal=3.96884e-06 switching=4.64918e-08 dynamic=4.01534e-06 leakage=4.81854e-12 total=4.01534e-06
Worst path through hotspot: status=met slack=4.80289 type=max group=core
startpoint=_4620_ (rising edge-triggered flip-flop clocked by core)
endpoint=_4763_ (rising edge-triggered flip-flop clocked by core)
path_power_complete=true
path_average_power_sum internal=8.065e-06 switching=5.61145e-07 dynamic=8.62615e-06 leakage=2.66975e-11 total=8.62618e-06
stage instance cell pins fanout capacitance slew delay arrival internal switching dynamic leakage total
1 _4620_ sky130_fd_sc_hd__dfrtp_1 CLK,Q 6 0.012555 0.186029 0.560711 0.560711 3.96884e-06 4.64918e-08 4.01534e-06 4.81854e-12 4.01534e-06
2 _3919_ sky130_fd_sc_hd__inv_1 A,Y 4 0.00744 0.064415 0.121492 0.682203 7.51156e-09 3.37524e-08 4.12639e-08 1.84426e-13 4.12641e-08
3 _3921_ sky130_fd_sc_hd__nor2_1 A,Y 2 0.003975 0.156951 0.186515 0.868718 1.1431e-08 1.65596e-08 2.79905e-08 1.61293e-12 2.79922e-08
4 _3922_ sky130_fd_sc_hd__nand2_1 A,Y 2 0.004257 0.06421 0.111897 0.980616 1.04074e-08 1.9509e-08 2.99165e-08 4.08962e-14 2.99165e-08
5 _3923_ sky130_fd_sc_hd__nand2_1 A,Y 2 0.004404 0.090105 0.105211 1.08583 1.05324e-08 1.83468e-08 2.88792e-08 2.90928e-12 2.88821e-08
6 _3924_ sky130_fd_sc_hd__o2111ai_1 D1,Y 1 0.002141 0.097209 0.119515 1.20534 2.27123e-08 9.50665e-09 3.22189e-08 9.40231e-13 3.22198e-08
7 _3925_ sky130_fd_sc_hd__nand2_1 A,Y 1 0.002353 0.062303 0.101116 1.30646 1.00578e-08 9.80243e-09 1.98602e-08 2.90794e-12 1.98631e-08
8 _3926_ sky130_fd_sc_hd__a311oi_1 A1,Y 1 0.00152 0.076262 0.085499 1.39196 2.18232e-08 7.05292e-09 2.88761e-08 2.19285e-13 2.88763e-08
9 _3927_ sky130_fd_sc_hd__o21ai_0 A2,Y 6 0.013344 0.666282 0.589616 1.98157 2.43398e-09 6.17668e-09 8.61066e-09 4.72225e-13 8.61113e-09
10 _3928_ sky130_fd_sc_hd__inv_1 A,Y 5 0.010062 0.155946 0.287184 2.26876 7.70718e-10 5.03892e-09 5.80964e-09 1.80707e-12 5.81145e-09
11 _3929_ sky130_fd_sc_hd__nor2_1 B,Y 15 0.0312 0.896994 0.771062 3.03982 1.2718e-08 1.29977e-07 1.42695e-07 2.99041e-14 1.42695e-07
12 _3934_ sky130_fd_sc_hd__nor2_1 B,Y 3 0.006326 0.164985 0.282071 3.32189 8.31493e-09 2.88032e-08 3.71182e-08 1.77468e-12 3.71199e-08
13 _3978_ sky130_fd_sc_hd__nor2_1 B,Y 9 0.022292 0.655404 0.591745 3.91363 9.48841e-09 9.28669e-08 1.02355e-07 3.17298e-14 1.02355e-07
14 _3979_ sky130_fd_sc_hd__inv_2 A,Y 13 0.028332 0.175816 0.312499 4.22613 9.70247e-09 1.26215e-07 1.35918e-07 3.54256e-12 1.35921e-07
15 _4153_ sky130_fd_sc_hd__a221oi_1 A1,Y 1 0.002442 0.341342 0.457679 4.68381 2.94804e-08 1.01732e-08 3.96536e-08 5.48617e-14 3.96537e-08
16 _4159_ sky130_fd_sc_hd__o32ai_1 A2,Y 1 0.001762 0.194817 0.186901 4.87071 7.64373e-09 8.72531e-10 8.51626e-09 3.41951e-13 8.51661e-09
17 _4763_ sky130_fd_sc_hd__dfrtp_1 D - - 0.194817 0 4.87071 3.92113e-06 0 3.92113e-06 5.009e-12 3.92114e-06
OpenSTA targeted timing report:
Startpoint: _4620_ (rising edge-triggered flip-flop clocked by core)
Endpoint: _4763_ (rising edge-triggered flip-flop clocked by core)
Path Group: core
Path Type: max

Fanout         Cap        Slew       Delay        Time   Description
---------------------------------------------------------------------------------------------
                      0.000000    0.000000    0.000000   clock core (rise edge)
                                  0.000000    0.000000   clock network delay (ideal)
                      0.000000    0.000000    0.000000 ^ _4620_/CLK (sky130_fd_sc_hd__dfrtp_1)
     6    0.012555    0.186029    0.560711    0.560711 ^ _4620_/Q (sky130_fd_sc_hd__dfrtp_1)
                                                         reg2hw[138] (net)
                      0.186029    0.000000    0.560711 ^ _3919_/A (sky130_fd_sc_hd__inv_1)
     4    0.007440    0.064415    0.121492    0.682203 v _3919_/Y (sky130_fd_sc_hd__inv_1)
                                                         _0981_ (net)
                      0.064415    0.000000    0.682203 v _3921_/A (sky130_fd_sc_hd__nor2_1)
     2    0.003975    0.156951    0.186515    0.868718 ^ _3921_/Y (sky130_fd_sc_hd__nor2_1)
                                                         _0983_ (net)
                      0.156951    0.000000    0.868718 ^ _3922_/A (sky130_fd_sc_hd__nand2_1)
     2    0.004257    0.064210    0.111897    0.980616 v _3922_/Y (sky130_fd_sc_hd__nand2_1)
                                                         _0984_ (net)
                      0.064210    0.000000    0.980616 v _3923_/A (sky130_fd_sc_hd__nand2_1)
     2    0.004404    0.090105    0.105211    1.085827 ^ _3923_/Y (sky130_fd_sc_hd__nand2_1)
                                                         _0985_ (net)
                      0.090105    0.000000    1.085827 ^ _3924_/D1 (sky130_fd_sc_hd__o2111ai_1)
     1    0.002141    0.097209    0.119515    1.205342 v _3924_/Y (sky130_fd_sc_hd__o2111ai_1)
                                                         _0986_ (net)
                      0.097209    0.000000    1.205342 v _3925_/A (sky130_fd_sc_hd__nand2_1)
     1    0.002353    0.062303    0.101116    1.306458 ^ _3925_/Y (sky130_fd_sc_hd__nand2_1)
                                                         _0987_ (net)
                      0.062303    0.000000    1.306458 ^ _3926_/A1 (sky130_fd_sc_hd__a311oi_1)
     1    0.001520    0.076262    0.085499    1.391956 v _3926_/Y (sky130_fd_sc_hd__a311oi_1)
                                                         _0988_ (net)
                      0.076262    0.000000    1.391956 v _3927_/A2 (sky130_fd_sc_hd__o21ai_0)
     6    0.013344    0.666282    0.589616    1.981572 ^ _3927_/Y (sky130_fd_sc_hd__o21ai_0)
                                                         _0989_ (net)
                      0.666282    0.000000    1.981572 ^ _3928_/A (sky130_fd_sc_hd__inv_1)
     5    0.010062    0.155946    0.287184    2.268755 v _3928_/Y (sky130_fd_sc_hd__inv_1)
                                                         _0990_ (net)
                      0.155946    0.000000    2.268755 v _3929_/B (sky130_fd_sc_hd__nor2_1)
    15    0.031200    0.896994    0.771062    3.039818 ^ _3929_/Y (sky130_fd_sc_hd__nor2_1)
                                                         _0991_ (net)
                      0.896994    0.000000    3.039818 ^ _3934_/B (sky130_fd_sc_hd__nor2_1)
     3    0.006326    0.164985    0.282071    3.321889 v _3934_/Y (sky130_fd_sc_hd__nor2_1)
                                                         _0996_ (net)
                      0.164985    0.000000    3.321889 v _3978_/B (sky130_fd_sc_hd__nor2_1)
     9    0.022292    0.655404    0.591745    3.913634 ^ _3978_/Y (sky130_fd_sc_hd__nor2_1)
                                                         _1037_ (net)
                      0.655404    0.000000    3.913634 ^ _3979_/A (sky130_fd_sc_hd__inv_2)
    13    0.028332    0.175816    0.312499    4.226133 v _3979_/Y (sky130_fd_sc_hd__inv_2)
                                                         _1038_ (net)
                      0.175816    0.000000    4.226133 v _4153_/A1 (sky130_fd_sc_hd__a221oi_1)
     1    0.002442    0.341342    0.457679    4.683813 ^ _4153_/Y (sky130_fd_sc_hd__a221oi_1)
                                                         _1201_ (net)
                      0.341342    0.000000    4.683813 ^ _4159_/A2 (sky130_fd_sc_hd__o32ai_1)
     1    0.001762    0.194817    0.186901    4.870713 v _4159_/Y (sky130_fd_sc_hd__o32ai_1)
                                                         _0044_ (net)
                      0.194817    0.000000    4.870713 v _4763_/D (sky130_fd_sc_hd__dfrtp_1)
                                              4.870713   data arrival time

                      0.000000   10.000000   10.000000   clock core (rise edge)
                                  0.000000   10.000000   clock network delay (ideal)
                                  0.000000   10.000000   clock reconvergence pessimism
                                             10.000000 ^ _4763_/CLK (sky130_fd_sc_hd__dfrtp_1)
                                 -0.326393    9.673607   library setup time
                                              9.673607   data required time
---------------------------------------------------------------------------------------------
                                              9.673607   data required time
                                             -4.870713   data arrival time
---------------------------------------------------------------------------------------------
                                              4.802894   slack (MET)

Hotspot 14: instance=_4599_ selected_worst_paths=none internal=3.9688e-06 switching=4.41107e-08 dynamic=4.01291e-06 leakage=4.81861e-12 total=4.01291e-06
Worst path through hotspot: status=met slack=4.91473 type=max group=core
startpoint=tl_i[108] (input port clocked by core)
endpoint=_4599_ (rising edge-triggered flip-flop clocked by core)
path_power_complete=true
path_average_power_sum internal=4.54746e-06 switching=2.3122e-06 dynamic=6.85966e-06 leakage=1.47048e-11 total=6.85968e-06
stage instance cell pins fanout capacitance slew delay arrival internal switching dynamic leakage total
1 _4507_ sky130_fd_sc_hd__nand2_1 B,Y 5 0.013705 0.216866 0.177847 2.17785 9.44387e-08 4.12346e-07 5.06785e-07 3.2275e-13 5.06785e-07
2 _2274_ sky130_fd_sc_hd__nor2_1 B,Y 1 0.002141 0.047518 0.095917 2.27376 6.00873e-08 6.86591e-08 1.28746e-07 1.63448e-12 1.28748e-07
3 _2276_ sky130_fd_sc_hd__nand2_1 A,Y 5 0.01008 0.167674 0.15473 2.42849 7.46743e-08 3.0328e-07 3.77954e-07 6.4667e-14 3.77954e-07
4 _2277_ sky130_fd_sc_hd__inv_1 A,Y 4 0.008643 0.065806 0.120175 2.54867 5.46571e-08 2.8604e-07 3.40697e-07 1.65978e-12 3.40698e-07
5 _2279_ sky130_fd_sc_hd__nand2_1 A,Y 2 0.004555 0.092105 0.107585 2.65625 6.16627e-08 1.37048e-07 1.9871e-07 3.06307e-13 1.98711e-07
6 _2282_ sky130_fd_sc_hd__inv_1 A,Y 3 0.006446 0.044949 0.078356 2.73461 5.60106e-08 2.10912e-07 2.66922e-07 1.65999e-12 2.66924e-07
7 _2290_ sky130_fd_sc_hd__a21oi_1 A1,Y 3 0.006926 0.289871 0.283231 3.01784 9.29592e-09 3.20591e-09 1.25018e-08 4.77226e-14 1.25019e-08
8 _2528_ sky130_fd_sc_hd__nand2_1 A,Y 3 0.006348 0.101405 0.178463 3.19631 8.53711e-08 2.16719e-07 3.0209e-07 3.07115e-13 3.0209e-07
9 _2603_ sky130_fd_sc_hd__nor2_1 B,Y 2 0.004082 0.177978 0.184599 3.3809 2.34898e-08 3.21212e-08 5.5611e-08 1.63497e-12 5.56126e-08
10 _2605_ sky130_fd_sc_hd__lpflow_clkbufkapwr_1 A,X 32 0.074123 1.36929 1.11899 4.4999 3.78096e-08 5.83272e-07 6.21082e-07 7.01608e-14 6.21082e-07
11 _2640_ sky130_fd_sc_hd__nand2_1 A,Y 1 0.001502 0.183456 0.267038 4.76693 9.91853e-09 6.63633e-09 1.65549e-08 1.41176e-14 1.65549e-08
12 _2641_ sky130_fd_sc_hd__o21ai_0 B1,Y 1 0.001885 0.175634 0.157342 4.92427 1.12498e-08 7.85278e-09 1.91026e-08 2.16408e-12 1.91048e-08
13 _4599_ sky130_fd_sc_hd__dfrtp_1 D - - 0.175634 0 4.92427 3.9688e-06 4.41107e-08 4.01291e-06 4.81861e-12 4.01291e-06
OpenSTA targeted timing report:
Startpoint: tl_i[108] (input port clocked by core)
Endpoint: _4599_ (rising edge-triggered flip-flop clocked by core)
Path Group: core
Path Type: max

Fanout         Cap        Slew       Delay        Time   Description
---------------------------------------------------------------------------------------------
                      0.000000    0.000000    0.000000   clock core (rise edge)
                                  0.000000    0.000000   clock network delay (ideal)
                                  2.000000    2.000000 v input external delay
     1    0.002125    0.000000    0.000000    2.000000 v tl_i[108] (in)
                                                         tl_i[108] (net)
                      0.000000    0.000000    2.000000 v _4507_/B (sky130_fd_sc_hd__nand2_1)
     5    0.013705    0.216866    0.177847    2.177847 ^ _4507_/Y (sky130_fd_sc_hd__nand2_1)
                                                         _1491_ (net)
                      0.216866    0.000000    2.177847 ^ _2274_/B (sky130_fd_sc_hd__nor2_1)
     1    0.002141    0.047518    0.095917    2.273764 v _2274_/Y (sky130_fd_sc_hd__nor2_1)
                                                         _1511_ (net)
                      0.047518    0.000000    2.273764 v _2276_/A (sky130_fd_sc_hd__nand2_1)
     5    0.010080    0.167674    0.154730    2.428494 ^ _2276_/Y (sky130_fd_sc_hd__nand2_1)
                                                         _1513_ (net)
                      0.167674    0.000000    2.428494 ^ _2277_/A (sky130_fd_sc_hd__inv_1)
     4    0.008643    0.065806    0.120175    2.548669 v _2277_/Y (sky130_fd_sc_hd__inv_1)
                                                         _1514_ (net)
                      0.065806    0.000000    2.548669 v _2279_/A (sky130_fd_sc_hd__nand2_1)
     2    0.004555    0.092105    0.107585    2.656254 ^ _2279_/Y (sky130_fd_sc_hd__nand2_1)
                                                         _1516_ (net)
                      0.092105    0.000000    2.656254 ^ _2282_/A (sky130_fd_sc_hd__inv_1)
     3    0.006446    0.044949    0.078356    2.734610 v _2282_/Y (sky130_fd_sc_hd__inv_1)
                                                         _1519_ (net)
                      0.044949    0.000000    2.734610 v _2290_/A1 (sky130_fd_sc_hd__a21oi_1)
     3    0.006926    0.289871    0.283231    3.017842 ^ _2290_/Y (sky130_fd_sc_hd__a21oi_1)
                                                         _1527_ (net)
                      0.289871    0.000000    3.017842 ^ _2528_/A (sky130_fd_sc_hd__nand2_1)
     3    0.006348    0.101405    0.178463    3.196305 v _2528_/Y (sky130_fd_sc_hd__nand2_1)
                                                         _1734_ (net)
                      0.101405    0.000000    3.196305 v _2603_/B (sky130_fd_sc_hd__nor2_1)
     2    0.004082    0.177978    0.184599    3.380903 ^ _2603_/Y (sky130_fd_sc_hd__nor2_1)
                                                         _1778_ (net)
                      0.177978    0.000000    3.380903 ^ _2605_/A (sky130_fd_sc_hd__lpflow_clkbufkapwr_1)
    32    0.074123    1.369287    1.118992    4.499895 ^ _2605_/X (sky130_fd_sc_hd__lpflow_clkbufkapwr_1)
                                                         _1780_ (net)
                      1.369287    0.000000    4.499895 ^ _2640_/A (sky130_fd_sc_hd__nand2_1)
     1    0.001502    0.183456    0.267038    4.766933 v _2640_/Y (sky130_fd_sc_hd__nand2_1)
                                                         _1799_ (net)
                      0.183456    0.000000    4.766933 v _2641_/B1 (sky130_fd_sc_hd__o21ai_0)
     1    0.001885    0.175634    0.157342    4.924275 ^ _2641_/Y (sky130_fd_sc_hd__o21ai_0)
                                                         _0193_ (net)
                      0.175634    0.000000    4.924275 ^ _4599_/D (sky130_fd_sc_hd__dfrtp_1)
                                              4.924275   data arrival time

                      0.000000   10.000000   10.000000   clock core (rise edge)
                                  0.000000   10.000000   clock network delay (ideal)
                                  0.000000   10.000000   clock reconvergence pessimism
                                             10.000000 ^ _4599_/CLK (sky130_fd_sc_hd__dfrtp_1)
                                 -0.160996    9.839005   library setup time
                                              9.839005   data required time
---------------------------------------------------------------------------------------------
                                              9.839005   data required time
                                             -4.924275   data arrival time
---------------------------------------------------------------------------------------------
                                              4.914730   slack (MET)

Hotspot 15: instance=_4547_ selected_worst_paths=none internal=3.96878e-06 switching=4.33701e-08 dynamic=4.01215e-06 leakage=4.81853e-12 total=4.01216e-06
Worst path through hotspot: status=met slack=5.02769 type=max group=core
startpoint=tl_i[108] (input port clocked by core)
endpoint=_4547_ (rising edge-triggered flip-flop clocked by core)
path_power_complete=true
path_average_power_sum internal=4.53782e-06 switching=2.21275e-06 dynamic=6.75057e-06 leakage=1.46902e-11 total=6.75059e-06
stage instance cell pins fanout capacitance slew delay arrival internal switching dynamic leakage total
1 _4507_ sky130_fd_sc_hd__nand2_1 B,Y 5 0.013705 0.216866 0.177847 2.17785 9.44387e-08 4.12346e-07 5.06785e-07 3.2275e-13 5.06785e-07
2 _2274_ sky130_fd_sc_hd__nor2_1 B,Y 1 0.002141 0.047518 0.095917 2.27376 6.00873e-08 6.86591e-08 1.28746e-07 1.63448e-12 1.28748e-07
3 _2276_ sky130_fd_sc_hd__nand2_1 A,Y 5 0.01008 0.167674 0.15473 2.42849 7.46743e-08 3.0328e-07 3.77954e-07 6.4667e-14 3.77954e-07
4 _2277_ sky130_fd_sc_hd__inv_1 A,Y 4 0.008643 0.065806 0.120175 2.54867 5.46571e-08 2.8604e-07 3.40697e-07 1.65978e-12 3.40698e-07
5 _2279_ sky130_fd_sc_hd__nand2_1 A,Y 2 0.004555 0.092105 0.107585 2.65625 6.16627e-08 1.37048e-07 1.9871e-07 3.06307e-13 1.98711e-07
6 _2282_ sky130_fd_sc_hd__inv_1 A,Y 3 0.006446 0.044949 0.078356 2.73461 5.60106e-08 2.10912e-07 2.66922e-07 1.65999e-12 2.66924e-07
7 _2290_ sky130_fd_sc_hd__a21oi_1 A1,Y 3 0.006926 0.289871 0.283231 3.01784 9.29592e-09 3.20591e-09 1.25018e-08 4.77226e-14 1.25019e-08
8 _2528_ sky130_fd_sc_hd__nand2_1 A,Y 3 0.006348 0.101405 0.178463 3.19631 8.53711e-08 2.16719e-07 3.0209e-07 3.07115e-13 3.0209e-07
9 _2688_ sky130_fd_sc_hd__nor2_1 B,Y 2 0.004082 0.16333 0.184599 3.3809 2.34802e-08 3.21212e-08 5.56013e-08 1.63497e-12 5.5603e-08
10 _2723_ sky130_fd_sc_hd__lpflow_clkbufkapwr_1 A,X 32 0.062422 1.15536 0.95969 4.34059 3.80677e-08 4.91197e-07 5.29265e-07 7.01608e-14 5.29265e-07
11 _2743_ sky130_fd_sc_hd__o21ai_0 A2,Y 1 0.001762 0.144834 0.332539 4.67313 1.1297e-08 7.85278e-09 1.91498e-08 2.16372e-12 1.9152e-08
12 _4547_ sky130_fd_sc_hd__dfrtp_1 D - - 0.144834 0 4.67313 3.96878e-06 4.33701e-08 4.01215e-06 4.81853e-12 4.01216e-06
OpenSTA targeted timing report:
Startpoint: tl_i[108] (input port clocked by core)
Endpoint: _4547_ (rising edge-triggered flip-flop clocked by core)
Path Group: core
Path Type: max

Fanout         Cap        Slew       Delay        Time   Description
---------------------------------------------------------------------------------------------
                      0.000000    0.000000    0.000000   clock core (rise edge)
                                  0.000000    0.000000   clock network delay (ideal)
                                  2.000000    2.000000 v input external delay
     1    0.002125    0.000000    0.000000    2.000000 v tl_i[108] (in)
                                                         tl_i[108] (net)
                      0.000000    0.000000    2.000000 v _4507_/B (sky130_fd_sc_hd__nand2_1)
     5    0.013705    0.216866    0.177847    2.177847 ^ _4507_/Y (sky130_fd_sc_hd__nand2_1)
                                                         _1491_ (net)
                      0.216866    0.000000    2.177847 ^ _2274_/B (sky130_fd_sc_hd__nor2_1)
     1    0.002141    0.047518    0.095917    2.273764 v _2274_/Y (sky130_fd_sc_hd__nor2_1)
                                                         _1511_ (net)
                      0.047518    0.000000    2.273764 v _2276_/A (sky130_fd_sc_hd__nand2_1)
     5    0.010080    0.167674    0.154730    2.428494 ^ _2276_/Y (sky130_fd_sc_hd__nand2_1)
                                                         _1513_ (net)
                      0.167674    0.000000    2.428494 ^ _2277_/A (sky130_fd_sc_hd__inv_1)
     4    0.008643    0.065806    0.120175    2.548669 v _2277_/Y (sky130_fd_sc_hd__inv_1)
                                                         _1514_ (net)
                      0.065806    0.000000    2.548669 v _2279_/A (sky130_fd_sc_hd__nand2_1)
     2    0.004555    0.092105    0.107585    2.656254 ^ _2279_/Y (sky130_fd_sc_hd__nand2_1)
                                                         _1516_ (net)
                      0.092105    0.000000    2.656254 ^ _2282_/A (sky130_fd_sc_hd__inv_1)
     3    0.006446    0.044949    0.078356    2.734610 v _2282_/Y (sky130_fd_sc_hd__inv_1)
                                                         _1519_ (net)
                      0.044949    0.000000    2.734610 v _2290_/A1 (sky130_fd_sc_hd__a21oi_1)
     3    0.006926    0.289871    0.283231    3.017842 ^ _2290_/Y (sky130_fd_sc_hd__a21oi_1)
                                                         _1527_ (net)
                      0.289871    0.000000    3.017842 ^ _2528_/A (sky130_fd_sc_hd__nand2_1)
     3    0.006348    0.101405    0.178463    3.196305 v _2528_/Y (sky130_fd_sc_hd__nand2_1)
                                                         _1734_ (net)
                      0.101405    0.000000    3.196305 v _2688_/B (sky130_fd_sc_hd__nor2_1)
     2    0.004082    0.163330    0.184599    3.380903 ^ _2688_/Y (sky130_fd_sc_hd__nor2_1)
                                                         _1821_ (net)
                      0.163330    0.000000    3.380903 ^ _2723_/A (sky130_fd_sc_hd__lpflow_clkbufkapwr_1)
    32    0.062422    1.155356    0.959690    4.340593 ^ _2723_/X (sky130_fd_sc_hd__lpflow_clkbufkapwr_1)
                                                         _1843_ (net)
                      1.155356    0.000000    4.340593 ^ _2743_/A2 (sky130_fd_sc_hd__o21ai_0)
     1    0.001762    0.144834    0.332539    4.673132 v _2743_/Y (sky130_fd_sc_hd__o21ai_0)
                                                         _0241_ (net)
                      0.144834    0.000000    4.673132 v _4547_/D (sky130_fd_sc_hd__dfrtp_1)
                                              4.673132   data arrival time

                      0.000000   10.000000   10.000000   clock core (rise edge)
                                  0.000000   10.000000   clock network delay (ideal)
                                  0.000000   10.000000   clock reconvergence pessimism
                                             10.000000 ^ _4547_/CLK (sky130_fd_sc_hd__dfrtp_1)
                                 -0.299181    9.700819   library setup time
                                              9.700819   data required time
---------------------------------------------------------------------------------------------
                                              9.700819   data required time
                                             -4.673132   data arrival time
---------------------------------------------------------------------------------------------
                                              5.027687   slack (MET)

Hotspot 16: instance=_4619_ selected_worst_paths=none internal=3.96879e-06 switching=4.33405e-08 dynamic=4.01214e-06 leakage=4.81854e-12 total=4.01214e-06
Worst path through hotspot: status=met slack=4.82634 type=max group=core
startpoint=tl_i[108] (input port clocked by core)
endpoint=_4619_ (rising edge-triggered flip-flop clocked by core)
path_power_complete=true
path_average_power_sum internal=4.54281e-06 switching=2.30727e-06 dynamic=6.85008e-06 leakage=1.42109e-11 total=6.8501e-06
stage instance cell pins fanout capacitance slew delay arrival internal switching dynamic leakage total
1 _4507_ sky130_fd_sc_hd__nand2_1 B,Y 5 0.013705 0.216866 0.177847 2.17785 9.44387e-08 4.12346e-07 5.06785e-07 3.2275e-13 5.06785e-07
2 _2274_ sky130_fd_sc_hd__nor2_1 B,Y 1 0.002141 0.047518 0.095917 2.27376 6.00873e-08 6.86591e-08 1.28746e-07 1.63448e-12 1.28748e-07
3 _2276_ sky130_fd_sc_hd__nand2_1 A,Y 5 0.01008 0.167674 0.15473 2.42849 7.46743e-08 3.0328e-07 3.77954e-07 6.4667e-14 3.77954e-07
4 _2277_ sky130_fd_sc_hd__inv_1 A,Y 4 0.008643 0.065806 0.120175 2.54867 5.46571e-08 2.8604e-07 3.40697e-07 1.65978e-12 3.40698e-07
5 _2279_ sky130_fd_sc_hd__nand2_1 A,Y 2 0.004555 0.092105 0.107585 2.65625 6.16627e-08 1.37048e-07 1.9871e-07 3.06307e-13 1.98711e-07
6 _2282_ sky130_fd_sc_hd__inv_1 A,Y 3 0.006446 0.044949 0.078356 2.73461 5.60106e-08 2.10912e-07 2.66922e-07 1.65999e-12 2.66924e-07
7 _2290_ sky130_fd_sc_hd__a21oi_1 A1,Y 3 0.006926 0.289871 0.283231 3.01784 9.29592e-09 3.20591e-09 1.25018e-08 4.77226e-14 1.25019e-08
8 _2528_ sky130_fd_sc_hd__nand2_1 A,Y 3 0.006348 0.101405 0.178463 3.19631 8.53711e-08 2.16719e-07 3.0209e-07 3.07115e-13 3.0209e-07
9 _2529_ sky130_fd_sc_hd__nor2_1 B,Y 2 0.004082 0.175662 0.184599 3.3809 2.35084e-08 3.21212e-08 5.56296e-08 1.63497e-12 5.56312e-08
10 _2531_ sky130_fd_sc_hd__lpflow_clkbufkapwr_1 A,X 32 0.074437 1.37476 1.12227 4.50317 3.77901e-08 5.85743e-07 6.23533e-07 7.01608e-14 6.23533e-07
11 _2596_ sky130_fd_sc_hd__a21oi_1 A2,Y 1 0.001762 0.148212 0.36947 4.87264 1.65237e-08 7.85278e-09 2.43765e-08 1.68442e-12 2.43781e-08
12 _4619_ sky130_fd_sc_hd__dfrtp_1 D - - 0.148212 0 4.87264 3.96879e-06 4.33405e-08 4.01214e-06 4.81854e-12 4.01214e-06
OpenSTA targeted timing report:
Startpoint: tl_i[108] (input port clocked by core)
Endpoint: _4619_ (rising edge-triggered flip-flop clocked by core)
Path Group: core
Path Type: max

Fanout         Cap        Slew       Delay        Time   Description
---------------------------------------------------------------------------------------------
                      0.000000    0.000000    0.000000   clock core (rise edge)
                                  0.000000    0.000000   clock network delay (ideal)
                                  2.000000    2.000000 v input external delay
     1    0.002125    0.000000    0.000000    2.000000 v tl_i[108] (in)
                                                         tl_i[108] (net)
                      0.000000    0.000000    2.000000 v _4507_/B (sky130_fd_sc_hd__nand2_1)
     5    0.013705    0.216866    0.177847    2.177847 ^ _4507_/Y (sky130_fd_sc_hd__nand2_1)
                                                         _1491_ (net)
                      0.216866    0.000000    2.177847 ^ _2274_/B (sky130_fd_sc_hd__nor2_1)
     1    0.002141    0.047518    0.095917    2.273764 v _2274_/Y (sky130_fd_sc_hd__nor2_1)
                                                         _1511_ (net)
                      0.047518    0.000000    2.273764 v _2276_/A (sky130_fd_sc_hd__nand2_1)
     5    0.010080    0.167674    0.154730    2.428494 ^ _2276_/Y (sky130_fd_sc_hd__nand2_1)
                                                         _1513_ (net)
                      0.167674    0.000000    2.428494 ^ _2277_/A (sky130_fd_sc_hd__inv_1)
     4    0.008643    0.065806    0.120175    2.548669 v _2277_/Y (sky130_fd_sc_hd__inv_1)
                                                         _1514_ (net)
                      0.065806    0.000000    2.548669 v _2279_/A (sky130_fd_sc_hd__nand2_1)
     2    0.004555    0.092105    0.107585    2.656254 ^ _2279_/Y (sky130_fd_sc_hd__nand2_1)
                                                         _1516_ (net)
                      0.092105    0.000000    2.656254 ^ _2282_/A (sky130_fd_sc_hd__inv_1)
     3    0.006446    0.044949    0.078356    2.734610 v _2282_/Y (sky130_fd_sc_hd__inv_1)
                                                         _1519_ (net)
                      0.044949    0.000000    2.734610 v _2290_/A1 (sky130_fd_sc_hd__a21oi_1)
     3    0.006926    0.289871    0.283231    3.017842 ^ _2290_/Y (sky130_fd_sc_hd__a21oi_1)
                                                         _1527_ (net)
                      0.289871    0.000000    3.017842 ^ _2528_/A (sky130_fd_sc_hd__nand2_1)
     3    0.006348    0.101405    0.178463    3.196305 v _2528_/Y (sky130_fd_sc_hd__nand2_1)
                                                         _1734_ (net)
                      0.101405    0.000000    3.196305 v _2529_/B (sky130_fd_sc_hd__nor2_1)
     2    0.004082    0.175662    0.184599    3.380903 ^ _2529_/Y (sky130_fd_sc_hd__nor2_1)
                                                         _1735_ (net)
                      0.175662    0.000000    3.380903 ^ _2531_/A (sky130_fd_sc_hd__lpflow_clkbufkapwr_1)
    32    0.074437    1.374762    1.122268    4.503171 ^ _2531_/X (sky130_fd_sc_hd__lpflow_clkbufkapwr_1)
                                                         _1737_ (net)
                      1.374762    0.000000    4.503171 ^ _2596_/A2 (sky130_fd_sc_hd__a21oi_1)
     1    0.001762    0.148212    0.369470    4.872641 v _2596_/Y (sky130_fd_sc_hd__a21oi_1)
                                                         _0174_ (net)
                      0.148212    0.000000    4.872641 v _4619_/D (sky130_fd_sc_hd__dfrtp_1)
                                              4.872641   data arrival time

                      0.000000   10.000000   10.000000   clock core (rise edge)
                                  0.000000   10.000000   clock network delay (ideal)
                                  0.000000   10.000000   clock reconvergence pessimism
                                             10.000000 ^ _4619_/CLK (sky130_fd_sc_hd__dfrtp_1)
                                 -0.301020    9.698980   library setup time
                                              9.698980   data required time
---------------------------------------------------------------------------------------------
                                              9.698980   data required time
                                             -4.872641   data arrival time
---------------------------------------------------------------------------------------------
                                              4.826340   slack (MET)

Hotspot 17: instance=_4595_ selected_worst_paths=none internal=3.96877e-06 switching=4.27628e-08 dynamic=4.01153e-06 leakage=4.8186e-12 total=4.01154e-06
Worst path through hotspot: status=met slack=4.91473 type=max group=core
startpoint=tl_i[108] (input port clocked by core)
endpoint=_4595_ (rising edge-triggered flip-flop clocked by core)
path_power_complete=true
path_average_power_sum internal=4.54746e-06 switching=2.31085e-06 dynamic=6.85832e-06 leakage=1.47048e-11 total=6.85833e-06
stage instance cell pins fanout capacitance slew delay arrival internal switching dynamic leakage total
1 _4507_ sky130_fd_sc_hd__nand2_1 B,Y 5 0.013705 0.216866 0.177847 2.17785 9.44387e-08 4.12346e-07 5.06785e-07 3.2275e-13 5.06785e-07
2 _2274_ sky130_fd_sc_hd__nor2_1 B,Y 1 0.002141 0.047518 0.095917 2.27376 6.00873e-08 6.86591e-08 1.28746e-07 1.63448e-12 1.28748e-07
3 _2276_ sky130_fd_sc_hd__nand2_1 A,Y 5 0.01008 0.167674 0.15473 2.42849 7.46743e-08 3.0328e-07 3.77954e-07 6.4667e-14 3.77954e-07
4 _2277_ sky130_fd_sc_hd__inv_1 A,Y 4 0.008643 0.065806 0.120175 2.54867 5.46571e-08 2.8604e-07 3.40697e-07 1.65978e-12 3.40698e-07
5 _2279_ sky130_fd_sc_hd__nand2_1 A,Y 2 0.004555 0.092105 0.107585 2.65625 6.16627e-08 1.37048e-07 1.9871e-07 3.06307e-13 1.98711e-07
6 _2282_ sky130_fd_sc_hd__inv_1 A,Y 3 0.006446 0.044949 0.078356 2.73461 5.60106e-08 2.10912e-07 2.66922e-07 1.65999e-12 2.66924e-07
7 _2290_ sky130_fd_sc_hd__a21oi_1 A1,Y 3 0.006926 0.289871 0.283231 3.01784 9.29592e-09 3.20591e-09 1.25018e-08 4.77226e-14 1.25019e-08
8 _2528_ sky130_fd_sc_hd__nand2_1 A,Y 3 0.006348 0.101405 0.178463 3.19631 8.53711e-08 2.16719e-07 3.0209e-07 3.07115e-13 3.0209e-07
9 _2603_ sky130_fd_sc_hd__nor2_1 B,Y 2 0.004082 0.177978 0.184599 3.3809 2.34898e-08 3.21212e-08 5.5611e-08 1.63497e-12 5.56126e-08
10 _2605_ sky130_fd_sc_hd__lpflow_clkbufkapwr_1 A,X 32 0.074123 1.36929 1.11899 4.4999 3.78096e-08 5.83272e-07 6.21082e-07 7.01608e-14 6.21082e-07
11 _2648_ sky130_fd_sc_hd__nand2_1 A,Y 1 0.001502 0.183456 0.267038 4.76693 9.91853e-09 6.63633e-09 1.65549e-08 1.41176e-14 1.65549e-08
12 _2649_ sky130_fd_sc_hd__o21ai_0 B1,Y 1 0.001885 0.175634 0.157342 4.92427 1.12785e-08 7.85278e-09 1.91313e-08 2.16411e-12 1.91335e-08
13 _4595_ sky130_fd_sc_hd__dfrtp_1 D - - 0.175634 0 4.92427 3.96877e-06 4.27628e-08 4.01153e-06 4.8186e-12 4.01154e-06
OpenSTA targeted timing report:
Startpoint: tl_i[108] (input port clocked by core)
Endpoint: _4595_ (rising edge-triggered flip-flop clocked by core)
Path Group: core
Path Type: max

Fanout         Cap        Slew       Delay        Time   Description
---------------------------------------------------------------------------------------------
                      0.000000    0.000000    0.000000   clock core (rise edge)
                                  0.000000    0.000000   clock network delay (ideal)
                                  2.000000    2.000000 v input external delay
     1    0.002125    0.000000    0.000000    2.000000 v tl_i[108] (in)
                                                         tl_i[108] (net)
                      0.000000    0.000000    2.000000 v _4507_/B (sky130_fd_sc_hd__nand2_1)
     5    0.013705    0.216866    0.177847    2.177847 ^ _4507_/Y (sky130_fd_sc_hd__nand2_1)
                                                         _1491_ (net)
                      0.216866    0.000000    2.177847 ^ _2274_/B (sky130_fd_sc_hd__nor2_1)
     1    0.002141    0.047518    0.095917    2.273764 v _2274_/Y (sky130_fd_sc_hd__nor2_1)
                                                         _1511_ (net)
                      0.047518    0.000000    2.273764 v _2276_/A (sky130_fd_sc_hd__nand2_1)
     5    0.010080    0.167674    0.154730    2.428494 ^ _2276_/Y (sky130_fd_sc_hd__nand2_1)
                                                         _1513_ (net)
                      0.167674    0.000000    2.428494 ^ _2277_/A (sky130_fd_sc_hd__inv_1)
     4    0.008643    0.065806    0.120175    2.548669 v _2277_/Y (sky130_fd_sc_hd__inv_1)
                                                         _1514_ (net)
                      0.065806    0.000000    2.548669 v _2279_/A (sky130_fd_sc_hd__nand2_1)
     2    0.004555    0.092105    0.107585    2.656254 ^ _2279_/Y (sky130_fd_sc_hd__nand2_1)
                                                         _1516_ (net)
                      0.092105    0.000000    2.656254 ^ _2282_/A (sky130_fd_sc_hd__inv_1)
     3    0.006446    0.044949    0.078356    2.734610 v _2282_/Y (sky130_fd_sc_hd__inv_1)
                                                         _1519_ (net)
                      0.044949    0.000000    2.734610 v _2290_/A1 (sky130_fd_sc_hd__a21oi_1)
     3    0.006926    0.289871    0.283231    3.017842 ^ _2290_/Y (sky130_fd_sc_hd__a21oi_1)
                                                         _1527_ (net)
                      0.289871    0.000000    3.017842 ^ _2528_/A (sky130_fd_sc_hd__nand2_1)
     3    0.006348    0.101405    0.178463    3.196305 v _2528_/Y (sky130_fd_sc_hd__nand2_1)
                                                         _1734_ (net)
                      0.101405    0.000000    3.196305 v _2603_/B (sky130_fd_sc_hd__nor2_1)
     2    0.004082    0.177978    0.184599    3.380903 ^ _2603_/Y (sky130_fd_sc_hd__nor2_1)
                                                         _1778_ (net)
                      0.177978    0.000000    3.380903 ^ _2605_/A (sky130_fd_sc_hd__lpflow_clkbufkapwr_1)
    32    0.074123    1.369287    1.118992    4.499895 ^ _2605_/X (sky130_fd_sc_hd__lpflow_clkbufkapwr_1)
                                                         _1780_ (net)
                      1.369287    0.000000    4.499895 ^ _2648_/A (sky130_fd_sc_hd__nand2_1)
     1    0.001502    0.183456    0.267038    4.766933 v _2648_/Y (sky130_fd_sc_hd__nand2_1)
                                                         _1803_ (net)
                      0.183456    0.000000    4.766933 v _2649_/B1 (sky130_fd_sc_hd__o21ai_0)
     1    0.001885    0.175634    0.157342    4.924275 ^ _2649_/Y (sky130_fd_sc_hd__o21ai_0)
                                                         _0197_ (net)
                      0.175634    0.000000    4.924275 ^ _4595_/D (sky130_fd_sc_hd__dfrtp_1)
                                              4.924275   data arrival time

                      0.000000   10.000000   10.000000   clock core (rise edge)
                                  0.000000   10.000000   clock network delay (ideal)
                                  0.000000   10.000000   clock reconvergence pessimism
                                             10.000000 ^ _4595_/CLK (sky130_fd_sc_hd__dfrtp_1)
                                 -0.160996    9.839005   library setup time
                                              9.839005   data required time
---------------------------------------------------------------------------------------------
                                              9.839005   data required time
                                             -4.924275   data arrival time
---------------------------------------------------------------------------------------------
                                              4.914730   slack (MET)

Hotspot 18: instance=_4600_ selected_worst_paths=none internal=3.96874e-06 switching=4.11335e-08 dynamic=4.00987e-06 leakage=4.8186e-12 total=4.00988e-06
Worst path through hotspot: status=met slack=4.91473 type=max group=core
startpoint=tl_i[108] (input port clocked by core)
endpoint=_4600_ (rising edge-triggered flip-flop clocked by core)
path_power_complete=true
path_average_power_sum internal=4.54736e-06 switching=2.30922e-06 dynamic=6.85659e-06 leakage=1.47046e-11 total=6.8566e-06
stage instance cell pins fanout capacitance slew delay arrival internal switching dynamic leakage total
1 _4507_ sky130_fd_sc_hd__nand2_1 B,Y 5 0.013705 0.216866 0.177847 2.17785 9.44387e-08 4.12346e-07 5.06785e-07 3.2275e-13 5.06785e-07
2 _2274_ sky130_fd_sc_hd__nor2_1 B,Y 1 0.002141 0.047518 0.095917 2.27376 6.00873e-08 6.86591e-08 1.28746e-07 1.63448e-12 1.28748e-07
3 _2276_ sky130_fd_sc_hd__nand2_1 A,Y 5 0.01008 0.167674 0.15473 2.42849 7.46743e-08 3.0328e-07 3.77954e-07 6.4667e-14 3.77954e-07
4 _2277_ sky130_fd_sc_hd__inv_1 A,Y 4 0.008643 0.065806 0.120175 2.54867 5.46571e-08 2.8604e-07 3.40697e-07 1.65978e-12 3.40698e-07
5 _2279_ sky130_fd_sc_hd__nand2_1 A,Y 2 0.004555 0.092105 0.107585 2.65625 6.16627e-08 1.37048e-07 1.9871e-07 3.06307e-13 1.98711e-07
6 _2282_ sky130_fd_sc_hd__inv_1 A,Y 3 0.006446 0.044949 0.078356 2.73461 5.60106e-08 2.10912e-07 2.66922e-07 1.65999e-12 2.66924e-07
7 _2290_ sky130_fd_sc_hd__a21oi_1 A1,Y 3 0.006926 0.289871 0.283231 3.01784 9.29592e-09 3.20591e-09 1.25018e-08 4.77226e-14 1.25019e-08
8 _2528_ sky130_fd_sc_hd__nand2_1 A,Y 3 0.006348 0.101405 0.178463 3.19631 8.53711e-08 2.16719e-07 3.0209e-07 3.07115e-13 3.0209e-07
9 _2603_ sky130_fd_sc_hd__nor2_1 B,Y 2 0.004082 0.177978 0.184599 3.3809 2.34898e-08 3.21212e-08 5.5611e-08 1.63497e-12 5.56126e-08
10 _2605_ sky130_fd_sc_hd__lpflow_clkbufkapwr_1 A,X 32 0.074123 1.36929 1.11899 4.4999 3.78096e-08 5.83272e-07 6.21082e-07 7.01608e-14 6.21082e-07
11 _2638_ sky130_fd_sc_hd__nand2_1 A,Y 1 0.001502 0.183456 0.267038 4.76693 9.91853e-09 6.63633e-09 1.65549e-08 1.41176e-14 1.65549e-08
12 _2639_ sky130_fd_sc_hd__o21ai_0 B1,Y 1 0.001885 0.175634 0.157342 4.92427 1.12072e-08 7.85278e-09 1.906e-08 2.16392e-12 1.90622e-08
13 _4600_ sky130_fd_sc_hd__dfrtp_1 D - - 0.175634 0 4.92427 3.96874e-06 4.11335e-08 4.00987e-06 4.8186e-12 4.00988e-06
OpenSTA targeted timing report:
Startpoint: tl_i[108] (input port clocked by core)
Endpoint: _4600_ (rising edge-triggered flip-flop clocked by core)
Path Group: core
Path Type: max

Fanout         Cap        Slew       Delay        Time   Description
---------------------------------------------------------------------------------------------
                      0.000000    0.000000    0.000000   clock core (rise edge)
                                  0.000000    0.000000   clock network delay (ideal)
                                  2.000000    2.000000 v input external delay
     1    0.002125    0.000000    0.000000    2.000000 v tl_i[108] (in)
                                                         tl_i[108] (net)
                      0.000000    0.000000    2.000000 v _4507_/B (sky130_fd_sc_hd__nand2_1)
     5    0.013705    0.216866    0.177847    2.177847 ^ _4507_/Y (sky130_fd_sc_hd__nand2_1)
                                                         _1491_ (net)
                      0.216866    0.000000    2.177847 ^ _2274_/B (sky130_fd_sc_hd__nor2_1)
     1    0.002141    0.047518    0.095917    2.273764 v _2274_/Y (sky130_fd_sc_hd__nor2_1)
                                                         _1511_ (net)
                      0.047518    0.000000    2.273764 v _2276_/A (sky130_fd_sc_hd__nand2_1)
     5    0.010080    0.167674    0.154730    2.428494 ^ _2276_/Y (sky130_fd_sc_hd__nand2_1)
                                                         _1513_ (net)
                      0.167674    0.000000    2.428494 ^ _2277_/A (sky130_fd_sc_hd__inv_1)
     4    0.008643    0.065806    0.120175    2.548669 v _2277_/Y (sky130_fd_sc_hd__inv_1)
                                                         _1514_ (net)
                      0.065806    0.000000    2.548669 v _2279_/A (sky130_fd_sc_hd__nand2_1)
     2    0.004555    0.092105    0.107585    2.656254 ^ _2279_/Y (sky130_fd_sc_hd__nand2_1)
                                                         _1516_ (net)
                      0.092105    0.000000    2.656254 ^ _2282_/A (sky130_fd_sc_hd__inv_1)
     3    0.006446    0.044949    0.078356    2.734610 v _2282_/Y (sky130_fd_sc_hd__inv_1)
                                                         _1519_ (net)
                      0.044949    0.000000    2.734610 v _2290_/A1 (sky130_fd_sc_hd__a21oi_1)
     3    0.006926    0.289871    0.283231    3.017842 ^ _2290_/Y (sky130_fd_sc_hd__a21oi_1)
                                                         _1527_ (net)
                      0.289871    0.000000    3.017842 ^ _2528_/A (sky130_fd_sc_hd__nand2_1)
     3    0.006348    0.101405    0.178463    3.196305 v _2528_/Y (sky130_fd_sc_hd__nand2_1)
                                                         _1734_ (net)
                      0.101405    0.000000    3.196305 v _2603_/B (sky130_fd_sc_hd__nor2_1)
     2    0.004082    0.177978    0.184599    3.380903 ^ _2603_/Y (sky130_fd_sc_hd__nor2_1)
                                                         _1778_ (net)
                      0.177978    0.000000    3.380903 ^ _2605_/A (sky130_fd_sc_hd__lpflow_clkbufkapwr_1)
    32    0.074123    1.369287    1.118992    4.499895 ^ _2605_/X (sky130_fd_sc_hd__lpflow_clkbufkapwr_1)
                                                         _1780_ (net)
                      1.369287    0.000000    4.499895 ^ _2638_/A (sky130_fd_sc_hd__nand2_1)
     1    0.001502    0.183456    0.267038    4.766933 v _2638_/Y (sky130_fd_sc_hd__nand2_1)
                                                         _1798_ (net)
                      0.183456    0.000000    4.766933 v _2639_/B1 (sky130_fd_sc_hd__o21ai_0)
     1    0.001885    0.175634    0.157342    4.924275 ^ _2639_/Y (sky130_fd_sc_hd__o21ai_0)
                                                         _0192_ (net)
                      0.175634    0.000000    4.924275 ^ _4600_/D (sky130_fd_sc_hd__dfrtp_1)
                                              4.924275   data arrival time

                      0.000000   10.000000   10.000000   clock core (rise edge)
                                  0.000000   10.000000   clock network delay (ideal)
                                  0.000000   10.000000   clock reconvergence pessimism
                                             10.000000 ^ _4600_/CLK (sky130_fd_sc_hd__dfrtp_1)
                                 -0.160996    9.839005   library setup time
                                              9.839005   data required time
---------------------------------------------------------------------------------------------
                                              9.839005   data required time
                                             -4.924275   data arrival time
---------------------------------------------------------------------------------------------
                                              4.914730   slack (MET)

Hotspot 19: instance=_4629_ selected_worst_paths=none internal=3.96874e-06 switching=4.10557e-08 dynamic=4.00979e-06 leakage=4.81859e-12 total=4.0098e-06
Worst path through hotspot: status=met slack=4.91019 type=max group=core
startpoint=tl_i[108] (input port clocked by core)
endpoint=_4629_ (rising edge-triggered flip-flop clocked by core)
path_power_complete=true
path_average_power_sum internal=4.54739e-06 switching=2.31162e-06 dynamic=6.859e-06 leakage=1.47046e-11 total=6.85902e-06
stage instance cell pins fanout capacitance slew delay arrival internal switching dynamic leakage total
1 _4507_ sky130_fd_sc_hd__nand2_1 B,Y 5 0.013705 0.216866 0.177847 2.17785 9.44387e-08 4.12346e-07 5.06785e-07 3.2275e-13 5.06785e-07
2 _2274_ sky130_fd_sc_hd__nor2_1 B,Y 1 0.002141 0.047518 0.095917 2.27376 6.00873e-08 6.86591e-08 1.28746e-07 1.63448e-12 1.28748e-07
3 _2276_ sky130_fd_sc_hd__nand2_1 A,Y 5 0.01008 0.167674 0.15473 2.42849 7.46743e-08 3.0328e-07 3.77954e-07 6.4667e-14 3.77954e-07
4 _2277_ sky130_fd_sc_hd__inv_1 A,Y 4 0.008643 0.065806 0.120175 2.54867 5.46571e-08 2.8604e-07 3.40697e-07 1.65978e-12 3.40698e-07
5 _2279_ sky130_fd_sc_hd__nand2_1 A,Y 2 0.004555 0.092105 0.107585 2.65625 6.16627e-08 1.37048e-07 1.9871e-07 3.06307e-13 1.98711e-07
6 _2282_ sky130_fd_sc_hd__inv_1 A,Y 3 0.006446 0.044949 0.078356 2.73461 5.60106e-08 2.10912e-07 2.66922e-07 1.65999e-12 2.66924e-07
7 _2290_ sky130_fd_sc_hd__a21oi_1 A1,Y 3 0.006926 0.289871 0.283231 3.01784 9.29592e-09 3.20591e-09 1.25018e-08 4.77226e-14 1.25019e-08
8 _2528_ sky130_fd_sc_hd__nand2_1 A,Y 3 0.006348 0.101405 0.178463 3.19631 8.53711e-08 2.16719e-07 3.0209e-07 3.07115e-13 3.0209e-07
9 _2529_ sky130_fd_sc_hd__nor2_1 B,Y 2 0.004082 0.175662 0.184599 3.3809 2.35084e-08 3.21212e-08 5.56296e-08 1.63497e-12 5.56312e-08
10 _2531_ sky130_fd_sc_hd__lpflow_clkbufkapwr_1 A,X 32 0.074437 1.37476 1.12227 4.50317 3.77901e-08 5.85743e-07 6.23533e-07 7.01608e-14 6.23533e-07
11 _2574_ sky130_fd_sc_hd__nand2_1 A,Y 1 0.001502 0.184024 0.267652 4.77082 9.9183e-09 6.63633e-09 1.65546e-08 1.41126e-14 1.65546e-08
12 _2575_ sky130_fd_sc_hd__o21ai_0 B1,Y 1 0.001885 0.176569 0.157643 4.92847 1.12347e-08 7.85278e-09 1.90875e-08 2.16399e-12 1.90896e-08
13 _4629_ sky130_fd_sc_hd__dfrtp_1 D - - 0.176569 0 4.92847 3.96874e-06 4.10557e-08 4.00979e-06 4.81859e-12 4.0098e-06
OpenSTA targeted timing report:
Startpoint: tl_i[108] (input port clocked by core)
Endpoint: _4629_ (rising edge-triggered flip-flop clocked by core)
Path Group: core
Path Type: max

Fanout         Cap        Slew       Delay        Time   Description
---------------------------------------------------------------------------------------------
                      0.000000    0.000000    0.000000   clock core (rise edge)
                                  0.000000    0.000000   clock network delay (ideal)
                                  2.000000    2.000000 v input external delay
     1    0.002125    0.000000    0.000000    2.000000 v tl_i[108] (in)
                                                         tl_i[108] (net)
                      0.000000    0.000000    2.000000 v _4507_/B (sky130_fd_sc_hd__nand2_1)
     5    0.013705    0.216866    0.177847    2.177847 ^ _4507_/Y (sky130_fd_sc_hd__nand2_1)
                                                         _1491_ (net)
                      0.216866    0.000000    2.177847 ^ _2274_/B (sky130_fd_sc_hd__nor2_1)
     1    0.002141    0.047518    0.095917    2.273764 v _2274_/Y (sky130_fd_sc_hd__nor2_1)
                                                         _1511_ (net)
                      0.047518    0.000000    2.273764 v _2276_/A (sky130_fd_sc_hd__nand2_1)
     5    0.010080    0.167674    0.154730    2.428494 ^ _2276_/Y (sky130_fd_sc_hd__nand2_1)
                                                         _1513_ (net)
                      0.167674    0.000000    2.428494 ^ _2277_/A (sky130_fd_sc_hd__inv_1)
     4    0.008643    0.065806    0.120175    2.548669 v _2277_/Y (sky130_fd_sc_hd__inv_1)
                                                         _1514_ (net)
                      0.065806    0.000000    2.548669 v _2279_/A (sky130_fd_sc_hd__nand2_1)
     2    0.004555    0.092105    0.107585    2.656254 ^ _2279_/Y (sky130_fd_sc_hd__nand2_1)
                                                         _1516_ (net)
                      0.092105    0.000000    2.656254 ^ _2282_/A (sky130_fd_sc_hd__inv_1)
     3    0.006446    0.044949    0.078356    2.734610 v _2282_/Y (sky130_fd_sc_hd__inv_1)
                                                         _1519_ (net)
                      0.044949    0.000000    2.734610 v _2290_/A1 (sky130_fd_sc_hd__a21oi_1)
     3    0.006926    0.289871    0.283231    3.017842 ^ _2290_/Y (sky130_fd_sc_hd__a21oi_1)
                                                         _1527_ (net)
                      0.289871    0.000000    3.017842 ^ _2528_/A (sky130_fd_sc_hd__nand2_1)
     3    0.006348    0.101405    0.178463    3.196305 v _2528_/Y (sky130_fd_sc_hd__nand2_1)
                                                         _1734_ (net)
                      0.101405    0.000000    3.196305 v _2529_/B (sky130_fd_sc_hd__nor2_1)
     2    0.004082    0.175662    0.184599    3.380903 ^ _2529_/Y (sky130_fd_sc_hd__nor2_1)
                                                         _1735_ (net)
                      0.175662    0.000000    3.380903 ^ _2531_/A (sky130_fd_sc_hd__lpflow_clkbufkapwr_1)
    32    0.074437    1.374762    1.122268    4.503171 ^ _2531_/X (sky130_fd_sc_hd__lpflow_clkbufkapwr_1)
                                                         _1737_ (net)
                      1.374762    0.000000    4.503171 ^ _2574_/A (sky130_fd_sc_hd__nand2_1)
     1    0.001502    0.184024    0.267652    4.770823 v _2574_/Y (sky130_fd_sc_hd__nand2_1)
                                                         _1762_ (net)
                      0.184024    0.000000    4.770823 v _2575_/B1 (sky130_fd_sc_hd__o21ai_0)
     1    0.001885    0.176569    0.157643    4.928466 ^ _2575_/Y (sky130_fd_sc_hd__o21ai_0)
                                                         _0164_ (net)
                      0.176569    0.000000    4.928466 ^ _4629_/D (sky130_fd_sc_hd__dfrtp_1)
                                              4.928466   data arrival time

                      0.000000   10.000000   10.000000   clock core (rise edge)
                                  0.000000   10.000000   clock network delay (ideal)
                                  0.000000   10.000000   clock reconvergence pessimism
                                             10.000000 ^ _4629_/CLK (sky130_fd_sc_hd__dfrtp_1)
                                 -0.161346    9.838654   library setup time
                                              9.838654   data required time
---------------------------------------------------------------------------------------------
                                              9.838654   data required time
                                             -4.928466   data arrival time
---------------------------------------------------------------------------------------------
                                              4.910188   slack (MET)

Hotspot 20: instance=_4544_ selected_worst_paths=none internal=3.96873e-06 switching=4.08113e-08 dynamic=4.00954e-06 leakage=4.81852e-12 total=4.00955e-06
Worst path through hotspot: status=met slack=5.02769 type=max group=core
startpoint=tl_i[108] (input port clocked by core)
endpoint=_4544_ (rising edge-triggered flip-flop clocked by core)
path_power_complete=true
path_average_power_sum internal=4.53778e-06 switching=2.21019e-06 dynamic=6.74797e-06 leakage=1.46902e-11 total=6.74798e-06
stage instance cell pins fanout capacitance slew delay arrival internal switching dynamic leakage total
1 _4507_ sky130_fd_sc_hd__nand2_1 B,Y 5 0.013705 0.216866 0.177847 2.17785 9.44387e-08 4.12346e-07 5.06785e-07 3.2275e-13 5.06785e-07
2 _2274_ sky130_fd_sc_hd__nor2_1 B,Y 1 0.002141 0.047518 0.095917 2.27376 6.00873e-08 6.86591e-08 1.28746e-07 1.63448e-12 1.28748e-07
3 _2276_ sky130_fd_sc_hd__nand2_1 A,Y 5 0.01008 0.167674 0.15473 2.42849 7.46743e-08 3.0328e-07 3.77954e-07 6.4667e-14 3.77954e-07
4 _2277_ sky130_fd_sc_hd__inv_1 A,Y 4 0.008643 0.065806 0.120175 2.54867 5.46571e-08 2.8604e-07 3.40697e-07 1.65978e-12 3.40698e-07
5 _2279_ sky130_fd_sc_hd__nand2_1 A,Y 2 0.004555 0.092105 0.107585 2.65625 6.16627e-08 1.37048e-07 1.9871e-07 3.06307e-13 1.98711e-07
6 _2282_ sky130_fd_sc_hd__inv_1 A,Y 3 0.006446 0.044949 0.078356 2.73461 5.60106e-08 2.10912e-07 2.66922e-07 1.65999e-12 2.66924e-07
7 _2290_ sky130_fd_sc_hd__a21oi_1 A1,Y 3 0.006926 0.289871 0.283231 3.01784 9.29592e-09 3.20591e-09 1.25018e-08 4.77226e-14 1.25019e-08
8 _2528_ sky130_fd_sc_hd__nand2_1 A,Y 3 0.006348 0.101405 0.178463 3.19631 8.53711e-08 2.16719e-07 3.0209e-07 3.07115e-13 3.0209e-07
9 _2688_ sky130_fd_sc_hd__nor2_1 B,Y 2 0.004082 0.16333 0.184599 3.3809 2.34802e-08 3.21212e-08 5.56013e-08 1.63497e-12 5.5603e-08
10 _2723_ sky130_fd_sc_hd__lpflow_clkbufkapwr_1 A,X 32 0.062422 1.15536 0.95969 4.34059 3.80677e-08 4.91197e-07 5.29265e-07 7.01608e-14 5.29265e-07
11 _2749_ sky130_fd_sc_hd__o21ai_0 A2,Y 1 0.001762 0.144834 0.332539 4.67313 1.13005e-08 7.85278e-09 1.91533e-08 2.16371e-12 1.91554e-08
12 _4544_ sky130_fd_sc_hd__dfrtp_1 D - - 0.144834 0 4.67313 3.96873e-06 4.08113e-08 4.00954e-06 4.81852e-12 4.00955e-06
OpenSTA targeted timing report:
Startpoint: tl_i[108] (input port clocked by core)
Endpoint: _4544_ (rising edge-triggered flip-flop clocked by core)
Path Group: core
Path Type: max

Fanout         Cap        Slew       Delay        Time   Description
---------------------------------------------------------------------------------------------
                      0.000000    0.000000    0.000000   clock core (rise edge)
                                  0.000000    0.000000   clock network delay (ideal)
                                  2.000000    2.000000 v input external delay
     1    0.002125    0.000000    0.000000    2.000000 v tl_i[108] (in)
                                                         tl_i[108] (net)
                      0.000000    0.000000    2.000000 v _4507_/B (sky130_fd_sc_hd__nand2_1)
     5    0.013705    0.216866    0.177847    2.177847 ^ _4507_/Y (sky130_fd_sc_hd__nand2_1)
                                                         _1491_ (net)
                      0.216866    0.000000    2.177847 ^ _2274_/B (sky130_fd_sc_hd__nor2_1)
     1    0.002141    0.047518    0.095917    2.273764 v _2274_/Y (sky130_fd_sc_hd__nor2_1)
                                                         _1511_ (net)
                      0.047518    0.000000    2.273764 v _2276_/A (sky130_fd_sc_hd__nand2_1)
     5    0.010080    0.167674    0.154730    2.428494 ^ _2276_/Y (sky130_fd_sc_hd__nand2_1)
                                                         _1513_ (net)
                      0.167674    0.000000    2.428494 ^ _2277_/A (sky130_fd_sc_hd__inv_1)
     4    0.008643    0.065806    0.120175    2.548669 v _2277_/Y (sky130_fd_sc_hd__inv_1)
                                                         _1514_ (net)
                      0.065806    0.000000    2.548669 v _2279_/A (sky130_fd_sc_hd__nand2_1)
     2    0.004555    0.092105    0.107585    2.656254 ^ _2279_/Y (sky130_fd_sc_hd__nand2_1)
                                                         _1516_ (net)
                      0.092105    0.000000    2.656254 ^ _2282_/A (sky130_fd_sc_hd__inv_1)
     3    0.006446    0.044949    0.078356    2.734610 v _2282_/Y (sky130_fd_sc_hd__inv_1)
                                                         _1519_ (net)
                      0.044949    0.000000    2.734610 v _2290_/A1 (sky130_fd_sc_hd__a21oi_1)
     3    0.006926    0.289871    0.283231    3.017842 ^ _2290_/Y (sky130_fd_sc_hd__a21oi_1)
                                                         _1527_ (net)
                      0.289871    0.000000    3.017842 ^ _2528_/A (sky130_fd_sc_hd__nand2_1)
     3    0.006348    0.101405    0.178463    3.196305 v _2528_/Y (sky130_fd_sc_hd__nand2_1)
                                                         _1734_ (net)
                      0.101405    0.000000    3.196305 v _2688_/B (sky130_fd_sc_hd__nor2_1)
     2    0.004082    0.163330    0.184599    3.380903 ^ _2688_/Y (sky130_fd_sc_hd__nor2_1)
                                                         _1821_ (net)
                      0.163330    0.000000    3.380903 ^ _2723_/A (sky130_fd_sc_hd__lpflow_clkbufkapwr_1)
    32    0.062422    1.155356    0.959690    4.340593 ^ _2723_/X (sky130_fd_sc_hd__lpflow_clkbufkapwr_1)
                                                         _1843_ (net)
                      1.155356    0.000000    4.340593 ^ _2749_/A2 (sky130_fd_sc_hd__o21ai_0)
     1    0.001762    0.144834    0.332539    4.673132 v _2749_/Y (sky130_fd_sc_hd__o21ai_0)
                                                         _0244_ (net)
                      0.144834    0.000000    4.673132 v _4544_/D (sky130_fd_sc_hd__dfrtp_1)
                                              4.673132   data arrival time

                      0.000000   10.000000   10.000000   clock core (rise edge)
                                  0.000000   10.000000   clock network delay (ideal)
                                  0.000000   10.000000   clock reconvergence pessimism
                                             10.000000 ^ _4544_/CLK (sky130_fd_sc_hd__dfrtp_1)
                                 -0.299181    9.700819   library setup time
                                              9.700819   data required time
---------------------------------------------------------------------------------------------
                                              9.700819   data required time
                                             -4.673132   data arrival time
---------------------------------------------------------------------------------------------
                                              5.027687   slack (MET)
