analysis=fusion_analysis corner=ff mode=hold stage=post_syn
workload=reconfig_sv_ff
methodology=staged_public_opensta
path_power_semantics=average_instance_power_in_same_analysis_context
activity_file=/tmp/flexsoc-repack/gpio/runs/gpio/dev/signoff/ihp-sg13g2/power/activity/captures/gpio_ihp-sg13g2_reconfig_sv_ff.vcd
activity_scope=gpio_tb/u_gpio
liberty=/home/eneadim/github/flexsoc/.flexsoc/pdks/ihp-sg13g2/ihp-sg13g2/libs.ref/sg13g2_stdcell/lib/sg13g2_stdcell_fast_1p65V_m40C.lib
netlist=/tmp/flexsoc-repack/gpio/runs/gpio/dev/syn/ihp-sg13g2/gpio_synth.v
sdc=/tmp/flexsoc-repack/gpio/runs/gpio/dev/constraints/gpio.sdc
spef=

=== Units ===
 time 1ns
 capacitance 1pF
 resistance 1kohm
 voltage 1v
 current 1uA
 power 1pW
 distance 1um

=== Constraint validation ===

=== Timing summary ===
wns min 0.00
tns min 0.00

=== Power summary ===
Group                  Internal  Switching    Leakage      Total
                          Power      Power      Power      Power (Watts)
----------------------------------------------------------------
Sequential             1.06e-03   8.15e-06   4.55e-07   1.07e-03  97.5%
Combinational          1.25e-05   1.49e-05   4.04e-07   2.78e-05   2.5%
Clock                  0.00e+00   0.00e+00   0.00e+00   0.00e+00   0.0%
Macro                  0.00e+00   0.00e+00   0.00e+00   0.00e+00   0.0%
Pad                    0.00e+00   0.00e+00   0.00e+00   0.00e+00   0.0%
----------------------------------------------------------------
Total                  1.08e-03   2.30e-05   8.59e-07   1.10e-03 100.0%
                          97.8%       2.1%       0.1%

=== Worst timing paths (violated or met) ===
Startpoint: cio_gpio_i[0] (input port clocked by core)
Endpoint: _593_ (rising edge-triggered flip-flop clocked by core)
Path Group: core
Path Type: min

Fanout         Cap        Slew       Delay        Time   Description
---------------------------------------------------------------------------------------------
                      0.000000    0.000000    0.000000   clock core (rise edge)
                                  0.000000    0.000000   clock network delay (ideal)
                                  0.000000    0.000000 v input external delay
     1    0.001580    0.000158    0.000158    0.000158 v cio_gpio_i[0] (in)
                                                         cio_gpio_i[0] (net)
                      0.000158    0.000000    0.000158 v _593_/D (sg13g2_dfrbpq_1)
                                              0.000158   data arrival time

                      0.000000    0.000000    0.000000   clock core (rise edge)
                                  0.000000    0.000000   clock network delay (ideal)
                                  0.000000    0.000000   clock reconvergence pessimism
                                              0.000000 ^ _593_/CLK (sg13g2_dfrbpq_1)
                                 -0.018167   -0.018167   library hold time
                                             -0.018167   data required time
---------------------------------------------------------------------------------------------
                                             -0.018167   data required time
                                             -0.000158   data arrival time
---------------------------------------------------------------------------------------------
                                              0.018325   slack (MET)


Startpoint: cio_gpio_i[1] (input port clocked by core)
Endpoint: _600_ (rising edge-triggered flip-flop clocked by core)
Path Group: core
Path Type: min

Fanout         Cap        Slew       Delay        Time   Description
---------------------------------------------------------------------------------------------
                      0.000000    0.000000    0.000000   clock core (rise edge)
                                  0.000000    0.000000   clock network delay (ideal)
                                  0.000000    0.000000 v input external delay
     1    0.001580    0.000158    0.000158    0.000158 v cio_gpio_i[1] (in)
                                                         cio_gpio_i[1] (net)
                      0.000158    0.000000    0.000158 v _600_/D (sg13g2_dfrbpq_1)
                                              0.000158   data arrival time

                      0.000000    0.000000    0.000000   clock core (rise edge)
                                  0.000000    0.000000   clock network delay (ideal)
                                  0.000000    0.000000   clock reconvergence pessimism
                                              0.000000 ^ _600_/CLK (sg13g2_dfrbpq_1)
                                 -0.018167   -0.018167   library hold time
                                             -0.018167   data required time
---------------------------------------------------------------------------------------------
                                             -0.018167   data required time
                                             -0.000158   data arrival time
---------------------------------------------------------------------------------------------
                                              0.018325   slack (MET)


Startpoint: cio_gpio_i[2] (input port clocked by core)
Endpoint: _607_ (rising edge-triggered flip-flop clocked by core)
Path Group: core
Path Type: min

Fanout         Cap        Slew       Delay        Time   Description
---------------------------------------------------------------------------------------------
                      0.000000    0.000000    0.000000   clock core (rise edge)
                                  0.000000    0.000000   clock network delay (ideal)
                                  0.000000    0.000000 v input external delay
     1    0.001580    0.000158    0.000158    0.000158 v cio_gpio_i[2] (in)
                                                         cio_gpio_i[2] (net)
                      0.000158    0.000000    0.000158 v _607_/D (sg13g2_dfrbpq_1)
                                              0.000158   data arrival time

                      0.000000    0.000000    0.000000   clock core (rise edge)
                                  0.000000    0.000000   clock network delay (ideal)
                                  0.000000    0.000000   clock reconvergence pessimism
                                              0.000000 ^ _607_/CLK (sg13g2_dfrbpq_1)
                                 -0.018167   -0.018167   library hold time
                                             -0.018167   data required time
---------------------------------------------------------------------------------------------
                                             -0.018167   data required time
                                             -0.000158   data arrival time
---------------------------------------------------------------------------------------------
                                              0.018325   slack (MET)


Startpoint: cio_gpio_i[3] (input port clocked by core)
Endpoint: _614_ (rising edge-triggered flip-flop clocked by core)
Path Group: core
Path Type: min

Fanout         Cap        Slew       Delay        Time   Description
---------------------------------------------------------------------------------------------
                      0.000000    0.000000    0.000000   clock core (rise edge)
                                  0.000000    0.000000   clock network delay (ideal)
                                  0.000000    0.000000 v input external delay
     1    0.001580    0.000158    0.000158    0.000158 v cio_gpio_i[3] (in)
                                                         cio_gpio_i[3] (net)
                      0.000158    0.000000    0.000158 v _614_/D (sg13g2_dfrbpq_1)
                                              0.000158   data arrival time

                      0.000000    0.000000    0.000000   clock core (rise edge)
                                  0.000000    0.000000   clock network delay (ideal)
                                  0.000000    0.000000   clock reconvergence pessimism
                                              0.000000 ^ _614_/CLK (sg13g2_dfrbpq_1)
                                 -0.018167   -0.018167   library hold time
                                             -0.018167   data required time
---------------------------------------------------------------------------------------------
                                             -0.018167   data required time
                                             -0.000158   data arrival time
---------------------------------------------------------------------------------------------
                                              0.018325   slack (MET)


Startpoint: tl_i[0] (input port clocked by core)
Endpoint: _576_ (rising edge-triggered flip-flop clocked by core)
Path Group: core
Path Type: min

Fanout         Cap        Slew       Delay        Time   Description
---------------------------------------------------------------------------------------------
                      0.000000    0.000000    0.000000   clock core (rise edge)
                                  0.000000    0.000000   clock network delay (ideal)
                                  0.000000    0.000000 ^ input external delay
     1    0.003177    0.000318    0.000318    0.000318 ^ tl_i[0] (in)
                                                         tl_i[0] (net)
                      0.000318    0.000000    0.000318 ^ _510_/A2 (sg13g2_o21ai_1)
     1    0.001580    0.010458    0.020583    0.020901 v _510_/Y (sg13g2_o21ai_1)
                                                         _060_ (net)
                      0.010458    0.000000    0.020901 v _576_/D (sg13g2_dfrbpq_1)
                                              0.020901   data arrival time

                      0.000000    0.000000    0.000000   clock core (rise edge)
                                  0.000000    0.000000   clock network delay (ideal)
                                  0.000000    0.000000   clock reconvergence pessimism
                                              0.000000 ^ _576_/CLK (sg13g2_dfrbpq_1)
                                 -0.019922   -0.019922   library hold time
                                             -0.019922   data required time
---------------------------------------------------------------------------------------------
                                             -0.019922   data required time
                                             -0.020901   data arrival time
---------------------------------------------------------------------------------------------
                                              0.040823   slack (MET)


Startpoint: rst_ni (input port clocked by core)
Endpoint: _587_ (removal check against rising-edge clock core)
Path Group: asynchronous
Path Type: min

Fanout         Cap        Slew       Delay        Time   Description
---------------------------------------------------------------------------------------------
                      0.000000    0.000000    0.000000   clock core (rise edge)
                                  0.000000    0.000000   clock network delay (ideal)
                                  0.000000    0.000000 ^ input external delay
     2    0.009620    0.000962    0.000962    0.000962 ^ rst_ni (in)
                                                         rst_ni (net)
                      0.000962    0.000000    0.000962 ^ _587_/RESET_B (sg13g2_dfrbpq_1)
                                              0.000962   data arrival time

                      0.000000    0.000000    0.000000   clock core (rise edge)
                                  0.000000    0.000000   clock network delay (ideal)
                                  0.000000    0.000000   clock reconvergence pessimism
                                              0.000000 ^ _587_/CLK (sg13g2_dfrbpq_1)
                                 -0.042042   -0.042042   library removal time
                                             -0.042042   data required time
---------------------------------------------------------------------------------------------
                                             -0.042042   data required time
                                             -0.000962   data arrival time
---------------------------------------------------------------------------------------------
                                              0.043004   slack (MET)


Startpoint: rst_ni (input port clocked by core)
Endpoint: _588_ (removal check against rising-edge clock core)
Path Group: asynchronous
Path Type: min

Fanout         Cap        Slew       Delay        Time   Description
---------------------------------------------------------------------------------------------
                      0.000000    0.000000    0.000000   clock core (rise edge)
                                  0.000000    0.000000   clock network delay (ideal)
                                  0.000000    0.000000 ^ input external delay
     2    0.009620    0.000962    0.000962    0.000962 ^ rst_ni (in)
                                                         rst_ni (net)
                      0.000962    0.000000    0.000962 ^ _588_/RESET_B (sg13g2_dfrbpq_1)
                                              0.000962   data arrival time

                      0.000000    0.000000    0.000000   clock core (rise edge)
                                  0.000000    0.000000   clock network delay (ideal)
                                  0.000000    0.000000   clock reconvergence pessimism
                                              0.000000 ^ _588_/CLK (sg13g2_dfrbpq_1)
                                 -0.042042   -0.042042   library removal time
                                             -0.042042   data required time
---------------------------------------------------------------------------------------------
                                             -0.042042   data required time
                                             -0.000962   data arrival time
---------------------------------------------------------------------------------------------
                                              0.043004   slack (MET)


Startpoint: tl_i[24] (input port clocked by core)
Endpoint: _522_ (rising edge-triggered flip-flop clocked by core)
Path Group: core
Path Type: min

Fanout         Cap        Slew       Delay        Time   Description
---------------------------------------------------------------------------------------------
                      0.000000    0.000000    0.000000   clock core (rise edge)
                                  0.000000    0.000000   clock network delay (ideal)
                                  0.000000    0.000000 v input external delay
     2    0.005618    0.000562    0.000562    0.000562 v tl_i[24] (in)
                                                         tl_i[24] (net)
                      0.000562    0.000000    0.000562 v _483_/B (sg13g2_nand2_1)
     1    0.003212    0.012550    0.015177    0.015739 ^ _483_/Y (sg13g2_nand2_1)
                                                         _228_ (net)
                      0.012550    0.000000    0.015739 ^ _484_/B1 (sg13g2_o21ai_1)
     1    0.001580    0.013053    0.017434    0.033173 v _484_/Y (sg13g2_o21ai_1)
                                                         _049_ (net)
                      0.013053    0.000000    0.033173 v _522_/D (sg13g2_dfrbpq_1)
                                              0.033173   data arrival time

                      0.000000    0.000000    0.000000   clock core (rise edge)
                                  0.000000    0.000000   clock network delay (ideal)
                                  0.000000    0.000000   clock reconvergence pessimism
                                              0.000000 ^ _522_/CLK (sg13g2_dfrbpq_1)
                                 -0.020364   -0.020364   library hold time
                                             -0.020364   data required time
---------------------------------------------------------------------------------------------
                                             -0.020364   data required time
                                             -0.033173   data arrival time
---------------------------------------------------------------------------------------------
                                              0.053537   slack (MET)


Startpoint: tl_i[25] (input port clocked by core)
Endpoint: _523_ (rising edge-triggered flip-flop clocked by core)
Path Group: core
Path Type: min

Fanout         Cap        Slew       Delay        Time   Description
---------------------------------------------------------------------------------------------
                      0.000000    0.000000    0.000000   clock core (rise edge)
                                  0.000000    0.000000   clock network delay (ideal)
                                  0.000000    0.000000 v input external delay
     2    0.005618    0.000562    0.000562    0.000562 v tl_i[25] (in)
                                                         tl_i[25] (net)
                      0.000562    0.000000    0.000562 v _481_/B (sg13g2_nand2_1)
     1    0.003212    0.012550    0.015177    0.015739 ^ _481_/Y (sg13g2_nand2_1)
                                                         _227_ (net)
                      0.012550    0.000000    0.015739 ^ _482_/B1 (sg13g2_o21ai_1)
     1    0.001580    0.013053    0.017434    0.033173 v _482_/Y (sg13g2_o21ai_1)
                                                         _048_ (net)
                      0.013053    0.000000    0.033173 v _523_/D (sg13g2_dfrbpq_1)
                                              0.033173   data arrival time

                      0.000000    0.000000    0.000000   clock core (rise edge)
                                  0.000000    0.000000   clock network delay (ideal)
                                  0.000000    0.000000   clock reconvergence pessimism
                                              0.000000 ^ _523_/CLK (sg13g2_dfrbpq_1)
                                 -0.020364   -0.020364   library hold time
                                             -0.020364   data required time
---------------------------------------------------------------------------------------------
                                             -0.020364   data required time
                                             -0.033173   data arrival time
---------------------------------------------------------------------------------------------
                                              0.053537   slack (MET)


Startpoint: tl_i[26] (input port clocked by core)
Endpoint: _524_ (rising edge-triggered flip-flop clocked by core)
Path Group: core
Path Type: min

Fanout         Cap        Slew       Delay        Time   Description
---------------------------------------------------------------------------------------------
                      0.000000    0.000000    0.000000   clock core (rise edge)
                                  0.000000    0.000000   clock network delay (ideal)
                                  0.000000    0.000000 v input external delay
     2    0.005618    0.000562    0.000562    0.000562 v tl_i[26] (in)
                                                         tl_i[26] (net)
                      0.000562    0.000000    0.000562 v _479_/B (sg13g2_nand2_1)
     1    0.003212    0.012550    0.015177    0.015739 ^ _479_/Y (sg13g2_nand2_1)
                                                         _226_ (net)
                      0.012550    0.000000    0.015739 ^ _480_/B1 (sg13g2_o21ai_1)
     1    0.001580    0.013053    0.017434    0.033173 v _480_/Y (sg13g2_o21ai_1)
                                                         _047_ (net)
                      0.013053    0.000000    0.033173 v _524_/D (sg13g2_dfrbpq_1)
                                              0.033173   data arrival time

                      0.000000    0.000000    0.000000   clock core (rise edge)
                                  0.000000    0.000000   clock network delay (ideal)
                                  0.000000    0.000000   clock reconvergence pessimism
                                              0.000000 ^ _524_/CLK (sg13g2_dfrbpq_1)
                                 -0.020364   -0.020364   library hold time
                                             -0.020364   data required time
---------------------------------------------------------------------------------------------
                                             -0.020364   data required time
                                             -0.033173   data arrival time
---------------------------------------------------------------------------------------------
                                              0.053537   slack (MET)


Startpoint: tl_i[28] (input port clocked by core)
Endpoint: _540_ (rising edge-triggered flip-flop clocked by core)
Path Group: core
Path Type: min

Fanout         Cap        Slew       Delay        Time   Description
---------------------------------------------------------------------------------------------
                      0.000000    0.000000    0.000000   clock core (rise edge)
                                  0.000000    0.000000   clock network delay (ideal)
                                  0.000000    0.000000 v input external delay
     2    0.005739    0.000574    0.000574    0.000574 v tl_i[28] (in)
                                                         tl_i[28] (net)
                      0.000574    0.000000    0.000574 v _466_/A (sg13g2_nor2_1)
     1    0.002754    0.018623    0.023647    0.024221 ^ _466_/Y (sg13g2_nor2_1)
                                                         _223_ (net)
                      0.018623    0.000000    0.024221 ^ _467_/B1 (sg13g2_a21oi_1)
     1    0.001580    0.008719    0.012751    0.036972 v _467_/Y (sg13g2_a21oi_1)
                                                         _037_ (net)
                      0.008719    0.000000    0.036972 v _540_/D (sg13g2_dfrbpq_1)
                                              0.036972   data arrival time

                      0.000000    0.000000    0.000000   clock core (rise edge)
                                  0.000000    0.000000   clock network delay (ideal)
                                  0.000000    0.000000   clock reconvergence pessimism
                                              0.000000 ^ _540_/CLK (sg13g2_dfrbpq_1)
                                 -0.019626   -0.019626   library hold time
                                             -0.019626   data required time
---------------------------------------------------------------------------------------------
                                             -0.019626   data required time
                                             -0.036972   data arrival time
---------------------------------------------------------------------------------------------
                                              0.056597   slack (MET)


Startpoint: tl_i[29] (input port clocked by core)
Endpoint: _541_ (rising edge-triggered flip-flop clocked by core)
Path Group: core
Path Type: min

Fanout         Cap        Slew       Delay        Time   Description
---------------------------------------------------------------------------------------------
                      0.000000    0.000000    0.000000   clock core (rise edge)
                                  0.000000    0.000000   clock network delay (ideal)
                                  0.000000    0.000000 v input external delay
     2    0.005739    0.000574    0.000574    0.000574 v tl_i[29] (in)
                                                         tl_i[29] (net)
                      0.000574    0.000000    0.000574 v _464_/A (sg13g2_nor2_1)
     1    0.002754    0.018623    0.023647    0.024221 ^ _464_/Y (sg13g2_nor2_1)
                                                         _222_ (net)
                      0.018623    0.000000    0.024221 ^ _465_/B1 (sg13g2_a21oi_1)
     1    0.001580    0.008719    0.012751    0.036972 v _465_/Y (sg13g2_a21oi_1)
                                                         _036_ (net)
                      0.008719    0.000000    0.036972 v _541_/D (sg13g2_dfrbpq_1)
                                              0.036972   data arrival time

                      0.000000    0.000000    0.000000   clock core (rise edge)
                                  0.000000    0.000000   clock network delay (ideal)
                                  0.000000    0.000000   clock reconvergence pessimism
                                              0.000000 ^ _541_/CLK (sg13g2_dfrbpq_1)
                                 -0.019626   -0.019626   library hold time
                                             -0.019626   data required time
---------------------------------------------------------------------------------------------
                                             -0.019626   data required time
                                             -0.036972   data arrival time
---------------------------------------------------------------------------------------------
                                              0.056597   slack (MET)


Startpoint: _588_ (rising edge-triggered flip-flop clocked by core)
Endpoint: _521_ (removal check against rising-edge clock core)
Path Group: asynchronous
Path Type: min

Fanout         Cap        Slew       Delay        Time   Description
---------------------------------------------------------------------------------------------
                      0.000000    0.000000    0.000000   clock core (rise edge)
                                  0.000000    0.000000   clock network delay (ideal)
                      0.000000    0.000000    0.000000 ^ _588_/CLK (sg13g2_dfrbpq_1)
    98    0.471397    0.929514    0.688056    0.688056 ^ _588_/Q (sg13g2_dfrbpq_1)
                                                         core_rst_sync_ni (net)
                      0.929514    0.000000    0.688056 ^ _521_/RESET_B (sg13g2_dfrbpq_1)
                                              0.688056   data arrival time

                      0.000000    0.000000    0.000000   clock core (rise edge)
                                  0.000000    0.000000   clock network delay (ideal)
                                  0.000000    0.000000   clock reconvergence pessimism
                                              0.000000 ^ _521_/CLK (sg13g2_dfrbpq_1)
                                 -0.165432   -0.165432   library removal time
                                             -0.165432   data required time
---------------------------------------------------------------------------------------------
                                             -0.165432   data required time
                                             -0.688056   data arrival time
---------------------------------------------------------------------------------------------
                                              0.853488   slack (MET)


Startpoint: _588_ (rising edge-triggered flip-flop clocked by core)
Endpoint: _522_ (removal check against rising-edge clock core)
Path Group: asynchronous
Path Type: min

Fanout         Cap        Slew       Delay        Time   Description
---------------------------------------------------------------------------------------------
                      0.000000    0.000000    0.000000   clock core (rise edge)
                                  0.000000    0.000000   clock network delay (ideal)
                      0.000000    0.000000    0.000000 ^ _588_/CLK (sg13g2_dfrbpq_1)
    98    0.471397    0.929514    0.688056    0.688056 ^ _588_/Q (sg13g2_dfrbpq_1)
                                                         core_rst_sync_ni (net)
                      0.929514    0.000000    0.688056 ^ _522_/RESET_B (sg13g2_dfrbpq_1)
                                              0.688056   data arrival time

                      0.000000    0.000000    0.000000   clock core (rise edge)
                                  0.000000    0.000000   clock network delay (ideal)
                                  0.000000    0.000000   clock reconvergence pessimism
                                              0.000000 ^ _522_/CLK (sg13g2_dfrbpq_1)
                                 -0.165432   -0.165432   library removal time
                                             -0.165432   data required time
---------------------------------------------------------------------------------------------
                                             -0.165432   data required time
                                             -0.688056   data arrival time
---------------------------------------------------------------------------------------------
                                              0.853488   slack (MET)


Startpoint: _588_ (rising edge-triggered flip-flop clocked by core)
Endpoint: _523_ (removal check against rising-edge clock core)
Path Group: asynchronous
Path Type: min

Fanout         Cap        Slew       Delay        Time   Description
---------------------------------------------------------------------------------------------
                      0.000000    0.000000    0.000000   clock core (rise edge)
                                  0.000000    0.000000   clock network delay (ideal)
                      0.000000    0.000000    0.000000 ^ _588_/CLK (sg13g2_dfrbpq_1)
    98    0.471397    0.929514    0.688056    0.688056 ^ _588_/Q (sg13g2_dfrbpq_1)
                                                         core_rst_sync_ni (net)
                      0.929514    0.000000    0.688056 ^ _523_/RESET_B (sg13g2_dfrbpq_1)
                                              0.688056   data arrival time

                      0.000000    0.000000    0.000000   clock core (rise edge)
                                  0.000000    0.000000   clock network delay (ideal)
                                  0.000000    0.000000   clock reconvergence pessimism
                                              0.000000 ^ _523_/CLK (sg13g2_dfrbpq_1)
                                 -0.165432   -0.165432   library removal time
                                             -0.165432   data required time
---------------------------------------------------------------------------------------------
                                             -0.165432   data required time
                                             -0.688056   data arrival time
---------------------------------------------------------------------------------------------
                                              0.853488   slack (MET)


Startpoint: _588_ (rising edge-triggered flip-flop clocked by core)
Endpoint: _524_ (removal check against rising-edge clock core)
Path Group: asynchronous
Path Type: min

Fanout         Cap        Slew       Delay        Time   Description
---------------------------------------------------------------------------------------------
                      0.000000    0.000000    0.000000   clock core (rise edge)
                                  0.000000    0.000000   clock network delay (ideal)
                      0.000000    0.000000    0.000000 ^ _588_/CLK (sg13g2_dfrbpq_1)
    98    0.471397    0.929514    0.688056    0.688056 ^ _588_/Q (sg13g2_dfrbpq_1)
                                                         core_rst_sync_ni (net)
                      0.929514    0.000000    0.688056 ^ _524_/RESET_B (sg13g2_dfrbpq_1)
                                              0.688056   data arrival time

                      0.000000    0.000000    0.000000   clock core (rise edge)
                                  0.000000    0.000000   clock network delay (ideal)
                                  0.000000    0.000000   clock reconvergence pessimism
                                              0.000000 ^ _524_/CLK (sg13g2_dfrbpq_1)
                                 -0.165432   -0.165432   library removal time
                                             -0.165432   data required time
---------------------------------------------------------------------------------------------
                                             -0.165432   data required time
                                             -0.688056   data arrival time
---------------------------------------------------------------------------------------------
                                              0.853488   slack (MET)


Startpoint: _588_ (rising edge-triggered flip-flop clocked by core)
Endpoint: _525_ (removal check against rising-edge clock core)
Path Group: asynchronous
Path Type: min

Fanout         Cap        Slew       Delay        Time   Description
---------------------------------------------------------------------------------------------
                      0.000000    0.000000    0.000000   clock core (rise edge)
                                  0.000000    0.000000   clock network delay (ideal)
                      0.000000    0.000000    0.000000 ^ _588_/CLK (sg13g2_dfrbpq_1)
    98    0.471397    0.929514    0.688056    0.688056 ^ _588_/Q (sg13g2_dfrbpq_1)
                                                         core_rst_sync_ni (net)
                      0.929514    0.000000    0.688056 ^ _525_/RESET_B (sg13g2_dfrbpq_1)
                                              0.688056   data arrival time

                      0.000000    0.000000    0.000000   clock core (rise edge)
                                  0.000000    0.000000   clock network delay (ideal)
                                  0.000000    0.000000   clock reconvergence pessimism
                                              0.000000 ^ _525_/CLK (sg13g2_dfrbpq_1)
                                 -0.165432   -0.165432   library removal time
                                             -0.165432   data required time
---------------------------------------------------------------------------------------------
                                             -0.165432   data required time
                                             -0.688056   data arrival time
---------------------------------------------------------------------------------------------
                                              0.853488   slack (MET)


Startpoint: _588_ (rising edge-triggered flip-flop clocked by core)
Endpoint: _526_ (removal check against rising-edge clock core)
Path Group: asynchronous
Path Type: min

Fanout         Cap        Slew       Delay        Time   Description
---------------------------------------------------------------------------------------------
                      0.000000    0.000000    0.000000   clock core (rise edge)
                                  0.000000    0.000000   clock network delay (ideal)
                      0.000000    0.000000    0.000000 ^ _588_/CLK (sg13g2_dfrbpq_1)
    98    0.471397    0.929514    0.688056    0.688056 ^ _588_/Q (sg13g2_dfrbpq_1)
                                                         core_rst_sync_ni (net)
                      0.929514    0.000000    0.688056 ^ _526_/RESET_B (sg13g2_dfrbpq_1)
                                              0.688056   data arrival time

                      0.000000    0.000000    0.000000   clock core (rise edge)
                                  0.000000    0.000000   clock network delay (ideal)
                                  0.000000    0.000000   clock reconvergence pessimism
                                              0.000000 ^ _526_/CLK (sg13g2_dfrbpq_1)
                                 -0.165432   -0.165432   library removal time
                                             -0.165432   data required time
---------------------------------------------------------------------------------------------
                                             -0.165432   data required time
                                             -0.688056   data arrival time
---------------------------------------------------------------------------------------------
                                              0.853488   slack (MET)


Startpoint: _588_ (rising edge-triggered flip-flop clocked by core)
Endpoint: _527_ (removal check against rising-edge clock core)
Path Group: asynchronous
Path Type: min

Fanout         Cap        Slew       Delay        Time   Description
---------------------------------------------------------------------------------------------
                      0.000000    0.000000    0.000000   clock core (rise edge)
                                  0.000000    0.000000   clock network delay (ideal)
                      0.000000    0.000000    0.000000 ^ _588_/CLK (sg13g2_dfrbpq_1)
    98    0.471397    0.929514    0.688056    0.688056 ^ _588_/Q (sg13g2_dfrbpq_1)
                                                         core_rst_sync_ni (net)
                      0.929514    0.000000    0.688056 ^ _527_/RESET_B (sg13g2_dfrbpq_1)
                                              0.688056   data arrival time

                      0.000000    0.000000    0.000000   clock core (rise edge)
                                  0.000000    0.000000   clock network delay (ideal)
                                  0.000000    0.000000   clock reconvergence pessimism
                                              0.000000 ^ _527_/CLK (sg13g2_dfrbpq_1)
                                 -0.165432   -0.165432   library removal time
                                             -0.165432   data required time
---------------------------------------------------------------------------------------------
                                             -0.165432   data required time
                                             -0.688056   data arrival time
---------------------------------------------------------------------------------------------
                                              0.853488   slack (MET)


Startpoint: _588_ (rising edge-triggered flip-flop clocked by core)
Endpoint: _528_ (removal check against rising-edge clock core)
Path Group: asynchronous
Path Type: min

Fanout         Cap        Slew       Delay        Time   Description
---------------------------------------------------------------------------------------------
                      0.000000    0.000000    0.000000   clock core (rise edge)
                                  0.000000    0.000000   clock network delay (ideal)
                      0.000000    0.000000    0.000000 ^ _588_/CLK (sg13g2_dfrbpq_1)
    98    0.471397    0.929514    0.688056    0.688056 ^ _588_/Q (sg13g2_dfrbpq_1)
                                                         core_rst_sync_ni (net)
                      0.929514    0.000000    0.688056 ^ _528_/RESET_B (sg13g2_dfrbpq_1)
                                              0.688056   data arrival time

                      0.000000    0.000000    0.000000   clock core (rise edge)
                                  0.000000    0.000000   clock network delay (ideal)
                                  0.000000    0.000000   clock reconvergence pessimism
                                              0.000000 ^ _528_/CLK (sg13g2_dfrbpq_1)
                                 -0.165432   -0.165432   library removal time
                                             -0.165432   data required time
---------------------------------------------------------------------------------------------
                                             -0.165432   data required time
                                             -0.688056   data arrival time
---------------------------------------------------------------------------------------------
                                              0.853488   slack (MET)

=== FlexSoC normalized power fields ===
dynamic_power_definition=internal_power+switching_power
power_unit=OpenSTA report unit; see Units section
internal_power=0.00108
switching_power=2.3e-05
dynamic_power=0.001103
leakage_power=8.59e-07
total_power=0.0011

=== Gate-level timing/power fusion ===
power_semantics=average_instance_power_from_the_same_VCD_SAIF_context
path_power_sum=unique_instance_average_power_sum_not_incremental_path_energy
fanout_capacitance_source=OpenSTA_report_checks_output_pin_fields

Worst path 1: status=met slack=0.018325 type=min group=core
startpoint=cio_gpio_i[0] (input port clocked by core)
endpoint=_593_ (rising edge-triggered flip-flop clocked by core)
path_power_complete=true
path_average_power_sum internal=1.12722e-05 switching=3.1947e-09 dynamic=1.12754e-05 leakage=4.5679e-09 total=1.128e-05
stage instance cell pins fanout capacitance slew delay arrival internal switching dynamic leakage total
1 _593_ sg13g2_dfrbpq_1 D - - 0.000158 0 0.000158 1.12722e-05 3.1947e-09 1.12754e-05 4.5679e-09 1.128e-05

Worst path 2: status=met slack=0.018325 type=min group=core
startpoint=cio_gpio_i[1] (input port clocked by core)
endpoint=_600_ (rising edge-triggered flip-flop clocked by core)
path_power_complete=true
path_average_power_sum internal=1.12722e-05 switching=3.1947e-09 dynamic=1.12754e-05 leakage=4.5679e-09 total=1.128e-05
stage instance cell pins fanout capacitance slew delay arrival internal switching dynamic leakage total
1 _600_ sg13g2_dfrbpq_1 D - - 0.000158 0 0.000158 1.12722e-05 3.1947e-09 1.12754e-05 4.5679e-09 1.128e-05

Worst path 3: status=met slack=0.018325 type=min group=core
startpoint=cio_gpio_i[2] (input port clocked by core)
endpoint=_607_ (rising edge-triggered flip-flop clocked by core)
path_power_complete=true
path_average_power_sum internal=9.6735e-06 switching=0 dynamic=9.6735e-06 leakage=4.5231e-09 total=9.67802e-06
stage instance cell pins fanout capacitance slew delay arrival internal switching dynamic leakage total
1 _607_ sg13g2_dfrbpq_1 D - - 0.000158 0 0.000158 9.6735e-06 0 9.6735e-06 4.5231e-09 9.67802e-06

Worst path 4: status=met slack=0.018325 type=min group=core
startpoint=cio_gpio_i[3] (input port clocked by core)
endpoint=_614_ (rising edge-triggered flip-flop clocked by core)
path_power_complete=true
path_average_power_sum internal=9.6735e-06 switching=0 dynamic=9.6735e-06 leakage=4.5231e-09 total=9.67802e-06
stage instance cell pins fanout capacitance slew delay arrival internal switching dynamic leakage total
1 _614_ sg13g2_dfrbpq_1 D - - 0.000158 0 0.000158 9.6735e-06 0 9.6735e-06 4.5231e-09 9.67802e-06

Worst path 5: status=met slack=0.040823 type=min group=core
startpoint=tl_i[0] (input port clocked by core)
endpoint=_576_ (rising edge-triggered flip-flop clocked by core)
path_power_complete=true
path_average_power_sum internal=1.03129e-05 switching=2.08538e-07 dynamic=1.05214e-05 leakage=7.29734e-09 total=1.05287e-05
stage instance cell pins fanout capacitance slew delay arrival internal switching dynamic leakage total
1 _510_ sg13g2_o21ai_1 A2,Y 1 0.00158 0.010458 0.020583 0.020901 6.07568e-08 2.07656e-08 8.15224e-08 2.77203e-09 8.42944e-08
2 _576_ sg13g2_dfrbpq_1 D - - 0.010458 0 0.020901 1.02521e-05 1.87773e-07 1.04399e-05 4.52531e-09 1.04444e-05

Worst path 6: status=met slack=0.043004 type=min group=asynchronous
startpoint=rst_ni (input port clocked by core)
endpoint=_587_ (removal check against rising-edge clock core)
path_power_complete=true
path_average_power_sum internal=1.14191e-05 switching=9.58411e-09 dynamic=1.14287e-05 leakage=4.58989e-09 total=1.14333e-05
stage instance cell pins fanout capacitance slew delay arrival internal switching dynamic leakage total
1 _587_ sg13g2_dfrbpq_1 RESET_B - - 0.000962 0 0.000962 1.14191e-05 9.58411e-09 1.14287e-05 4.58989e-09 1.14333e-05

Worst path 7: status=met slack=0.043004 type=min group=asynchronous
startpoint=rst_ni (input port clocked by core)
endpoint=_588_ (removal check against rising-edge clock core)
path_power_complete=true
path_average_power_sum internal=1.14934e-05 switching=3.25917e-06 dynamic=1.47525e-05 leakage=4.57895e-09 total=1.47571e-05
stage instance cell pins fanout capacitance slew delay arrival internal switching dynamic leakage total
1 _588_ sg13g2_dfrbpq_1 RESET_B - - 0.000962 0 0.000962 1.14934e-05 3.25917e-06 1.47525e-05 4.57895e-09 1.47571e-05

Worst path 8: status=met slack=0.053537 type=min group=core
startpoint=tl_i[24] (input port clocked by core)
endpoint=_522_ (rising edge-triggered flip-flop clocked by core)
path_power_complete=true
path_average_power_sum internal=1.06851e-05 switching=4.86874e-08 dynamic=1.07338e-05 leakage=6.62476e-09 total=1.07404e-05
stage instance cell pins fanout capacitance slew delay arrival internal switching dynamic leakage total
1 _483_ sg13g2_nand2_1 B,Y 1 0.003212 0.01255 0.015177 0.015739 1.53654e-08 1.77867e-08 3.3152e-08 3.91761e-10 3.35438e-08
2 _484_ sg13g2_o21ai_1 B1,Y 1 0.00158 0.013053 0.017434 0.033173 1.97751e-08 7.98676e-09 2.77619e-08 1.68196e-09 2.94439e-08
3 _522_ sg13g2_dfrbpq_1 D - - 0.013053 0 0.033173 1.065e-05 2.29139e-08 1.06729e-05 4.55104e-09 1.06774e-05

Worst path 9: status=met slack=0.053537 type=min group=core
startpoint=tl_i[25] (input port clocked by core)
endpoint=_523_ (rising edge-triggered flip-flop clocked by core)
path_power_complete=true
path_average_power_sum internal=1.06851e-05 switching=4.86874e-08 dynamic=1.07338e-05 leakage=6.62476e-09 total=1.07404e-05
stage instance cell pins fanout capacitance slew delay arrival internal switching dynamic leakage total
1 _481_ sg13g2_nand2_1 B,Y 1 0.003212 0.01255 0.015177 0.015739 1.53654e-08 1.77867e-08 3.3152e-08 3.91761e-10 3.35438e-08
2 _482_ sg13g2_o21ai_1 B1,Y 1 0.00158 0.013053 0.017434 0.033173 1.97732e-08 7.98676e-09 2.77599e-08 1.68196e-09 2.94419e-08
3 _523_ sg13g2_dfrbpq_1 D - - 0.013053 0 0.033173 1.065e-05 2.29139e-08 1.06729e-05 4.55104e-09 1.06774e-05

Worst path 10: status=met slack=0.053537 type=min group=core
startpoint=tl_i[26] (input port clocked by core)
endpoint=_524_ (rising edge-triggered flip-flop clocked by core)
path_power_complete=true
path_average_power_sum internal=1.07089e-05 switching=3.40357e-08 dynamic=1.07429e-05 leakage=6.56561e-09 total=1.07495e-05
stage instance cell pins fanout capacitance slew delay arrival internal switching dynamic leakage total
1 _479_ sg13g2_nand2_1 B,Y 1 0.003212 0.01255 0.015177 0.015739 1.53654e-08 1.77867e-08 3.3152e-08 3.91761e-10 3.35438e-08
2 _480_ sg13g2_o21ai_1 B1,Y 1 0.00158 0.013053 0.017434 0.033173 1.1201e-08 4.79205e-09 1.5993e-08 1.61695e-09 1.761e-08
3 _524_ sg13g2_dfrbpq_1 D - - 0.013053 0 0.033173 1.06823e-05 1.1457e-08 1.06938e-05 4.5569e-09 1.06983e-05

Worst path 11: status=met slack=0.056597 type=min group=core
startpoint=tl_i[28] (input port clocked by core)
endpoint=_540_ (rising edge-triggered flip-flop clocked by core)
path_power_complete=true
path_average_power_sum internal=9.6883e-06 switching=5.48175e-09 dynamic=9.69378e-06 leakage=6.85458e-09 total=9.70064e-06
stage instance cell pins fanout capacitance slew delay arrival internal switching dynamic leakage total
1 _466_ sg13g2_nor2_1 A,Y 1 0.002754 0.018623 0.023647 0.024221 2.64814e-09 3.8844e-09 6.53254e-09 9.21987e-10 7.45453e-09
2 _467_ sg13g2_a21oi_1 B1,Y 1 0.00158 0.008719 0.012751 0.036972 4.99991e-09 1.59735e-09 6.59726e-09 1.40949e-09 8.00675e-09
3 _540_ sg13g2_dfrbpq_1 D - - 0.008719 0 0.036972 9.68065e-06 0 9.68065e-06 4.5231e-09 9.68517e-06

Worst path 12: status=met slack=0.056597 type=min group=core
startpoint=tl_i[29] (input port clocked by core)
endpoint=_541_ (rising edge-triggered flip-flop clocked by core)
path_power_complete=true
path_average_power_sum internal=9.6883e-06 switching=5.48175e-09 dynamic=9.69378e-06 leakage=6.86513e-09 total=9.70065e-06
stage instance cell pins fanout capacitance slew delay arrival internal switching dynamic leakage total
1 _464_ sg13g2_nor2_1 A,Y 1 0.002754 0.018623 0.023647 0.024221 2.64878e-09 3.8844e-09 6.53318e-09 9.32538e-10 7.46572e-09
2 _465_ sg13g2_a21oi_1 B1,Y 1 0.00158 0.008719 0.012751 0.036972 4.99991e-09 1.59735e-09 6.59726e-09 1.40949e-09 8.00675e-09
3 _541_ sg13g2_dfrbpq_1 D - - 0.008719 0 0.036972 9.68065e-06 0 9.68065e-06 4.5231e-09 9.68517e-06

Worst path 13: status=met slack=0.853488 type=min group=asynchronous
startpoint=_588_ (rising edge-triggered flip-flop clocked by core)
endpoint=_521_ (removal check against rising-edge clock core)
path_power_complete=true
path_average_power_sum internal=2.16952e-05 switching=3.27062e-06 dynamic=2.49659e-05 leakage=9.12069e-09 total=2.4975e-05
stage instance cell pins fanout capacitance slew delay arrival internal switching dynamic leakage total
1 _588_ sg13g2_dfrbpq_1 CLK,Q 98 0.471397 0.929514 0.688056 0.688056 1.14934e-05 3.25917e-06 1.47525e-05 4.57895e-09 1.47571e-05
2 _521_ sg13g2_dfrbpq_1 RESET_B - - 0.929514 0 0.688056 1.02019e-05 1.1457e-08 1.02133e-05 4.54175e-09 1.02179e-05

Worst path 14: status=met slack=0.853488 type=min group=asynchronous
startpoint=_588_ (rising edge-triggered flip-flop clocked by core)
endpoint=_522_ (removal check against rising-edge clock core)
path_power_complete=true
path_average_power_sum internal=2.21434e-05 switching=3.28208e-06 dynamic=2.54254e-05 leakage=9.12999e-09 total=2.54346e-05
stage instance cell pins fanout capacitance slew delay arrival internal switching dynamic leakage total
1 _588_ sg13g2_dfrbpq_1 CLK,Q 98 0.471397 0.929514 0.688056 0.688056 1.14934e-05 3.25917e-06 1.47525e-05 4.57895e-09 1.47571e-05
2 _522_ sg13g2_dfrbpq_1 RESET_B - - 0.929514 0 0.688056 1.065e-05 2.29139e-08 1.06729e-05 4.55104e-09 1.06774e-05

Worst path 15: status=met slack=0.853488 type=min group=asynchronous
startpoint=_588_ (rising edge-triggered flip-flop clocked by core)
endpoint=_523_ (removal check against rising-edge clock core)
path_power_complete=true
path_average_power_sum internal=2.21434e-05 switching=3.28208e-06 dynamic=2.54254e-05 leakage=9.12999e-09 total=2.54346e-05
stage instance cell pins fanout capacitance slew delay arrival internal switching dynamic leakage total
1 _588_ sg13g2_dfrbpq_1 CLK,Q 98 0.471397 0.929514 0.688056 0.688056 1.14934e-05 3.25917e-06 1.47525e-05 4.57895e-09 1.47571e-05
2 _523_ sg13g2_dfrbpq_1 RESET_B - - 0.929514 0 0.688056 1.065e-05 2.29139e-08 1.06729e-05 4.55104e-09 1.06774e-05

Worst path 16: status=met slack=0.853488 type=min group=asynchronous
startpoint=_588_ (rising edge-triggered flip-flop clocked by core)
endpoint=_524_ (removal check against rising-edge clock core)
path_power_complete=true
path_average_power_sum internal=2.21757e-05 switching=3.27062e-06 dynamic=2.54463e-05 leakage=9.13585e-09 total=2.54555e-05
stage instance cell pins fanout capacitance slew delay arrival internal switching dynamic leakage total
1 _588_ sg13g2_dfrbpq_1 CLK,Q 98 0.471397 0.929514 0.688056 0.688056 1.14934e-05 3.25917e-06 1.47525e-05 4.57895e-09 1.47571e-05
2 _524_ sg13g2_dfrbpq_1 RESET_B - - 0.929514 0 0.688056 1.06823e-05 1.1457e-08 1.06938e-05 4.5569e-09 1.06983e-05

Worst path 17: status=met slack=0.853488 type=min group=asynchronous
startpoint=_588_ (rising edge-triggered flip-flop clocked by core)
endpoint=_525_ (removal check against rising-edge clock core)
path_power_complete=true
path_average_power_sum internal=2.22045e-05 switching=3.27707e-06 dynamic=2.54816e-05 leakage=9.13585e-09 total=2.54907e-05
stage instance cell pins fanout capacitance slew delay arrival internal switching dynamic leakage total
1 _588_ sg13g2_dfrbpq_1 CLK,Q 98 0.471397 0.929514 0.688056 0.688056 1.14934e-05 3.25917e-06 1.47525e-05 4.57895e-09 1.47571e-05
2 _525_ sg13g2_dfrbpq_1 RESET_B - - 0.929514 0 0.688056 1.07111e-05 1.78995e-08 1.0729e-05 4.55691e-09 1.07336e-05

Worst path 18: status=met slack=0.853488 type=min group=asynchronous
startpoint=_588_ (rising edge-triggered flip-flop clocked by core)
endpoint=_526_ (removal check against rising-edge clock core)
path_power_complete=true
path_average_power_sum internal=2.21427e-05 switching=3.29657e-06 dynamic=2.54393e-05 leakage=9.12999e-09 total=2.54484e-05
stage instance cell pins fanout capacitance slew delay arrival internal switching dynamic leakage total
1 _588_ sg13g2_dfrbpq_1 CLK,Q 98 0.471397 0.929514 0.688056 0.688056 1.14934e-05 3.25917e-06 1.47525e-05 4.57895e-09 1.47571e-05
2 _526_ sg13g2_dfrbpq_1 RESET_B - - 0.929514 0 0.688056 1.06493e-05 3.74016e-08 1.06867e-05 4.55105e-09 1.06913e-05

Worst path 19: status=met slack=0.853488 type=min group=asynchronous
startpoint=_588_ (rising edge-triggered flip-flop clocked by core)
endpoint=_527_ (removal check against rising-edge clock core)
path_power_complete=true
path_average_power_sum internal=2.26629e-05 switching=3.2793e-06 dynamic=2.59422e-05 leakage=9.14652e-09 total=2.59513e-05
stage instance cell pins fanout capacitance slew delay arrival internal switching dynamic leakage total
1 _588_ sg13g2_dfrbpq_1 CLK,Q 98 0.471397 0.929514 0.688056 0.688056 1.14934e-05 3.25917e-06 1.47525e-05 4.57895e-09 1.47571e-05
2 _527_ sg13g2_dfrbpq_1 RESET_B - - 0.929514 0 0.688056 1.11695e-05 2.01333e-08 1.11896e-05 4.56758e-09 1.11942e-05

Worst path 20: status=met slack=0.853488 type=min group=asynchronous
startpoint=_588_ (rising edge-triggered flip-flop clocked by core)
endpoint=_528_ (removal check against rising-edge clock core)
path_power_complete=true
path_average_power_sum internal=2.11739e-05 switching=3.25917e-06 dynamic=2.44331e-05 leakage=9.10205e-09 total=2.44422e-05
stage instance cell pins fanout capacitance slew delay arrival internal switching dynamic leakage total
1 _588_ sg13g2_dfrbpq_1 CLK,Q 98 0.471397 0.929514 0.688056 0.688056 1.14934e-05 3.25917e-06 1.47525e-05 4.57895e-09 1.47571e-05
2 _528_ sg13g2_dfrbpq_1 RESET_B - - 0.929514 0 0.688056 9.68052e-06 0 9.68052e-06 4.5231e-09 9.68505e-06

=== Highest-power instances and worst path through each ===

Hotspot 1: instance=_588_ selected_worst_paths=7,13,14,15,16,17,18,19,20 internal=1.14934e-05 switching=3.25917e-06 dynamic=1.47525e-05 leakage=4.57895e-09 total=1.47571e-05
Worst path through hotspot: status=met slack=0.043004 type=min group=asynchronous
startpoint=rst_ni (input port clocked by core)
endpoint=_588_ (removal check against rising-edge clock core)
path_power_complete=true
path_average_power_sum internal=1.14934e-05 switching=3.25917e-06 dynamic=1.47525e-05 leakage=4.57895e-09 total=1.47571e-05
stage instance cell pins fanout capacitance slew delay arrival internal switching dynamic leakage total
1 _588_ sg13g2_dfrbpq_1 RESET_B - - 0.000962 0 0.000962 1.14934e-05 3.25917e-06 1.47525e-05 4.57895e-09 1.47571e-05
OpenSTA targeted timing report:
Startpoint: rst_ni (input port clocked by core)
Endpoint: _588_ (removal check against rising-edge clock core)
Path Group: asynchronous
Path Type: min

Fanout         Cap        Slew       Delay        Time   Description
---------------------------------------------------------------------------------------------
                      0.000000    0.000000    0.000000   clock core (rise edge)
                                  0.000000    0.000000   clock network delay (ideal)
                                  0.000000    0.000000 ^ input external delay
     2    0.009620    0.000962    0.000962    0.000962 ^ rst_ni (in)
                                                         rst_ni (net)
                      0.000962    0.000000    0.000962 ^ _588_/RESET_B (sg13g2_dfrbpq_1)
                                              0.000962   data arrival time

                      0.000000    0.000000    0.000000   clock core (rise edge)
                                  0.000000    0.000000   clock network delay (ideal)
                                  0.000000    0.000000   clock reconvergence pessimism
                                              0.000000 ^ _588_/CLK (sg13g2_dfrbpq_1)
                                 -0.042042   -0.042042   library removal time
                                             -0.042042   data required time
---------------------------------------------------------------------------------------------
                                             -0.042042   data required time
                                             -0.000962   data arrival time
---------------------------------------------------------------------------------------------
                                              0.043004   slack (MET)

Hotspot 2: instance=_596_ selected_worst_paths=none internal=1.31731e-05 switching=8.9404e-07 dynamic=1.40672e-05 leakage=4.59563e-09 total=1.40718e-05
Worst path through hotspot: status=met slack=0.13602 type=min group=core
startpoint=_596_ (rising edge-triggered flip-flop clocked by core)
endpoint=_596_ (rising edge-triggered flip-flop clocked by core)
path_power_complete=true
path_average_power_sum internal=1.34549e-05 switching=9.91479e-07 dynamic=1.44464e-05 leakage=5.60608e-09 total=1.4452e-05
stage instance cell pins fanout capacitance slew delay arrival internal switching dynamic leakage total
1 _596_ sg13g2_dfrbpq_1 CLK,Q 4 0.014598 0.034161 0.089588 0.089588 1.31731e-05 8.9404e-07 1.40672e-05 4.59563e-09 1.40718e-05
2 _334_ sg13g2_a21oi_1 A2,Y 1 0.00158 0.009366 0.026696 0.116284 2.81762e-07 9.74384e-08 3.792e-07 1.01045e-09 3.80211e-07
3 _596_ sg13g2_dfrbpq_1 D - - 0.009366 0 0.116284 1.31731e-05 8.9404e-07 1.40672e-05 4.59563e-09 1.40718e-05
OpenSTA targeted timing report:
Startpoint: _596_ (rising edge-triggered flip-flop clocked by core)
Endpoint: _596_ (rising edge-triggered flip-flop clocked by core)
Path Group: core
Path Type: min

Fanout         Cap        Slew       Delay        Time   Description
---------------------------------------------------------------------------------------------
                      0.000000    0.000000    0.000000   clock core (rise edge)
                                  0.000000    0.000000   clock network delay (ideal)
                      0.000000    0.000000    0.000000 ^ _596_/CLK (sg13g2_dfrbpq_1)
     4    0.014598    0.034161    0.089588    0.089588 ^ _596_/Q (sg13g2_dfrbpq_1)
                                                         u_gpio_core.gen_input_filter[0].u_filter.diff_ctr_q[0] (net)
                      0.034161    0.000000    0.089588 ^ _334_/A2 (sg13g2_a21oi_1)
     1    0.001580    0.009366    0.026696    0.116284 v _334_/Y (sg13g2_a21oi_1)
                                                         u_gpio_core.gen_input_filter[0].u_filter.diff_ctr_d[0] (net)
                      0.009366    0.000000    0.116284 v _596_/D (sg13g2_dfrbpq_1)
                                              0.116284   data arrival time

                      0.000000    0.000000    0.000000   clock core (rise edge)
                                  0.000000    0.000000   clock network delay (ideal)
                                  0.000000    0.000000   clock reconvergence pessimism
                                              0.000000 ^ _596_/CLK (sg13g2_dfrbpq_1)
                                 -0.019736   -0.019736   library hold time
                                             -0.019736   data required time
---------------------------------------------------------------------------------------------
                                             -0.019736   data required time
                                             -0.116284   data arrival time
---------------------------------------------------------------------------------------------
                                              0.136020   slack (MET)

Hotspot 3: instance=_603_ selected_worst_paths=none internal=1.31731e-05 switching=8.9404e-07 dynamic=1.40672e-05 leakage=4.59563e-09 total=1.40717e-05
Worst path through hotspot: status=met slack=0.13602 type=min group=core
startpoint=_603_ (rising edge-triggered flip-flop clocked by core)
endpoint=_603_ (rising edge-triggered flip-flop clocked by core)
path_power_complete=true
path_average_power_sum internal=1.34527e-05 switching=9.91479e-07 dynamic=1.44442e-05 leakage=5.60607e-09 total=1.44498e-05
stage instance cell pins fanout capacitance slew delay arrival internal switching dynamic leakage total
1 _603_ sg13g2_dfrbpq_1 CLK,Q 4 0.014598 0.034161 0.089588 0.089588 1.31731e-05 8.9404e-07 1.40672e-05 4.59563e-09 1.40717e-05
2 _318_ sg13g2_a21oi_1 A2,Y 1 0.00158 0.009366 0.026696 0.116284 2.79585e-07 9.74384e-08 3.77024e-07 1.01044e-09 3.78034e-07
3 _603_ sg13g2_dfrbpq_1 D - - 0.009366 0 0.116284 1.31731e-05 8.9404e-07 1.40672e-05 4.59563e-09 1.40717e-05
OpenSTA targeted timing report:
Startpoint: _603_ (rising edge-triggered flip-flop clocked by core)
Endpoint: _603_ (rising edge-triggered flip-flop clocked by core)
Path Group: core
Path Type: min

Fanout         Cap        Slew       Delay        Time   Description
---------------------------------------------------------------------------------------------
                      0.000000    0.000000    0.000000   clock core (rise edge)
                                  0.000000    0.000000   clock network delay (ideal)
                      0.000000    0.000000    0.000000 ^ _603_/CLK (sg13g2_dfrbpq_1)
     4    0.014598    0.034161    0.089588    0.089588 ^ _603_/Q (sg13g2_dfrbpq_1)
                                                         u_gpio_core.gen_input_filter[1].u_filter.diff_ctr_q[0] (net)
                      0.034161    0.000000    0.089588 ^ _318_/A2 (sg13g2_a21oi_1)
     1    0.001580    0.009366    0.026696    0.116284 v _318_/Y (sg13g2_a21oi_1)
                                                         u_gpio_core.gen_input_filter[1].u_filter.diff_ctr_d[0] (net)
                      0.009366    0.000000    0.116284 v _603_/D (sg13g2_dfrbpq_1)
                                              0.116284   data arrival time

                      0.000000    0.000000    0.000000   clock core (rise edge)
                                  0.000000    0.000000   clock network delay (ideal)
                                  0.000000    0.000000   clock reconvergence pessimism
                                              0.000000 ^ _603_/CLK (sg13g2_dfrbpq_1)
                                 -0.019736   -0.019736   library hold time
                                             -0.019736   data required time
---------------------------------------------------------------------------------------------
                                             -0.019736   data required time
                                             -0.116284   data arrival time
---------------------------------------------------------------------------------------------
                                              0.136020   slack (MET)

Hotspot 4: instance=_617_ selected_worst_paths=none internal=1.22915e-05 switching=5.02506e-07 dynamic=1.2794e-05 leakage=4.59429e-09 total=1.27986e-05
Worst path through hotspot: status=met slack=0.135135 type=min group=core
startpoint=_617_ (rising edge-triggered flip-flop clocked by core)
endpoint=_617_ (rising edge-triggered flip-flop clocked by core)
path_power_complete=true
path_average_power_sum internal=1.24511e-05 switching=5.55218e-07 dynamic=1.30063e-05 leakage=5.61018e-09 total=1.30119e-05
stage instance cell pins fanout capacitance slew delay arrival internal switching dynamic leakage total
1 _617_ sg13g2_dfrbpq_1 CLK,Q 4 0.014067 0.033173 0.088844 0.088844 1.22915e-05 5.02506e-07 1.2794e-05 4.59429e-09 1.27986e-05
2 _284_ sg13g2_a21oi_1 A2,Y 1 0.00158 0.009366 0.026555 0.115399 1.59535e-07 5.27126e-08 2.12247e-07 1.01589e-09 2.13263e-07
3 _617_ sg13g2_dfrbpq_1 D - - 0.009366 0 0.115399 1.22915e-05 5.02506e-07 1.2794e-05 4.59429e-09 1.27986e-05
OpenSTA targeted timing report:
Startpoint: _617_ (rising edge-triggered flip-flop clocked by core)
Endpoint: _617_ (rising edge-triggered flip-flop clocked by core)
Path Group: core
Path Type: min

Fanout         Cap        Slew       Delay        Time   Description
---------------------------------------------------------------------------------------------
                      0.000000    0.000000    0.000000   clock core (rise edge)
                                  0.000000    0.000000   clock network delay (ideal)
                      0.000000    0.000000    0.000000 ^ _617_/CLK (sg13g2_dfrbpq_1)
     4    0.014067    0.033173    0.088844    0.088844 ^ _617_/Q (sg13g2_dfrbpq_1)
                                                         u_gpio_core.gen_input_filter[3].u_filter.diff_ctr_q[0] (net)
                      0.033173    0.000000    0.088844 ^ _284_/A2 (sg13g2_a21oi_1)
     1    0.001580    0.009366    0.026555    0.115399 v _284_/Y (sg13g2_a21oi_1)
                                                         u_gpio_core.gen_input_filter[3].u_filter.diff_ctr_d[0] (net)
                      0.009366    0.000000    0.115399 v _617_/D (sg13g2_dfrbpq_1)
                                              0.115399   data arrival time

                      0.000000    0.000000    0.000000   clock core (rise edge)
                                  0.000000    0.000000   clock network delay (ideal)
                                  0.000000    0.000000   clock reconvergence pessimism
                                              0.000000 ^ _617_/CLK (sg13g2_dfrbpq_1)
                                 -0.019736   -0.019736   library hold time
                                             -0.019736   data required time
---------------------------------------------------------------------------------------------
                                             -0.019736   data required time
                                             -0.115399   data arrival time
---------------------------------------------------------------------------------------------
                                              0.135135   slack (MET)

Hotspot 5: instance=_610_ selected_worst_paths=none internal=1.22887e-05 switching=3.83039e-07 dynamic=1.26718e-05 leakage=4.59434e-09 total=1.26764e-05
Worst path through hotspot: status=met slack=0.130506 type=min group=core
startpoint=_610_ (rising edge-triggered flip-flop clocked by core)
endpoint=_610_ (rising edge-triggered flip-flop clocked by core)
path_power_complete=true
path_average_power_sum internal=1.24454e-05 switching=4.35752e-07 dynamic=1.28811e-05 leakage=5.61015e-09 total=1.28867e-05
stage instance cell pins fanout capacitance slew delay arrival internal switching dynamic leakage total
1 _610_ sg13g2_dfrbpq_1 CLK,Q 3 0.011237 0.027899 0.084874 0.084874 1.22887e-05 3.83039e-07 1.26718e-05 4.59434e-09 1.26764e-05
2 _302_ sg13g2_a21oi_1 A2,Y 1 0.00158 0.009902 0.025804 0.110678 1.56643e-07 5.27126e-08 2.09356e-07 1.01581e-09 2.10372e-07
3 _610_ sg13g2_dfrbpq_1 D - - 0.009902 0 0.110678 1.22887e-05 3.83039e-07 1.26718e-05 4.59434e-09 1.26764e-05
OpenSTA targeted timing report:
Startpoint: _610_ (rising edge-triggered flip-flop clocked by core)
Endpoint: _610_ (rising edge-triggered flip-flop clocked by core)
Path Group: core
Path Type: min

Fanout         Cap        Slew       Delay        Time   Description
---------------------------------------------------------------------------------------------
                      0.000000    0.000000    0.000000   clock core (rise edge)
                                  0.000000    0.000000   clock network delay (ideal)
                      0.000000    0.000000    0.000000 ^ _610_/CLK (sg13g2_dfrbpq_1)
     3    0.011237    0.027899    0.084874    0.084874 ^ _610_/Q (sg13g2_dfrbpq_1)
                                                         u_gpio_core.gen_input_filter[2].u_filter.diff_ctr_q[0] (net)
                      0.027899    0.000000    0.084874 ^ _302_/A2 (sg13g2_a21oi_1)
     1    0.001580    0.009902    0.025804    0.110678 v _302_/Y (sg13g2_a21oi_1)
                                                         u_gpio_core.gen_input_filter[2].u_filter.diff_ctr_d[0] (net)
                      0.009902    0.000000    0.110678 v _610_/D (sg13g2_dfrbpq_1)
                                              0.110678   data arrival time

                      0.000000    0.000000    0.000000   clock core (rise edge)
                                  0.000000    0.000000   clock network delay (ideal)
                                  0.000000    0.000000   clock reconvergence pessimism
                                              0.000000 ^ _610_/CLK (sg13g2_dfrbpq_1)
                                 -0.019827   -0.019827   library hold time
                                             -0.019827   data required time
---------------------------------------------------------------------------------------------
                                             -0.019827   data required time
                                             -0.110678   data arrival time
---------------------------------------------------------------------------------------------
                                              0.130506   slack (MET)

Hotspot 6: instance=_604_ selected_worst_paths=none internal=1.21695e-05 switching=2.33831e-07 dynamic=1.24033e-05 leakage=4.56856e-09 total=1.24079e-05
Worst path through hotspot: status=met slack=0.151147 type=min group=core
startpoint=_606_ (rising edge-triggered flip-flop clocked by core)
endpoint=_604_ (rising edge-triggered flip-flop clocked by core)
path_power_complete=true
path_average_power_sum internal=2.37856e-05 switching=5.35454e-07 dynamic=2.43211e-05 leakage=1.11591e-08 total=2.43322e-05
stage instance cell pins fanout capacitance slew delay arrival internal switching dynamic leakage total
1 _606_ sg13g2_dfrbpq_1 CLK,Q 3 0.008869 0.019277 0.080526 0.080526 1.14304e-05 5.94139e-08 1.14898e-05 4.56857e-09 1.14944e-05
2 _314_ sg13g2_nand2_1 B,Y 3 0.009148 0.023575 0.026569 0.107096 5.16167e-08 1.92692e-07 2.44309e-07 9.17123e-10 2.45226e-07
3 _317_ sg13g2_a21oi_1 A1,Y 1 0.00158 0.009366 0.024315 0.131411 1.34143e-07 4.95179e-08 1.8366e-07 1.10484e-09 1.84765e-07
4 _604_ sg13g2_dfrbpq_1 D - - 0.009366 0 0.131411 1.21695e-05 2.33831e-07 1.24033e-05 4.56856e-09 1.24079e-05
OpenSTA targeted timing report:
Startpoint: _606_ (rising edge-triggered flip-flop clocked by core)
Endpoint: _604_ (rising edge-triggered flip-flop clocked by core)
Path Group: core
Path Type: min

Fanout         Cap        Slew       Delay        Time   Description
---------------------------------------------------------------------------------------------
                      0.000000    0.000000    0.000000   clock core (rise edge)
                                  0.000000    0.000000   clock network delay (ideal)
                      0.000000    0.000000    0.000000 ^ _606_/CLK (sg13g2_dfrbpq_1)
     3    0.008869    0.019277    0.080526    0.080526 v _606_/Q (sg13g2_dfrbpq_1)
                                                         u_gpio_core.gen_input_filter[1].u_filter.diff_ctr_q[3] (net)
                      0.019277    0.000000    0.080526 v _314_/B (sg13g2_nand2_1)
     3    0.009148    0.023575    0.026569    0.107096 ^ _314_/Y (sg13g2_nand2_1)
                                                         _116_ (net)
                      0.023575    0.000000    0.107096 ^ _317_/A1 (sg13g2_a21oi_1)
     1    0.001580    0.009366    0.024315    0.131411 v _317_/Y (sg13g2_a21oi_1)
                                                         u_gpio_core.gen_input_filter[1].u_filter.diff_ctr_d[1] (net)
                      0.009366    0.000000    0.131411 v _604_/D (sg13g2_dfrbpq_1)
                                              0.131411   data arrival time

                      0.000000    0.000000    0.000000   clock core (rise edge)
                                  0.000000    0.000000   clock network delay (ideal)
                                  0.000000    0.000000   clock reconvergence pessimism
                                              0.000000 ^ _604_/CLK (sg13g2_dfrbpq_1)
                                 -0.019736   -0.019736   library hold time
                                             -0.019736   data required time
---------------------------------------------------------------------------------------------
                                             -0.019736   data required time
                                             -0.131411   data arrival time
---------------------------------------------------------------------------------------------
                                              0.151147   slack (MET)

Hotspot 7: instance=_597_ selected_worst_paths=none internal=1.21694e-05 switching=2.33831e-07 dynamic=1.24033e-05 leakage=4.56855e-09 total=1.24078e-05
Worst path through hotspot: status=met slack=0.146588 type=min group=core
startpoint=_599_ (rising edge-triggered flip-flop clocked by core)
endpoint=_597_ (rising edge-triggered flip-flop clocked by core)
path_power_complete=true
path_average_power_sum internal=2.36846e-05 switching=3.53323e-07 dynamic=2.40379e-05 leakage=1.1159e-08 total=2.4049e-05
stage instance cell pins fanout capacitance slew delay arrival internal switching dynamic leakage total
1 _599_ sg13g2_dfrbpq_1 CLK,Q 2 0.005888 0.014843 0.076812 0.076812 1.13742e-05 3.95491e-08 1.14138e-05 4.56853e-09 1.14183e-05
2 _330_ sg13g2_nand2_1 B,Y 3 0.009148 0.024239 0.0256 0.102412 8.61555e-09 3.0425e-08 3.90406e-08 9.17084e-10 3.99577e-08
3 _333_ sg13g2_a21oi_1 A1,Y 1 0.00158 0.009366 0.02444 0.126852 1.32289e-07 4.95179e-08 1.81806e-07 1.10486e-09 1.82911e-07
4 _597_ sg13g2_dfrbpq_1 D - - 0.009366 0 0.126852 1.21694e-05 2.33831e-07 1.24033e-05 4.56855e-09 1.24078e-05
OpenSTA targeted timing report:
Startpoint: _599_ (rising edge-triggered flip-flop clocked by core)
Endpoint: _597_ (rising edge-triggered flip-flop clocked by core)
Path Group: core
Path Type: min

Fanout         Cap        Slew       Delay        Time   Description
---------------------------------------------------------------------------------------------
                      0.000000    0.000000    0.000000   clock core (rise edge)
                                  0.000000    0.000000   clock network delay (ideal)
                      0.000000    0.000000    0.000000 ^ _599_/CLK (sg13g2_dfrbpq_1)
     2    0.005888    0.014843    0.076812    0.076812 v _599_/Q (sg13g2_dfrbpq_1)
                                                         u_gpio_core.gen_input_filter[0].u_filter.diff_ctr_q[3] (net)
                      0.014843    0.000000    0.076812 v _330_/B (sg13g2_nand2_1)
     3    0.009148    0.024239    0.025600    0.102412 ^ _330_/Y (sg13g2_nand2_1)
                                                         _128_ (net)
                      0.024239    0.000000    0.102412 ^ _333_/A1 (sg13g2_a21oi_1)
     1    0.001580    0.009366    0.024440    0.126852 v _333_/Y (sg13g2_a21oi_1)
                                                         u_gpio_core.gen_input_filter[0].u_filter.diff_ctr_d[1] (net)
                      0.009366    0.000000    0.126852 v _597_/D (sg13g2_dfrbpq_1)
                                              0.126852   data arrival time

                      0.000000    0.000000    0.000000   clock core (rise edge)
                                  0.000000    0.000000   clock network delay (ideal)
                                  0.000000    0.000000   clock reconvergence pessimism
                                              0.000000 ^ _597_/CLK (sg13g2_dfrbpq_1)
                                 -0.019736   -0.019736   library hold time
                                             -0.019736   data required time
---------------------------------------------------------------------------------------------
                                             -0.019736   data required time
                                             -0.126852   data arrival time
---------------------------------------------------------------------------------------------
                                              0.146588   slack (MET)

Hotspot 8: instance=_611_ selected_worst_paths=none internal=1.18179e-05 switching=1.71805e-07 dynamic=1.19897e-05 leakage=4.56803e-09 total=1.19943e-05
Worst path through hotspot: status=met slack=0.145795 type=min group=core
startpoint=_613_ (rising edge-triggered flip-flop clocked by core)
endpoint=_611_ (rising edge-triggered flip-flop clocked by core)
path_power_complete=true
path_average_power_sum internal=2.32496e-05 switching=2.76402e-07 dynamic=2.3526e-05 leakage=1.13063e-08 total=2.35373e-05
stage instance cell pins fanout capacitance slew delay arrival internal switching dynamic leakage total
1 _613_ sg13g2_dfrbpq_1 CLK,Q 3 0.008832 0.019221 0.08048 0.08048 1.13067e-05 2.05748e-08 1.13273e-05 4.56804e-09 1.13319e-05
2 _299_ sg13g2_nand2_1 B,Y 2 0.005936 0.019202 0.021998 0.102478 2.1098e-08 4.72831e-08 6.83811e-08 1.07216e-09 6.94533e-08
3 _301_ sg13g2_a21oi_1 A1,Y 1 0.00158 0.009902 0.02349 0.125967 1.03878e-07 3.67391e-08 1.40617e-07 1.0981e-09 1.41715e-07
4 _611_ sg13g2_dfrbpq_1 D - - 0.009902 0 0.125967 1.18179e-05 1.71805e-07 1.19897e-05 4.56803e-09 1.19943e-05
OpenSTA targeted timing report:
Startpoint: _613_ (rising edge-triggered flip-flop clocked by core)
Endpoint: _611_ (rising edge-triggered flip-flop clocked by core)
Path Group: core
Path Type: min

Fanout         Cap        Slew       Delay        Time   Description
---------------------------------------------------------------------------------------------
                      0.000000    0.000000    0.000000   clock core (rise edge)
                                  0.000000    0.000000   clock network delay (ideal)
                      0.000000    0.000000    0.000000 ^ _613_/CLK (sg13g2_dfrbpq_1)
     3    0.008832    0.019221    0.080480    0.080480 v _613_/Q (sg13g2_dfrbpq_1)
                                                         u_gpio_core.gen_input_filter[2].u_filter.diff_ctr_q[3] (net)
                      0.019221    0.000000    0.080480 v _299_/B (sg13g2_nand2_1)
     2    0.005936    0.019202    0.021998    0.102478 ^ _299_/Y (sg13g2_nand2_1)
                                                         _105_ (net)
                      0.019202    0.000000    0.102478 ^ _301_/A1 (sg13g2_a21oi_1)
     1    0.001580    0.009902    0.023490    0.125967 v _301_/Y (sg13g2_a21oi_1)
                                                         u_gpio_core.gen_input_filter[2].u_filter.diff_ctr_d[1] (net)
                      0.009902    0.000000    0.125967 v _611_/D (sg13g2_dfrbpq_1)
                                              0.125967   data arrival time

                      0.000000    0.000000    0.000000   clock core (rise edge)
                                  0.000000    0.000000   clock network delay (ideal)
                                  0.000000    0.000000   clock reconvergence pessimism
                                              0.000000 ^ _611_/CLK (sg13g2_dfrbpq_1)
                                 -0.019827   -0.019827   library hold time
                                             -0.019827   data required time
---------------------------------------------------------------------------------------------
                                             -0.019827   data required time
                                             -0.125967   data arrival time
---------------------------------------------------------------------------------------------
                                              0.145795   slack (MET)

Hotspot 9: instance=_618_ selected_worst_paths=none internal=1.17886e-05 switching=1.33222e-07 dynamic=1.19219e-05 leakage=4.56802e-09 total=1.19264e-05
Worst path through hotspot: status=met slack=0.146587 type=min group=core
startpoint=_620_ (rising edge-triggered flip-flop clocked by core)
endpoint=_618_ (rising edge-triggered flip-flop clocked by core)
path_power_complete=true
path_average_power_sum internal=2.31906e-05 switching=2.07179e-07 dynamic=2.33978e-05 leakage=1.13064e-08 total=2.34091e-05
stage instance cell pins fanout capacitance slew delay arrival internal switching dynamic leakage total
1 _620_ sg13g2_dfrbpq_1 CLK,Q 2 0.005888 0.014843 0.076812 0.076812 1.13071e-05 1.3183e-08 1.13203e-05 4.56804e-09 1.13248e-05
2 _280_ sg13g2_nand2_1 B,Y 3 0.009148 0.024236 0.0256 0.102412 8.49618e-09 3.0425e-08 3.89212e-08 1.07219e-09 3.99934e-08
3 _283_ sg13g2_a21oi_1 A1,Y 1 0.00158 0.009366 0.02444 0.126851 8.64122e-08 3.03497e-08 1.16762e-07 1.09811e-09 1.1786e-07
4 _618_ sg13g2_dfrbpq_1 D - - 0.009366 0 0.126851 1.17886e-05 1.33222e-07 1.19219e-05 4.56802e-09 1.19264e-05
OpenSTA targeted timing report:
Startpoint: _620_ (rising edge-triggered flip-flop clocked by core)
Endpoint: _618_ (rising edge-triggered flip-flop clocked by core)
Path Group: core
Path Type: min

Fanout         Cap        Slew       Delay        Time   Description
---------------------------------------------------------------------------------------------
                      0.000000    0.000000    0.000000   clock core (rise edge)
                                  0.000000    0.000000   clock network delay (ideal)
                      0.000000    0.000000    0.000000 ^ _620_/CLK (sg13g2_dfrbpq_1)
     2    0.005888    0.014843    0.076812    0.076812 v _620_/Q (sg13g2_dfrbpq_1)
                                                         u_gpio_core.gen_input_filter[3].u_filter.diff_ctr_q[3] (net)
                      0.014843    0.000000    0.076812 v _280_/B (sg13g2_nand2_1)
     3    0.009148    0.024236    0.025600    0.102412 ^ _280_/Y (sg13g2_nand2_1)
                                                         _090_ (net)
                      0.024236    0.000000    0.102412 ^ _283_/A1 (sg13g2_a21oi_1)
     1    0.001580    0.009366    0.024440    0.126851 v _283_/Y (sg13g2_a21oi_1)
                                                         u_gpio_core.gen_input_filter[3].u_filter.diff_ctr_d[1] (net)
                      0.009366    0.000000    0.126851 v _618_/D (sg13g2_dfrbpq_1)
                                              0.126851   data arrival time

                      0.000000    0.000000    0.000000   clock core (rise edge)
                                  0.000000    0.000000   clock network delay (ideal)
                                  0.000000    0.000000   clock reconvergence pessimism
                                              0.000000 ^ _618_/CLK (sg13g2_dfrbpq_1)
                                 -0.019736   -0.019736   library hold time
                                             -0.019736   data required time
---------------------------------------------------------------------------------------------
                                             -0.019736   data required time
                                             -0.126851   data arrival time
---------------------------------------------------------------------------------------------
                                              0.146587   slack (MET)

Hotspot 10: instance=_605_ selected_worst_paths=none internal=1.1789e-05 switching=9.91144e-08 dynamic=1.18881e-05 leakage=4.56857e-09 total=1.18927e-05
Worst path through hotspot: status=met slack=0.141345 type=min group=core
startpoint=_605_ (rising edge-triggered flip-flop clocked by core)
endpoint=_606_ (rising edge-triggered flip-flop clocked by core)
path_power_complete=true
path_average_power_sum internal=2.33514e-05 switching=3.57579e-07 dynamic=2.3709e-05 leakage=1.09406e-08 total=2.372e-05
stage instance cell pins fanout capacitance slew delay arrival internal switching dynamic leakage total
1 _605_ sg13g2_dfrbpq_1 CLK,Q 2 0.006186 0.015286 0.077183 0.077183 1.1789e-05 9.91144e-08 1.18881e-05 4.56857e-09 1.18927e-05
2 _308_ sg13g2_nand2_1 B,Y 2 0.005893 0.017777 0.021206 0.098388 7.84908e-08 1.75091e-07 2.53581e-07 9.34719e-10 2.54516e-07
3 _319_ sg13g2_a21oi_1 A1,Y 1 0.00158 0.009366 0.023221 0.121609 5.35853e-08 2.39603e-08 7.75456e-08 8.68764e-10 7.84144e-08
4 _606_ sg13g2_dfrbpq_1 D - - 0.009366 0 0.121609 1.14304e-05 5.94139e-08 1.14898e-05 4.56857e-09 1.14944e-05
OpenSTA targeted timing report:
Startpoint: _605_ (rising edge-triggered flip-flop clocked by core)
Endpoint: _606_ (rising edge-triggered flip-flop clocked by core)
Path Group: core
Path Type: min

Fanout         Cap        Slew       Delay        Time   Description
---------------------------------------------------------------------------------------------
                      0.000000    0.000000    0.000000   clock core (rise edge)
                                  0.000000    0.000000   clock network delay (ideal)
                      0.000000    0.000000    0.000000 ^ _605_/CLK (sg13g2_dfrbpq_1)
     2    0.006186    0.015286    0.077183    0.077183 v _605_/Q (sg13g2_dfrbpq_1)
                                                         u_gpio_core.gen_input_filter[1].u_filter.diff_ctr_q[2] (net)
                      0.015286    0.000000    0.077183 v _308_/B (sg13g2_nand2_1)
     2    0.005893    0.017777    0.021206    0.098388 ^ _308_/Y (sg13g2_nand2_1)
                                                         _111_ (net)
                      0.017777    0.000000    0.098388 ^ _319_/A1 (sg13g2_a21oi_1)
     1    0.001580    0.009366    0.023221    0.121609 v _319_/Y (sg13g2_a21oi_1)
                                                         u_gpio_core.gen_input_filter[1].u_filter.diff_ctr_d[3] (net)
                      0.009366    0.000000    0.121609 v _606_/D (sg13g2_dfrbpq_1)
                                              0.121609   data arrival time

                      0.000000    0.000000    0.000000   clock core (rise edge)
                                  0.000000    0.000000   clock network delay (ideal)
                                  0.000000    0.000000   clock reconvergence pessimism
                                              0.000000 ^ _606_/CLK (sg13g2_dfrbpq_1)
                                 -0.019736   -0.019736   library hold time
                                             -0.019736   data required time
---------------------------------------------------------------------------------------------
                                             -0.019736   data required time
                                             -0.121609   data arrival time
---------------------------------------------------------------------------------------------
                                              0.141345   slack (MET)

Hotspot 11: instance=_598_ selected_worst_paths=none internal=1.17367e-05 switching=9.92402e-08 dynamic=1.18359e-05 leakage=4.56861e-09 total=1.18405e-05
Worst path through hotspot: status=met slack=0.145366 type=min group=core
startpoint=_599_ (rising edge-triggered flip-flop clocked by core)
endpoint=_598_ (rising edge-triggered flip-flop clocked by core)
path_power_complete=true
path_average_power_sum internal=2.31989e-05 switching=2.97072e-07 dynamic=2.34959e-05 leakage=1.06839e-08 total=2.35066e-05
stage instance cell pins fanout capacitance slew delay arrival internal switching dynamic leakage total
1 _599_ sg13g2_dfrbpq_1 CLK,Q 2 0.005888 0.014843 0.076812 0.076812 1.13742e-05 3.95491e-08 1.14138e-05 4.56853e-09 1.14183e-05
2 _326_ sg13g2_inv_1 A,Y 2 0.005954 0.017113 0.017797 0.094609 1.36504e-08 4.553e-08 5.91804e-08 5.68784e-10 5.97492e-08
3 _329_ sg13g2_a21oi_1 A2,Y 2 0.004545 0.012647 0.030462 0.125071 7.42933e-08 1.12753e-07 1.87046e-07 9.77959e-10 1.88024e-07
4 _598_ sg13g2_dfrbpq_1 D - - 0.012647 0 0.125071 1.17367e-05 9.92402e-08 1.18359e-05 4.56861e-09 1.18405e-05
OpenSTA targeted timing report:
Startpoint: _599_ (rising edge-triggered flip-flop clocked by core)
Endpoint: _598_ (rising edge-triggered flip-flop clocked by core)
Path Group: core
Path Type: min

Fanout         Cap        Slew       Delay        Time   Description
---------------------------------------------------------------------------------------------
                      0.000000    0.000000    0.000000   clock core (rise edge)
                                  0.000000    0.000000   clock network delay (ideal)
                      0.000000    0.000000    0.000000 ^ _599_/CLK (sg13g2_dfrbpq_1)
     2    0.005888    0.014843    0.076812    0.076812 v _599_/Q (sg13g2_dfrbpq_1)
                                                         u_gpio_core.gen_input_filter[0].u_filter.diff_ctr_q[3] (net)
                      0.014843    0.000000    0.076812 v _326_/A (sg13g2_inv_1)
     2    0.005954    0.017113    0.017797    0.094609 ^ _326_/Y (sg13g2_inv_1)
                                                         _125_ (net)
                      0.017113    0.000000    0.094609 ^ _329_/A2 (sg13g2_a21oi_1)
     2    0.004545    0.012647    0.030462    0.125071 v _329_/Y (sg13g2_a21oi_1)
                                                         u_gpio_core.gen_input_filter[0].u_filter.diff_ctr_d[2] (net)
                      0.012647    0.000000    0.125071 v _598_/D (sg13g2_dfrbpq_1)
                                              0.125071   data arrival time

                      0.000000    0.000000    0.000000   clock core (rise edge)
                                  0.000000    0.000000   clock network delay (ideal)
                                  0.000000    0.000000   clock reconvergence pessimism
                                              0.000000 ^ _598_/CLK (sg13g2_dfrbpq_1)
                                 -0.020295   -0.020295   library hold time
                                             -0.020295   data required time
---------------------------------------------------------------------------------------------
                                             -0.020295   data required time
                                             -0.125071   data arrival time
---------------------------------------------------------------------------------------------
                                              0.145366   slack (MET)

Hotspot 12: instance=_619_ selected_worst_paths=none internal=1.14883e-05 switching=4.25315e-08 dynamic=1.15308e-05 leakage=4.56808e-09 total=1.15354e-05
Worst path through hotspot: status=met slack=0.145366 type=min group=core
startpoint=_620_ (rising edge-triggered flip-flop clocked by core)
endpoint=_619_ (rising edge-triggered flip-flop clocked by core)
path_power_complete=true
path_average_power_sum internal=2.28369e-05 switching=1.29153e-07 dynamic=2.29661e-05 leakage=1.0593e-08 total=2.29767e-05
stage instance cell pins fanout capacitance slew delay arrival internal switching dynamic leakage total
1 _620_ sg13g2_dfrbpq_1 CLK,Q 2 0.005888 0.014843 0.076812 0.076812 1.13071e-05 1.3183e-08 1.13203e-05 4.56804e-09 1.13248e-05
2 _276_ sg13g2_inv_1 A,Y 2 0.005954 0.017113 0.017797 0.094609 5.85017e-09 1.95129e-08 2.5363e-08 6.20249e-10 2.59833e-08
3 _279_ sg13g2_a21oi_1 A2,Y 2 0.004545 0.012647 0.030462 0.125071 3.56873e-08 5.39252e-08 8.96125e-08 8.36621e-10 9.04491e-08
4 _619_ sg13g2_dfrbpq_1 D - - 0.012647 0 0.125071 1.14883e-05 4.25315e-08 1.15308e-05 4.56808e-09 1.15354e-05
OpenSTA targeted timing report:
Startpoint: _620_ (rising edge-triggered flip-flop clocked by core)
Endpoint: _619_ (rising edge-triggered flip-flop clocked by core)
Path Group: core
Path Type: min

Fanout         Cap        Slew       Delay        Time   Description
---------------------------------------------------------------------------------------------
                      0.000000    0.000000    0.000000   clock core (rise edge)
                                  0.000000    0.000000   clock network delay (ideal)
                      0.000000    0.000000    0.000000 ^ _620_/CLK (sg13g2_dfrbpq_1)
     2    0.005888    0.014843    0.076812    0.076812 v _620_/Q (sg13g2_dfrbpq_1)
                                                         u_gpio_core.gen_input_filter[3].u_filter.diff_ctr_q[3] (net)
                      0.014843    0.000000    0.076812 v _276_/A (sg13g2_inv_1)
     2    0.005954    0.017113    0.017797    0.094609 ^ _276_/Y (sg13g2_inv_1)
                                                         _087_ (net)
                      0.017113    0.000000    0.094609 ^ _279_/A2 (sg13g2_a21oi_1)
     2    0.004545    0.012647    0.030462    0.125071 v _279_/Y (sg13g2_a21oi_1)
                                                         u_gpio_core.gen_input_filter[3].u_filter.diff_ctr_d[2] (net)
                      0.012647    0.000000    0.125071 v _619_/D (sg13g2_dfrbpq_1)
                                              0.125071   data arrival time

                      0.000000    0.000000    0.000000   clock core (rise edge)
                                  0.000000    0.000000   clock network delay (ideal)
                                  0.000000    0.000000   clock reconvergence pessimism
                                              0.000000 ^ _619_/CLK (sg13g2_dfrbpq_1)
                                 -0.020295   -0.020295   library hold time
                                             -0.020295   data required time
---------------------------------------------------------------------------------------------
                                             -0.020295   data required time
                                             -0.125071   data arrival time
---------------------------------------------------------------------------------------------
                                              0.145366   slack (MET)

Hotspot 13: instance=_612_ selected_worst_paths=none internal=1.14859e-05 switching=1.98015e-08 dynamic=1.15057e-05 leakage=4.56806e-09 total=1.15103e-05
Worst path through hotspot: status=met slack=0.147184 type=min group=core
startpoint=_613_ (rising edge-triggered flip-flop clocked by core)
endpoint=_612_ (rising edge-triggered flip-flop clocked by core)
path_power_complete=true
path_average_power_sum internal=2.28312e-05 switching=8.71184e-08 dynamic=2.29183e-05 leakage=1.08109e-08 total=2.29291e-05
stage instance cell pins fanout capacitance slew delay arrival internal switching dynamic leakage total
1 _613_ sg13g2_dfrbpq_1 CLK,Q 3 0.008832 0.019221 0.08048 0.08048 1.13067e-05 2.05748e-08 1.13273e-05 4.56804e-09 1.13319e-05
2 _287_ sg13g2_inv_1 A,Y 3 0.008956 0.023297 0.02288 0.10336 6.35637e-09 2.91712e-08 3.55276e-08 6.20249e-10 3.61479e-08
3 _298_ sg13g2_a21oi_1 A1,Y 1 0.00158 0.008343 0.024262 0.127622 3.22292e-08 1.75709e-08 4.98001e-08 1.0546e-09 5.08547e-08
4 _612_ sg13g2_dfrbpq_1 D - - 0.008343 0 0.127622 1.14859e-05 1.98015e-08 1.15057e-05 4.56806e-09 1.15103e-05
OpenSTA targeted timing report:
Startpoint: _613_ (rising edge-triggered flip-flop clocked by core)
Endpoint: _612_ (rising edge-triggered flip-flop clocked by core)
Path Group: core
Path Type: min

Fanout         Cap        Slew       Delay        Time   Description
---------------------------------------------------------------------------------------------
                      0.000000    0.000000    0.000000   clock core (rise edge)
                                  0.000000    0.000000   clock network delay (ideal)
                      0.000000    0.000000    0.000000 ^ _613_/CLK (sg13g2_dfrbpq_1)
     3    0.008832    0.019221    0.080480    0.080480 v _613_/Q (sg13g2_dfrbpq_1)
                                                         u_gpio_core.gen_input_filter[2].u_filter.diff_ctr_q[3] (net)
                      0.019221    0.000000    0.080480 v _287_/A (sg13g2_inv_1)
     3    0.008956    0.023297    0.022880    0.103360 ^ _287_/Y (sg13g2_inv_1)
                                                         _094_ (net)
                      0.023297    0.000000    0.103360 ^ _298_/A1 (sg13g2_a21oi_1)
     1    0.001580    0.008343    0.024262    0.127622 v _298_/Y (sg13g2_a21oi_1)
                                                         u_gpio_core.gen_input_filter[2].u_filter.diff_ctr_d[2] (net)
                      0.008343    0.000000    0.127622 v _612_/D (sg13g2_dfrbpq_1)
                                              0.127622   data arrival time

                      0.000000    0.000000    0.000000   clock core (rise edge)
                                  0.000000    0.000000   clock network delay (ideal)
                                  0.000000    0.000000   clock reconvergence pessimism
                                              0.000000 ^ _612_/CLK (sg13g2_dfrbpq_1)
                                 -0.019562   -0.019562   library hold time
                                             -0.019562   data required time
---------------------------------------------------------------------------------------------
                                             -0.019562   data required time
                                             -0.127622   data arrival time
---------------------------------------------------------------------------------------------
                                              0.147184   slack (MET)

Hotspot 14: instance=_606_ selected_worst_paths=none internal=1.14304e-05 switching=5.94139e-08 dynamic=1.14898e-05 leakage=4.56857e-09 total=1.14944e-05
Worst path through hotspot: status=met slack=0.141345 type=min group=core
startpoint=_605_ (rising edge-triggered flip-flop clocked by core)
endpoint=_606_ (rising edge-triggered flip-flop clocked by core)
path_power_complete=true
path_average_power_sum internal=2.33514e-05 switching=3.57579e-07 dynamic=2.3709e-05 leakage=1.09406e-08 total=2.372e-05
stage instance cell pins fanout capacitance slew delay arrival internal switching dynamic leakage total
1 _605_ sg13g2_dfrbpq_1 CLK,Q 2 0.006186 0.015286 0.077183 0.077183 1.1789e-05 9.91144e-08 1.18881e-05 4.56857e-09 1.18927e-05
2 _308_ sg13g2_nand2_1 B,Y 2 0.005893 0.017777 0.021206 0.098388 7.84908e-08 1.75091e-07 2.53581e-07 9.34719e-10 2.54516e-07
3 _319_ sg13g2_a21oi_1 A1,Y 1 0.00158 0.009366 0.023221 0.121609 5.35853e-08 2.39603e-08 7.75456e-08 8.68764e-10 7.84144e-08
4 _606_ sg13g2_dfrbpq_1 D - - 0.009366 0 0.121609 1.14304e-05 5.94139e-08 1.14898e-05 4.56857e-09 1.14944e-05
OpenSTA targeted timing report:
Startpoint: _605_ (rising edge-triggered flip-flop clocked by core)
Endpoint: _606_ (rising edge-triggered flip-flop clocked by core)
Path Group: core
Path Type: min

Fanout         Cap        Slew       Delay        Time   Description
---------------------------------------------------------------------------------------------
                      0.000000    0.000000    0.000000   clock core (rise edge)
                                  0.000000    0.000000   clock network delay (ideal)
                      0.000000    0.000000    0.000000 ^ _605_/CLK (sg13g2_dfrbpq_1)
     2    0.006186    0.015286    0.077183    0.077183 v _605_/Q (sg13g2_dfrbpq_1)
                                                         u_gpio_core.gen_input_filter[1].u_filter.diff_ctr_q[2] (net)
                      0.015286    0.000000    0.077183 v _308_/B (sg13g2_nand2_1)
     2    0.005893    0.017777    0.021206    0.098388 ^ _308_/Y (sg13g2_nand2_1)
                                                         _111_ (net)
                      0.017777    0.000000    0.098388 ^ _319_/A1 (sg13g2_a21oi_1)
     1    0.001580    0.009366    0.023221    0.121609 v _319_/Y (sg13g2_a21oi_1)
                                                         u_gpio_core.gen_input_filter[1].u_filter.diff_ctr_d[3] (net)
                      0.009366    0.000000    0.121609 v _606_/D (sg13g2_dfrbpq_1)
                                              0.121609   data arrival time

                      0.000000    0.000000    0.000000   clock core (rise edge)
                                  0.000000    0.000000   clock network delay (ideal)
                                  0.000000    0.000000   clock reconvergence pessimism
                                              0.000000 ^ _606_/CLK (sg13g2_dfrbpq_1)
                                 -0.019736   -0.019736   library hold time
                                             -0.019736   data required time
---------------------------------------------------------------------------------------------
                                             -0.019736   data required time
                                             -0.121609   data arrival time
---------------------------------------------------------------------------------------------
                                              0.141345   slack (MET)

Hotspot 15: instance=_587_ selected_worst_paths=6 internal=1.14191e-05 switching=9.58411e-09 dynamic=1.14287e-05 leakage=4.58989e-09 total=1.14333e-05
Worst path through hotspot: status=met slack=0.043004 type=min group=asynchronous
startpoint=rst_ni (input port clocked by core)
endpoint=_587_ (removal check against rising-edge clock core)
path_power_complete=true
path_average_power_sum internal=1.14191e-05 switching=9.58411e-09 dynamic=1.14287e-05 leakage=4.58989e-09 total=1.14333e-05
stage instance cell pins fanout capacitance slew delay arrival internal switching dynamic leakage total
1 _587_ sg13g2_dfrbpq_1 RESET_B - - 0.000962 0 0.000962 1.14191e-05 9.58411e-09 1.14287e-05 4.58989e-09 1.14333e-05
OpenSTA targeted timing report:
Startpoint: rst_ni (input port clocked by core)
Endpoint: _587_ (removal check against rising-edge clock core)
Path Group: asynchronous
Path Type: min

Fanout         Cap        Slew       Delay        Time   Description
---------------------------------------------------------------------------------------------
                      0.000000    0.000000    0.000000   clock core (rise edge)
                                  0.000000    0.000000   clock network delay (ideal)
                                  0.000000    0.000000 ^ input external delay
     2    0.009620    0.000962    0.000962    0.000962 ^ rst_ni (in)
                                                         rst_ni (net)
                      0.000962    0.000000    0.000962 ^ _587_/RESET_B (sg13g2_dfrbpq_1)
                                              0.000962   data arrival time

                      0.000000    0.000000    0.000000   clock core (rise edge)
                                  0.000000    0.000000   clock network delay (ideal)
                                  0.000000    0.000000   clock reconvergence pessimism
                                              0.000000 ^ _587_/CLK (sg13g2_dfrbpq_1)
                                 -0.042042   -0.042042   library removal time
                                             -0.042042   data required time
---------------------------------------------------------------------------------------------
                                             -0.042042   data required time
                                             -0.000962   data arrival time
---------------------------------------------------------------------------------------------
                                              0.043004   slack (MET)

Hotspot 16: instance=_599_ selected_worst_paths=none internal=1.13742e-05 switching=3.95491e-08 dynamic=1.14138e-05 leakage=4.56853e-09 total=1.14183e-05
Worst path through hotspot: status=met slack=0.145099 type=min group=core
startpoint=_599_ (rising edge-triggered flip-flop clocked by core)
endpoint=_599_ (rising edge-triggered flip-flop clocked by core)
path_power_complete=true
path_average_power_sum internal=1.14131e-05 switching=1.22683e-07 dynamic=1.15358e-05 leakage=6.00616e-09 total=1.15418e-05
stage instance cell pins fanout capacitance slew delay arrival internal switching dynamic leakage total
1 _599_ sg13g2_dfrbpq_1 CLK,Q 2 0.005888 0.014843 0.076812 0.076812 1.13742e-05 3.95491e-08 1.14138e-05 4.56853e-09 1.14183e-05
2 _326_ sg13g2_inv_1 A,Y 2 0.005954 0.017113 0.017797 0.094609 1.36504e-08 4.553e-08 5.91804e-08 5.68784e-10 5.97492e-08
3 _336_ sg13g2_a21oi_1 A2,Y 2 0.004347 0.013515 0.030048 0.124657 2.52699e-08 3.76044e-08 6.28743e-08 8.68842e-10 6.37431e-08
4 _599_ sg13g2_dfrbpq_1 D - - 0.013515 0 0.124657 1.13742e-05 3.95491e-08 1.14138e-05 4.56853e-09 1.14183e-05
OpenSTA targeted timing report:
Startpoint: _599_ (rising edge-triggered flip-flop clocked by core)
Endpoint: _599_ (rising edge-triggered flip-flop clocked by core)
Path Group: core
Path Type: min

Fanout         Cap        Slew       Delay        Time   Description
---------------------------------------------------------------------------------------------
                      0.000000    0.000000    0.000000   clock core (rise edge)
                                  0.000000    0.000000   clock network delay (ideal)
                      0.000000    0.000000    0.000000 ^ _599_/CLK (sg13g2_dfrbpq_1)
     2    0.005888    0.014843    0.076812    0.076812 v _599_/Q (sg13g2_dfrbpq_1)
                                                         u_gpio_core.gen_input_filter[0].u_filter.diff_ctr_q[3] (net)
                      0.014843    0.000000    0.076812 v _326_/A (sg13g2_inv_1)
     2    0.005954    0.017113    0.017797    0.094609 ^ _326_/Y (sg13g2_inv_1)
                                                         _125_ (net)
                      0.017113    0.000000    0.094609 ^ _336_/A2 (sg13g2_a21oi_1)
     2    0.004347    0.013515    0.030048    0.124657 v _336_/Y (sg13g2_a21oi_1)
                                                         u_gpio_core.gen_input_filter[0].u_filter.diff_ctr_d[3] (net)
                      0.013515    0.000000    0.124657 v _599_/D (sg13g2_dfrbpq_1)
                                              0.124657   data arrival time

                      0.000000    0.000000    0.000000   clock core (rise edge)
                                  0.000000    0.000000   clock network delay (ideal)
                                  0.000000    0.000000   clock reconvergence pessimism
                                              0.000000 ^ _599_/CLK (sg13g2_dfrbpq_1)
                                 -0.020443   -0.020443   library hold time
                                             -0.020443   data required time
---------------------------------------------------------------------------------------------
                                             -0.020443   data required time
                                             -0.124657   data arrival time
---------------------------------------------------------------------------------------------
                                              0.145099   slack (MET)

Hotspot 17: instance=_613_ selected_worst_paths=none internal=1.13067e-05 switching=2.05748e-08 dynamic=1.13273e-05 leakage=4.56804e-09 total=1.13319e-05
Worst path through hotspot: status=met slack=0.145795 type=min group=core
startpoint=_613_ (rising edge-triggered flip-flop clocked by core)
endpoint=_610_ (rising edge-triggered flip-flop clocked by core)
path_power_complete=true
path_average_power_sum internal=2.37732e-05 switching=5.0361e-07 dynamic=2.42768e-05 leakage=1.12503e-08 total=2.4288e-05
stage instance cell pins fanout capacitance slew delay arrival internal switching dynamic leakage total
1 _613_ sg13g2_dfrbpq_1 CLK,Q 3 0.008832 0.019221 0.08048 0.08048 1.13067e-05 2.05748e-08 1.13273e-05 4.56804e-09 1.13319e-05
2 _299_ sg13g2_nand2_1 B,Y 2 0.005936 0.019202 0.021998 0.102478 2.1098e-08 4.72831e-08 6.83811e-08 1.07216e-09 6.94533e-08
3 _302_ sg13g2_a21oi_1 A1,Y 1 0.00158 0.009902 0.02349 0.125967 1.56643e-07 5.27126e-08 2.09356e-07 1.01581e-09 2.10372e-07
4 _610_ sg13g2_dfrbpq_1 D - - 0.009902 0 0.125967 1.22887e-05 3.83039e-07 1.26718e-05 4.59434e-09 1.26764e-05
OpenSTA targeted timing report:
Startpoint: _613_ (rising edge-triggered flip-flop clocked by core)
Endpoint: _610_ (rising edge-triggered flip-flop clocked by core)
Path Group: core
Path Type: min

Fanout         Cap        Slew       Delay        Time   Description
---------------------------------------------------------------------------------------------
                      0.000000    0.000000    0.000000   clock core (rise edge)
                                  0.000000    0.000000   clock network delay (ideal)
                      0.000000    0.000000    0.000000 ^ _613_/CLK (sg13g2_dfrbpq_1)
     3    0.008832    0.019221    0.080480    0.080480 v _613_/Q (sg13g2_dfrbpq_1)
                                                         u_gpio_core.gen_input_filter[2].u_filter.diff_ctr_q[3] (net)
                      0.019221    0.000000    0.080480 v _299_/B (sg13g2_nand2_1)
     2    0.005936    0.019202    0.021998    0.102478 ^ _299_/Y (sg13g2_nand2_1)
                                                         _105_ (net)
                      0.019202    0.000000    0.102478 ^ _302_/A1 (sg13g2_a21oi_1)
     1    0.001580    0.009902    0.023490    0.125967 v _302_/Y (sg13g2_a21oi_1)
                                                         u_gpio_core.gen_input_filter[2].u_filter.diff_ctr_d[0] (net)
                      0.009902    0.000000    0.125967 v _610_/D (sg13g2_dfrbpq_1)
                                              0.125967   data arrival time

                      0.000000    0.000000    0.000000   clock core (rise edge)
                                  0.000000    0.000000   clock network delay (ideal)
                                  0.000000    0.000000   clock reconvergence pessimism
                                              0.000000 ^ _610_/CLK (sg13g2_dfrbpq_1)
                                 -0.019827   -0.019827   library hold time
                                             -0.019827   data required time
---------------------------------------------------------------------------------------------
                                             -0.019827   data required time
                                             -0.125967   data arrival time
---------------------------------------------------------------------------------------------
                                              0.145795   slack (MET)

Hotspot 18: instance=_620_ selected_worst_paths=none internal=1.13071e-05 switching=1.3183e-08 dynamic=1.13203e-05 leakage=4.56804e-09 total=1.13248e-05
Worst path through hotspot: status=met slack=0.145099 type=min group=core
startpoint=_620_ (rising edge-triggered flip-flop clocked by core)
endpoint=_620_ (rising edge-triggered flip-flop clocked by core)
path_power_complete=true
path_average_power_sum internal=1.13243e-05 switching=4.88121e-08 dynamic=1.13731e-05 leakage=5.96058e-09 total=1.13791e-05
stage instance cell pins fanout capacitance slew delay arrival internal switching dynamic leakage total
1 _620_ sg13g2_dfrbpq_1 CLK,Q 2 0.005888 0.014843 0.076812 0.076812 1.13071e-05 1.3183e-08 1.13203e-05 4.56804e-09 1.13248e-05
2 _276_ sg13g2_inv_1 A,Y 2 0.005954 0.017113 0.017797 0.094609 5.85017e-09 1.95129e-08 2.5363e-08 6.20249e-10 2.59833e-08
3 _286_ sg13g2_a21oi_1 A2,Y 2 0.004347 0.013515 0.030048 0.124657 1.13921e-08 1.61162e-08 2.75083e-08 7.72288e-10 2.82806e-08
4 _620_ sg13g2_dfrbpq_1 D - - 0.013515 0 0.124657 1.13071e-05 1.3183e-08 1.13203e-05 4.56804e-09 1.13248e-05
OpenSTA targeted timing report:
Startpoint: _620_ (rising edge-triggered flip-flop clocked by core)
Endpoint: _620_ (rising edge-triggered flip-flop clocked by core)
Path Group: core
Path Type: min

Fanout         Cap        Slew       Delay        Time   Description
---------------------------------------------------------------------------------------------
                      0.000000    0.000000    0.000000   clock core (rise edge)
                                  0.000000    0.000000   clock network delay (ideal)
                      0.000000    0.000000    0.000000 ^ _620_/CLK (sg13g2_dfrbpq_1)
     2    0.005888    0.014843    0.076812    0.076812 v _620_/Q (sg13g2_dfrbpq_1)
                                                         u_gpio_core.gen_input_filter[3].u_filter.diff_ctr_q[3] (net)
                      0.014843    0.000000    0.076812 v _276_/A (sg13g2_inv_1)
     2    0.005954    0.017113    0.017797    0.094609 ^ _276_/Y (sg13g2_inv_1)
                                                         _087_ (net)
                      0.017113    0.000000    0.094609 ^ _286_/A2 (sg13g2_a21oi_1)
     2    0.004347    0.013515    0.030048    0.124657 v _286_/Y (sg13g2_a21oi_1)
                                                         u_gpio_core.gen_input_filter[3].u_filter.diff_ctr_d[3] (net)
                      0.013515    0.000000    0.124657 v _620_/D (sg13g2_dfrbpq_1)
                                              0.124657   data arrival time

                      0.000000    0.000000    0.000000   clock core (rise edge)
                                  0.000000    0.000000   clock network delay (ideal)
                                  0.000000    0.000000   clock reconvergence pessimism
                                              0.000000 ^ _620_/CLK (sg13g2_dfrbpq_1)
                                 -0.020443   -0.020443   library hold time
                                             -0.020443   data required time
---------------------------------------------------------------------------------------------
                                             -0.020443   data required time
                                             -0.124657   data arrival time
---------------------------------------------------------------------------------------------
                                              0.145099   slack (MET)

Hotspot 19: instance=_594_ selected_worst_paths=none internal=1.12608e-05 switching=2.81612e-08 dynamic=1.1289e-05 leakage=4.56856e-09 total=1.12935e-05
Worst path through hotspot: status=met slack=0.091021 type=min group=core
startpoint=_593_ (rising edge-triggered flip-flop clocked by core)
endpoint=_594_ (rising edge-triggered flip-flop clocked by core)
path_power_complete=true
path_average_power_sum internal=2.2533e-05 switching=3.13559e-08 dynamic=2.25644e-05 leakage=9.13646e-09 total=2.25735e-05
stage instance cell pins fanout capacitance slew delay arrival internal switching dynamic leakage total
1 _593_ sg13g2_dfrbpq_1 CLK,Q 1 0.00158 0.008435 0.071443 0.071443 1.12722e-05 3.1947e-09 1.12754e-05 4.5679e-09 1.128e-05
2 _594_ sg13g2_dfrbpq_1 D - - 0.008435 0 0.071443 1.12608e-05 2.81612e-08 1.1289e-05 4.56856e-09 1.12935e-05
OpenSTA targeted timing report:
Startpoint: _593_ (rising edge-triggered flip-flop clocked by core)
Endpoint: _594_ (rising edge-triggered flip-flop clocked by core)
Path Group: core
Path Type: min

Fanout         Cap        Slew       Delay        Time   Description
---------------------------------------------------------------------------------------------
                      0.000000    0.000000    0.000000   clock core (rise edge)
                                  0.000000    0.000000   clock network delay (ideal)
                      0.000000    0.000000    0.000000 ^ _593_/CLK (sg13g2_dfrbpq_1)
     1    0.001580    0.008435    0.071443    0.071443 v _593_/Q (sg13g2_dfrbpq_1)
                                                         u_gpio_core.gen_input_filter[0].u_filter.gen_async.prim_flop_2sync.intq (net)
                      0.008435    0.000000    0.071443 v _594_/D (sg13g2_dfrbpq_1)
                                              0.071443   data arrival time

                      0.000000    0.000000    0.000000   clock core (rise edge)
                                  0.000000    0.000000   clock network delay (ideal)
                                  0.000000    0.000000   clock reconvergence pessimism
                                              0.000000 ^ _594_/CLK (sg13g2_dfrbpq_1)
                                 -0.019577   -0.019577   library hold time
                                             -0.019577   data required time
---------------------------------------------------------------------------------------------
                                             -0.019577   data required time
                                             -0.071443   data arrival time
---------------------------------------------------------------------------------------------
                                              0.091021   slack (MET)

Hotspot 20: instance=_601_ selected_worst_paths=none internal=1.12608e-05 switching=2.81612e-08 dynamic=1.1289e-05 leakage=4.56856e-09 total=1.12935e-05
Worst path through hotspot: status=met slack=0.091021 type=min group=core
startpoint=_600_ (rising edge-triggered flip-flop clocked by core)
endpoint=_601_ (rising edge-triggered flip-flop clocked by core)
path_power_complete=true
path_average_power_sum internal=2.2533e-05 switching=3.13559e-08 dynamic=2.25644e-05 leakage=9.13646e-09 total=2.25735e-05
stage instance cell pins fanout capacitance slew delay arrival internal switching dynamic leakage total
1 _600_ sg13g2_dfrbpq_1 CLK,Q 1 0.00158 0.008435 0.071443 0.071443 1.12722e-05 3.1947e-09 1.12754e-05 4.5679e-09 1.128e-05
2 _601_ sg13g2_dfrbpq_1 D - - 0.008435 0 0.071443 1.12608e-05 2.81612e-08 1.1289e-05 4.56856e-09 1.12935e-05
OpenSTA targeted timing report:
Startpoint: _600_ (rising edge-triggered flip-flop clocked by core)
Endpoint: _601_ (rising edge-triggered flip-flop clocked by core)
Path Group: core
Path Type: min

Fanout         Cap        Slew       Delay        Time   Description
---------------------------------------------------------------------------------------------
                      0.000000    0.000000    0.000000   clock core (rise edge)
                                  0.000000    0.000000   clock network delay (ideal)
                      0.000000    0.000000    0.000000 ^ _600_/CLK (sg13g2_dfrbpq_1)
     1    0.001580    0.008435    0.071443    0.071443 v _600_/Q (sg13g2_dfrbpq_1)
                                                         u_gpio_core.gen_input_filter[1].u_filter.gen_async.prim_flop_2sync.intq (net)
                      0.008435    0.000000    0.071443 v _601_/D (sg13g2_dfrbpq_1)
                                              0.071443   data arrival time

                      0.000000    0.000000    0.000000   clock core (rise edge)
                                  0.000000    0.000000   clock network delay (ideal)
                                  0.000000    0.000000   clock reconvergence pessimism
                                              0.000000 ^ _601_/CLK (sg13g2_dfrbpq_1)
                                 -0.019577   -0.019577   library hold time
                                             -0.019577   data required time
---------------------------------------------------------------------------------------------
                                             -0.019577   data required time
                                             -0.071443   data arrival time
---------------------------------------------------------------------------------------------
                                              0.091021   slack (MET)
