analysis=fusion_analysis corner=tt mode=setup stage=post_syn
workload=corners_sv_tt
methodology=staged_public_opensta
path_power_semantics=average_instance_power_in_same_analysis_context
activity_file=/tmp/flexsoc-repack/uart_master/runs/uart_master/dev/signoff/ihp-sg13g2/power/activity/captures/uart_master_ihp-sg13g2_corners_sv_tt.vcd
activity_scope=uart_master_tb/u_uart_master
liberty=/home/eneadim/github/flexsoc/.flexsoc/pdks/ihp-sg13g2/ihp-sg13g2/libs.ref/sg13g2_stdcell/lib/sg13g2_stdcell_typ_1p50V_25C.lib
netlist=/tmp/flexsoc-repack/uart_master/runs/uart_master/dev/syn/ihp-sg13g2/uart_master_synth.v
sdc=/tmp/flexsoc-repack/uart_master/runs/uart_master/dev/constraints/uart_master.sdc
spef=

=== Units ===
 time 1ns
 capacitance 1pF
 resistance 1kohm
 voltage 1v
 current 1uA
 power 1pW
 distance 1um

=== Constraint validation ===

=== Timing summary ===
wns max 0.00
tns max 0.00

=== Power summary ===
Group                  Internal  Switching    Leakage      Total
                          Power      Power      Power      Power (Watts)
----------------------------------------------------------------
Sequential             4.23e-03   5.20e-06   7.31e-07   4.24e-03  99.4%
Combinational          1.20e-05   1.10e-05   6.45e-07   2.36e-05   0.6%
Clock                  0.00e+00   0.00e+00   0.00e+00   0.00e+00   0.0%
Macro                  0.00e+00   0.00e+00   0.00e+00   0.00e+00   0.0%
Pad                    0.00e+00   0.00e+00   0.00e+00   0.00e+00   0.0%
----------------------------------------------------------------
Total                  4.24e-03   1.62e-05   1.38e-06   4.26e-03 100.0%
                          99.6%       0.4%       0.0%

=== Worst timing paths (violated or met) ===
Startpoint: cio_rx_i (input port clocked by core)
Endpoint: cio_tx_o (output port clocked by core)
Path Group: core
Path Type: max

Fanout         Cap        Slew       Delay        Time   Description
---------------------------------------------------------------------------------------------
                      0.000000    0.000000    0.000000   clock core (rise edge)
                                  0.000000    0.000000   clock network delay (ideal)
                                  2.000000    2.000000 v input external delay
     2    0.007029    0.000703    0.000703    2.000703 v cio_rx_i (in)
                                                         cio_rx_i (net)
                      0.000703    0.000000    2.000703 v _3230_/A (sg13g2_nand2_1)
     1    0.003990    0.026583    0.019527    2.020230 ^ _3230_/Y (sg13g2_nand2_1)
                                                         _1910_ (net)
                      0.026583    0.000000    2.020230 ^ _3231_/B1 (sg13g2_o21ai_1)
     1    0.010000    0.059062    0.050965    2.071195 v _3231_/Y (sg13g2_o21ai_1)
                                                         cio_tx_o (net)
                      0.059062    0.000000    2.071195 v cio_tx_o (out)
                                              2.071195   data arrival time

                      0.000000   10.000000   10.000000   clock core (rise edge)
                                  0.000000   10.000000   clock network delay (ideal)
                                  0.000000   10.000000   clock reconvergence pessimism
                                 -2.000000    8.000000   output external delay
                                              8.000000   data required time
---------------------------------------------------------------------------------------------
                                              8.000000   data required time
                                             -2.071195   data arrival time
---------------------------------------------------------------------------------------------
                                              5.928805   slack (MET)


Startpoint: tl_i[64] (input port clocked by core)
Endpoint: _3917_ (rising edge-triggered flip-flop clocked by core)
Path Group: core
Path Type: max

Fanout         Cap        Slew       Delay        Time   Description
---------------------------------------------------------------------------------------------
                      0.000000    0.000000    0.000000   clock core (rise edge)
                                  0.000000    0.000000   clock network delay (ideal)
                                  2.000000    2.000000 v input external delay
     4    0.013741    0.001374    0.001374    2.001374 v tl_i[64] (in)
                                                         tl_i[64] (net)
                      0.001374    0.000000    2.001374 v _2293_/A (sg13g2_inv_1)
     4    0.014212    0.044864    0.037237    2.038611 ^ _2293_/Y (sg13g2_inv_1)
                                                         _1211_ (net)
                      0.044864    0.000000    2.038611 ^ _2403_/B (sg13g2_and3_1)
     1    0.002663    0.022139    0.075773    2.114384 ^ _2403_/X (sg13g2_and3_1)
                                                         _1305_ (net)
                      0.022139    0.000000    2.114384 ^ _2404_/A (sg13g2_buf_1)
     9    0.032938    0.103826    0.102429    2.216813 ^ _2404_/X (sg13g2_buf_1)
                                                         _1306_ (net)
                      0.103826    0.000000    2.216813 ^ _2640_/A2 (sg13g2_a21oi_1)
     1    0.003561    0.055157    0.056443    2.273256 v _2640_/Y (sg13g2_a21oi_1)
                                                         _1499_ (net)
                      0.055157    0.000000    2.273256 v _2641_/A (sg13g2_nor2_1)
     4    0.014415    0.102514    0.092980    2.366236 ^ _2641_/Y (sg13g2_nor2_1)
                                                         _1500_ (net)
                      0.102514    0.000000    2.366236 ^ _2642_/A (sg13g2_inv_1)
     2    0.006909    0.034944    0.041566    2.407803 v _2642_/Y (sg13g2_inv_1)
                                                         _1501_ (net)
                      0.034944    0.000000    2.407803 v _2643_/B (sg13g2_nor2_1)
     2    0.008015    0.063336    0.058601    2.466403 ^ _2643_/Y (sg13g2_nor2_1)
                                                         _1502_ (net)
                      0.063336    0.000000    2.466403 ^ _2644_/A (sg13g2_nand2_1)
     2    0.006525    0.055924    0.047580    2.513984 v _2644_/Y (sg13g2_nand2_1)
                                                         _1503_ (net)
                      0.055924    0.000000    2.513984 v _2645_/B (sg13g2_nor2_1)
     4    0.015807    0.111777    0.098636    2.612620 ^ _2645_/Y (sg13g2_nor2_1)
                                                         _1504_ (net)
                      0.111777    0.000000    2.612620 ^ _2651_/A (sg13g2_inv_1)
     2    0.007537    0.037728    0.044568    2.657187 v _2651_/Y (sg13g2_inv_1)
                                                         _1508_ (net)
                      0.037728    0.000000    2.657187 v _2656_/A1 (sg13g2_a21oi_1)
     1    0.004064    0.091607    0.049506    2.706694 ^ _2656_/Y (sg13g2_a21oi_1)
                                                         _1512_ (net)
                      0.091607    0.000000    2.706694 ^ _2657_/C1 (sg13g2_a221oi_1)
     1    0.001756    0.127952    0.033572    2.740265 v _2657_/Y (sg13g2_a221oi_1)
                                                         _0317_ (net)
                      0.127952    0.000000    2.740265 v _3917_/D (sg13g2_dfrbpq_1)
                                              2.740265   data arrival time

                      0.000000   10.000000   10.000000   clock core (rise edge)
                                  0.000000   10.000000   clock network delay (ideal)
                                  0.000000   10.000000   clock reconvergence pessimism
                                             10.000000 ^ _3917_/CLK (sg13g2_dfrbpq_1)
                                 -0.098678    9.901322   library setup time
                                              9.901322   data required time
---------------------------------------------------------------------------------------------
                                              9.901322   data required time
                                             -2.740265   data arrival time
---------------------------------------------------------------------------------------------
                                              7.161057   slack (MET)


Startpoint: tl_i[108] (input port clocked by core)
Endpoint: _3913_ (rising edge-triggered flip-flop clocked by core)
Path Group: core
Path Type: max

Fanout         Cap        Slew       Delay        Time   Description
---------------------------------------------------------------------------------------------
                      0.000000    0.000000    0.000000   clock core (rise edge)
                                  0.000000    0.000000   clock network delay (ideal)
                                  2.000000    2.000000 ^ input external delay
     1    0.003664    0.000366    0.000366    2.000366 ^ tl_i[108] (in)
                                                         tl_i[108] (net)
                      0.000366    0.000000    2.000366 ^ _2264_/B (sg13g2_nand2_1)
     4    0.011839    0.056716    0.050582    2.050948 v _2264_/Y (sg13g2_nand2_1)
                                                         _1197_ (net)
                      0.056716    0.000000    2.050948 v _2299_/C (sg13g2_nor3_1)
     2    0.007340    0.098227    0.087702    2.138651 ^ _2299_/Y (sg13g2_nor3_1)
                                                         _1217_ (net)
                      0.098227    0.000000    2.138651 ^ _2300_/A (sg13g2_inv_1)
     2    0.006913    0.034349    0.041040    2.179691 v _2300_/Y (sg13g2_inv_1)
                                                         _1218_ (net)
                      0.034349    0.000000    2.179691 v _2586_/A (sg13g2_nor2b_1)
     3    0.011506    0.083135    0.073276    2.252967 ^ _2586_/Y (sg13g2_nor2b_1)
                                                         _1457_ (net)
                      0.083135    0.000000    2.252967 ^ _2587_/A (sg13g2_inv_1)
     2    0.007011    0.032026    0.038309    2.291276 v _2587_/Y (sg13g2_inv_1)
                                                         _1458_ (net)
                      0.032026    0.000000    2.291276 v _2943_/B (sg13g2_nor3_1)
     3    0.009037    0.111242    0.101740    2.393015 ^ _2943_/Y (sg13g2_nor3_1)
                                                         _1685_ (net)
                      0.111242    0.000000    2.393015 ^ _2945_/A (sg13g2_buf_1)
    22    0.083532    0.253212    0.225248    2.618263 ^ _2945_/X (sg13g2_buf_1)
                                                         _1687_ (net)
                      0.253212    0.000000    2.618263 ^ _3282_/S (sg13g2_mux2_1)
     1    0.001756    0.022916    0.137051    2.755315 v _3282_/X (sg13g2_mux2_1)
                                                         _0509_ (net)
                      0.022916    0.000000    2.755315 v _3913_/D (sg13g2_dfrbpq_1)
                                              2.755315   data arrival time

                      0.000000   10.000000   10.000000   clock core (rise edge)
                                  0.000000   10.000000   clock network delay (ideal)
                                  0.000000   10.000000   clock reconvergence pessimism
                                             10.000000 ^ _3913_/CLK (sg13g2_dfrbpq_1)
                                 -0.072106    9.927894   library setup time
                                              9.927894   data required time
---------------------------------------------------------------------------------------------
                                              9.927894   data required time
                                             -2.755315   data arrival time
---------------------------------------------------------------------------------------------
                                              7.172579   slack (MET)


Startpoint: tl_i[108] (input port clocked by core)
Endpoint: _3940_ (rising edge-triggered flip-flop clocked by core)
Path Group: core
Path Type: max

Fanout         Cap        Slew       Delay        Time   Description
---------------------------------------------------------------------------------------------
                      0.000000    0.000000    0.000000   clock core (rise edge)
                                  0.000000    0.000000   clock network delay (ideal)
                                  2.000000    2.000000 ^ input external delay
     1    0.003664    0.000366    0.000366    2.000366 ^ tl_i[108] (in)
                                                         tl_i[108] (net)
                      0.000366    0.000000    2.000366 ^ _2264_/B (sg13g2_nand2_1)
     4    0.011839    0.056716    0.050582    2.050948 v _2264_/Y (sg13g2_nand2_1)
                                                         _1197_ (net)
                      0.056716    0.000000    2.050948 v _2299_/C (sg13g2_nor3_1)
     2    0.007340    0.098227    0.087702    2.138651 ^ _2299_/Y (sg13g2_nor3_1)
                                                         _1217_ (net)
                      0.098227    0.000000    2.138651 ^ _2300_/A (sg13g2_inv_1)
     2    0.006913    0.034349    0.041040    2.179691 v _2300_/Y (sg13g2_inv_1)
                                                         _1218_ (net)
                      0.034349    0.000000    2.179691 v _2586_/A (sg13g2_nor2b_1)
     3    0.011506    0.083135    0.073276    2.252967 ^ _2586_/Y (sg13g2_nor2b_1)
                                                         _1457_ (net)
                      0.083135    0.000000    2.252967 ^ _2587_/A (sg13g2_inv_1)
     2    0.007011    0.032026    0.038309    2.291276 v _2587_/Y (sg13g2_inv_1)
                                                         _1458_ (net)
                      0.032026    0.000000    2.291276 v _2943_/B (sg13g2_nor3_1)
     3    0.009037    0.111242    0.101740    2.393015 ^ _2943_/Y (sg13g2_nor3_1)
                                                         _1685_ (net)
                      0.111242    0.000000    2.393015 ^ _2945_/A (sg13g2_buf_1)
    22    0.083532    0.253212    0.225248    2.618263 ^ _2945_/X (sg13g2_buf_1)
                                                         _1687_ (net)
                      0.253212    0.000000    2.618263 ^ _3197_/S (sg13g2_mux2_1)
     1    0.001756    0.022916    0.137051    2.755315 v _3197_/X (sg13g2_mux2_1)
                                                         _0477_ (net)
                      0.022916    0.000000    2.755315 v _3940_/D (sg13g2_dfrbpq_1)
                                              2.755315   data arrival time

                      0.000000   10.000000   10.000000   clock core (rise edge)
                                  0.000000   10.000000   clock network delay (ideal)
                                  0.000000   10.000000   clock reconvergence pessimism
                                             10.000000 ^ _3940_/CLK (sg13g2_dfrbpq_1)
                                 -0.072106    9.927894   library setup time
                                              9.927894   data required time
---------------------------------------------------------------------------------------------
                                              9.927894   data required time
                                             -2.755315   data arrival time
---------------------------------------------------------------------------------------------
                                              7.172579   slack (MET)


Startpoint: tl_i[62] (input port clocked by core)
Endpoint: _3899_ (rising edge-triggered flip-flop clocked by core)
Path Group: core
Path Type: max

Fanout         Cap        Slew       Delay        Time   Description
---------------------------------------------------------------------------------------------
                      0.000000    0.000000    0.000000   clock core (rise edge)
                                  0.000000    0.000000   clock network delay (ideal)
                                  2.000000    2.000000 ^ input external delay
     3    0.011381    0.001138    0.001138    2.001138 ^ tl_i[62] (in)
                                                         tl_i[62] (net)
                      0.001138    0.000000    2.001138 ^ _2348_/A (sg13g2_inv_1)
     3    0.009464    0.022795    0.024986    2.026124 v _2348_/Y (sg13g2_inv_1)
                                                         _1256_ (net)
                      0.022795    0.000000    2.026124 v _2349_/B (sg13g2_nor3_1)
     6    0.021482    0.215339    0.176147    2.202271 ^ _2349_/Y (sg13g2_nor3_1)
                                                         _1257_ (net)
                      0.215339    0.000000    2.202271 ^ _2357_/A (sg13g2_inv_1)
     3    0.009698    0.057823    0.064492    2.266763 v _2357_/Y (sg13g2_inv_1)
                                                         _1264_ (net)
                      0.057823    0.000000    2.266763 v _2591_/B2 (sg13g2_a22oi_1)
     1    0.004360    0.066051    0.059892    2.326655 ^ _2591_/Y (sg13g2_a22oi_1)
                                                         _1462_ (net)
                      0.066051    0.000000    2.326655 ^ _2592_/C (sg13g2_nor3_1)
     1    0.003391    0.025693    0.030355    2.357011 v _2592_/Y (sg13g2_nor3_1)
                                                         _1463_ (net)
                      0.025693    0.000000    2.357011 v _2593_/A (sg13g2_inv_1)
     4    0.016788    0.056340    0.050549    2.407560 ^ _2593_/Y (sg13g2_inv_1)
                                                         _1464_ (net)
                      0.056340    0.000000    2.407560 ^ _2943_/C (sg13g2_nor3_1)
     3    0.008510    0.040797    0.039389    2.446949 v _2943_/Y (sg13g2_nor3_1)
                                                         _1685_ (net)
                      0.040797    0.000000    2.446949 v _2945_/A (sg13g2_buf_1)
    22    0.082829    0.185641    0.179399    2.626348 v _2945_/X (sg13g2_buf_1)
                                                         _1687_ (net)
                      0.185641    0.000000    2.626348 v _2972_/B (sg13g2_nand2b_1)
     1    0.003990    0.052213    0.057175    2.683523 ^ _2972_/Y (sg13g2_nand2b_1)
                                                         _1701_ (net)
                      0.052213    0.000000    2.683523 ^ _2973_/B1 (sg13g2_o21ai_1)
     1    0.001756    0.050212    0.029784    2.713308 v _2973_/Y (sg13g2_o21ai_1)
                                                         _0444_ (net)
                      0.050212    0.000000    2.713308 v _3899_/D (sg13g2_dfrbpq_1)
                                              2.713308   data arrival time

                      0.000000   10.000000   10.000000   clock core (rise edge)
                                  0.000000   10.000000   clock network delay (ideal)
                                  0.000000   10.000000   clock reconvergence pessimism
                                             10.000000 ^ _3899_/CLK (sg13g2_dfrbpq_1)
                                 -0.079012    9.920989   library setup time
                                              9.920989   data required time
---------------------------------------------------------------------------------------------
                                              9.920989   data required time
                                             -2.713308   data arrival time
---------------------------------------------------------------------------------------------
                                              7.207681   slack (MET)


Startpoint: tl_i[62] (input port clocked by core)
Endpoint: _3900_ (rising edge-triggered flip-flop clocked by core)
Path Group: core
Path Type: max

Fanout         Cap        Slew       Delay        Time   Description
---------------------------------------------------------------------------------------------
                      0.000000    0.000000    0.000000   clock core (rise edge)
                                  0.000000    0.000000   clock network delay (ideal)
                                  2.000000    2.000000 ^ input external delay
     3    0.011381    0.001138    0.001138    2.001138 ^ tl_i[62] (in)
                                                         tl_i[62] (net)
                      0.001138    0.000000    2.001138 ^ _2348_/A (sg13g2_inv_1)
     3    0.009464    0.022795    0.024986    2.026124 v _2348_/Y (sg13g2_inv_1)
                                                         _1256_ (net)
                      0.022795    0.000000    2.026124 v _2349_/B (sg13g2_nor3_1)
     6    0.021482    0.215339    0.176147    2.202271 ^ _2349_/Y (sg13g2_nor3_1)
                                                         _1257_ (net)
                      0.215339    0.000000    2.202271 ^ _2357_/A (sg13g2_inv_1)
     3    0.009698    0.057823    0.064492    2.266763 v _2357_/Y (sg13g2_inv_1)
                                                         _1264_ (net)
                      0.057823    0.000000    2.266763 v _2591_/B2 (sg13g2_a22oi_1)
     1    0.004360    0.066051    0.059892    2.326655 ^ _2591_/Y (sg13g2_a22oi_1)
                                                         _1462_ (net)
                      0.066051    0.000000    2.326655 ^ _2592_/C (sg13g2_nor3_1)
     1    0.003391    0.025693    0.030355    2.357011 v _2592_/Y (sg13g2_nor3_1)
                                                         _1463_ (net)
                      0.025693    0.000000    2.357011 v _2593_/A (sg13g2_inv_1)
     4    0.016788    0.056340    0.050549    2.407560 ^ _2593_/Y (sg13g2_inv_1)
                                                         _1464_ (net)
                      0.056340    0.000000    2.407560 ^ _2943_/C (sg13g2_nor3_1)
     3    0.008510    0.040797    0.039389    2.446949 v _2943_/Y (sg13g2_nor3_1)
                                                         _1685_ (net)
                      0.040797    0.000000    2.446949 v _2945_/A (sg13g2_buf_1)
    22    0.082829    0.185641    0.179399    2.626348 v _2945_/X (sg13g2_buf_1)
                                                         _1687_ (net)
                      0.185641    0.000000    2.626348 v _2970_/B (sg13g2_nand2b_1)
     1    0.003990    0.052213    0.057175    2.683523 ^ _2970_/Y (sg13g2_nand2b_1)
                                                         _1700_ (net)
                      0.052213    0.000000    2.683523 ^ _2971_/B1 (sg13g2_o21ai_1)
     1    0.001756    0.050212    0.029784    2.713308 v _2971_/Y (sg13g2_o21ai_1)
                                                         _0443_ (net)
                      0.050212    0.000000    2.713308 v _3900_/D (sg13g2_dfrbpq_1)
                                              2.713308   data arrival time

                      0.000000   10.000000   10.000000   clock core (rise edge)
                                  0.000000   10.000000   clock network delay (ideal)
                                  0.000000   10.000000   clock reconvergence pessimism
                                             10.000000 ^ _3900_/CLK (sg13g2_dfrbpq_1)
                                 -0.079012    9.920989   library setup time
                                              9.920989   data required time
---------------------------------------------------------------------------------------------
                                              9.920989   data required time
                                             -2.713308   data arrival time
---------------------------------------------------------------------------------------------
                                              7.207681   slack (MET)


Startpoint: tl_i[62] (input port clocked by core)
Endpoint: _3901_ (rising edge-triggered flip-flop clocked by core)
Path Group: core
Path Type: max

Fanout         Cap        Slew       Delay        Time   Description
---------------------------------------------------------------------------------------------
                      0.000000    0.000000    0.000000   clock core (rise edge)
                                  0.000000    0.000000   clock network delay (ideal)
                                  2.000000    2.000000 ^ input external delay
     3    0.011381    0.001138    0.001138    2.001138 ^ tl_i[62] (in)
                                                         tl_i[62] (net)
                      0.001138    0.000000    2.001138 ^ _2348_/A (sg13g2_inv_1)
     3    0.009464    0.022795    0.024986    2.026124 v _2348_/Y (sg13g2_inv_1)
                                                         _1256_ (net)
                      0.022795    0.000000    2.026124 v _2349_/B (sg13g2_nor3_1)
     6    0.021482    0.215339    0.176147    2.202271 ^ _2349_/Y (sg13g2_nor3_1)
                                                         _1257_ (net)
                      0.215339    0.000000    2.202271 ^ _2357_/A (sg13g2_inv_1)
     3    0.009698    0.057823    0.064492    2.266763 v _2357_/Y (sg13g2_inv_1)
                                                         _1264_ (net)
                      0.057823    0.000000    2.266763 v _2591_/B2 (sg13g2_a22oi_1)
     1    0.004360    0.066051    0.059892    2.326655 ^ _2591_/Y (sg13g2_a22oi_1)
                                                         _1462_ (net)
                      0.066051    0.000000    2.326655 ^ _2592_/C (sg13g2_nor3_1)
     1    0.003391    0.025693    0.030355    2.357011 v _2592_/Y (sg13g2_nor3_1)
                                                         _1463_ (net)
                      0.025693    0.000000    2.357011 v _2593_/A (sg13g2_inv_1)
     4    0.016788    0.056340    0.050549    2.407560 ^ _2593_/Y (sg13g2_inv_1)
                                                         _1464_ (net)
                      0.056340    0.000000    2.407560 ^ _2943_/C (sg13g2_nor3_1)
     3    0.008510    0.040797    0.039389    2.446949 v _2943_/Y (sg13g2_nor3_1)
                                                         _1685_ (net)
                      0.040797    0.000000    2.446949 v _2945_/A (sg13g2_buf_1)
    22    0.082829    0.185641    0.179399    2.626348 v _2945_/X (sg13g2_buf_1)
                                                         _1687_ (net)
                      0.185641    0.000000    2.626348 v _2968_/B (sg13g2_nand2b_1)
     1    0.003990    0.052213    0.057175    2.683523 ^ _2968_/Y (sg13g2_nand2b_1)
                                                         _1699_ (net)
                      0.052213    0.000000    2.683523 ^ _2969_/B1 (sg13g2_o21ai_1)
     1    0.001756    0.050212    0.029784    2.713308 v _2969_/Y (sg13g2_o21ai_1)
                                                         _0442_ (net)
                      0.050212    0.000000    2.713308 v _3901_/D (sg13g2_dfrbpq_1)
                                              2.713308   data arrival time

                      0.000000   10.000000   10.000000   clock core (rise edge)
                                  0.000000   10.000000   clock network delay (ideal)
                                  0.000000   10.000000   clock reconvergence pessimism
                                             10.000000 ^ _3901_/CLK (sg13g2_dfrbpq_1)
                                 -0.079012    9.920989   library setup time
                                              9.920989   data required time
---------------------------------------------------------------------------------------------
                                              9.920989   data required time
                                             -2.713308   data arrival time
---------------------------------------------------------------------------------------------
                                              7.207681   slack (MET)


Startpoint: tl_i[62] (input port clocked by core)
Endpoint: _3902_ (rising edge-triggered flip-flop clocked by core)
Path Group: core
Path Type: max

Fanout         Cap        Slew       Delay        Time   Description
---------------------------------------------------------------------------------------------
                      0.000000    0.000000    0.000000   clock core (rise edge)
                                  0.000000    0.000000   clock network delay (ideal)
                                  2.000000    2.000000 ^ input external delay
     3    0.011381    0.001138    0.001138    2.001138 ^ tl_i[62] (in)
                                                         tl_i[62] (net)
                      0.001138    0.000000    2.001138 ^ _2348_/A (sg13g2_inv_1)
     3    0.009464    0.022795    0.024986    2.026124 v _2348_/Y (sg13g2_inv_1)
                                                         _1256_ (net)
                      0.022795    0.000000    2.026124 v _2349_/B (sg13g2_nor3_1)
     6    0.021482    0.215339    0.176147    2.202271 ^ _2349_/Y (sg13g2_nor3_1)
                                                         _1257_ (net)
                      0.215339    0.000000    2.202271 ^ _2357_/A (sg13g2_inv_1)
     3    0.009698    0.057823    0.064492    2.266763 v _2357_/Y (sg13g2_inv_1)
                                                         _1264_ (net)
                      0.057823    0.000000    2.266763 v _2591_/B2 (sg13g2_a22oi_1)
     1    0.004360    0.066051    0.059892    2.326655 ^ _2591_/Y (sg13g2_a22oi_1)
                                                         _1462_ (net)
                      0.066051    0.000000    2.326655 ^ _2592_/C (sg13g2_nor3_1)
     1    0.003391    0.025693    0.030355    2.357011 v _2592_/Y (sg13g2_nor3_1)
                                                         _1463_ (net)
                      0.025693    0.000000    2.357011 v _2593_/A (sg13g2_inv_1)
     4    0.016788    0.056340    0.050549    2.407560 ^ _2593_/Y (sg13g2_inv_1)
                                                         _1464_ (net)
                      0.056340    0.000000    2.407560 ^ _2943_/C (sg13g2_nor3_1)
     3    0.008510    0.040797    0.039389    2.446949 v _2943_/Y (sg13g2_nor3_1)
                                                         _1685_ (net)
                      0.040797    0.000000    2.446949 v _2945_/A (sg13g2_buf_1)
    22    0.082829    0.185641    0.179399    2.626348 v _2945_/X (sg13g2_buf_1)
                                                         _1687_ (net)
                      0.185641    0.000000    2.626348 v _2966_/B (sg13g2_nand2b_1)
     1    0.003990    0.052213    0.057175    2.683523 ^ _2966_/Y (sg13g2_nand2b_1)
                                                         _1698_ (net)
                      0.052213    0.000000    2.683523 ^ _2967_/B1 (sg13g2_o21ai_1)
     1    0.001756    0.050212    0.029784    2.713308 v _2967_/Y (sg13g2_o21ai_1)
                                                         _0441_ (net)
                      0.050212    0.000000    2.713308 v _3902_/D (sg13g2_dfrbpq_1)
                                              2.713308   data arrival time

                      0.000000   10.000000   10.000000   clock core (rise edge)
                                  0.000000   10.000000   clock network delay (ideal)
                                  0.000000   10.000000   clock reconvergence pessimism
                                             10.000000 ^ _3902_/CLK (sg13g2_dfrbpq_1)
                                 -0.079012    9.920989   library setup time
                                              9.920989   data required time
---------------------------------------------------------------------------------------------
                                              9.920989   data required time
                                             -2.713308   data arrival time
---------------------------------------------------------------------------------------------
                                              7.207681   slack (MET)


Startpoint: tl_i[62] (input port clocked by core)
Endpoint: _3903_ (rising edge-triggered flip-flop clocked by core)
Path Group: core
Path Type: max

Fanout         Cap        Slew       Delay        Time   Description
---------------------------------------------------------------------------------------------
                      0.000000    0.000000    0.000000   clock core (rise edge)
                                  0.000000    0.000000   clock network delay (ideal)
                                  2.000000    2.000000 ^ input external delay
     3    0.011381    0.001138    0.001138    2.001138 ^ tl_i[62] (in)
                                                         tl_i[62] (net)
                      0.001138    0.000000    2.001138 ^ _2348_/A (sg13g2_inv_1)
     3    0.009464    0.022795    0.024986    2.026124 v _2348_/Y (sg13g2_inv_1)
                                                         _1256_ (net)
                      0.022795    0.000000    2.026124 v _2349_/B (sg13g2_nor3_1)
     6    0.021482    0.215339    0.176147    2.202271 ^ _2349_/Y (sg13g2_nor3_1)
                                                         _1257_ (net)
                      0.215339    0.000000    2.202271 ^ _2357_/A (sg13g2_inv_1)
     3    0.009698    0.057823    0.064492    2.266763 v _2357_/Y (sg13g2_inv_1)
                                                         _1264_ (net)
                      0.057823    0.000000    2.266763 v _2591_/B2 (sg13g2_a22oi_1)
     1    0.004360    0.066051    0.059892    2.326655 ^ _2591_/Y (sg13g2_a22oi_1)
                                                         _1462_ (net)
                      0.066051    0.000000    2.326655 ^ _2592_/C (sg13g2_nor3_1)
     1    0.003391    0.025693    0.030355    2.357011 v _2592_/Y (sg13g2_nor3_1)
                                                         _1463_ (net)
                      0.025693    0.000000    2.357011 v _2593_/A (sg13g2_inv_1)
     4    0.016788    0.056340    0.050549    2.407560 ^ _2593_/Y (sg13g2_inv_1)
                                                         _1464_ (net)
                      0.056340    0.000000    2.407560 ^ _2943_/C (sg13g2_nor3_1)
     3    0.008510    0.040797    0.039389    2.446949 v _2943_/Y (sg13g2_nor3_1)
                                                         _1685_ (net)
                      0.040797    0.000000    2.446949 v _2945_/A (sg13g2_buf_1)
    22    0.082829    0.185641    0.179399    2.626348 v _2945_/X (sg13g2_buf_1)
                                                         _1687_ (net)
                      0.185641    0.000000    2.626348 v _2964_/B (sg13g2_nand2b_1)
     1    0.003990    0.052213    0.057175    2.683523 ^ _2964_/Y (sg13g2_nand2b_1)
                                                         _1697_ (net)
                      0.052213    0.000000    2.683523 ^ _2965_/B1 (sg13g2_o21ai_1)
     1    0.001756    0.050212    0.029784    2.713308 v _2965_/Y (sg13g2_o21ai_1)
                                                         _0440_ (net)
                      0.050212    0.000000    2.713308 v _3903_/D (sg13g2_dfrbpq_1)
                                              2.713308   data arrival time

                      0.000000   10.000000   10.000000   clock core (rise edge)
                                  0.000000   10.000000   clock network delay (ideal)
                                  0.000000   10.000000   clock reconvergence pessimism
                                             10.000000 ^ _3903_/CLK (sg13g2_dfrbpq_1)
                                 -0.079012    9.920989   library setup time
                                              9.920989   data required time
---------------------------------------------------------------------------------------------
                                              9.920989   data required time
                                             -2.713308   data arrival time
---------------------------------------------------------------------------------------------
                                              7.207681   slack (MET)


Startpoint: tl_i[62] (input port clocked by core)
Endpoint: _3904_ (rising edge-triggered flip-flop clocked by core)
Path Group: core
Path Type: max

Fanout         Cap        Slew       Delay        Time   Description
---------------------------------------------------------------------------------------------
                      0.000000    0.000000    0.000000   clock core (rise edge)
                                  0.000000    0.000000   clock network delay (ideal)
                                  2.000000    2.000000 ^ input external delay
     3    0.011381    0.001138    0.001138    2.001138 ^ tl_i[62] (in)
                                                         tl_i[62] (net)
                      0.001138    0.000000    2.001138 ^ _2348_/A (sg13g2_inv_1)
     3    0.009464    0.022795    0.024986    2.026124 v _2348_/Y (sg13g2_inv_1)
                                                         _1256_ (net)
                      0.022795    0.000000    2.026124 v _2349_/B (sg13g2_nor3_1)
     6    0.021482    0.215339    0.176147    2.202271 ^ _2349_/Y (sg13g2_nor3_1)
                                                         _1257_ (net)
                      0.215339    0.000000    2.202271 ^ _2357_/A (sg13g2_inv_1)
     3    0.009698    0.057823    0.064492    2.266763 v _2357_/Y (sg13g2_inv_1)
                                                         _1264_ (net)
                      0.057823    0.000000    2.266763 v _2591_/B2 (sg13g2_a22oi_1)
     1    0.004360    0.066051    0.059892    2.326655 ^ _2591_/Y (sg13g2_a22oi_1)
                                                         _1462_ (net)
                      0.066051    0.000000    2.326655 ^ _2592_/C (sg13g2_nor3_1)
     1    0.003391    0.025693    0.030355    2.357011 v _2592_/Y (sg13g2_nor3_1)
                                                         _1463_ (net)
                      0.025693    0.000000    2.357011 v _2593_/A (sg13g2_inv_1)
     4    0.016788    0.056340    0.050549    2.407560 ^ _2593_/Y (sg13g2_inv_1)
                                                         _1464_ (net)
                      0.056340    0.000000    2.407560 ^ _2943_/C (sg13g2_nor3_1)
     3    0.008510    0.040797    0.039389    2.446949 v _2943_/Y (sg13g2_nor3_1)
                                                         _1685_ (net)
                      0.040797    0.000000    2.446949 v _2945_/A (sg13g2_buf_1)
    22    0.082829    0.185641    0.179399    2.626348 v _2945_/X (sg13g2_buf_1)
                                                         _1687_ (net)
                      0.185641    0.000000    2.626348 v _2962_/B (sg13g2_nand2b_1)
     1    0.003990    0.052213    0.057175    2.683523 ^ _2962_/Y (sg13g2_nand2b_1)
                                                         _1696_ (net)
                      0.052213    0.000000    2.683523 ^ _2963_/B1 (sg13g2_o21ai_1)
     1    0.001756    0.050212    0.029784    2.713308 v _2963_/Y (sg13g2_o21ai_1)
                                                         _0439_ (net)
                      0.050212    0.000000    2.713308 v _3904_/D (sg13g2_dfrbpq_1)
                                              2.713308   data arrival time

                      0.000000   10.000000   10.000000   clock core (rise edge)
                                  0.000000   10.000000   clock network delay (ideal)
                                  0.000000   10.000000   clock reconvergence pessimism
                                             10.000000 ^ _3904_/CLK (sg13g2_dfrbpq_1)
                                 -0.079012    9.920989   library setup time
                                              9.920989   data required time
---------------------------------------------------------------------------------------------
                                              9.920989   data required time
                                             -2.713308   data arrival time
---------------------------------------------------------------------------------------------
                                              7.207681   slack (MET)


Startpoint: _4164_ (rising edge-triggered flip-flop clocked by core)
Endpoint: _3914_ (recovery check against rising-edge clock core)
Path Group: asynchronous
Path Type: max

Fanout         Cap        Slew       Delay        Time   Description
---------------------------------------------------------------------------------------------
                      0.000000    0.000000    0.000000   clock core (rise edge)
                                  0.000000    0.000000   clock network delay (ideal)
                      0.000000    0.000000    0.000000 ^ _4164_/CLK (sg13g2_dfrbpq_1)
   148    0.914859    2.690230    1.901932    1.901932 ^ _4164_/Q (sg13g2_dfrbpq_1)
                                                         u_uart_master_core.host_rst_ni (net)
                      2.690230    0.000000    1.901932 ^ _3914_/RESET_B (sg13g2_dfrbpq_1)
                                              1.901932   data arrival time

                      0.000000   10.000000   10.000000   clock core (rise edge)
                                  0.000000   10.000000   clock network delay (ideal)
                                  0.000000   10.000000   clock reconvergence pessimism
                                             10.000000 ^ _3914_/CLK (sg13g2_dfrbpq_1)
                                 -0.371524    9.628476   library recovery time
                                              9.628476   data required time
---------------------------------------------------------------------------------------------
                                              9.628476   data required time
                                             -1.901932   data arrival time
---------------------------------------------------------------------------------------------
                                              7.726543   slack (MET)


Startpoint: _4164_ (rising edge-triggered flip-flop clocked by core)
Endpoint: _3915_ (recovery check against rising-edge clock core)
Path Group: asynchronous
Path Type: max

Fanout         Cap        Slew       Delay        Time   Description
---------------------------------------------------------------------------------------------
                      0.000000    0.000000    0.000000   clock core (rise edge)
                                  0.000000    0.000000   clock network delay (ideal)
                      0.000000    0.000000    0.000000 ^ _4164_/CLK (sg13g2_dfrbpq_1)
   148    0.914859    2.690230    1.901932    1.901932 ^ _4164_/Q (sg13g2_dfrbpq_1)
                                                         u_uart_master_core.host_rst_ni (net)
                      2.690230    0.000000    1.901932 ^ _3915_/RESET_B (sg13g2_dfrbpq_1)
                                              1.901932   data arrival time

                      0.000000   10.000000   10.000000   clock core (rise edge)
                                  0.000000   10.000000   clock network delay (ideal)
                                  0.000000   10.000000   clock reconvergence pessimism
                                             10.000000 ^ _3915_/CLK (sg13g2_dfrbpq_1)
                                 -0.371524    9.628476   library recovery time
                                              9.628476   data required time
---------------------------------------------------------------------------------------------
                                              9.628476   data required time
                                             -1.901932   data arrival time
---------------------------------------------------------------------------------------------
                                              7.726543   slack (MET)


Startpoint: _4164_ (rising edge-triggered flip-flop clocked by core)
Endpoint: _3961_ (recovery check against rising-edge clock core)
Path Group: asynchronous
Path Type: max

Fanout         Cap        Slew       Delay        Time   Description
---------------------------------------------------------------------------------------------
                      0.000000    0.000000    0.000000   clock core (rise edge)
                                  0.000000    0.000000   clock network delay (ideal)
                      0.000000    0.000000    0.000000 ^ _4164_/CLK (sg13g2_dfrbpq_1)
   148    0.914859    2.690230    1.901932    1.901932 ^ _4164_/Q (sg13g2_dfrbpq_1)
                                                         u_uart_master_core.host_rst_ni (net)
                      2.690230    0.000000    1.901932 ^ _3961_/RESET_B (sg13g2_dfrbpq_1)
                                              1.901932   data arrival time

                      0.000000   10.000000   10.000000   clock core (rise edge)
                                  0.000000   10.000000   clock network delay (ideal)
                                  0.000000   10.000000   clock reconvergence pessimism
                                             10.000000 ^ _3961_/CLK (sg13g2_dfrbpq_1)
                                 -0.371524    9.628476   library recovery time
                                              9.628476   data required time
---------------------------------------------------------------------------------------------
                                              9.628476   data required time
                                             -1.901932   data arrival time
---------------------------------------------------------------------------------------------
                                              7.726543   slack (MET)


Startpoint: _4164_ (rising edge-triggered flip-flop clocked by core)
Endpoint: _3962_ (recovery check against rising-edge clock core)
Path Group: asynchronous
Path Type: max

Fanout         Cap        Slew       Delay        Time   Description
---------------------------------------------------------------------------------------------
                      0.000000    0.000000    0.000000   clock core (rise edge)
                                  0.000000    0.000000   clock network delay (ideal)
                      0.000000    0.000000    0.000000 ^ _4164_/CLK (sg13g2_dfrbpq_1)
   148    0.914859    2.690230    1.901932    1.901932 ^ _4164_/Q (sg13g2_dfrbpq_1)
                                                         u_uart_master_core.host_rst_ni (net)
                      2.690230    0.000000    1.901932 ^ _3962_/RESET_B (sg13g2_dfrbpq_1)
                                              1.901932   data arrival time

                      0.000000   10.000000   10.000000   clock core (rise edge)
                                  0.000000   10.000000   clock network delay (ideal)
                                  0.000000   10.000000   clock reconvergence pessimism
                                             10.000000 ^ _3962_/CLK (sg13g2_dfrbpq_1)
                                 -0.371524    9.628476   library recovery time
                                              9.628476   data required time
---------------------------------------------------------------------------------------------
                                              9.628476   data required time
                                             -1.901932   data arrival time
---------------------------------------------------------------------------------------------
                                              7.726543   slack (MET)


Startpoint: _4164_ (rising edge-triggered flip-flop clocked by core)
Endpoint: _3963_ (recovery check against rising-edge clock core)
Path Group: asynchronous
Path Type: max

Fanout         Cap        Slew       Delay        Time   Description
---------------------------------------------------------------------------------------------
                      0.000000    0.000000    0.000000   clock core (rise edge)
                                  0.000000    0.000000   clock network delay (ideal)
                      0.000000    0.000000    0.000000 ^ _4164_/CLK (sg13g2_dfrbpq_1)
   148    0.914859    2.690230    1.901932    1.901932 ^ _4164_/Q (sg13g2_dfrbpq_1)
                                                         u_uart_master_core.host_rst_ni (net)
                      2.690230    0.000000    1.901932 ^ _3963_/RESET_B (sg13g2_dfrbpq_1)
                                              1.901932   data arrival time

                      0.000000   10.000000   10.000000   clock core (rise edge)
                                  0.000000   10.000000   clock network delay (ideal)
                                  0.000000   10.000000   clock reconvergence pessimism
                                             10.000000 ^ _3963_/CLK (sg13g2_dfrbpq_1)
                                 -0.371524    9.628476   library recovery time
                                              9.628476   data required time
---------------------------------------------------------------------------------------------
                                              9.628476   data required time
                                             -1.901932   data arrival time
---------------------------------------------------------------------------------------------
                                              7.726543   slack (MET)


Startpoint: _4164_ (rising edge-triggered flip-flop clocked by core)
Endpoint: _4015_ (recovery check against rising-edge clock core)
Path Group: asynchronous
Path Type: max

Fanout         Cap        Slew       Delay        Time   Description
---------------------------------------------------------------------------------------------
                      0.000000    0.000000    0.000000   clock core (rise edge)
                                  0.000000    0.000000   clock network delay (ideal)
                      0.000000    0.000000    0.000000 ^ _4164_/CLK (sg13g2_dfrbpq_1)
   148    0.914859    2.690230    1.901932    1.901932 ^ _4164_/Q (sg13g2_dfrbpq_1)
                                                         u_uart_master_core.host_rst_ni (net)
                      2.690230    0.000000    1.901932 ^ _4015_/RESET_B (sg13g2_dfrbpq_1)
                                              1.901932   data arrival time

                      0.000000   10.000000   10.000000   clock core (rise edge)
                                  0.000000   10.000000   clock network delay (ideal)
                                  0.000000   10.000000   clock reconvergence pessimism
                                             10.000000 ^ _4015_/CLK (sg13g2_dfrbpq_1)
                                 -0.371524    9.628476   library recovery time
                                              9.628476   data required time
---------------------------------------------------------------------------------------------
                                              9.628476   data required time
                                             -1.901932   data arrival time
---------------------------------------------------------------------------------------------
                                              7.726543   slack (MET)


Startpoint: _4164_ (rising edge-triggered flip-flop clocked by core)
Endpoint: _4020_ (recovery check against rising-edge clock core)
Path Group: asynchronous
Path Type: max

Fanout         Cap        Slew       Delay        Time   Description
---------------------------------------------------------------------------------------------
                      0.000000    0.000000    0.000000   clock core (rise edge)
                                  0.000000    0.000000   clock network delay (ideal)
                      0.000000    0.000000    0.000000 ^ _4164_/CLK (sg13g2_dfrbpq_1)
   148    0.914859    2.690230    1.901932    1.901932 ^ _4164_/Q (sg13g2_dfrbpq_1)
                                                         u_uart_master_core.host_rst_ni (net)
                      2.690230    0.000000    1.901932 ^ _4020_/RESET_B (sg13g2_dfrbpq_1)
                                              1.901932   data arrival time

                      0.000000   10.000000   10.000000   clock core (rise edge)
                                  0.000000   10.000000   clock network delay (ideal)
                                  0.000000   10.000000   clock reconvergence pessimism
                                             10.000000 ^ _4020_/CLK (sg13g2_dfrbpq_1)
                                 -0.371524    9.628476   library recovery time
                                              9.628476   data required time
---------------------------------------------------------------------------------------------
                                              9.628476   data required time
                                             -1.901932   data arrival time
---------------------------------------------------------------------------------------------
                                              7.726543   slack (MET)


Startpoint: _4164_ (rising edge-triggered flip-flop clocked by core)
Endpoint: _4021_ (recovery check against rising-edge clock core)
Path Group: asynchronous
Path Type: max

Fanout         Cap        Slew       Delay        Time   Description
---------------------------------------------------------------------------------------------
                      0.000000    0.000000    0.000000   clock core (rise edge)
                                  0.000000    0.000000   clock network delay (ideal)
                      0.000000    0.000000    0.000000 ^ _4164_/CLK (sg13g2_dfrbpq_1)
   148    0.914859    2.690230    1.901932    1.901932 ^ _4164_/Q (sg13g2_dfrbpq_1)
                                                         u_uart_master_core.host_rst_ni (net)
                      2.690230    0.000000    1.901932 ^ _4021_/RESET_B (sg13g2_dfrbpq_1)
                                              1.901932   data arrival time

                      0.000000   10.000000   10.000000   clock core (rise edge)
                                  0.000000   10.000000   clock network delay (ideal)
                                  0.000000   10.000000   clock reconvergence pessimism
                                             10.000000 ^ _4021_/CLK (sg13g2_dfrbpq_1)
                                 -0.371524    9.628476   library recovery time
                                              9.628476   data required time
---------------------------------------------------------------------------------------------
                                              9.628476   data required time
                                             -1.901932   data arrival time
---------------------------------------------------------------------------------------------
                                              7.726543   slack (MET)


Startpoint: _4164_ (rising edge-triggered flip-flop clocked by core)
Endpoint: _4022_ (recovery check against rising-edge clock core)
Path Group: asynchronous
Path Type: max

Fanout         Cap        Slew       Delay        Time   Description
---------------------------------------------------------------------------------------------
                      0.000000    0.000000    0.000000   clock core (rise edge)
                                  0.000000    0.000000   clock network delay (ideal)
                      0.000000    0.000000    0.000000 ^ _4164_/CLK (sg13g2_dfrbpq_1)
   148    0.914859    2.690230    1.901932    1.901932 ^ _4164_/Q (sg13g2_dfrbpq_1)
                                                         u_uart_master_core.host_rst_ni (net)
                      2.690230    0.000000    1.901932 ^ _4022_/RESET_B (sg13g2_dfrbpq_1)
                                              1.901932   data arrival time

                      0.000000   10.000000   10.000000   clock core (rise edge)
                                  0.000000   10.000000   clock network delay (ideal)
                                  0.000000   10.000000   clock reconvergence pessimism
                                             10.000000 ^ _4022_/CLK (sg13g2_dfrbpq_1)
                                 -0.371524    9.628476   library recovery time
                                              9.628476   data required time
---------------------------------------------------------------------------------------------
                                              9.628476   data required time
                                             -1.901932   data arrival time
---------------------------------------------------------------------------------------------
                                              7.726543   slack (MET)


Startpoint: _4164_ (rising edge-triggered flip-flop clocked by core)
Endpoint: _4023_ (recovery check against rising-edge clock core)
Path Group: asynchronous
Path Type: max

Fanout         Cap        Slew       Delay        Time   Description
---------------------------------------------------------------------------------------------
                      0.000000    0.000000    0.000000   clock core (rise edge)
                                  0.000000    0.000000   clock network delay (ideal)
                      0.000000    0.000000    0.000000 ^ _4164_/CLK (sg13g2_dfrbpq_1)
   148    0.914859    2.690230    1.901932    1.901932 ^ _4164_/Q (sg13g2_dfrbpq_1)
                                                         u_uart_master_core.host_rst_ni (net)
                      2.690230    0.000000    1.901932 ^ _4023_/RESET_B (sg13g2_dfrbpq_1)
                                              1.901932   data arrival time

                      0.000000   10.000000   10.000000   clock core (rise edge)
                                  0.000000   10.000000   clock network delay (ideal)
                                  0.000000   10.000000   clock reconvergence pessimism
                                             10.000000 ^ _4023_/CLK (sg13g2_dfrbpq_1)
                                 -0.371524    9.628476   library recovery time
                                              9.628476   data required time
---------------------------------------------------------------------------------------------
                                              9.628476   data required time
                                             -1.901932   data arrival time
---------------------------------------------------------------------------------------------
                                              7.726543   slack (MET)

=== FlexSoC normalized power fields ===
dynamic_power_definition=internal_power+switching_power
power_unit=OpenSTA report unit; see Units section
internal_power=0.00424
switching_power=1.62e-05
dynamic_power=0.0042562
leakage_power=1.38e-06
total_power=0.00426

=== Gate-level timing/power fusion ===
power_semantics=average_instance_power_from_the_same_VCD_SAIF_context
path_power_sum=unique_instance_average_power_sum_not_incremental_path_energy
fanout_capacitance_source=OpenSTA_report_checks_output_pin_fields

Worst path 1: status=met slack=5.9288 type=max group=core
startpoint=cio_rx_i (input port clocked by core)
endpoint=cio_tx_o (output port clocked by core)
path_power_complete=true
path_average_power_sum internal=9.78231e-10 switching=1.09964e-09 dynamic=2.07787e-09 leakage=3.24053e-10 total=2.40192e-09
stage instance cell pins fanout capacitance slew delay arrival internal switching dynamic leakage total
1 _3230_ sg13g2_nand2_1 A,Y 1 0.00399 0.026583 0.019527 2.02023 7.28128e-10 7.32469e-10 1.4606e-09 1.10156e-10 1.57075e-09
2 _3231_ sg13g2_o21ai_1 B1,Y 1 0.01 0.059062 0.050965 2.07119 2.50103e-10 3.67167e-10 6.17271e-10 2.13898e-10 8.31168e-10

Worst path 2: status=met slack=7.16106 type=max group=core
startpoint=tl_i[64] (input port clocked by core)
endpoint=_3917_ (rising edge-triggered flip-flop clocked by core)
path_power_complete=true
path_average_power_sum internal=8.20328e-06 switching=1.06493e-07 dynamic=8.30977e-06 leakage=4.3116e-09 total=8.31408e-06
stage instance cell pins fanout capacitance slew delay arrival internal switching dynamic leakage total
1 _2293_ sg13g2_inv_1 A,Y 4 0.014212 0.044864 0.037237 2.03861 1.12678e-09 6.78358e-09 7.91036e-09 9.44768e-11 8.00484e-09
2 _2403_ sg13g2_and3_1 B,X 1 0.002663 0.022139 0.075773 2.11438 7.17337e-09 1.66215e-09 8.83552e-09 3.19662e-10 9.15518e-09
3 _2404_ sg13g2_buf_1 A,X 9 0.032938 0.103826 0.102429 2.21681 5.22859e-09 2.05592e-08 2.57878e-08 3.09931e-10 2.60977e-08
4 _2640_ sg13g2_a21oi_1 A2,Y 1 0.003561 0.055157 0.056443 2.27326 2.04739e-09 2.26137e-09 4.30876e-09 2.23387e-10 4.53214e-09
5 _2641_ sg13g2_nor2_1 A,Y 4 0.014415 0.102514 0.09298 2.36624 2.79414e-09 8.99765e-09 1.17918e-08 2.43128e-10 1.20349e-08
6 _2642_ sg13g2_inv_1 A,Y 2 0.006909 0.034944 0.041566 2.4078 1.63463e-09 4.57257e-09 6.2072e-09 9.42067e-11 6.30141e-09
7 _2643_ sg13g2_nor2_1 B,Y 2 0.008015 0.063336 0.058601 2.4664 6.39159e-10 1.4714e-09 2.11056e-09 3.0827e-10 2.41883e-09
8 _2644_ sg13g2_nand2_1 A,Y 2 0.006525 0.055924 0.04758 2.51398 5.5398e-10 1.41497e-09 1.96895e-09 1.29715e-10 2.09867e-09
9 _2645_ sg13g2_nor2_1 B,Y 4 0.015807 0.111777 0.098636 2.61262 1.26977e-10 5.80388e-10 7.07365e-10 3.08468e-10 1.01583e-09
10 _2651_ sg13g2_inv_1 A,Y 2 0.007537 0.037728 0.044568 2.65719 9.97521e-11 2.76716e-10 3.76468e-10 9.38978e-11 4.70366e-10
11 _2656_ sg13g2_a21oi_1 A1,Y 1 0.004064 0.091607 0.049506 2.70669 4.81586e-09 2.53682e-09 7.35267e-09 1.88711e-10 7.54138e-09
12 _2657_ sg13g2_a221oi_1 C1,Y 1 0.001756 0.127952 0.033572 2.74026 4.24006e-09 1.62191e-09 5.86196e-09 5.55098e-10 6.41706e-09
13 _3917_ sg13g2_dfrbpq_1 D - - 0.127952 0 2.74026 8.17279e-06 5.37543e-08 8.22655e-06 1.44265e-09 8.22799e-06

Worst path 3: status=met slack=7.17258 type=max group=core
startpoint=tl_i[108] (input port clocked by core)
endpoint=_3913_ (rising edge-triggered flip-flop clocked by core)
path_power_complete=true
path_average_power_sum internal=9.85511e-06 switching=6.83118e-08 dynamic=9.92343e-06 leakage=4.20618e-09 total=9.92763e-06
stage instance cell pins fanout capacitance slew delay arrival internal switching dynamic leakage total
1 _2264_ sg13g2_nand2_1 B,Y 4 0.011839 0.056716 0.050582 2.05095 5.83016e-09 2.0421e-08 2.62511e-08 9.53872e-11 2.63465e-08
2 _2299_ sg13g2_nor3_1 C,Y 2 0.00734 0.098227 0.087702 2.13865 2.06966e-09 3.50346e-09 5.57311e-09 4.58876e-10 6.03199e-09
3 _2300_ sg13g2_inv_1 A,Y 2 0.006913 0.034349 0.04104 2.17969 1.20068e-09 3.49938e-09 4.70007e-09 9.41315e-11 4.7942e-09
4 _2586_ sg13g2_nor2b_1 A,Y 3 0.011506 0.083135 0.073276 2.25297 1.8241e-09 5.49209e-09 7.31619e-09 4.77057e-10 7.79325e-09
5 _2587_ sg13g2_inv_1 A,Y 2 0.007011 0.032026 0.038309 2.29128 1.18794e-09 3.57576e-09 4.7637e-09 9.41305e-11 4.85783e-09
6 _2943_ sg13g2_nor3_1 B,Y 3 0.009037 0.111242 0.10174 2.39302 1.67287e-09 2.98629e-09 4.65915e-09 4.57895e-10 5.11705e-09
7 _2945_ sg13g2_buf_1 A,X 22 0.083532 0.253212 0.225248 2.61826 2.7953e-09 2.76031e-08 3.03985e-08 3.10095e-10 3.07085e-08
8 _3282_ sg13g2_mux2_1 S,X 1 0.001756 0.022916 0.137051 2.75531 3.70398e-09 1.94629e-10 3.89861e-09 6.61835e-10 4.56045e-09
9 _3913_ sg13g2_dfrbpq_1 D - - 0.022916 0 2.75531 9.83483e-06 1.03611e-09 9.83587e-06 1.55677e-09 9.83742e-06

Worst path 4: status=met slack=7.17258 type=max group=core
startpoint=tl_i[108] (input port clocked by core)
endpoint=_3940_ (rising edge-triggered flip-flop clocked by core)
path_power_complete=true
path_average_power_sum internal=9.85511e-06 switching=6.77973e-08 dynamic=9.9229e-06 leakage=4.2063e-09 total=9.92711e-06
stage instance cell pins fanout capacitance slew delay arrival internal switching dynamic leakage total
1 _2264_ sg13g2_nand2_1 B,Y 4 0.011839 0.056716 0.050582 2.05095 5.83016e-09 2.0421e-08 2.62511e-08 9.53872e-11 2.63465e-08
2 _2299_ sg13g2_nor3_1 C,Y 2 0.00734 0.098227 0.087702 2.13865 2.06966e-09 3.50346e-09 5.57311e-09 4.58876e-10 6.03199e-09
3 _2300_ sg13g2_inv_1 A,Y 2 0.006913 0.034349 0.04104 2.17969 1.20068e-09 3.49938e-09 4.70007e-09 9.41315e-11 4.7942e-09
4 _2586_ sg13g2_nor2b_1 A,Y 3 0.011506 0.083135 0.073276 2.25297 1.8241e-09 5.49209e-09 7.31619e-09 4.77057e-10 7.79325e-09
5 _2587_ sg13g2_inv_1 A,Y 2 0.007011 0.032026 0.038309 2.29128 1.18794e-09 3.57576e-09 4.7637e-09 9.41305e-11 4.85783e-09
6 _2943_ sg13g2_nor3_1 B,Y 3 0.009037 0.111242 0.10174 2.39302 1.67287e-09 2.98629e-09 4.65915e-09 4.57895e-10 5.11705e-09
7 _2945_ sg13g2_buf_1 A,X 22 0.083532 0.253212 0.225248 2.61826 2.7953e-09 2.76031e-08 3.03985e-08 3.10095e-10 3.07085e-08
8 _3197_ sg13g2_mux2_1 S,X 1 0.001756 0.022916 0.137051 2.75531 3.70622e-09 1.94629e-10 3.90085e-09 6.61952e-10 4.5628e-09
9 _3940_ sg13g2_dfrbpq_1 D - - 0.022916 0 2.75531 9.83482e-06 5.21545e-10 9.83534e-06 1.55677e-09 9.8369e-06

Worst path 5: status=met slack=7.20768 type=max group=core
startpoint=tl_i[62] (input port clocked by core)
endpoint=_3899_ (rising edge-triggered flip-flop clocked by core)
path_power_complete=true
path_average_power_sum internal=9.86408e-06 switching=8.13108e-08 dynamic=9.94539e-06 leakage=4.13186e-09 total=9.94953e-06
stage instance cell pins fanout capacitance slew delay arrival internal switching dynamic leakage total
1 _2348_ sg13g2_inv_1 A,Y 3 0.009464 0.022795 0.024986 2.02612 7.42982e-10 3.65684e-09 4.39982e-09 9.42838e-11 4.4941e-09
2 _2349_ sg13g2_nor3_1 B,Y 6 0.021482 0.215339 0.176147 2.20227 1.61813e-09 7.09887e-09 8.717e-09 4.59147e-10 9.17614e-09
3 _2357_ sg13g2_inv_1 A,Y 3 0.009698 0.057823 0.064492 2.26676 1.07096e-09 3.93671e-09 5.00768e-09 9.4282e-11 5.10196e-09
4 _2591_ sg13g2_a22oi_1 B2,Y 1 0.00436 0.066051 0.059892 2.32666 7.95246e-09 5.92246e-09 1.38749e-08 2.27027e-10 1.41019e-08
5 _2592_ sg13g2_nor3_1 C,Y 1 0.003391 0.025693 0.030355 2.35701 7.35668e-09 4.92964e-09 1.22863e-08 4.56928e-10 1.27432e-08
6 _2593_ sg13g2_inv_1 A,Y 4 0.016788 0.05634 0.050549 2.40756 3.44862e-09 2.28063e-08 2.6255e-08 9.56311e-11 2.63506e-08
7 _2943_ sg13g2_nor3_1 C,Y 3 0.00851 0.040797 0.039389 2.44695 1.67287e-09 2.98629e-09 4.65915e-09 4.57895e-10 5.11705e-09
8 _2945_ sg13g2_buf_1 A,X 22 0.082829 0.185641 0.179399 2.62635 2.7953e-09 2.76031e-08 3.03985e-08 3.10095e-10 3.07085e-08
9 _2972_ sg13g2_nand2b_1 B,Y 1 0.00399 0.052213 0.057175 2.68352 1.90731e-09 1.31844e-09 3.22575e-09 1.61721e-10 3.38747e-09
10 _2973_ sg13g2_o21ai_1 B1,Y 1 0.001756 0.050212 0.029784 2.71331 6.7662e-10 1.94629e-10 8.71248e-10 2.18083e-10 1.08933e-09
11 _3899_ sg13g2_dfrbpq_1 D - - 0.050212 0 2.71331 9.83484e-06 8.57404e-10 9.8357e-06 1.55677e-09 9.83726e-06

Worst path 6: status=met slack=7.20768 type=max group=core
startpoint=tl_i[62] (input port clocked by core)
endpoint=_3900_ (rising edge-triggered flip-flop clocked by core)
path_power_complete=true
path_average_power_sum internal=9.86409e-06 switching=8.52049e-08 dynamic=9.9493e-06 leakage=4.13187e-09 total=9.95343e-06
stage instance cell pins fanout capacitance slew delay arrival internal switching dynamic leakage total
1 _2348_ sg13g2_inv_1 A,Y 3 0.009464 0.022795 0.024986 2.02612 7.42982e-10 3.65684e-09 4.39982e-09 9.42838e-11 4.4941e-09
2 _2349_ sg13g2_nor3_1 B,Y 6 0.021482 0.215339 0.176147 2.20227 1.61813e-09 7.09887e-09 8.717e-09 4.59147e-10 9.17614e-09
3 _2357_ sg13g2_inv_1 A,Y 3 0.009698 0.057823 0.064492 2.26676 1.07096e-09 3.93671e-09 5.00768e-09 9.4282e-11 5.10196e-09
4 _2591_ sg13g2_a22oi_1 B2,Y 1 0.00436 0.066051 0.059892 2.32666 7.95246e-09 5.92246e-09 1.38749e-08 2.27027e-10 1.41019e-08
5 _2592_ sg13g2_nor3_1 C,Y 1 0.003391 0.025693 0.030355 2.35701 7.35668e-09 4.92964e-09 1.22863e-08 4.56928e-10 1.27432e-08
6 _2593_ sg13g2_inv_1 A,Y 4 0.016788 0.05634 0.050549 2.40756 3.44862e-09 2.28063e-08 2.6255e-08 9.56311e-11 2.63506e-08
7 _2943_ sg13g2_nor3_1 C,Y 3 0.00851 0.040797 0.039389 2.44695 1.67287e-09 2.98629e-09 4.65915e-09 4.57895e-10 5.11705e-09
8 _2945_ sg13g2_buf_1 A,X 22 0.082829 0.185641 0.179399 2.62635 2.7953e-09 2.76031e-08 3.03985e-08 3.10095e-10 3.07085e-08
9 _2970_ sg13g2_nand2b_1 B,Y 1 0.00399 0.052213 0.057175 2.68352 1.90731e-09 1.31844e-09 3.22575e-09 1.61721e-10 3.38747e-09
10 _2971_ sg13g2_o21ai_1 B1,Y 1 0.001756 0.050212 0.029784 2.71331 6.77437e-10 1.94629e-10 8.72066e-10 2.18084e-10 1.09015e-09
11 _3900_ sg13g2_dfrbpq_1 D - - 0.050212 0 2.71331 9.83485e-06 4.75157e-09 9.8396e-06 1.55677e-09 9.84116e-06

Worst path 7: status=met slack=7.20768 type=max group=core
startpoint=tl_i[62] (input port clocked by core)
endpoint=_3901_ (rising edge-triggered flip-flop clocked by core)
path_power_complete=true
path_average_power_sum internal=9.86408e-06 switching=8.1255e-08 dynamic=9.94534e-06 leakage=4.13187e-09 total=9.94947e-06
stage instance cell pins fanout capacitance slew delay arrival internal switching dynamic leakage total
1 _2348_ sg13g2_inv_1 A,Y 3 0.009464 0.022795 0.024986 2.02612 7.42982e-10 3.65684e-09 4.39982e-09 9.42838e-11 4.4941e-09
2 _2349_ sg13g2_nor3_1 B,Y 6 0.021482 0.215339 0.176147 2.20227 1.61813e-09 7.09887e-09 8.717e-09 4.59147e-10 9.17614e-09
3 _2357_ sg13g2_inv_1 A,Y 3 0.009698 0.057823 0.064492 2.26676 1.07096e-09 3.93671e-09 5.00768e-09 9.4282e-11 5.10196e-09
4 _2591_ sg13g2_a22oi_1 B2,Y 1 0.00436 0.066051 0.059892 2.32666 7.95246e-09 5.92246e-09 1.38749e-08 2.27027e-10 1.41019e-08
5 _2592_ sg13g2_nor3_1 C,Y 1 0.003391 0.025693 0.030355 2.35701 7.35668e-09 4.92964e-09 1.22863e-08 4.56928e-10 1.27432e-08
6 _2593_ sg13g2_inv_1 A,Y 4 0.016788 0.05634 0.050549 2.40756 3.44862e-09 2.28063e-08 2.6255e-08 9.56311e-11 2.63506e-08
7 _2943_ sg13g2_nor3_1 C,Y 3 0.00851 0.040797 0.039389 2.44695 1.67287e-09 2.98629e-09 4.65915e-09 4.57895e-10 5.11705e-09
8 _2945_ sg13g2_buf_1 A,X 22 0.082829 0.185641 0.179399 2.62635 2.7953e-09 2.76031e-08 3.03985e-08 3.10095e-10 3.07085e-08
9 _2968_ sg13g2_nand2b_1 B,Y 1 0.00399 0.052213 0.057175 2.68352 1.90731e-09 1.31844e-09 3.22575e-09 1.61721e-10 3.38747e-09
10 _2969_ sg13g2_o21ai_1 B1,Y 1 0.001756 0.050212 0.029784 2.71331 6.77381e-10 1.94629e-10 8.7201e-10 2.18083e-10 1.09009e-09
11 _3901_ sg13g2_dfrbpq_1 D - - 0.050212 0 2.71331 9.83484e-06 8.016e-10 9.83564e-06 1.55677e-09 9.8372e-06

Worst path 8: status=met slack=7.20768 type=max group=core
startpoint=tl_i[62] (input port clocked by core)
endpoint=_3902_ (rising edge-triggered flip-flop clocked by core)
path_power_complete=true
path_average_power_sum internal=9.86408e-06 switching=8.12336e-08 dynamic=9.94531e-06 leakage=4.13187e-09 total=9.94945e-06
stage instance cell pins fanout capacitance slew delay arrival internal switching dynamic leakage total
1 _2348_ sg13g2_inv_1 A,Y 3 0.009464 0.022795 0.024986 2.02612 7.42982e-10 3.65684e-09 4.39982e-09 9.42838e-11 4.4941e-09
2 _2349_ sg13g2_nor3_1 B,Y 6 0.021482 0.215339 0.176147 2.20227 1.61813e-09 7.09887e-09 8.717e-09 4.59147e-10 9.17614e-09
3 _2357_ sg13g2_inv_1 A,Y 3 0.009698 0.057823 0.064492 2.26676 1.07096e-09 3.93671e-09 5.00768e-09 9.4282e-11 5.10196e-09
4 _2591_ sg13g2_a22oi_1 B2,Y 1 0.00436 0.066051 0.059892 2.32666 7.95246e-09 5.92246e-09 1.38749e-08 2.27027e-10 1.41019e-08
5 _2592_ sg13g2_nor3_1 C,Y 1 0.003391 0.025693 0.030355 2.35701 7.35668e-09 4.92964e-09 1.22863e-08 4.56928e-10 1.27432e-08
6 _2593_ sg13g2_inv_1 A,Y 4 0.016788 0.05634 0.050549 2.40756 3.44862e-09 2.28063e-08 2.6255e-08 9.56311e-11 2.63506e-08
7 _2943_ sg13g2_nor3_1 C,Y 3 0.00851 0.040797 0.039389 2.44695 1.67287e-09 2.98629e-09 4.65915e-09 4.57895e-10 5.11705e-09
8 _2945_ sg13g2_buf_1 A,X 22 0.082829 0.185641 0.179399 2.62635 2.7953e-09 2.76031e-08 3.03985e-08 3.10095e-10 3.07085e-08
9 _2966_ sg13g2_nand2b_1 B,Y 1 0.00399 0.052213 0.057175 2.68352 1.90731e-09 1.31844e-09 3.22575e-09 1.61721e-10 3.38747e-09
10 _2967_ sg13g2_o21ai_1 B1,Y 1 0.001756 0.050212 0.029784 2.71331 6.75999e-10 1.94629e-10 8.70628e-10 2.18083e-10 1.08871e-09
11 _3902_ sg13g2_dfrbpq_1 D - - 0.050212 0 2.71331 9.83484e-06 7.80242e-10 9.83562e-06 1.55677e-09 9.83718e-06

Worst path 9: status=met slack=7.20768 type=max group=core
startpoint=tl_i[62] (input port clocked by core)
endpoint=_3903_ (rising edge-triggered flip-flop clocked by core)
path_power_complete=true
path_average_power_sum internal=9.86407e-06 switching=8.07198e-08 dynamic=9.94479e-06 leakage=4.13186e-09 total=9.94892e-06
stage instance cell pins fanout capacitance slew delay arrival internal switching dynamic leakage total
1 _2348_ sg13g2_inv_1 A,Y 3 0.009464 0.022795 0.024986 2.02612 7.42982e-10 3.65684e-09 4.39982e-09 9.42838e-11 4.4941e-09
2 _2349_ sg13g2_nor3_1 B,Y 6 0.021482 0.215339 0.176147 2.20227 1.61813e-09 7.09887e-09 8.717e-09 4.59147e-10 9.17614e-09
3 _2357_ sg13g2_inv_1 A,Y 3 0.009698 0.057823 0.064492 2.26676 1.07096e-09 3.93671e-09 5.00768e-09 9.4282e-11 5.10196e-09
4 _2591_ sg13g2_a22oi_1 B2,Y 1 0.00436 0.066051 0.059892 2.32666 7.95246e-09 5.92246e-09 1.38749e-08 2.27027e-10 1.41019e-08
5 _2592_ sg13g2_nor3_1 C,Y 1 0.003391 0.025693 0.030355 2.35701 7.35668e-09 4.92964e-09 1.22863e-08 4.56928e-10 1.27432e-08
6 _2593_ sg13g2_inv_1 A,Y 4 0.016788 0.05634 0.050549 2.40756 3.44862e-09 2.28063e-08 2.6255e-08 9.56311e-11 2.63506e-08
7 _2943_ sg13g2_nor3_1 C,Y 3 0.00851 0.040797 0.039389 2.44695 1.67287e-09 2.98629e-09 4.65915e-09 4.57895e-10 5.11705e-09
8 _2945_ sg13g2_buf_1 A,X 22 0.082829 0.185641 0.179399 2.62635 2.7953e-09 2.76031e-08 3.03985e-08 3.10095e-10 3.07085e-08
9 _2964_ sg13g2_nand2b_1 B,Y 1 0.00399 0.052213 0.057175 2.68352 1.90731e-09 1.31844e-09 3.22575e-09 1.61721e-10 3.38747e-09
10 _2965_ sg13g2_o21ai_1 B1,Y 1 0.001756 0.050212 0.029784 2.71331 6.76155e-10 1.94629e-10 8.70783e-10 2.18083e-10 1.08887e-09
11 _3903_ sg13g2_dfrbpq_1 D - - 0.050212 0 2.71331 9.83483e-06 2.66467e-10 9.8351e-06 1.55677e-09 9.83665e-06

Worst path 10: status=met slack=7.20768 type=max group=core
startpoint=tl_i[62] (input port clocked by core)
endpoint=_3904_ (rising edge-triggered flip-flop clocked by core)
path_power_complete=true
path_average_power_sum internal=9.86408e-06 switching=8.12336e-08 dynamic=9.94532e-06 leakage=4.13186e-09 total=9.94945e-06
stage instance cell pins fanout capacitance slew delay arrival internal switching dynamic leakage total
1 _2348_ sg13g2_inv_1 A,Y 3 0.009464 0.022795 0.024986 2.02612 7.42982e-10 3.65684e-09 4.39982e-09 9.42838e-11 4.4941e-09
2 _2349_ sg13g2_nor3_1 B,Y 6 0.021482 0.215339 0.176147 2.20227 1.61813e-09 7.09887e-09 8.717e-09 4.59147e-10 9.17614e-09
3 _2357_ sg13g2_inv_1 A,Y 3 0.009698 0.057823 0.064492 2.26676 1.07096e-09 3.93671e-09 5.00768e-09 9.4282e-11 5.10196e-09
4 _2591_ sg13g2_a22oi_1 B2,Y 1 0.00436 0.066051 0.059892 2.32666 7.95246e-09 5.92246e-09 1.38749e-08 2.27027e-10 1.41019e-08
5 _2592_ sg13g2_nor3_1 C,Y 1 0.003391 0.025693 0.030355 2.35701 7.35668e-09 4.92964e-09 1.22863e-08 4.56928e-10 1.27432e-08
6 _2593_ sg13g2_inv_1 A,Y 4 0.016788 0.05634 0.050549 2.40756 3.44862e-09 2.28063e-08 2.6255e-08 9.56311e-11 2.63506e-08
7 _2943_ sg13g2_nor3_1 C,Y 3 0.00851 0.040797 0.039389 2.44695 1.67287e-09 2.98629e-09 4.65915e-09 4.57895e-10 5.11705e-09
8 _2945_ sg13g2_buf_1 A,X 22 0.082829 0.185641 0.179399 2.62635 2.7953e-09 2.76031e-08 3.03985e-08 3.10095e-10 3.07085e-08
9 _2962_ sg13g2_nand2b_1 B,Y 1 0.00399 0.052213 0.057175 2.68352 1.90731e-09 1.31844e-09 3.22575e-09 1.61721e-10 3.38747e-09
10 _2963_ sg13g2_o21ai_1 B1,Y 1 0.001756 0.050212 0.029784 2.71331 6.76669e-10 1.94629e-10 8.71298e-10 2.18083e-10 1.08938e-09
11 _3904_ sg13g2_dfrbpq_1 D - - 0.050212 0 2.71331 9.83484e-06 7.80242e-10 9.83562e-06 1.55677e-09 9.83718e-06

Worst path 11: status=met slack=7.72654 type=max group=asynchronous
startpoint=_4164_ (rising edge-triggered flip-flop clocked by core)
endpoint=_3914_ (recovery check against rising-edge clock core)
path_power_complete=true
path_average_power_sum internal=1.79786e-05 switching=6.71812e-08 dynamic=1.80458e-05 leakage=2.99786e-09 total=1.80488e-05
stage instance cell pins fanout capacitance slew delay arrival internal switching dynamic leakage total
1 _4164_ sg13g2_dfrbpq_1 CLK,Q 148 0.914859 2.69023 1.90193 1.90193 9.83355e-06 6.71812e-08 9.90073e-06 1.55642e-09 9.90229e-06
2 _3914_ sg13g2_dfrbpq_1 RESET_B - - 2.69023 0 1.90193 8.14506e-06 0 8.14506e-06 1.44143e-09 8.14651e-06

Worst path 12: status=met slack=7.72654 type=max group=asynchronous
startpoint=_4164_ (rising edge-triggered flip-flop clocked by core)
endpoint=_3915_ (recovery check against rising-edge clock core)
path_power_complete=true
path_average_power_sum internal=1.79786e-05 switching=6.71812e-08 dynamic=1.80458e-05 leakage=2.99786e-09 total=1.80488e-05
stage instance cell pins fanout capacitance slew delay arrival internal switching dynamic leakage total
1 _4164_ sg13g2_dfrbpq_1 CLK,Q 148 0.914859 2.69023 1.90193 1.90193 9.83355e-06 6.71812e-08 9.90073e-06 1.55642e-09 9.90229e-06
2 _3915_ sg13g2_dfrbpq_1 RESET_B - - 2.69023 0 1.90193 8.14506e-06 0 8.14506e-06 1.44143e-09 8.14651e-06

Worst path 13: status=met slack=7.72654 type=max group=asynchronous
startpoint=_4164_ (rising edge-triggered flip-flop clocked by core)
endpoint=_3961_ (recovery check against rising-edge clock core)
path_power_complete=true
path_average_power_sum internal=1.79786e-05 switching=6.71812e-08 dynamic=1.80458e-05 leakage=2.99786e-09 total=1.80488e-05
stage instance cell pins fanout capacitance slew delay arrival internal switching dynamic leakage total
1 _4164_ sg13g2_dfrbpq_1 CLK,Q 148 0.914859 2.69023 1.90193 1.90193 9.83355e-06 6.71812e-08 9.90073e-06 1.55642e-09 9.90229e-06
2 _3961_ sg13g2_dfrbpq_1 RESET_B - - 2.69023 0 1.90193 8.14506e-06 0 8.14506e-06 1.44143e-09 8.14651e-06

Worst path 14: status=met slack=7.72654 type=max group=asynchronous
startpoint=_4164_ (rising edge-triggered flip-flop clocked by core)
endpoint=_3962_ (recovery check against rising-edge clock core)
path_power_complete=true
path_average_power_sum internal=1.79786e-05 switching=6.71812e-08 dynamic=1.80458e-05 leakage=2.99786e-09 total=1.80488e-05
stage instance cell pins fanout capacitance slew delay arrival internal switching dynamic leakage total
1 _4164_ sg13g2_dfrbpq_1 CLK,Q 148 0.914859 2.69023 1.90193 1.90193 9.83355e-06 6.71812e-08 9.90073e-06 1.55642e-09 9.90229e-06
2 _3962_ sg13g2_dfrbpq_1 RESET_B - - 2.69023 0 1.90193 8.14506e-06 0 8.14506e-06 1.44143e-09 8.14651e-06

Worst path 15: status=met slack=7.72654 type=max group=asynchronous
startpoint=_4164_ (rising edge-triggered flip-flop clocked by core)
endpoint=_3963_ (recovery check against rising-edge clock core)
path_power_complete=true
path_average_power_sum internal=1.79786e-05 switching=6.71812e-08 dynamic=1.80458e-05 leakage=2.99786e-09 total=1.80488e-05
stage instance cell pins fanout capacitance slew delay arrival internal switching dynamic leakage total
1 _4164_ sg13g2_dfrbpq_1 CLK,Q 148 0.914859 2.69023 1.90193 1.90193 9.83355e-06 6.71812e-08 9.90073e-06 1.55642e-09 9.90229e-06
2 _3963_ sg13g2_dfrbpq_1 RESET_B - - 2.69023 0 1.90193 8.14506e-06 0 8.14506e-06 1.44143e-09 8.14651e-06

Worst path 16: status=met slack=7.72654 type=max group=asynchronous
startpoint=_4164_ (rising edge-triggered flip-flop clocked by core)
endpoint=_4015_ (recovery check against rising-edge clock core)
path_power_complete=true
path_average_power_sum internal=1.79786e-05 switching=6.71812e-08 dynamic=1.80458e-05 leakage=2.99786e-09 total=1.80488e-05
stage instance cell pins fanout capacitance slew delay arrival internal switching dynamic leakage total
1 _4164_ sg13g2_dfrbpq_1 CLK,Q 148 0.914859 2.69023 1.90193 1.90193 9.83355e-06 6.71812e-08 9.90073e-06 1.55642e-09 9.90229e-06
2 _4015_ sg13g2_dfrbpq_1 RESET_B - - 2.69023 0 1.90193 8.14506e-06 0 8.14506e-06 1.44143e-09 8.1465e-06

Worst path 17: status=met slack=7.72654 type=max group=asynchronous
startpoint=_4164_ (rising edge-triggered flip-flop clocked by core)
endpoint=_4020_ (recovery check against rising-edge clock core)
path_power_complete=true
path_average_power_sum internal=1.79786e-05 switching=6.71812e-08 dynamic=1.80458e-05 leakage=2.99786e-09 total=1.80488e-05
stage instance cell pins fanout capacitance slew delay arrival internal switching dynamic leakage total
1 _4164_ sg13g2_dfrbpq_1 CLK,Q 148 0.914859 2.69023 1.90193 1.90193 9.83355e-06 6.71812e-08 9.90073e-06 1.55642e-09 9.90229e-06
2 _4020_ sg13g2_dfrbpq_1 RESET_B - - 2.69023 0 1.90193 8.14506e-06 0 8.14506e-06 1.44143e-09 8.1465e-06

Worst path 18: status=met slack=7.72654 type=max group=asynchronous
startpoint=_4164_ (rising edge-triggered flip-flop clocked by core)
endpoint=_4021_ (recovery check against rising-edge clock core)
path_power_complete=true
path_average_power_sum internal=1.79786e-05 switching=6.71812e-08 dynamic=1.80458e-05 leakage=2.99786e-09 total=1.80488e-05
stage instance cell pins fanout capacitance slew delay arrival internal switching dynamic leakage total
1 _4164_ sg13g2_dfrbpq_1 CLK,Q 148 0.914859 2.69023 1.90193 1.90193 9.83355e-06 6.71812e-08 9.90073e-06 1.55642e-09 9.90229e-06
2 _4021_ sg13g2_dfrbpq_1 RESET_B - - 2.69023 0 1.90193 8.14506e-06 0 8.14506e-06 1.44143e-09 8.1465e-06

Worst path 19: status=met slack=7.72654 type=max group=asynchronous
startpoint=_4164_ (rising edge-triggered flip-flop clocked by core)
endpoint=_4022_ (recovery check against rising-edge clock core)
path_power_complete=true
path_average_power_sum internal=1.79786e-05 switching=6.71812e-08 dynamic=1.80458e-05 leakage=2.99786e-09 total=1.80488e-05
stage instance cell pins fanout capacitance slew delay arrival internal switching dynamic leakage total
1 _4164_ sg13g2_dfrbpq_1 CLK,Q 148 0.914859 2.69023 1.90193 1.90193 9.83355e-06 6.71812e-08 9.90073e-06 1.55642e-09 9.90229e-06
2 _4022_ sg13g2_dfrbpq_1 RESET_B - - 2.69023 0 1.90193 8.14506e-06 0 8.14506e-06 1.44143e-09 8.1465e-06

Worst path 20: status=met slack=7.72654 type=max group=asynchronous
startpoint=_4164_ (rising edge-triggered flip-flop clocked by core)
endpoint=_4023_ (recovery check against rising-edge clock core)
path_power_complete=true
path_average_power_sum internal=1.79786e-05 switching=6.71812e-08 dynamic=1.80458e-05 leakage=2.99786e-09 total=1.80488e-05
stage instance cell pins fanout capacitance slew delay arrival internal switching dynamic leakage total
1 _4164_ sg13g2_dfrbpq_1 CLK,Q 148 0.914859 2.69023 1.90193 1.90193 9.83355e-06 6.71812e-08 9.90073e-06 1.55642e-09 9.90229e-06
2 _4023_ sg13g2_dfrbpq_1 RESET_B - - 2.69023 0 1.90193 8.14506e-06 0 8.14506e-06 1.44143e-09 8.1465e-06

=== Highest-power instances and worst path through each ===

Hotspot 1: instance=_4181_ selected_worst_paths=none internal=1.42436e-05 switching=1.90484e-06 dynamic=1.61484e-05 leakage=1.53982e-09 total=1.615e-05
Worst path through hotspot: status=met slack=8.62134 type=max group=asynchronous
startpoint=_4163_ (rising edge-triggered flip-flop clocked by core)
endpoint=_4181_ (recovery check against rising-edge clock core)
path_power_complete=true
path_average_power_sum internal=2.40722e-05 switching=1.94219e-06 dynamic=2.60143e-05 leakage=3.09642e-09 total=2.60174e-05
stage instance cell pins fanout capacitance slew delay arrival internal switching dynamic leakage total
1 _4163_ sg13g2_dfrbpq_1 CLK,Q 83 0.508649 1.4986 1.10244 1.10244 9.82856e-06 3.73518e-08 9.86591e-06 1.55661e-09 9.86747e-06
2 _4181_ sg13g2_dfrbpq_1 RESET_B - - 1.4986 0 1.10244 1.42436e-05 1.90484e-06 1.61484e-05 1.53982e-09 1.615e-05
OpenSTA targeted timing report:
Startpoint: _4163_ (rising edge-triggered flip-flop clocked by core)
Endpoint: _4181_ (recovery check against rising-edge clock core)
Path Group: asynchronous
Path Type: max

Fanout         Cap        Slew       Delay        Time   Description
---------------------------------------------------------------------------------------------
                      0.000000    0.000000    0.000000   clock core (rise edge)
                                  0.000000    0.000000   clock network delay (ideal)
                      0.000000    0.000000    0.000000 ^ _4163_/CLK (sg13g2_dfrbpq_1)
    83    0.508649    1.498597    1.102436    1.102436 ^ _4163_/Q (sg13g2_dfrbpq_1)
                                                         u_uart_master_core.u_host_reset_stage.d_i (net)
                      1.498597    0.000000    1.102436 ^ _4181_/RESET_B (sg13g2_dfrbpq_1)
                                              1.102436   data arrival time

                      0.000000   10.000000   10.000000   clock core (rise edge)
                                  0.000000   10.000000   clock network delay (ideal)
                                  0.000000   10.000000   clock reconvergence pessimism
                                             10.000000 ^ _4181_/CLK (sg13g2_dfrbpq_1)
                                 -0.276221    9.723780   library recovery time
                                              9.723780   data required time
---------------------------------------------------------------------------------------------
                                              9.723780   data required time
                                             -1.102436   data arrival time
---------------------------------------------------------------------------------------------
                                              8.621343   slack (MET)

Hotspot 2: instance=_4180_ selected_worst_paths=none internal=1.42266e-05 switching=8.62014e-07 dynamic=1.50886e-05 leakage=1.54002e-09 total=1.50902e-05
Worst path through hotspot: status=met slack=8.62134 type=max group=asynchronous
startpoint=_4163_ (rising edge-triggered flip-flop clocked by core)
endpoint=_4180_ (recovery check against rising-edge clock core)
path_power_complete=true
path_average_power_sum internal=2.40552e-05 switching=8.99366e-07 dynamic=2.49546e-05 leakage=3.09663e-09 total=2.49577e-05
stage instance cell pins fanout capacitance slew delay arrival internal switching dynamic leakage total
1 _4163_ sg13g2_dfrbpq_1 CLK,Q 83 0.508649 1.4986 1.10244 1.10244 9.82856e-06 3.73518e-08 9.86591e-06 1.55661e-09 9.86747e-06
2 _4180_ sg13g2_dfrbpq_1 RESET_B - - 1.4986 0 1.10244 1.42266e-05 8.62014e-07 1.50886e-05 1.54002e-09 1.50902e-05
OpenSTA targeted timing report:
Startpoint: _4163_ (rising edge-triggered flip-flop clocked by core)
Endpoint: _4180_ (recovery check against rising-edge clock core)
Path Group: asynchronous
Path Type: max

Fanout         Cap        Slew       Delay        Time   Description
---------------------------------------------------------------------------------------------
                      0.000000    0.000000    0.000000   clock core (rise edge)
                                  0.000000    0.000000   clock network delay (ideal)
                      0.000000    0.000000    0.000000 ^ _4163_/CLK (sg13g2_dfrbpq_1)
    83    0.508649    1.498597    1.102436    1.102436 ^ _4163_/Q (sg13g2_dfrbpq_1)
                                                         u_uart_master_core.u_host_reset_stage.d_i (net)
                      1.498597    0.000000    1.102436 ^ _4180_/RESET_B (sg13g2_dfrbpq_1)
                                              1.102436   data arrival time

                      0.000000   10.000000   10.000000   clock core (rise edge)
                                  0.000000   10.000000   clock network delay (ideal)
                                  0.000000   10.000000   clock reconvergence pessimism
                                             10.000000 ^ _4180_/CLK (sg13g2_dfrbpq_1)
                                 -0.276221    9.723780   library recovery time
                                              9.723780   data required time
---------------------------------------------------------------------------------------------
                                              9.723780   data required time
                                             -1.102436   data arrival time
---------------------------------------------------------------------------------------------
                                              8.621343   slack (MET)

Hotspot 3: instance=_4016_ selected_worst_paths=none internal=1.16767e-05 switching=5.96912e-07 dynamic=1.22736e-05 leakage=1.54001e-09 total=1.22752e-05
Worst path through hotspot: status=met slack=8.62134 type=max group=asynchronous
startpoint=_4163_ (rising edge-triggered flip-flop clocked by core)
endpoint=_4016_ (recovery check against rising-edge clock core)
path_power_complete=true
path_average_power_sum internal=2.15053e-05 switching=6.34264e-07 dynamic=2.21396e-05 leakage=3.09662e-09 total=2.21427e-05
stage instance cell pins fanout capacitance slew delay arrival internal switching dynamic leakage total
1 _4163_ sg13g2_dfrbpq_1 CLK,Q 83 0.508649 1.4986 1.10244 1.10244 9.82856e-06 3.73518e-08 9.86591e-06 1.55661e-09 9.86747e-06
2 _4016_ sg13g2_dfrbpq_1 RESET_B - - 1.4986 0 1.10244 1.16767e-05 5.96912e-07 1.22736e-05 1.54001e-09 1.22752e-05
OpenSTA targeted timing report:
Startpoint: _4163_ (rising edge-triggered flip-flop clocked by core)
Endpoint: _4016_ (recovery check against rising-edge clock core)
Path Group: asynchronous
Path Type: max

Fanout         Cap        Slew       Delay        Time   Description
---------------------------------------------------------------------------------------------
                      0.000000    0.000000    0.000000   clock core (rise edge)
                                  0.000000    0.000000   clock network delay (ideal)
                      0.000000    0.000000    0.000000 ^ _4163_/CLK (sg13g2_dfrbpq_1)
    83    0.508649    1.498597    1.102436    1.102436 ^ _4163_/Q (sg13g2_dfrbpq_1)
                                                         u_uart_master_core.u_host_reset_stage.d_i (net)
                      1.498597    0.000000    1.102436 ^ _4016_/RESET_B (sg13g2_dfrbpq_1)
                                              1.102436   data arrival time

                      0.000000   10.000000   10.000000   clock core (rise edge)
                                  0.000000   10.000000   clock network delay (ideal)
                                  0.000000   10.000000   clock reconvergence pessimism
                                             10.000000 ^ _4016_/CLK (sg13g2_dfrbpq_1)
                                 -0.276221    9.723780   library recovery time
                                              9.723780   data required time
---------------------------------------------------------------------------------------------
                                              9.723780   data required time
                                             -1.102436   data arrival time
---------------------------------------------------------------------------------------------
                                              8.621343   slack (MET)

Hotspot 4: instance=_3942_ selected_worst_paths=none internal=1.16687e-05 switching=3.61016e-07 dynamic=1.20297e-05 leakage=1.5401e-09 total=1.20312e-05
Worst path through hotspot: status=met slack=8.62134 type=max group=asynchronous
startpoint=_4163_ (rising edge-triggered flip-flop clocked by core)
endpoint=_3942_ (recovery check against rising-edge clock core)
path_power_complete=true
path_average_power_sum internal=2.14972e-05 switching=3.98367e-07 dynamic=2.18956e-05 leakage=3.09671e-09 total=2.18987e-05
stage instance cell pins fanout capacitance slew delay arrival internal switching dynamic leakage total
1 _4163_ sg13g2_dfrbpq_1 CLK,Q 83 0.508649 1.4986 1.10244 1.10244 9.82856e-06 3.73518e-08 9.86591e-06 1.55661e-09 9.86747e-06
2 _3942_ sg13g2_dfrbpq_1 RESET_B - - 1.4986 0 1.10244 1.16687e-05 3.61016e-07 1.20297e-05 1.5401e-09 1.20312e-05
OpenSTA targeted timing report:
Startpoint: _4163_ (rising edge-triggered flip-flop clocked by core)
Endpoint: _3942_ (recovery check against rising-edge clock core)
Path Group: asynchronous
Path Type: max

Fanout         Cap        Slew       Delay        Time   Description
---------------------------------------------------------------------------------------------
                      0.000000    0.000000    0.000000   clock core (rise edge)
                                  0.000000    0.000000   clock network delay (ideal)
                      0.000000    0.000000    0.000000 ^ _4163_/CLK (sg13g2_dfrbpq_1)
    83    0.508649    1.498597    1.102436    1.102436 ^ _4163_/Q (sg13g2_dfrbpq_1)
                                                         u_uart_master_core.u_host_reset_stage.d_i (net)
                      1.498597    0.000000    1.102436 ^ _3942_/RESET_B (sg13g2_dfrbpq_1)
                                              1.102436   data arrival time

                      0.000000   10.000000   10.000000   clock core (rise edge)
                                  0.000000   10.000000   clock network delay (ideal)
                                  0.000000   10.000000   clock reconvergence pessimism
                                             10.000000 ^ _3942_/CLK (sg13g2_dfrbpq_1)
                                 -0.276221    9.723780   library recovery time
                                              9.723780   data required time
---------------------------------------------------------------------------------------------
                                              9.723780   data required time
                                             -1.102436   data arrival time
---------------------------------------------------------------------------------------------
                                              8.621343   slack (MET)

Hotspot 5: instance=_3943_ selected_worst_paths=none internal=1.09358e-05 switching=2.0228e-07 dynamic=1.11381e-05 leakage=1.5398e-09 total=1.11396e-05
Worst path through hotspot: status=met slack=8.62134 type=max group=asynchronous
startpoint=_4163_ (rising edge-triggered flip-flop clocked by core)
endpoint=_3943_ (recovery check against rising-edge clock core)
path_power_complete=true
path_average_power_sum internal=2.07644e-05 switching=2.39632e-07 dynamic=2.1004e-05 leakage=3.09641e-09 total=2.10071e-05
stage instance cell pins fanout capacitance slew delay arrival internal switching dynamic leakage total
1 _4163_ sg13g2_dfrbpq_1 CLK,Q 83 0.508649 1.4986 1.10244 1.10244 9.82856e-06 3.73518e-08 9.86591e-06 1.55661e-09 9.86747e-06
2 _3943_ sg13g2_dfrbpq_1 RESET_B - - 1.4986 0 1.10244 1.09358e-05 2.0228e-07 1.11381e-05 1.5398e-09 1.11396e-05
OpenSTA targeted timing report:
Startpoint: _4163_ (rising edge-triggered flip-flop clocked by core)
Endpoint: _3943_ (recovery check against rising-edge clock core)
Path Group: asynchronous
Path Type: max

Fanout         Cap        Slew       Delay        Time   Description
---------------------------------------------------------------------------------------------
                      0.000000    0.000000    0.000000   clock core (rise edge)
                                  0.000000    0.000000   clock network delay (ideal)
                      0.000000    0.000000    0.000000 ^ _4163_/CLK (sg13g2_dfrbpq_1)
    83    0.508649    1.498597    1.102436    1.102436 ^ _4163_/Q (sg13g2_dfrbpq_1)
                                                         u_uart_master_core.u_host_reset_stage.d_i (net)
                      1.498597    0.000000    1.102436 ^ _3943_/RESET_B (sg13g2_dfrbpq_1)
                                              1.102436   data arrival time

                      0.000000   10.000000   10.000000   clock core (rise edge)
                                  0.000000   10.000000   clock network delay (ideal)
                                  0.000000   10.000000   clock reconvergence pessimism
                                             10.000000 ^ _3943_/CLK (sg13g2_dfrbpq_1)
                                 -0.276221    9.723780   library recovery time
                                              9.723780   data required time
---------------------------------------------------------------------------------------------
                                              9.723780   data required time
                                             -1.102436   data arrival time
---------------------------------------------------------------------------------------------
                                              8.621343   slack (MET)

Hotspot 6: instance=_4017_ selected_worst_paths=none internal=1.06686e-05 switching=2.6832e-07 dynamic=1.09369e-05 leakage=1.53996e-09 total=1.09385e-05
Worst path through hotspot: status=met slack=8.62134 type=max group=asynchronous
startpoint=_4163_ (rising edge-triggered flip-flop clocked by core)
endpoint=_4017_ (recovery check against rising-edge clock core)
path_power_complete=true
path_average_power_sum internal=2.04972e-05 switching=3.05672e-07 dynamic=2.08029e-05 leakage=3.09657e-09 total=2.0806e-05
stage instance cell pins fanout capacitance slew delay arrival internal switching dynamic leakage total
1 _4163_ sg13g2_dfrbpq_1 CLK,Q 83 0.508649 1.4986 1.10244 1.10244 9.82856e-06 3.73518e-08 9.86591e-06 1.55661e-09 9.86747e-06
2 _4017_ sg13g2_dfrbpq_1 RESET_B - - 1.4986 0 1.10244 1.06686e-05 2.6832e-07 1.09369e-05 1.53996e-09 1.09385e-05
OpenSTA targeted timing report:
Startpoint: _4163_ (rising edge-triggered flip-flop clocked by core)
Endpoint: _4017_ (recovery check against rising-edge clock core)
Path Group: asynchronous
Path Type: max

Fanout         Cap        Slew       Delay        Time   Description
---------------------------------------------------------------------------------------------
                      0.000000    0.000000    0.000000   clock core (rise edge)
                                  0.000000    0.000000   clock network delay (ideal)
                      0.000000    0.000000    0.000000 ^ _4163_/CLK (sg13g2_dfrbpq_1)
    83    0.508649    1.498597    1.102436    1.102436 ^ _4163_/Q (sg13g2_dfrbpq_1)
                                                         u_uart_master_core.u_host_reset_stage.d_i (net)
                      1.498597    0.000000    1.102436 ^ _4017_/RESET_B (sg13g2_dfrbpq_1)
                                              1.102436   data arrival time

                      0.000000   10.000000   10.000000   clock core (rise edge)
                                  0.000000   10.000000   clock network delay (ideal)
                                  0.000000   10.000000   clock reconvergence pessimism
                                             10.000000 ^ _4017_/CLK (sg13g2_dfrbpq_1)
                                 -0.276221    9.723780   library recovery time
                                              9.723780   data required time
---------------------------------------------------------------------------------------------
                                              9.723780   data required time
                                             -1.102436   data arrival time
---------------------------------------------------------------------------------------------
                                              8.621343   slack (MET)

Hotspot 7: instance=_4018_ selected_worst_paths=none internal=1.00318e-05 switching=1.46714e-07 dynamic=1.01785e-05 leakage=1.53985e-09 total=1.018e-05
Worst path through hotspot: status=met slack=8.62134 type=max group=asynchronous
startpoint=_4163_ (rising edge-triggered flip-flop clocked by core)
endpoint=_4018_ (recovery check against rising-edge clock core)
path_power_complete=true
path_average_power_sum internal=1.98603e-05 switching=1.84066e-07 dynamic=2.00444e-05 leakage=3.09646e-09 total=2.00475e-05
stage instance cell pins fanout capacitance slew delay arrival internal switching dynamic leakage total
1 _4163_ sg13g2_dfrbpq_1 CLK,Q 83 0.508649 1.4986 1.10244 1.10244 9.82856e-06 3.73518e-08 9.86591e-06 1.55661e-09 9.86747e-06
2 _4018_ sg13g2_dfrbpq_1 RESET_B - - 1.4986 0 1.10244 1.00318e-05 1.46714e-07 1.01785e-05 1.53985e-09 1.018e-05
OpenSTA targeted timing report:
Startpoint: _4163_ (rising edge-triggered flip-flop clocked by core)
Endpoint: _4018_ (recovery check against rising-edge clock core)
Path Group: asynchronous
Path Type: max

Fanout         Cap        Slew       Delay        Time   Description
---------------------------------------------------------------------------------------------
                      0.000000    0.000000    0.000000   clock core (rise edge)
                                  0.000000    0.000000   clock network delay (ideal)
                      0.000000    0.000000    0.000000 ^ _4163_/CLK (sg13g2_dfrbpq_1)
    83    0.508649    1.498597    1.102436    1.102436 ^ _4163_/Q (sg13g2_dfrbpq_1)
                                                         u_uart_master_core.u_host_reset_stage.d_i (net)
                      1.498597    0.000000    1.102436 ^ _4018_/RESET_B (sg13g2_dfrbpq_1)
                                              1.102436   data arrival time

                      0.000000   10.000000   10.000000   clock core (rise edge)
                                  0.000000   10.000000   clock network delay (ideal)
                                  0.000000   10.000000   clock reconvergence pessimism
                                             10.000000 ^ _4018_/CLK (sg13g2_dfrbpq_1)
                                 -0.276221    9.723780   library recovery time
                                              9.723780   data required time
---------------------------------------------------------------------------------------------
                                              9.723780   data required time
                                             -1.102436   data arrival time
---------------------------------------------------------------------------------------------
                                              8.621343   slack (MET)

Hotspot 8: instance=_3944_ selected_worst_paths=none internal=1.0027e-05 switching=5.03623e-08 dynamic=1.00774e-05 leakage=1.53972e-09 total=1.00789e-05
Worst path through hotspot: status=met slack=8.62134 type=max group=asynchronous
startpoint=_4163_ (rising edge-triggered flip-flop clocked by core)
endpoint=_3944_ (recovery check against rising-edge clock core)
path_power_complete=true
path_average_power_sum internal=1.98556e-05 switching=8.77141e-08 dynamic=1.99433e-05 leakage=3.09633e-09 total=1.99464e-05
stage instance cell pins fanout capacitance slew delay arrival internal switching dynamic leakage total
1 _4163_ sg13g2_dfrbpq_1 CLK,Q 83 0.508649 1.4986 1.10244 1.10244 9.82856e-06 3.73518e-08 9.86591e-06 1.55661e-09 9.86747e-06
2 _3944_ sg13g2_dfrbpq_1 RESET_B - - 1.4986 0 1.10244 1.0027e-05 5.03623e-08 1.00774e-05 1.53972e-09 1.00789e-05
OpenSTA targeted timing report:
Startpoint: _4163_ (rising edge-triggered flip-flop clocked by core)
Endpoint: _3944_ (recovery check against rising-edge clock core)
Path Group: asynchronous
Path Type: max

Fanout         Cap        Slew       Delay        Time   Description
---------------------------------------------------------------------------------------------
                      0.000000    0.000000    0.000000   clock core (rise edge)
                                  0.000000    0.000000   clock network delay (ideal)
                      0.000000    0.000000    0.000000 ^ _4163_/CLK (sg13g2_dfrbpq_1)
    83    0.508649    1.498597    1.102436    1.102436 ^ _4163_/Q (sg13g2_dfrbpq_1)
                                                         u_uart_master_core.u_host_reset_stage.d_i (net)
                      1.498597    0.000000    1.102436 ^ _3944_/RESET_B (sg13g2_dfrbpq_1)
                                              1.102436   data arrival time

                      0.000000   10.000000   10.000000   clock core (rise edge)
                                  0.000000   10.000000   clock network delay (ideal)
                                  0.000000   10.000000   clock reconvergence pessimism
                                             10.000000 ^ _3944_/CLK (sg13g2_dfrbpq_1)
                                 -0.276221    9.723780   library recovery time
                                              9.723780   data required time
---------------------------------------------------------------------------------------------
                                              9.723780   data required time
                                             -1.102436   data arrival time
---------------------------------------------------------------------------------------------
                                              8.621343   slack (MET)

Hotspot 9: instance=_4159_ selected_worst_paths=none internal=9.85615e-06 switching=9.97995e-08 dynamic=9.95595e-06 leakage=1.55662e-09 total=9.9575e-06
Worst path through hotspot: status=met slack=7.9267 type=max group=asynchronous
startpoint=rst_ni (input port clocked by core)
endpoint=_4159_ (recovery check against rising-edge clock core)
path_power_complete=true
path_average_power_sum internal=9.85615e-06 switching=9.97995e-08 dynamic=9.95595e-06 leakage=1.55662e-09 total=9.9575e-06
stage instance cell pins fanout capacitance slew delay arrival internal switching dynamic leakage total
1 _4159_ sg13g2_dfrbpq_1 RESET_B - - 0.001854 0 2.00185 9.85615e-06 9.97995e-08 9.95595e-06 1.55662e-09 9.9575e-06
OpenSTA targeted timing report:
Startpoint: rst_ni (input port clocked by core)
Endpoint: _4159_ (recovery check against rising-edge clock core)
Path Group: asynchronous
Path Type: max

Fanout         Cap        Slew       Delay        Time   Description
---------------------------------------------------------------------------------------------
                      0.000000    0.000000    0.000000   clock core (rise edge)
                                  0.000000    0.000000   clock network delay (ideal)
                                  2.000000    2.000000 ^ input external delay
     3    0.018544    0.001854    0.001855    2.001854 ^ rst_ni (in)
                                                         rst_ni (net)
                      0.001854    0.000000    2.001854 ^ _4159_/RESET_B (sg13g2_dfrbpq_1)
                                              2.001854   data arrival time

                      0.000000   10.000000   10.000000   clock core (rise edge)
                                  0.000000   10.000000   clock network delay (ideal)
                                  0.000000   10.000000   clock reconvergence pessimism
                                             10.000000 ^ _4159_/CLK (sg13g2_dfrbpq_1)
                                 -0.071444    9.928556   library recovery time
                                              9.928556   data required time
---------------------------------------------------------------------------------------------
                                              9.928556   data required time
                                             -2.001854   data arrival time
---------------------------------------------------------------------------------------------
                                              7.926701   slack (MET)

Hotspot 10: instance=_4164_ selected_worst_paths=11,12,13,14,15,16,17,18,19,20 internal=9.83355e-06 switching=6.71812e-08 dynamic=9.90073e-06 leakage=1.55642e-09 total=9.90229e-06
Worst path through hotspot: status=met slack=7.72654 type=max group=asynchronous
startpoint=_4164_ (rising edge-triggered flip-flop clocked by core)
endpoint=_3914_ (recovery check against rising-edge clock core)
path_power_complete=true
path_average_power_sum internal=1.79786e-05 switching=6.71812e-08 dynamic=1.80458e-05 leakage=2.99786e-09 total=1.80488e-05
stage instance cell pins fanout capacitance slew delay arrival internal switching dynamic leakage total
1 _4164_ sg13g2_dfrbpq_1 CLK,Q 148 0.914859 2.69023 1.90193 1.90193 9.83355e-06 6.71812e-08 9.90073e-06 1.55642e-09 9.90229e-06
2 _3914_ sg13g2_dfrbpq_1 RESET_B - - 2.69023 0 1.90193 8.14506e-06 0 8.14506e-06 1.44143e-09 8.14651e-06
OpenSTA targeted timing report:
Startpoint: _4164_ (rising edge-triggered flip-flop clocked by core)
Endpoint: _3914_ (recovery check against rising-edge clock core)
Path Group: asynchronous
Path Type: max

Fanout         Cap        Slew       Delay        Time   Description
---------------------------------------------------------------------------------------------
                      0.000000    0.000000    0.000000   clock core (rise edge)
                                  0.000000    0.000000   clock network delay (ideal)
                      0.000000    0.000000    0.000000 ^ _4164_/CLK (sg13g2_dfrbpq_1)
   148    0.914859    2.690230    1.901932    1.901932 ^ _4164_/Q (sg13g2_dfrbpq_1)
                                                         u_uart_master_core.host_rst_ni (net)
                      2.690230    0.000000    1.901932 ^ _3914_/RESET_B (sg13g2_dfrbpq_1)
                                              1.901932   data arrival time

                      0.000000   10.000000   10.000000   clock core (rise edge)
                                  0.000000   10.000000   clock network delay (ideal)
                                  0.000000   10.000000   clock reconvergence pessimism
                                             10.000000 ^ _3914_/CLK (sg13g2_dfrbpq_1)
                                 -0.371524    9.628476   library recovery time
                                              9.628476   data required time
---------------------------------------------------------------------------------------------
                                              9.628476   data required time
                                             -1.901932   data arrival time
---------------------------------------------------------------------------------------------
                                              7.726543   slack (MET)

Hotspot 11: instance=_4163_ selected_worst_paths=none internal=9.82856e-06 switching=3.73518e-08 dynamic=9.86591e-06 leakage=1.55661e-09 total=9.86747e-06
Worst path through hotspot: status=met slack=8.62134 type=max group=asynchronous
startpoint=_4163_ (rising edge-triggered flip-flop clocked by core)
endpoint=_3887_ (recovery check against rising-edge clock core)
path_power_complete=true
path_average_power_sum internal=1.79729e-05 switching=3.73518e-08 dynamic=1.80103e-05 leakage=2.99816e-09 total=1.80133e-05
stage instance cell pins fanout capacitance slew delay arrival internal switching dynamic leakage total
1 _4163_ sg13g2_dfrbpq_1 CLK,Q 83 0.508649 1.4986 1.10244 1.10244 9.82856e-06 3.73518e-08 9.86591e-06 1.55661e-09 9.86747e-06
2 _3887_ sg13g2_dfrbpq_1 RESET_B - - 1.4986 0 1.10244 8.14435e-06 0 8.14435e-06 1.44155e-09 8.1458e-06
OpenSTA targeted timing report:
Startpoint: _4163_ (rising edge-triggered flip-flop clocked by core)
Endpoint: _3887_ (recovery check against rising-edge clock core)
Path Group: asynchronous
Path Type: max

Fanout         Cap        Slew       Delay        Time   Description
---------------------------------------------------------------------------------------------
                      0.000000    0.000000    0.000000   clock core (rise edge)
                                  0.000000    0.000000   clock network delay (ideal)
                      0.000000    0.000000    0.000000 ^ _4163_/CLK (sg13g2_dfrbpq_1)
    83    0.508649    1.498597    1.102436    1.102436 ^ _4163_/Q (sg13g2_dfrbpq_1)
                                                         u_uart_master_core.u_host_reset_stage.d_i (net)
                      1.498597    0.000000    1.102436 ^ _3887_/RESET_B (sg13g2_dfrbpq_1)
                                              1.102436   data arrival time

                      0.000000   10.000000   10.000000   clock core (rise edge)
                                  0.000000   10.000000   clock network delay (ideal)
                                  0.000000   10.000000   clock reconvergence pessimism
                                             10.000000 ^ _3887_/CLK (sg13g2_dfrbpq_1)
                                 -0.276221    9.723780   library recovery time
                                              9.723780   data required time
---------------------------------------------------------------------------------------------
                                              9.723780   data required time
                                             -1.102436   data arrival time
---------------------------------------------------------------------------------------------
                                              8.621343   slack (MET)

Hotspot 12: instance=_4165_ selected_worst_paths=none internal=9.84911e-06 switching=6.5578e-09 dynamic=9.85567e-06 leakage=1.55672e-09 total=9.85723e-06
Worst path through hotspot: status=met slack=8.62134 type=max group=asynchronous
startpoint=_4163_ (rising edge-triggered flip-flop clocked by core)
endpoint=_4165_ (recovery check against rising-edge clock core)
path_power_complete=true
path_average_power_sum internal=1.96777e-05 switching=4.39096e-08 dynamic=1.97216e-05 leakage=3.11333e-09 total=1.97247e-05
stage instance cell pins fanout capacitance slew delay arrival internal switching dynamic leakage total
1 _4163_ sg13g2_dfrbpq_1 CLK,Q 83 0.508649 1.4986 1.10244 1.10244 9.82856e-06 3.73518e-08 9.86591e-06 1.55661e-09 9.86747e-06
2 _4165_ sg13g2_dfrbpq_1 RESET_B - - 1.4986 0 1.10244 9.84911e-06 6.5578e-09 9.85567e-06 1.55672e-09 9.85723e-06
OpenSTA targeted timing report:
Startpoint: _4163_ (rising edge-triggered flip-flop clocked by core)
Endpoint: _4165_ (recovery check against rising-edge clock core)
Path Group: asynchronous
Path Type: max

Fanout         Cap        Slew       Delay        Time   Description
---------------------------------------------------------------------------------------------
                      0.000000    0.000000    0.000000   clock core (rise edge)
                                  0.000000    0.000000   clock network delay (ideal)
                      0.000000    0.000000    0.000000 ^ _4163_/CLK (sg13g2_dfrbpq_1)
    83    0.508649    1.498597    1.102436    1.102436 ^ _4163_/Q (sg13g2_dfrbpq_1)
                                                         u_uart_master_core.u_host_reset_stage.d_i (net)
                      1.498597    0.000000    1.102436 ^ _4165_/RESET_B (sg13g2_dfrbpq_1)
                                              1.102436   data arrival time

                      0.000000   10.000000   10.000000   clock core (rise edge)
                                  0.000000   10.000000   clock network delay (ideal)
                                  0.000000   10.000000   clock reconvergence pessimism
                                             10.000000 ^ _4165_/CLK (sg13g2_dfrbpq_1)
                                 -0.276221    9.723780   library recovery time
                                              9.723780   data required time
---------------------------------------------------------------------------------------------
                                              9.723780   data required time
                                             -1.102436   data arrival time
---------------------------------------------------------------------------------------------
                                              8.621343   slack (MET)

Hotspot 13: instance=_4158_ selected_worst_paths=none internal=9.85414e-06 switching=3.89257e-10 dynamic=9.85453e-06 leakage=1.55664e-09 total=9.85609e-06
Worst path through hotspot: status=met slack=7.9267 type=max group=asynchronous
startpoint=rst_ni (input port clocked by core)
endpoint=_4158_ (recovery check against rising-edge clock core)
path_power_complete=true
path_average_power_sum internal=9.85414e-06 switching=3.89257e-10 dynamic=9.85453e-06 leakage=1.55664e-09 total=9.85609e-06
stage instance cell pins fanout capacitance slew delay arrival internal switching dynamic leakage total
1 _4158_ sg13g2_dfrbpq_1 RESET_B - - 0.001854 0 2.00185 9.85414e-06 3.89257e-10 9.85453e-06 1.55664e-09 9.85609e-06
OpenSTA targeted timing report:
Startpoint: rst_ni (input port clocked by core)
Endpoint: _4158_ (recovery check against rising-edge clock core)
Path Group: asynchronous
Path Type: max

Fanout         Cap        Slew       Delay        Time   Description
---------------------------------------------------------------------------------------------
                      0.000000    0.000000    0.000000   clock core (rise edge)
                                  0.000000    0.000000   clock network delay (ideal)
                                  2.000000    2.000000 ^ input external delay
     3    0.018544    0.001854    0.001855    2.001854 ^ rst_ni (in)
                                                         rst_ni (net)
                      0.001854    0.000000    2.001854 ^ _4158_/RESET_B (sg13g2_dfrbpq_1)
                                              2.001854   data arrival time

                      0.000000   10.000000   10.000000   clock core (rise edge)
                                  0.000000   10.000000   clock network delay (ideal)
                                  0.000000   10.000000   clock reconvergence pessimism
                                             10.000000 ^ _4158_/CLK (sg13g2_dfrbpq_1)
                                 -0.071444    9.928556   library recovery time
                                              9.928556   data required time
---------------------------------------------------------------------------------------------
                                              9.928556   data required time
                                             -2.001854   data arrival time
---------------------------------------------------------------------------------------------
                                              7.926701   slack (MET)

Hotspot 14: instance=_4160_ selected_worst_paths=none internal=9.8535e-06 switching=9.07856e-10 dynamic=9.8544e-06 leakage=1.55665e-09 total=9.85596e-06
Worst path through hotspot: status=met slack=7.9267 type=max group=asynchronous
startpoint=rst_ni (input port clocked by core)
endpoint=_4160_ (recovery check against rising-edge clock core)
path_power_complete=true
path_average_power_sum internal=9.8535e-06 switching=9.07856e-10 dynamic=9.8544e-06 leakage=1.55665e-09 total=9.85596e-06
stage instance cell pins fanout capacitance slew delay arrival internal switching dynamic leakage total
1 _4160_ sg13g2_dfrbpq_1 RESET_B - - 0.001854 0 2.00185 9.8535e-06 9.07856e-10 9.8544e-06 1.55665e-09 9.85596e-06
OpenSTA targeted timing report:
Startpoint: rst_ni (input port clocked by core)
Endpoint: _4160_ (recovery check against rising-edge clock core)
Path Group: asynchronous
Path Type: max

Fanout         Cap        Slew       Delay        Time   Description
---------------------------------------------------------------------------------------------
                      0.000000    0.000000    0.000000   clock core (rise edge)
                                  0.000000    0.000000   clock network delay (ideal)
                                  2.000000    2.000000 ^ input external delay
     3    0.018544    0.001854    0.001855    2.001854 ^ rst_ni (in)
                                                         rst_ni (net)
                      0.001854    0.000000    2.001854 ^ _4160_/RESET_B (sg13g2_dfrbpq_1)
                                              2.001854   data arrival time

                      0.000000   10.000000   10.000000   clock core (rise edge)
                                  0.000000   10.000000   clock network delay (ideal)
                                  0.000000   10.000000   clock reconvergence pessimism
                                             10.000000 ^ _4160_/CLK (sg13g2_dfrbpq_1)
                                 -0.071444    9.928556   library recovery time
                                              9.928556   data required time
---------------------------------------------------------------------------------------------
                                              9.928556   data required time
                                             -2.001854   data arrival time
---------------------------------------------------------------------------------------------
                                              7.926701   slack (MET)

Hotspot 15: instance=_4175_ selected_worst_paths=none internal=9.84965e-06 switching=4.62878e-09 dynamic=9.85428e-06 leakage=1.5565e-09 total=9.85584e-06
Worst path through hotspot: status=met slack=8.62134 type=max group=asynchronous
startpoint=_4163_ (rising edge-triggered flip-flop clocked by core)
endpoint=_4175_ (recovery check against rising-edge clock core)
path_power_complete=true
path_average_power_sum internal=1.96782e-05 switching=4.19806e-08 dynamic=1.97202e-05 leakage=3.11311e-09 total=1.97233e-05
stage instance cell pins fanout capacitance slew delay arrival internal switching dynamic leakage total
1 _4163_ sg13g2_dfrbpq_1 CLK,Q 83 0.508649 1.4986 1.10244 1.10244 9.82856e-06 3.73518e-08 9.86591e-06 1.55661e-09 9.86747e-06
2 _4175_ sg13g2_dfrbpq_1 RESET_B - - 1.4986 0 1.10244 9.84965e-06 4.62878e-09 9.85428e-06 1.5565e-09 9.85584e-06
OpenSTA targeted timing report:
Startpoint: _4163_ (rising edge-triggered flip-flop clocked by core)
Endpoint: _4175_ (recovery check against rising-edge clock core)
Path Group: asynchronous
Path Type: max

Fanout         Cap        Slew       Delay        Time   Description
---------------------------------------------------------------------------------------------
                      0.000000    0.000000    0.000000   clock core (rise edge)
                                  0.000000    0.000000   clock network delay (ideal)
                      0.000000    0.000000    0.000000 ^ _4163_/CLK (sg13g2_dfrbpq_1)
    83    0.508649    1.498597    1.102436    1.102436 ^ _4163_/Q (sg13g2_dfrbpq_1)
                                                         u_uart_master_core.u_host_reset_stage.d_i (net)
                      1.498597    0.000000    1.102436 ^ _4175_/RESET_B (sg13g2_dfrbpq_1)
                                              1.102436   data arrival time

                      0.000000   10.000000   10.000000   clock core (rise edge)
                                  0.000000   10.000000   clock network delay (ideal)
                                  0.000000   10.000000   clock reconvergence pessimism
                                             10.000000 ^ _4175_/CLK (sg13g2_dfrbpq_1)
                                 -0.276221    9.723780   library recovery time
                                              9.723780   data required time
---------------------------------------------------------------------------------------------
                                              9.723780   data required time
                                             -1.102436   data arrival time
---------------------------------------------------------------------------------------------
                                              8.621343   slack (MET)

Hotspot 16: instance=_4173_ selected_worst_paths=none internal=9.84137e-06 switching=3.64322e-09 dynamic=9.84502e-06 leakage=1.55672e-09 total=9.84657e-06
Worst path through hotspot: status=met slack=8.62134 type=max group=asynchronous
startpoint=_4163_ (rising edge-triggered flip-flop clocked by core)
endpoint=_4173_ (recovery check against rising-edge clock core)
path_power_complete=true
path_average_power_sum internal=1.96699e-05 switching=4.09951e-08 dynamic=1.97109e-05 leakage=3.11333e-09 total=1.9714e-05
stage instance cell pins fanout capacitance slew delay arrival internal switching dynamic leakage total
1 _4163_ sg13g2_dfrbpq_1 CLK,Q 83 0.508649 1.4986 1.10244 1.10244 9.82856e-06 3.73518e-08 9.86591e-06 1.55661e-09 9.86747e-06
2 _4173_ sg13g2_dfrbpq_1 RESET_B - - 1.4986 0 1.10244 9.84137e-06 3.64322e-09 9.84502e-06 1.55672e-09 9.84657e-06
OpenSTA targeted timing report:
Startpoint: _4163_ (rising edge-triggered flip-flop clocked by core)
Endpoint: _4173_ (recovery check against rising-edge clock core)
Path Group: asynchronous
Path Type: max

Fanout         Cap        Slew       Delay        Time   Description
---------------------------------------------------------------------------------------------
                      0.000000    0.000000    0.000000   clock core (rise edge)
                                  0.000000    0.000000   clock network delay (ideal)
                      0.000000    0.000000    0.000000 ^ _4163_/CLK (sg13g2_dfrbpq_1)
    83    0.508649    1.498597    1.102436    1.102436 ^ _4163_/Q (sg13g2_dfrbpq_1)
                                                         u_uart_master_core.u_host_reset_stage.d_i (net)
                      1.498597    0.000000    1.102436 ^ _4173_/RESET_B (sg13g2_dfrbpq_1)
                                              1.102436   data arrival time

                      0.000000   10.000000   10.000000   clock core (rise edge)
                                  0.000000   10.000000   clock network delay (ideal)
                                  0.000000   10.000000   clock reconvergence pessimism
                                             10.000000 ^ _4173_/CLK (sg13g2_dfrbpq_1)
                                 -0.276221    9.723780   library recovery time
                                              9.723780   data required time
---------------------------------------------------------------------------------------------
                                              9.723780   data required time
                                             -1.102436   data arrival time
---------------------------------------------------------------------------------------------
                                              8.621343   slack (MET)

Hotspot 17: instance=_3981_ selected_worst_paths=none internal=9.84218e-06 switching=2.77208e-09 dynamic=9.84495e-06 leakage=1.55739e-09 total=9.84651e-06
Worst path through hotspot: status=met slack=7.34787 type=max group=core
startpoint=tl_i[108] (input port clocked by core)
endpoint=_3981_ (rising edge-triggered flip-flop clocked by core)
path_power_complete=true
path_average_power_sum internal=9.87902e-06 switching=2.52713e-07 dynamic=1.01317e-05 leakage=2.52618e-09 total=1.01343e-05
stage instance cell pins fanout capacitance slew delay arrival internal switching dynamic leakage total
1 _2264_ sg13g2_nand2_1 B,Y 4 0.015032 0.053235 0.042203 2.04254 5.83016e-09 2.0421e-08 2.62511e-08 9.53872e-11 2.63465e-08
2 _2265_ sg13g2_buf_1 A,X 17 0.086831 0.262875 0.217769 2.26031 1.14343e-08 1.17961e-07 1.29395e-07 2.70929e-10 1.29666e-07
3 _2291_ sg13g2_buf_1 A,X 22 0.080733 0.245351 0.240121 2.50043 1.31797e-08 1.09677e-07 1.22857e-07 2.7093e-10 1.23128e-07
4 _2406_ sg13g2_a22oi_1 A2,Y 1 0.001756 0.055822 0.071273 2.5717 6.39556e-09 1.88141e-09 8.27697e-09 3.31537e-10 8.60851e-09
5 _3981_ sg13g2_dfrbpq_1 D - - 0.055822 0 2.5717 9.84218e-06 2.77208e-09 9.84495e-06 1.55739e-09 9.84651e-06
OpenSTA targeted timing report:
Startpoint: tl_i[108] (input port clocked by core)
Endpoint: _3981_ (rising edge-triggered flip-flop clocked by core)
Path Group: core
Path Type: max

Fanout         Cap        Slew       Delay        Time   Description
---------------------------------------------------------------------------------------------
                      0.000000    0.000000    0.000000   clock core (rise edge)
                                  0.000000    0.000000   clock network delay (ideal)
                                  2.000000    2.000000 v input external delay
     1    0.003365    0.000337    0.000337    2.000337 v tl_i[108] (in)
                                                         tl_i[108] (net)
                      0.000337    0.000000    2.000337 v _2264_/B (sg13g2_nand2_1)
     4    0.015032    0.053235    0.042203    2.042540 ^ _2264_/Y (sg13g2_nand2_1)
                                                         _1197_ (net)
                      0.053235    0.000000    2.042540 ^ _2265_/A (sg13g2_buf_1)
    17    0.086831    0.262875    0.217769    2.260309 ^ _2265_/X (sg13g2_buf_1)
                                                         _1198_ (net)
                      0.262875    0.000000    2.260309 ^ _2291_/A (sg13g2_buf_1)
    22    0.080733    0.245351    0.240121    2.500430 ^ _2291_/X (sg13g2_buf_1)
                                                         _1209_ (net)
                      0.245351    0.000000    2.500430 ^ _2406_/A2 (sg13g2_a22oi_1)
     1    0.001756    0.055822    0.071273    2.571704 v _2406_/Y (sg13g2_a22oi_1)
                                                         _0272_ (net)
                      0.055822    0.000000    2.571704 v _3981_/D (sg13g2_dfrbpq_1)
                                              2.571704   data arrival time

                      0.000000   10.000000   10.000000   clock core (rise edge)
                                  0.000000   10.000000   clock network delay (ideal)
                                  0.000000   10.000000   clock reconvergence pessimism
                                             10.000000 ^ _3981_/CLK (sg13g2_dfrbpq_1)
                                 -0.080431    9.919569   library setup time
                                              9.919569   data required time
---------------------------------------------------------------------------------------------
                                              9.919569   data required time
                                             -2.571704   data arrival time
---------------------------------------------------------------------------------------------
                                              7.347866   slack (MET)

Hotspot 18: instance=_3979_ selected_worst_paths=none internal=9.84217e-06 switching=2.77208e-09 dynamic=9.84494e-06 leakage=1.55739e-09 total=9.8465e-06
Worst path through hotspot: status=met slack=7.34787 type=max group=core
startpoint=tl_i[108] (input port clocked by core)
endpoint=_3979_ (rising edge-triggered flip-flop clocked by core)
path_power_complete=true
path_average_power_sum internal=9.87811e-06 switching=2.52713e-07 dynamic=1.01308e-05 leakage=2.65791e-09 total=1.01335e-05
stage instance cell pins fanout capacitance slew delay arrival internal switching dynamic leakage total
1 _2264_ sg13g2_nand2_1 B,Y 4 0.015032 0.053235 0.042203 2.04254 5.83016e-09 2.0421e-08 2.62511e-08 9.53872e-11 2.63465e-08
2 _2265_ sg13g2_buf_1 A,X 17 0.086831 0.262875 0.217769 2.26031 1.14343e-08 1.17961e-07 1.29395e-07 2.70929e-10 1.29666e-07
3 _2291_ sg13g2_buf_1 A,X 22 0.080733 0.245351 0.240121 2.50043 1.31797e-08 1.09677e-07 1.22857e-07 2.7093e-10 1.23128e-07
4 _2415_ sg13g2_a22oi_1 A2,Y 1 0.001756 0.055822 0.071273 2.5717 5.50027e-09 1.88141e-09 7.38168e-09 4.63267e-10 7.84494e-09
5 _3979_ sg13g2_dfrbpq_1 D - - 0.055822 0 2.5717 9.84217e-06 2.77208e-09 9.84494e-06 1.55739e-09 9.8465e-06
OpenSTA targeted timing report:
Startpoint: tl_i[108] (input port clocked by core)
Endpoint: _3979_ (rising edge-triggered flip-flop clocked by core)
Path Group: core
Path Type: max

Fanout         Cap        Slew       Delay        Time   Description
---------------------------------------------------------------------------------------------
                      0.000000    0.000000    0.000000   clock core (rise edge)
                                  0.000000    0.000000   clock network delay (ideal)
                                  2.000000    2.000000 v input external delay
     1    0.003365    0.000337    0.000337    2.000337 v tl_i[108] (in)
                                                         tl_i[108] (net)
                      0.000337    0.000000    2.000337 v _2264_/B (sg13g2_nand2_1)
     4    0.015032    0.053235    0.042203    2.042540 ^ _2264_/Y (sg13g2_nand2_1)
                                                         _1197_ (net)
                      0.053235    0.000000    2.042540 ^ _2265_/A (sg13g2_buf_1)
    17    0.086831    0.262875    0.217769    2.260309 ^ _2265_/X (sg13g2_buf_1)
                                                         _1198_ (net)
                      0.262875    0.000000    2.260309 ^ _2291_/A (sg13g2_buf_1)
    22    0.080733    0.245351    0.240121    2.500430 ^ _2291_/X (sg13g2_buf_1)
                                                         _1209_ (net)
                      0.245351    0.000000    2.500430 ^ _2415_/A2 (sg13g2_a22oi_1)
     1    0.001756    0.055822    0.071273    2.571704 v _2415_/Y (sg13g2_a22oi_1)
                                                         _0274_ (net)
                      0.055822    0.000000    2.571704 v _3979_/D (sg13g2_dfrbpq_1)
                                              2.571704   data arrival time

                      0.000000   10.000000   10.000000   clock core (rise edge)
                                  0.000000   10.000000   clock network delay (ideal)
                                  0.000000   10.000000   clock reconvergence pessimism
                                             10.000000 ^ _3979_/CLK (sg13g2_dfrbpq_1)
                                 -0.080431    9.919569   library setup time
                                              9.919569   data required time
---------------------------------------------------------------------------------------------
                                              9.919569   data required time
                                             -2.571704   data arrival time
---------------------------------------------------------------------------------------------
                                              7.347866   slack (MET)

Hotspot 19: instance=_3977_ selected_worst_paths=none internal=9.84217e-06 switching=2.77208e-09 dynamic=9.84494e-06 leakage=1.55739e-09 total=9.84649e-06
Worst path through hotspot: status=met slack=7.34787 type=max group=core
startpoint=tl_i[108] (input port clocked by core)
endpoint=_3977_ (rising edge-triggered flip-flop clocked by core)
path_power_complete=true
path_average_power_sum internal=9.87808e-06 switching=2.52713e-07 dynamic=1.01308e-05 leakage=2.65791e-09 total=1.01334e-05
stage instance cell pins fanout capacitance slew delay arrival internal switching dynamic leakage total
1 _2264_ sg13g2_nand2_1 B,Y 4 0.015032 0.053235 0.042203 2.04254 5.83016e-09 2.0421e-08 2.62511e-08 9.53872e-11 2.63465e-08
2 _2265_ sg13g2_buf_1 A,X 17 0.086831 0.262875 0.217769 2.26031 1.14343e-08 1.17961e-07 1.29395e-07 2.70929e-10 1.29666e-07
3 _2291_ sg13g2_buf_1 A,X 22 0.080733 0.245351 0.240121 2.50043 1.31797e-08 1.09677e-07 1.22857e-07 2.7093e-10 1.23128e-07
4 _2435_ sg13g2_a22oi_1 A2,Y 1 0.001756 0.055822 0.071273 2.5717 5.4672e-09 1.88141e-09 7.34861e-09 4.63268e-10 7.81188e-09
5 _3977_ sg13g2_dfrbpq_1 D - - 0.055822 0 2.5717 9.84217e-06 2.77208e-09 9.84494e-06 1.55739e-09 9.84649e-06
OpenSTA targeted timing report:
Startpoint: tl_i[108] (input port clocked by core)
Endpoint: _3977_ (rising edge-triggered flip-flop clocked by core)
Path Group: core
Path Type: max

Fanout         Cap        Slew       Delay        Time   Description
---------------------------------------------------------------------------------------------
                      0.000000    0.000000    0.000000   clock core (rise edge)
                                  0.000000    0.000000   clock network delay (ideal)
                                  2.000000    2.000000 v input external delay
     1    0.003365    0.000337    0.000337    2.000337 v tl_i[108] (in)
                                                         tl_i[108] (net)
                      0.000337    0.000000    2.000337 v _2264_/B (sg13g2_nand2_1)
     4    0.015032    0.053235    0.042203    2.042540 ^ _2264_/Y (sg13g2_nand2_1)
                                                         _1197_ (net)
                      0.053235    0.000000    2.042540 ^ _2265_/A (sg13g2_buf_1)
    17    0.086831    0.262875    0.217769    2.260309 ^ _2265_/X (sg13g2_buf_1)
                                                         _1198_ (net)
                      0.262875    0.000000    2.260309 ^ _2291_/A (sg13g2_buf_1)
    22    0.080733    0.245351    0.240121    2.500430 ^ _2291_/X (sg13g2_buf_1)
                                                         _1209_ (net)
                      0.245351    0.000000    2.500430 ^ _2435_/A2 (sg13g2_a22oi_1)
     1    0.001756    0.055822    0.071273    2.571704 v _2435_/Y (sg13g2_a22oi_1)
                                                         _0276_ (net)
                      0.055822    0.000000    2.571704 v _3977_/D (sg13g2_dfrbpq_1)
                                              2.571704   data arrival time

                      0.000000   10.000000   10.000000   clock core (rise edge)
                                  0.000000   10.000000   clock network delay (ideal)
                                  0.000000   10.000000   clock reconvergence pessimism
                                             10.000000 ^ _3977_/CLK (sg13g2_dfrbpq_1)
                                 -0.080431    9.919569   library setup time
                                              9.919569   data required time
---------------------------------------------------------------------------------------------
                                              9.919569   data required time
                                             -2.571704   data arrival time
---------------------------------------------------------------------------------------------
                                              7.347866   slack (MET)

Hotspot 20: instance=_4166_ selected_worst_paths=none internal=9.84137e-06 switching=2.47554e-09 dynamic=9.84385e-06 leakage=1.55672e-09 total=9.84541e-06
Worst path through hotspot: status=met slack=8.62134 type=max group=asynchronous
startpoint=_4163_ (rising edge-triggered flip-flop clocked by core)
endpoint=_4166_ (recovery check against rising-edge clock core)
path_power_complete=true
path_average_power_sum internal=1.96699e-05 switching=3.98274e-08 dynamic=1.97098e-05 leakage=3.11333e-09 total=1.97129e-05
stage instance cell pins fanout capacitance slew delay arrival internal switching dynamic leakage total
1 _4163_ sg13g2_dfrbpq_1 CLK,Q 83 0.508649 1.4986 1.10244 1.10244 9.82856e-06 3.73518e-08 9.86591e-06 1.55661e-09 9.86747e-06
2 _4166_ sg13g2_dfrbpq_1 RESET_B - - 1.4986 0 1.10244 9.84137e-06 2.47554e-09 9.84385e-06 1.55672e-09 9.84541e-06
OpenSTA targeted timing report:
Startpoint: _4163_ (rising edge-triggered flip-flop clocked by core)
Endpoint: _4166_ (recovery check against rising-edge clock core)
Path Group: asynchronous
Path Type: max

Fanout         Cap        Slew       Delay        Time   Description
---------------------------------------------------------------------------------------------
                      0.000000    0.000000    0.000000   clock core (rise edge)
                                  0.000000    0.000000   clock network delay (ideal)
                      0.000000    0.000000    0.000000 ^ _4163_/CLK (sg13g2_dfrbpq_1)
    83    0.508649    1.498597    1.102436    1.102436 ^ _4163_/Q (sg13g2_dfrbpq_1)
                                                         u_uart_master_core.u_host_reset_stage.d_i (net)
                      1.498597    0.000000    1.102436 ^ _4166_/RESET_B (sg13g2_dfrbpq_1)
                                              1.102436   data arrival time

                      0.000000   10.000000   10.000000   clock core (rise edge)
                                  0.000000   10.000000   clock network delay (ideal)
                                  0.000000   10.000000   clock reconvergence pessimism
                                             10.000000 ^ _4166_/CLK (sg13g2_dfrbpq_1)
                                 -0.276221    9.723780   library recovery time
                                              9.723780   data required time
---------------------------------------------------------------------------------------------
                                              9.723780   data required time
                                             -1.102436   data arrival time
---------------------------------------------------------------------------------------------
                                              8.621343   slack (MET)
