analysis=fusion_analysis corner=tt mode=hold stage=post_syn
workload=reconfig_sv_tt
methodology=staged_public_opensta
path_power_semantics=average_instance_power_in_same_analysis_context
activity_file=/tmp/flexsoc-repack/gpio/runs/gpio/dev/signoff/ihp-sg13g2/power/activity/captures/gpio_ihp-sg13g2_reconfig_sv_tt.vcd
activity_scope=gpio_tb/u_gpio
liberty=/home/eneadim/github/flexsoc/.flexsoc/pdks/ihp-sg13g2/ihp-sg13g2/libs.ref/sg13g2_stdcell/lib/sg13g2_stdcell_typ_1p50V_25C.lib
netlist=/tmp/flexsoc-repack/gpio/runs/gpio/dev/syn/ihp-sg13g2/gpio_synth.v
sdc=/tmp/flexsoc-repack/gpio/runs/gpio/dev/constraints/gpio.sdc
spef=

=== Units ===
 time 1ns
 capacitance 1pF
 resistance 1kohm
 voltage 1v
 current 1uA
 power 1pW
 distance 1um

=== Constraint validation ===

=== Timing summary ===
wns min 0.00
tns min 0.00

=== Power summary ===
Group                  Internal  Switching    Leakage      Total
                          Power      Power      Power      Power (Watts)
----------------------------------------------------------------
Sequential             8.88e-04   6.27e-06   1.49e-07   8.94e-04  97.7%
Combinational          9.96e-06   1.14e-05   1.29e-07   2.15e-05   2.3%
Clock                  0.00e+00   0.00e+00   0.00e+00   0.00e+00   0.0%
Macro                  0.00e+00   0.00e+00   0.00e+00   0.00e+00   0.0%
Pad                    0.00e+00   0.00e+00   0.00e+00   0.00e+00   0.0%
----------------------------------------------------------------
Total                  8.98e-04   1.77e-05   2.77e-07   9.16e-04 100.0%
                          98.0%       1.9%       0.0%

=== Worst timing paths (violated or met) ===
Startpoint: cio_gpio_i[0] (input port clocked by core)
Endpoint: _593_ (rising edge-triggered flip-flop clocked by core)
Path Group: core
Path Type: min

Fanout         Cap        Slew       Delay        Time   Description
---------------------------------------------------------------------------------------------
                      0.000000    0.000000    0.000000   clock core (rise edge)
                                  0.000000    0.000000   clock network delay (ideal)
                                  0.000000    0.000000 v input external delay
     1    0.001482    0.000148    0.000148    0.000148 v cio_gpio_i[0] (in)
                                                         cio_gpio_i[0] (net)
                      0.000148    0.000000    0.000148 v _593_/D (sg13g2_dfrbpq_1)
                                              0.000148   data arrival time

                      0.000000    0.000000    0.000000   clock core (rise edge)
                                  0.000000    0.000000   clock network delay (ideal)
                                  0.000000    0.000000   clock reconvergence pessimism
                                              0.000000 ^ _593_/CLK (sg13g2_dfrbpq_1)
                                 -0.024935   -0.024935   library hold time
                                             -0.024935   data required time
---------------------------------------------------------------------------------------------
                                             -0.024935   data required time
                                             -0.000148   data arrival time
---------------------------------------------------------------------------------------------
                                              0.025084   slack (MET)


Startpoint: cio_gpio_i[1] (input port clocked by core)
Endpoint: _600_ (rising edge-triggered flip-flop clocked by core)
Path Group: core
Path Type: min

Fanout         Cap        Slew       Delay        Time   Description
---------------------------------------------------------------------------------------------
                      0.000000    0.000000    0.000000   clock core (rise edge)
                                  0.000000    0.000000   clock network delay (ideal)
                                  0.000000    0.000000 v input external delay
     1    0.001482    0.000148    0.000148    0.000148 v cio_gpio_i[1] (in)
                                                         cio_gpio_i[1] (net)
                      0.000148    0.000000    0.000148 v _600_/D (sg13g2_dfrbpq_1)
                                              0.000148   data arrival time

                      0.000000    0.000000    0.000000   clock core (rise edge)
                                  0.000000    0.000000   clock network delay (ideal)
                                  0.000000    0.000000   clock reconvergence pessimism
                                              0.000000 ^ _600_/CLK (sg13g2_dfrbpq_1)
                                 -0.024935   -0.024935   library hold time
                                             -0.024935   data required time
---------------------------------------------------------------------------------------------
                                             -0.024935   data required time
                                             -0.000148   data arrival time
---------------------------------------------------------------------------------------------
                                              0.025084   slack (MET)


Startpoint: cio_gpio_i[2] (input port clocked by core)
Endpoint: _607_ (rising edge-triggered flip-flop clocked by core)
Path Group: core
Path Type: min

Fanout         Cap        Slew       Delay        Time   Description
---------------------------------------------------------------------------------------------
                      0.000000    0.000000    0.000000   clock core (rise edge)
                                  0.000000    0.000000   clock network delay (ideal)
                                  0.000000    0.000000 v input external delay
     1    0.001482    0.000148    0.000148    0.000148 v cio_gpio_i[2] (in)
                                                         cio_gpio_i[2] (net)
                      0.000148    0.000000    0.000148 v _607_/D (sg13g2_dfrbpq_1)
                                              0.000148   data arrival time

                      0.000000    0.000000    0.000000   clock core (rise edge)
                                  0.000000    0.000000   clock network delay (ideal)
                                  0.000000    0.000000   clock reconvergence pessimism
                                              0.000000 ^ _607_/CLK (sg13g2_dfrbpq_1)
                                 -0.024935   -0.024935   library hold time
                                             -0.024935   data required time
---------------------------------------------------------------------------------------------
                                             -0.024935   data required time
                                             -0.000148   data arrival time
---------------------------------------------------------------------------------------------
                                              0.025084   slack (MET)


Startpoint: cio_gpio_i[3] (input port clocked by core)
Endpoint: _614_ (rising edge-triggered flip-flop clocked by core)
Path Group: core
Path Type: min

Fanout         Cap        Slew       Delay        Time   Description
---------------------------------------------------------------------------------------------
                      0.000000    0.000000    0.000000   clock core (rise edge)
                                  0.000000    0.000000   clock network delay (ideal)
                                  0.000000    0.000000 v input external delay
     1    0.001482    0.000148    0.000148    0.000148 v cio_gpio_i[3] (in)
                                                         cio_gpio_i[3] (net)
                      0.000148    0.000000    0.000148 v _614_/D (sg13g2_dfrbpq_1)
                                              0.000148   data arrival time

                      0.000000    0.000000    0.000000   clock core (rise edge)
                                  0.000000    0.000000   clock network delay (ideal)
                                  0.000000    0.000000   clock reconvergence pessimism
                                              0.000000 ^ _614_/CLK (sg13g2_dfrbpq_1)
                                 -0.024935   -0.024935   library hold time
                                             -0.024935   data required time
---------------------------------------------------------------------------------------------
                                             -0.024935   data required time
                                             -0.000148   data arrival time
---------------------------------------------------------------------------------------------
                                              0.025084   slack (MET)


Startpoint: tl_i[0] (input port clocked by core)
Endpoint: _576_ (rising edge-triggered flip-flop clocked by core)
Path Group: core
Path Type: min

Fanout         Cap        Slew       Delay        Time   Description
---------------------------------------------------------------------------------------------
                      0.000000    0.000000    0.000000   clock core (rise edge)
                                  0.000000    0.000000   clock network delay (ideal)
                                  0.000000    0.000000 ^ input external delay
     1    0.002969    0.000297    0.000297    0.000297 ^ tl_i[0] (in)
                                                         tl_i[0] (net)
                      0.000297    0.000000    0.000297 ^ _510_/A2 (sg13g2_o21ai_1)
     1    0.001482    0.013537    0.026807    0.027104 v _510_/Y (sg13g2_o21ai_1)
                                                         _060_ (net)
                      0.013537    0.000000    0.027104 v _576_/D (sg13g2_dfrbpq_1)
                                              0.027104   data arrival time

                      0.000000    0.000000    0.000000   clock core (rise edge)
                                  0.000000    0.000000   clock network delay (ideal)
                                  0.000000    0.000000   clock reconvergence pessimism
                                              0.000000 ^ _576_/CLK (sg13g2_dfrbpq_1)
                                 -0.027961   -0.027961   library hold time
                                             -0.027961   data required time
---------------------------------------------------------------------------------------------
                                             -0.027961   data required time
                                             -0.027104   data arrival time
---------------------------------------------------------------------------------------------
                                              0.055065   slack (MET)


Startpoint: rst_ni (input port clocked by core)
Endpoint: _587_ (removal check against rising-edge clock core)
Path Group: asynchronous
Path Type: min

Fanout         Cap        Slew       Delay        Time   Description
---------------------------------------------------------------------------------------------
                      0.000000    0.000000    0.000000   clock core (rise edge)
                                  0.000000    0.000000   clock network delay (ideal)
                                  0.000000    0.000000 ^ input external delay
     2    0.009158    0.000916    0.000916    0.000916 ^ rst_ni (in)
                                                         rst_ni (net)
                      0.000916    0.000000    0.000916 ^ _587_/RESET_B (sg13g2_dfrbpq_1)
                                              0.000916   data arrival time

                      0.000000    0.000000    0.000000   clock core (rise edge)
                                  0.000000    0.000000   clock network delay (ideal)
                                  0.000000    0.000000   clock reconvergence pessimism
                                              0.000000 ^ _587_/CLK (sg13g2_dfrbpq_1)
                                 -0.061494   -0.061494   library removal time
                                             -0.061494   data required time
---------------------------------------------------------------------------------------------
                                             -0.061494   data required time
                                             -0.000916   data arrival time
---------------------------------------------------------------------------------------------
                                              0.062409   slack (MET)


Startpoint: rst_ni (input port clocked by core)
Endpoint: _588_ (removal check against rising-edge clock core)
Path Group: asynchronous
Path Type: min

Fanout         Cap        Slew       Delay        Time   Description
---------------------------------------------------------------------------------------------
                      0.000000    0.000000    0.000000   clock core (rise edge)
                                  0.000000    0.000000   clock network delay (ideal)
                                  0.000000    0.000000 ^ input external delay
     2    0.009158    0.000916    0.000916    0.000916 ^ rst_ni (in)
                                                         rst_ni (net)
                      0.000916    0.000000    0.000916 ^ _588_/RESET_B (sg13g2_dfrbpq_1)
                                              0.000916   data arrival time

                      0.000000    0.000000    0.000000   clock core (rise edge)
                                  0.000000    0.000000   clock network delay (ideal)
                                  0.000000    0.000000   clock reconvergence pessimism
                                              0.000000 ^ _588_/CLK (sg13g2_dfrbpq_1)
                                 -0.061494   -0.061494   library removal time
                                             -0.061494   data required time
---------------------------------------------------------------------------------------------
                                             -0.061494   data required time
                                             -0.000916   data arrival time
---------------------------------------------------------------------------------------------
                                              0.062409   slack (MET)


Startpoint: tl_i[24] (input port clocked by core)
Endpoint: _522_ (rising edge-triggered flip-flop clocked by core)
Path Group: core
Path Type: min

Fanout         Cap        Slew       Delay        Time   Description
---------------------------------------------------------------------------------------------
                      0.000000    0.000000    0.000000   clock core (rise edge)
                                  0.000000    0.000000   clock network delay (ideal)
                                  0.000000    0.000000 v input external delay
     2    0.005305    0.000530    0.000530    0.000530 v tl_i[24] (in)
                                                         tl_i[24] (net)
                      0.000530    0.000000    0.000530 v _483_/B (sg13g2_nand2_1)
     1    0.002996    0.016807    0.019918    0.020448 ^ _483_/Y (sg13g2_nand2_1)
                                                         _228_ (net)
                      0.016807    0.000000    0.020448 ^ _484_/B1 (sg13g2_o21ai_1)
     1    0.001482    0.016577    0.023213    0.043661 v _484_/Y (sg13g2_o21ai_1)
                                                         _049_ (net)
                      0.016577    0.000000    0.043661 v _522_/D (sg13g2_dfrbpq_1)
                                              0.043661   data arrival time

                      0.000000    0.000000    0.000000   clock core (rise edge)
                                  0.000000    0.000000   clock network delay (ideal)
                                  0.000000    0.000000   clock reconvergence pessimism
                                              0.000000 ^ _522_/CLK (sg13g2_dfrbpq_1)
                                 -0.028648   -0.028648   library hold time
                                             -0.028648   data required time
---------------------------------------------------------------------------------------------
                                             -0.028648   data required time
                                             -0.043661   data arrival time
---------------------------------------------------------------------------------------------
                                              0.072309   slack (MET)


Startpoint: tl_i[25] (input port clocked by core)
Endpoint: _523_ (rising edge-triggered flip-flop clocked by core)
Path Group: core
Path Type: min

Fanout         Cap        Slew       Delay        Time   Description
---------------------------------------------------------------------------------------------
                      0.000000    0.000000    0.000000   clock core (rise edge)
                                  0.000000    0.000000   clock network delay (ideal)
                                  0.000000    0.000000 v input external delay
     2    0.005305    0.000530    0.000530    0.000530 v tl_i[25] (in)
                                                         tl_i[25] (net)
                      0.000530    0.000000    0.000530 v _481_/B (sg13g2_nand2_1)
     1    0.002996    0.016807    0.019918    0.020448 ^ _481_/Y (sg13g2_nand2_1)
                                                         _227_ (net)
                      0.016807    0.000000    0.020448 ^ _482_/B1 (sg13g2_o21ai_1)
     1    0.001482    0.016577    0.023213    0.043661 v _482_/Y (sg13g2_o21ai_1)
                                                         _048_ (net)
                      0.016577    0.000000    0.043661 v _523_/D (sg13g2_dfrbpq_1)
                                              0.043661   data arrival time

                      0.000000    0.000000    0.000000   clock core (rise edge)
                                  0.000000    0.000000   clock network delay (ideal)
                                  0.000000    0.000000   clock reconvergence pessimism
                                              0.000000 ^ _523_/CLK (sg13g2_dfrbpq_1)
                                 -0.028648   -0.028648   library hold time
                                             -0.028648   data required time
---------------------------------------------------------------------------------------------
                                             -0.028648   data required time
                                             -0.043661   data arrival time
---------------------------------------------------------------------------------------------
                                              0.072309   slack (MET)


Startpoint: tl_i[26] (input port clocked by core)
Endpoint: _524_ (rising edge-triggered flip-flop clocked by core)
Path Group: core
Path Type: min

Fanout         Cap        Slew       Delay        Time   Description
---------------------------------------------------------------------------------------------
                      0.000000    0.000000    0.000000   clock core (rise edge)
                                  0.000000    0.000000   clock network delay (ideal)
                                  0.000000    0.000000 v input external delay
     2    0.005305    0.000530    0.000530    0.000530 v tl_i[26] (in)
                                                         tl_i[26] (net)
                      0.000530    0.000000    0.000530 v _479_/B (sg13g2_nand2_1)
     1    0.002996    0.016807    0.019918    0.020448 ^ _479_/Y (sg13g2_nand2_1)
                                                         _226_ (net)
                      0.016807    0.000000    0.020448 ^ _480_/B1 (sg13g2_o21ai_1)
     1    0.001482    0.016577    0.023213    0.043661 v _480_/Y (sg13g2_o21ai_1)
                                                         _047_ (net)
                      0.016577    0.000000    0.043661 v _524_/D (sg13g2_dfrbpq_1)
                                              0.043661   data arrival time

                      0.000000    0.000000    0.000000   clock core (rise edge)
                                  0.000000    0.000000   clock network delay (ideal)
                                  0.000000    0.000000   clock reconvergence pessimism
                                              0.000000 ^ _524_/CLK (sg13g2_dfrbpq_1)
                                 -0.028648   -0.028648   library hold time
                                             -0.028648   data required time
---------------------------------------------------------------------------------------------
                                             -0.028648   data required time
                                             -0.043661   data arrival time
---------------------------------------------------------------------------------------------
                                              0.072309   slack (MET)


Startpoint: tl_i[28] (input port clocked by core)
Endpoint: _540_ (rising edge-triggered flip-flop clocked by core)
Path Group: core
Path Type: min

Fanout         Cap        Slew       Delay        Time   Description
---------------------------------------------------------------------------------------------
                      0.000000    0.000000    0.000000   clock core (rise edge)
                                  0.000000    0.000000   clock network delay (ideal)
                                  0.000000    0.000000 v input external delay
     2    0.005392    0.000539    0.000539    0.000539 v tl_i[28] (in)
                                                         tl_i[28] (net)
                      0.000539    0.000000    0.000539 v _466_/A (sg13g2_nor2_1)
     1    0.002538    0.026581    0.032973    0.033512 ^ _466_/Y (sg13g2_nor2_1)
                                                         _223_ (net)
                      0.026581    0.000000    0.033512 ^ _467_/B1 (sg13g2_a21oi_1)
     1    0.001482    0.011717    0.017888    0.051400 v _467_/Y (sg13g2_a21oi_1)
                                                         _037_ (net)
                      0.011717    0.000000    0.051400 v _540_/D (sg13g2_dfrbpq_1)
                                              0.051400   data arrival time

                      0.000000    0.000000    0.000000   clock core (rise edge)
                                  0.000000    0.000000   clock network delay (ideal)
                                  0.000000    0.000000   clock reconvergence pessimism
                                              0.000000 ^ _540_/CLK (sg13g2_dfrbpq_1)
                                 -0.027550   -0.027550   library hold time
                                             -0.027550   data required time
---------------------------------------------------------------------------------------------
                                             -0.027550   data required time
                                             -0.051400   data arrival time
---------------------------------------------------------------------------------------------
                                              0.078950   slack (MET)


Startpoint: tl_i[29] (input port clocked by core)
Endpoint: _541_ (rising edge-triggered flip-flop clocked by core)
Path Group: core
Path Type: min

Fanout         Cap        Slew       Delay        Time   Description
---------------------------------------------------------------------------------------------
                      0.000000    0.000000    0.000000   clock core (rise edge)
                                  0.000000    0.000000   clock network delay (ideal)
                                  0.000000    0.000000 v input external delay
     2    0.005392    0.000539    0.000539    0.000539 v tl_i[29] (in)
                                                         tl_i[29] (net)
                      0.000539    0.000000    0.000539 v _464_/A (sg13g2_nor2_1)
     1    0.002538    0.026581    0.032973    0.033512 ^ _464_/Y (sg13g2_nor2_1)
                                                         _222_ (net)
                      0.026581    0.000000    0.033512 ^ _465_/B1 (sg13g2_a21oi_1)
     1    0.001482    0.011717    0.017888    0.051400 v _465_/Y (sg13g2_a21oi_1)
                                                         _036_ (net)
                      0.011717    0.000000    0.051400 v _541_/D (sg13g2_dfrbpq_1)
                                              0.051400   data arrival time

                      0.000000    0.000000    0.000000   clock core (rise edge)
                                  0.000000    0.000000   clock network delay (ideal)
                                  0.000000    0.000000   clock reconvergence pessimism
                                              0.000000 ^ _541_/CLK (sg13g2_dfrbpq_1)
                                 -0.027550   -0.027550   library hold time
                                             -0.027550   data required time
---------------------------------------------------------------------------------------------
                                             -0.027550   data required time
                                             -0.051400   data arrival time
---------------------------------------------------------------------------------------------
                                              0.078950   slack (MET)


Startpoint: _588_ (rising edge-triggered flip-flop clocked by core)
Endpoint: _521_ (removal check against rising-edge clock core)
Path Group: asynchronous
Path Type: min

Fanout         Cap        Slew       Delay        Time   Description
---------------------------------------------------------------------------------------------
                      0.000000    0.000000    0.000000   clock core (rise edge)
                                  0.000000    0.000000   clock network delay (ideal)
                      0.000000    0.000000    0.000000 ^ _588_/CLK (sg13g2_dfrbpq_1)
    98    0.448754    1.322892    0.984552    0.984552 ^ _588_/Q (sg13g2_dfrbpq_1)
                                                         core_rst_sync_ni (net)
                      1.322892    0.000000    0.984552 ^ _521_/RESET_B (sg13g2_dfrbpq_1)
                                              0.984552   data arrival time

                      0.000000    0.000000    0.000000   clock core (rise edge)
                                  0.000000    0.000000   clock network delay (ideal)
                                  0.000000    0.000000   clock reconvergence pessimism
                                              0.000000 ^ _521_/CLK (sg13g2_dfrbpq_1)
                                 -0.243625   -0.243625   library removal time
                                             -0.243625   data required time
---------------------------------------------------------------------------------------------
                                             -0.243625   data required time
                                             -0.984552   data arrival time
---------------------------------------------------------------------------------------------
                                              1.228176   slack (MET)


Startpoint: _588_ (rising edge-triggered flip-flop clocked by core)
Endpoint: _522_ (removal check against rising-edge clock core)
Path Group: asynchronous
Path Type: min

Fanout         Cap        Slew       Delay        Time   Description
---------------------------------------------------------------------------------------------
                      0.000000    0.000000    0.000000   clock core (rise edge)
                                  0.000000    0.000000   clock network delay (ideal)
                      0.000000    0.000000    0.000000 ^ _588_/CLK (sg13g2_dfrbpq_1)
    98    0.448754    1.322892    0.984552    0.984552 ^ _588_/Q (sg13g2_dfrbpq_1)
                                                         core_rst_sync_ni (net)
                      1.322892    0.000000    0.984552 ^ _522_/RESET_B (sg13g2_dfrbpq_1)
                                              0.984552   data arrival time

                      0.000000    0.000000    0.000000   clock core (rise edge)
                                  0.000000    0.000000   clock network delay (ideal)
                                  0.000000    0.000000   clock reconvergence pessimism
                                              0.000000 ^ _522_/CLK (sg13g2_dfrbpq_1)
                                 -0.243625   -0.243625   library removal time
                                             -0.243625   data required time
---------------------------------------------------------------------------------------------
                                             -0.243625   data required time
                                             -0.984552   data arrival time
---------------------------------------------------------------------------------------------
                                              1.228176   slack (MET)


Startpoint: _588_ (rising edge-triggered flip-flop clocked by core)
Endpoint: _523_ (removal check against rising-edge clock core)
Path Group: asynchronous
Path Type: min

Fanout         Cap        Slew       Delay        Time   Description
---------------------------------------------------------------------------------------------
                      0.000000    0.000000    0.000000   clock core (rise edge)
                                  0.000000    0.000000   clock network delay (ideal)
                      0.000000    0.000000    0.000000 ^ _588_/CLK (sg13g2_dfrbpq_1)
    98    0.448754    1.322892    0.984552    0.984552 ^ _588_/Q (sg13g2_dfrbpq_1)
                                                         core_rst_sync_ni (net)
                      1.322892    0.000000    0.984552 ^ _523_/RESET_B (sg13g2_dfrbpq_1)
                                              0.984552   data arrival time

                      0.000000    0.000000    0.000000   clock core (rise edge)
                                  0.000000    0.000000   clock network delay (ideal)
                                  0.000000    0.000000   clock reconvergence pessimism
                                              0.000000 ^ _523_/CLK (sg13g2_dfrbpq_1)
                                 -0.243625   -0.243625   library removal time
                                             -0.243625   data required time
---------------------------------------------------------------------------------------------
                                             -0.243625   data required time
                                             -0.984552   data arrival time
---------------------------------------------------------------------------------------------
                                              1.228176   slack (MET)


Startpoint: _588_ (rising edge-triggered flip-flop clocked by core)
Endpoint: _524_ (removal check against rising-edge clock core)
Path Group: asynchronous
Path Type: min

Fanout         Cap        Slew       Delay        Time   Description
---------------------------------------------------------------------------------------------
                      0.000000    0.000000    0.000000   clock core (rise edge)
                                  0.000000    0.000000   clock network delay (ideal)
                      0.000000    0.000000    0.000000 ^ _588_/CLK (sg13g2_dfrbpq_1)
    98    0.448754    1.322892    0.984552    0.984552 ^ _588_/Q (sg13g2_dfrbpq_1)
                                                         core_rst_sync_ni (net)
                      1.322892    0.000000    0.984552 ^ _524_/RESET_B (sg13g2_dfrbpq_1)
                                              0.984552   data arrival time

                      0.000000    0.000000    0.000000   clock core (rise edge)
                                  0.000000    0.000000   clock network delay (ideal)
                                  0.000000    0.000000   clock reconvergence pessimism
                                              0.000000 ^ _524_/CLK (sg13g2_dfrbpq_1)
                                 -0.243625   -0.243625   library removal time
                                             -0.243625   data required time
---------------------------------------------------------------------------------------------
                                             -0.243625   data required time
                                             -0.984552   data arrival time
---------------------------------------------------------------------------------------------
                                              1.228176   slack (MET)


Startpoint: _588_ (rising edge-triggered flip-flop clocked by core)
Endpoint: _525_ (removal check against rising-edge clock core)
Path Group: asynchronous
Path Type: min

Fanout         Cap        Slew       Delay        Time   Description
---------------------------------------------------------------------------------------------
                      0.000000    0.000000    0.000000   clock core (rise edge)
                                  0.000000    0.000000   clock network delay (ideal)
                      0.000000    0.000000    0.000000 ^ _588_/CLK (sg13g2_dfrbpq_1)
    98    0.448754    1.322892    0.984552    0.984552 ^ _588_/Q (sg13g2_dfrbpq_1)
                                                         core_rst_sync_ni (net)
                      1.322892    0.000000    0.984552 ^ _525_/RESET_B (sg13g2_dfrbpq_1)
                                              0.984552   data arrival time

                      0.000000    0.000000    0.000000   clock core (rise edge)
                                  0.000000    0.000000   clock network delay (ideal)
                                  0.000000    0.000000   clock reconvergence pessimism
                                              0.000000 ^ _525_/CLK (sg13g2_dfrbpq_1)
                                 -0.243625   -0.243625   library removal time
                                             -0.243625   data required time
---------------------------------------------------------------------------------------------
                                             -0.243625   data required time
                                             -0.984552   data arrival time
---------------------------------------------------------------------------------------------
                                              1.228176   slack (MET)


Startpoint: _588_ (rising edge-triggered flip-flop clocked by core)
Endpoint: _526_ (removal check against rising-edge clock core)
Path Group: asynchronous
Path Type: min

Fanout         Cap        Slew       Delay        Time   Description
---------------------------------------------------------------------------------------------
                      0.000000    0.000000    0.000000   clock core (rise edge)
                                  0.000000    0.000000   clock network delay (ideal)
                      0.000000    0.000000    0.000000 ^ _588_/CLK (sg13g2_dfrbpq_1)
    98    0.448754    1.322892    0.984552    0.984552 ^ _588_/Q (sg13g2_dfrbpq_1)
                                                         core_rst_sync_ni (net)
                      1.322892    0.000000    0.984552 ^ _526_/RESET_B (sg13g2_dfrbpq_1)
                                              0.984552   data arrival time

                      0.000000    0.000000    0.000000   clock core (rise edge)
                                  0.000000    0.000000   clock network delay (ideal)
                                  0.000000    0.000000   clock reconvergence pessimism
                                              0.000000 ^ _526_/CLK (sg13g2_dfrbpq_1)
                                 -0.243625   -0.243625   library removal time
                                             -0.243625   data required time
---------------------------------------------------------------------------------------------
                                             -0.243625   data required time
                                             -0.984552   data arrival time
---------------------------------------------------------------------------------------------
                                              1.228176   slack (MET)


Startpoint: _588_ (rising edge-triggered flip-flop clocked by core)
Endpoint: _527_ (removal check against rising-edge clock core)
Path Group: asynchronous
Path Type: min

Fanout         Cap        Slew       Delay        Time   Description
---------------------------------------------------------------------------------------------
                      0.000000    0.000000    0.000000   clock core (rise edge)
                                  0.000000    0.000000   clock network delay (ideal)
                      0.000000    0.000000    0.000000 ^ _588_/CLK (sg13g2_dfrbpq_1)
    98    0.448754    1.322892    0.984552    0.984552 ^ _588_/Q (sg13g2_dfrbpq_1)
                                                         core_rst_sync_ni (net)
                      1.322892    0.000000    0.984552 ^ _527_/RESET_B (sg13g2_dfrbpq_1)
                                              0.984552   data arrival time

                      0.000000    0.000000    0.000000   clock core (rise edge)
                                  0.000000    0.000000   clock network delay (ideal)
                                  0.000000    0.000000   clock reconvergence pessimism
                                              0.000000 ^ _527_/CLK (sg13g2_dfrbpq_1)
                                 -0.243625   -0.243625   library removal time
                                             -0.243625   data required time
---------------------------------------------------------------------------------------------
                                             -0.243625   data required time
                                             -0.984552   data arrival time
---------------------------------------------------------------------------------------------
                                              1.228176   slack (MET)


Startpoint: _588_ (rising edge-triggered flip-flop clocked by core)
Endpoint: _528_ (removal check against rising-edge clock core)
Path Group: asynchronous
Path Type: min

Fanout         Cap        Slew       Delay        Time   Description
---------------------------------------------------------------------------------------------
                      0.000000    0.000000    0.000000   clock core (rise edge)
                                  0.000000    0.000000   clock network delay (ideal)
                      0.000000    0.000000    0.000000 ^ _588_/CLK (sg13g2_dfrbpq_1)
    98    0.448754    1.322892    0.984552    0.984552 ^ _588_/Q (sg13g2_dfrbpq_1)
                                                         core_rst_sync_ni (net)
                      1.322892    0.000000    0.984552 ^ _528_/RESET_B (sg13g2_dfrbpq_1)
                                              0.984552   data arrival time

                      0.000000    0.000000    0.000000   clock core (rise edge)
                                  0.000000    0.000000   clock network delay (ideal)
                                  0.000000    0.000000   clock reconvergence pessimism
                                              0.000000 ^ _528_/CLK (sg13g2_dfrbpq_1)
                                 -0.243625   -0.243625   library removal time
                                             -0.243625   data required time
---------------------------------------------------------------------------------------------
                                             -0.243625   data required time
                                             -0.984552   data arrival time
---------------------------------------------------------------------------------------------
                                              1.228176   slack (MET)

=== FlexSoC normalized power fields ===
dynamic_power_definition=internal_power+switching_power
power_unit=OpenSTA report unit; see Units section
internal_power=0.000898
switching_power=1.77e-05
dynamic_power=0.0009157000000000001
leakage_power=2.77e-07
total_power=0.000916

=== Gate-level timing/power fusion ===
power_semantics=average_instance_power_from_the_same_VCD_SAIF_context
path_power_sum=unique_instance_average_power_sum_not_incremental_path_energy
fanout_capacitance_source=OpenSTA_report_checks_output_pin_fields

Worst path 1: status=met slack=0.025084 type=min group=core
startpoint=cio_gpio_i[0] (input port clocked by core)
endpoint=_593_ (rising edge-triggered flip-flop clocked by core)
path_power_complete=true
path_average_power_sum internal=9.30403e-06 switching=2.45408e-09 dynamic=9.30649e-06 leakage=1.54425e-09 total=9.30803e-06
stage instance cell pins fanout capacitance slew delay arrival internal switching dynamic leakage total
1 _593_ sg13g2_dfrbpq_1 D - - 0.000148 0 0.000148 9.30403e-06 2.45408e-09 9.30649e-06 1.54425e-09 9.30803e-06

Worst path 2: status=met slack=0.025084 type=min group=core
startpoint=cio_gpio_i[1] (input port clocked by core)
endpoint=_600_ (rising edge-triggered flip-flop clocked by core)
path_power_complete=true
path_average_power_sum internal=9.30403e-06 switching=2.45408e-09 dynamic=9.30649e-06 leakage=1.54425e-09 total=9.30803e-06
stage instance cell pins fanout capacitance slew delay arrival internal switching dynamic leakage total
1 _600_ sg13g2_dfrbpq_1 D - - 0.000148 0 0.000148 9.30403e-06 2.45408e-09 9.30649e-06 1.54425e-09 9.30803e-06

Worst path 3: status=met slack=0.025084 type=min group=core
startpoint=cio_gpio_i[2] (input port clocked by core)
endpoint=_607_ (rising edge-triggered flip-flop clocked by core)
path_power_complete=true
path_average_power_sum internal=8.23304e-06 switching=0 dynamic=8.23304e-06 leakage=1.42489e-09 total=8.23446e-06
stage instance cell pins fanout capacitance slew delay arrival internal switching dynamic leakage total
1 _607_ sg13g2_dfrbpq_1 D - - 0.000148 0 0.000148 8.23304e-06 0 8.23304e-06 1.42489e-09 8.23446e-06

Worst path 4: status=met slack=0.025084 type=min group=core
startpoint=cio_gpio_i[3] (input port clocked by core)
endpoint=_614_ (rising edge-triggered flip-flop clocked by core)
path_power_complete=true
path_average_power_sum internal=8.23304e-06 switching=0 dynamic=8.23304e-06 leakage=1.42489e-09 total=8.23446e-06
stage instance cell pins fanout capacitance slew delay arrival internal switching dynamic leakage total
1 _614_ sg13g2_dfrbpq_1 D - - 0.000148 0 0.000148 8.23304e-06 0 8.23304e-06 1.42489e-09 8.23446e-06

Worst path 5: status=met slack=0.055065 type=min group=core
startpoint=tl_i[0] (input port clocked by core)
endpoint=_576_ (rising edge-triggered flip-flop clocked by core)
path_power_complete=true
path_average_power_sum internal=8.72141e-06 switching=1.59904e-07 dynamic=8.88132e-06 leakage=2.12335e-09 total=8.88344e-06
stage instance cell pins fanout capacitance slew delay arrival internal switching dynamic leakage total
1 _510_ sg13g2_o21ai_1 A2,Y 1 0.001482 0.013537 0.026807 0.027104 4.04732e-08 1.59515e-08 5.64247e-08 6.89808e-10 5.71145e-08
2 _576_ sg13g2_dfrbpq_1 D - - 0.013537 0 0.027104 8.68094e-06 1.43953e-07 8.82489e-06 1.43354e-09 8.82633e-06

Worst path 6: status=met slack=0.062409 type=min group=asynchronous
startpoint=rst_ni (input port clocked by core)
endpoint=_587_ (removal check against rising-edge clock core)
path_power_complete=true
path_average_power_sum internal=9.5917e-06 switching=7.36225e-09 dynamic=9.59906e-06 leakage=1.55456e-09 total=9.60061e-06
stage instance cell pins fanout capacitance slew delay arrival internal switching dynamic leakage total
1 _587_ sg13g2_dfrbpq_1 RESET_B - - 0.000916 0 0.000916 9.5917e-06 7.36225e-09 9.59906e-06 1.55456e-09 9.60061e-06

Worst path 7: status=met slack=0.062409 type=min group=asynchronous
startpoint=rst_ni (input port clocked by core)
endpoint=_588_ (removal check against rising-edge clock core)
path_power_complete=true
path_average_power_sum internal=9.62693e-06 switching=2.52411e-06 dynamic=1.2151e-05 leakage=1.55268e-09 total=1.21526e-05
stage instance cell pins fanout capacitance slew delay arrival internal switching dynamic leakage total
1 _588_ sg13g2_dfrbpq_1 RESET_B - - 0.000916 0 0.000916 9.62693e-06 2.52411e-06 1.2151e-05 1.55268e-09 1.21526e-05

Worst path 8: status=met slack=0.072309 type=min group=core
startpoint=tl_i[24] (input port clocked by core)
endpoint=_522_ (rising edge-triggered flip-flop clocked by core)
path_power_complete=true
path_average_power_sum internal=8.87842e-06 switching=3.74655e-08 dynamic=8.91589e-06 leakage=2.08986e-09 total=8.91798e-06
stage instance cell pins fanout capacitance slew delay arrival internal switching dynamic leakage total
1 _483_ sg13g2_nand2_1 B,Y 1 0.002996 0.016807 0.019918 0.020448 1.16436e-08 1.38536e-08 2.54973e-08 1.30715e-10 2.5628e-08
2 _484_ sg13g2_o21ai_1 B1,Y 1 0.001482 0.016577 0.023213 0.043661 1.59051e-08 6.13521e-09 2.20403e-08 4.67267e-10 2.25076e-08
3 _522_ sg13g2_dfrbpq_1 D - - 0.016577 0 0.043661 8.85088e-06 1.74767e-08 8.86835e-06 1.49187e-09 8.86984e-06

Worst path 9: status=met slack=0.072309 type=min group=core
startpoint=tl_i[25] (input port clocked by core)
endpoint=_523_ (rising edge-triggered flip-flop clocked by core)
path_power_complete=true
path_average_power_sum internal=8.87843e-06 switching=3.74655e-08 dynamic=8.91589e-06 leakage=2.08986e-09 total=8.91798e-06
stage instance cell pins fanout capacitance slew delay arrival internal switching dynamic leakage total
1 _481_ sg13g2_nand2_1 B,Y 1 0.002996 0.016807 0.019918 0.020448 1.16436e-08 1.38536e-08 2.54973e-08 1.30715e-10 2.5628e-08
2 _482_ sg13g2_o21ai_1 B1,Y 1 0.001482 0.016577 0.023213 0.043661 1.59066e-08 6.13521e-09 2.20418e-08 4.67267e-10 2.25091e-08
3 _523_ sg13g2_dfrbpq_1 D - - 0.016577 0 0.043661 8.85088e-06 1.74767e-08 8.86835e-06 1.49187e-09 8.86984e-06

Worst path 10: status=met slack=0.072309 type=min group=core
startpoint=tl_i[26] (input port clocked by core)
endpoint=_524_ (rising edge-triggered flip-flop clocked by core)
path_power_complete=true
path_average_power_sum internal=8.87802e-06 switching=2.62731e-08 dynamic=8.90429e-06 leakage=2.0855e-09 total=8.90637e-06
stage instance cell pins fanout capacitance slew delay arrival internal switching dynamic leakage total
1 _479_ sg13g2_nand2_1 B,Y 1 0.002996 0.016807 0.019918 0.020448 1.16436e-08 1.38536e-08 2.54973e-08 1.30715e-10 2.5628e-08
2 _480_ sg13g2_o21ai_1 B1,Y 1 0.001482 0.016577 0.023213 0.043661 8.95815e-09 3.68112e-09 1.26393e-08 4.53116e-10 1.30924e-08
3 _524_ sg13g2_dfrbpq_1 D - - 0.016577 0 0.043661 8.85741e-06 8.73833e-09 8.86615e-06 1.50167e-09 8.86765e-06

Worst path 11: status=met slack=0.07895 type=min group=core
startpoint=tl_i[28] (input port clocked by core)
endpoint=_540_ (rising edge-triggered flip-flop clocked by core)
path_power_complete=true
path_average_power_sum internal=8.2454e-06 switching=4.02501e-09 dynamic=8.24943e-06 leakage=2.16021e-09 total=8.25159e-06
stage instance cell pins fanout capacitance slew delay arrival internal switching dynamic leakage total
1 _466_ sg13g2_nor2_1 A,Y 1 0.002538 0.026581 0.032973 0.033512 2.02927e-09 2.79797e-09 4.82725e-09 3.00584e-10 5.12783e-09
2 _467_ sg13g2_a21oi_1 B1,Y 1 0.001482 0.011717 0.017888 0.0514 4.05497e-09 1.22704e-09 5.28201e-09 4.34742e-10 5.71675e-09
3 _540_ sg13g2_dfrbpq_1 D - - 0.011717 0 0.0514 8.23932e-06 0 8.23932e-06 1.42489e-09 8.24074e-06

Worst path 12: status=met slack=0.07895 type=min group=core
startpoint=tl_i[29] (input port clocked by core)
endpoint=_541_ (rising edge-triggered flip-flop clocked by core)
path_power_complete=true
path_average_power_sum internal=8.2454e-06 switching=4.02501e-09 dynamic=8.24943e-06 leakage=2.16041e-09 total=8.25159e-06
stage instance cell pins fanout capacitance slew delay arrival internal switching dynamic leakage total
1 _464_ sg13g2_nor2_1 A,Y 1 0.002538 0.026581 0.032973 0.033512 2.03044e-09 2.79797e-09 4.82841e-09 3.00783e-10 5.12919e-09
2 _465_ sg13g2_a21oi_1 B1,Y 1 0.001482 0.011717 0.017888 0.0514 4.05497e-09 1.22704e-09 5.28201e-09 4.34742e-10 5.71675e-09
3 _541_ sg13g2_dfrbpq_1 D - - 0.011717 0 0.0514 8.23932e-06 0 8.23932e-06 1.42489e-09 8.24074e-06

Worst path 13: status=met slack=1.22818 type=min group=asynchronous
startpoint=_588_ (rising edge-triggered flip-flop clocked by core)
endpoint=_521_ (removal check against rising-edge clock core)
path_power_complete=true
path_average_power_sum internal=1.81862e-05 switching=2.53285e-06 dynamic=2.0719e-05 leakage=3.01587e-09 total=2.0722e-05
stage instance cell pins fanout capacitance slew delay arrival internal switching dynamic leakage total
1 _588_ sg13g2_dfrbpq_1 CLK,Q 98 0.448754 1.32289 0.984552 0.984552 9.62693e-06 2.52411e-06 1.2151e-05 1.55268e-09 1.21526e-05
2 _521_ sg13g2_dfrbpq_1 RESET_B - - 1.32289 0 0.984552 8.55925e-06 8.73833e-09 8.56799e-06 1.46319e-09 8.56945e-06

Worst path 14: status=met slack=1.22818 type=min group=asynchronous
startpoint=_588_ (rising edge-triggered flip-flop clocked by core)
endpoint=_522_ (removal check against rising-edge clock core)
path_power_complete=true
path_average_power_sum internal=1.84778e-05 switching=2.54158e-06 dynamic=2.10194e-05 leakage=3.04455e-09 total=2.10224e-05
stage instance cell pins fanout capacitance slew delay arrival internal switching dynamic leakage total
1 _588_ sg13g2_dfrbpq_1 CLK,Q 98 0.448754 1.32289 0.984552 0.984552 9.62693e-06 2.52411e-06 1.2151e-05 1.55268e-09 1.21526e-05
2 _522_ sg13g2_dfrbpq_1 RESET_B - - 1.32289 0 0.984552 8.85088e-06 1.74767e-08 8.86835e-06 1.49187e-09 8.86984e-06

Worst path 15: status=met slack=1.22818 type=min group=asynchronous
startpoint=_588_ (rising edge-triggered flip-flop clocked by core)
endpoint=_523_ (removal check against rising-edge clock core)
path_power_complete=true
path_average_power_sum internal=1.84778e-05 switching=2.54158e-06 dynamic=2.10194e-05 leakage=3.04455e-09 total=2.10224e-05
stage instance cell pins fanout capacitance slew delay arrival internal switching dynamic leakage total
1 _588_ sg13g2_dfrbpq_1 CLK,Q 98 0.448754 1.32289 0.984552 0.984552 9.62693e-06 2.52411e-06 1.2151e-05 1.55268e-09 1.21526e-05
2 _523_ sg13g2_dfrbpq_1 RESET_B - - 1.32289 0 0.984552 8.85088e-06 1.74767e-08 8.86835e-06 1.49187e-09 8.86984e-06

Worst path 16: status=met slack=1.22818 type=min group=asynchronous
startpoint=_588_ (rising edge-triggered flip-flop clocked by core)
endpoint=_524_ (removal check against rising-edge clock core)
path_power_complete=true
path_average_power_sum internal=1.84843e-05 switching=2.53285e-06 dynamic=2.10172e-05 leakage=3.05435e-09 total=2.10202e-05
stage instance cell pins fanout capacitance slew delay arrival internal switching dynamic leakage total
1 _588_ sg13g2_dfrbpq_1 CLK,Q 98 0.448754 1.32289 0.984552 0.984552 9.62693e-06 2.52411e-06 1.2151e-05 1.55268e-09 1.21526e-05
2 _524_ sg13g2_dfrbpq_1 RESET_B - - 1.32289 0 0.984552 8.85741e-06 8.73833e-09 8.86615e-06 1.50167e-09 8.86765e-06

Worst path 17: status=met slack=1.22818 type=min group=asynchronous
startpoint=_588_ (rising edge-triggered flip-flop clocked by core)
endpoint=_525_ (removal check against rising-edge clock core)
path_power_complete=true
path_average_power_sum internal=1.84844e-05 switching=2.53776e-06 dynamic=2.10222e-05 leakage=3.05435e-09 total=2.10252e-05
stage instance cell pins fanout capacitance slew delay arrival internal switching dynamic leakage total
1 _588_ sg13g2_dfrbpq_1 CLK,Q 98 0.448754 1.32289 0.984552 0.984552 9.62693e-06 2.52411e-06 1.2151e-05 1.55268e-09 1.21526e-05
2 _525_ sg13g2_dfrbpq_1 RESET_B - - 1.32289 0 0.984552 8.85749e-06 1.36528e-08 8.87114e-06 1.50167e-09 8.87264e-06

Worst path 18: status=met slack=1.22818 type=min group=asynchronous
startpoint=_588_ (rising edge-triggered flip-flop clocked by core)
endpoint=_526_ (removal check against rising-edge clock core)
path_power_complete=true
path_average_power_sum internal=1.84778e-05 switching=2.55256e-06 dynamic=2.10304e-05 leakage=3.04456e-09 total=2.10334e-05
stage instance cell pins fanout capacitance slew delay arrival internal switching dynamic leakage total
1 _588_ sg13g2_dfrbpq_1 CLK,Q 98 0.448754 1.32289 0.984552 0.984552 9.62693e-06 2.52411e-06 1.2151e-05 1.55268e-09 1.21526e-05
2 _526_ sg13g2_dfrbpq_1 RESET_B - - 1.32289 0 0.984552 8.85087e-06 2.84484e-08 8.87932e-06 1.49188e-09 8.88081e-06

Worst path 19: status=met slack=1.22818 type=min group=asynchronous
startpoint=_588_ (rising edge-triggered flip-flop clocked by core)
endpoint=_527_ (removal check against rising-edge clock core)
path_power_complete=true
path_average_power_sum internal=1.88357e-05 switching=2.53901e-06 dynamic=2.13747e-05 leakage=3.09023e-09 total=2.13778e-05
stage instance cell pins fanout capacitance slew delay arrival internal switching dynamic leakage total
1 _588_ sg13g2_dfrbpq_1 CLK,Q 98 0.448754 1.32289 0.984552 0.984552 9.62693e-06 2.52411e-06 1.2151e-05 1.55268e-09 1.21526e-05
2 _527_ sg13g2_dfrbpq_1 RESET_B - - 1.32289 0 0.984552 9.20876e-06 1.49047e-08 9.22367e-06 1.53754e-09 9.22521e-06

Worst path 20: status=met slack=1.22818 type=min group=asynchronous
startpoint=_588_ (rising edge-triggered flip-flop clocked by core)
endpoint=_528_ (removal check against rising-edge clock core)
path_power_complete=true
path_average_power_sum internal=1.78662e-05 switching=2.52411e-06 dynamic=2.03903e-05 leakage=2.97757e-09 total=2.03933e-05
stage instance cell pins fanout capacitance slew delay arrival internal switching dynamic leakage total
1 _588_ sg13g2_dfrbpq_1 CLK,Q 98 0.448754 1.32289 0.984552 0.984552 9.62693e-06 2.52411e-06 1.2151e-05 1.55268e-09 1.21526e-05
2 _528_ sg13g2_dfrbpq_1 RESET_B - - 1.32289 0 0.984552 8.23929e-06 0 8.23929e-06 1.42489e-09 8.24071e-06

=== Highest-power instances and worst path through each ===

Hotspot 1: instance=_588_ selected_worst_paths=7,13,14,15,16,17,18,19,20 internal=9.62693e-06 switching=2.52411e-06 dynamic=1.2151e-05 leakage=1.55268e-09 total=1.21526e-05
Worst path through hotspot: status=met slack=0.062409 type=min group=asynchronous
startpoint=rst_ni (input port clocked by core)
endpoint=_588_ (removal check against rising-edge clock core)
path_power_complete=true
path_average_power_sum internal=9.62693e-06 switching=2.52411e-06 dynamic=1.2151e-05 leakage=1.55268e-09 total=1.21526e-05
stage instance cell pins fanout capacitance slew delay arrival internal switching dynamic leakage total
1 _588_ sg13g2_dfrbpq_1 RESET_B - - 0.000916 0 0.000916 9.62693e-06 2.52411e-06 1.2151e-05 1.55268e-09 1.21526e-05
OpenSTA targeted timing report:
Startpoint: rst_ni (input port clocked by core)
Endpoint: _588_ (removal check against rising-edge clock core)
Path Group: asynchronous
Path Type: min

Fanout         Cap        Slew       Delay        Time   Description
---------------------------------------------------------------------------------------------
                      0.000000    0.000000    0.000000   clock core (rise edge)
                                  0.000000    0.000000   clock network delay (ideal)
                                  0.000000    0.000000 ^ input external delay
     2    0.009158    0.000916    0.000916    0.000916 ^ rst_ni (in)
                                                         rst_ni (net)
                      0.000916    0.000000    0.000916 ^ _588_/RESET_B (sg13g2_dfrbpq_1)
                                              0.000916   data arrival time

                      0.000000    0.000000    0.000000   clock core (rise edge)
                                  0.000000    0.000000   clock network delay (ideal)
                                  0.000000    0.000000   clock reconvergence pessimism
                                              0.000000 ^ _588_/CLK (sg13g2_dfrbpq_1)
                                 -0.061494   -0.061494   library removal time
                                             -0.061494   data required time
---------------------------------------------------------------------------------------------
                                             -0.061494   data required time
                                             -0.000916   data arrival time
---------------------------------------------------------------------------------------------
                                              0.062409   slack (MET)

Hotspot 2: instance=_596_ selected_worst_paths=none internal=1.08879e-05 switching=6.89559e-07 dynamic=1.15775e-05 leakage=1.55009e-09 total=1.1579e-05
Worst path through hotspot: status=met slack=0.192473 type=min group=core
startpoint=_596_ (rising edge-triggered flip-flop clocked by core)
endpoint=_596_ (rising edge-triggered flip-flop clocked by core)
path_power_complete=true
path_average_power_sum internal=1.1112e-05 switching=7.64409e-07 dynamic=1.18764e-05 leakage=1.86618e-09 total=1.18783e-05
stage instance cell pins fanout capacitance slew delay arrival internal switching dynamic leakage total
1 _596_ sg13g2_dfrbpq_1 CLK,Q 4 0.0137 0.048019 0.126442 0.126442 1.08879e-05 6.89559e-07 1.15775e-05 1.55009e-09 1.1579e-05
2 _334_ sg13g2_a21oi_1 A2,Y 1 0.001482 0.012546 0.038294 0.164736 2.2412e-07 7.48495e-08 2.9897e-07 3.16089e-10 2.99286e-07
3 _596_ sg13g2_dfrbpq_1 D - - 0.012546 0 0.164736 1.08879e-05 6.89559e-07 1.15775e-05 1.55009e-09 1.1579e-05
OpenSTA targeted timing report:
Startpoint: _596_ (rising edge-triggered flip-flop clocked by core)
Endpoint: _596_ (rising edge-triggered flip-flop clocked by core)
Path Group: core
Path Type: min

Fanout         Cap        Slew       Delay        Time   Description
---------------------------------------------------------------------------------------------
                      0.000000    0.000000    0.000000   clock core (rise edge)
                                  0.000000    0.000000   clock network delay (ideal)
                      0.000000    0.000000    0.000000 ^ _596_/CLK (sg13g2_dfrbpq_1)
     4    0.013700    0.048019    0.126442    0.126442 ^ _596_/Q (sg13g2_dfrbpq_1)
                                                         u_gpio_core.gen_input_filter[0].u_filter.diff_ctr_q[0] (net)
                      0.048019    0.000000    0.126442 ^ _334_/A2 (sg13g2_a21oi_1)
     1    0.001482    0.012546    0.038294    0.164736 v _334_/Y (sg13g2_a21oi_1)
                                                         u_gpio_core.gen_input_filter[0].u_filter.diff_ctr_d[0] (net)
                      0.012546    0.000000    0.164736 v _596_/D (sg13g2_dfrbpq_1)
                                              0.164736   data arrival time

                      0.000000    0.000000    0.000000   clock core (rise edge)
                                  0.000000    0.000000   clock network delay (ideal)
                                  0.000000    0.000000   clock reconvergence pessimism
                                              0.000000 ^ _596_/CLK (sg13g2_dfrbpq_1)
                                 -0.027737   -0.027737   library hold time
                                             -0.027737   data required time
---------------------------------------------------------------------------------------------
                                             -0.027737   data required time
                                             -0.164736   data arrival time
---------------------------------------------------------------------------------------------
                                              0.192473   slack (MET)

Hotspot 3: instance=_603_ selected_worst_paths=none internal=1.08879e-05 switching=6.89559e-07 dynamic=1.15775e-05 leakage=1.55009e-09 total=1.1579e-05
Worst path through hotspot: status=met slack=0.192473 type=min group=core
startpoint=_603_ (rising edge-triggered flip-flop clocked by core)
endpoint=_603_ (rising edge-triggered flip-flop clocked by core)
path_power_complete=true
path_average_power_sum internal=1.11115e-05 switching=7.64409e-07 dynamic=1.18759e-05 leakage=1.86618e-09 total=1.18778e-05
stage instance cell pins fanout capacitance slew delay arrival internal switching dynamic leakage total
1 _603_ sg13g2_dfrbpq_1 CLK,Q 4 0.0137 0.048019 0.126442 0.126442 1.08879e-05 6.89559e-07 1.15775e-05 1.55009e-09 1.1579e-05
2 _318_ sg13g2_a21oi_1 A2,Y 1 0.001482 0.012546 0.038294 0.164736 2.2359e-07 7.48495e-08 2.98439e-07 3.16086e-10 2.98755e-07
3 _603_ sg13g2_dfrbpq_1 D - - 0.012546 0 0.164736 1.08879e-05 6.89559e-07 1.15775e-05 1.55009e-09 1.1579e-05
OpenSTA targeted timing report:
Startpoint: _603_ (rising edge-triggered flip-flop clocked by core)
Endpoint: _603_ (rising edge-triggered flip-flop clocked by core)
Path Group: core
Path Type: min

Fanout         Cap        Slew       Delay        Time   Description
---------------------------------------------------------------------------------------------
                      0.000000    0.000000    0.000000   clock core (rise edge)
                                  0.000000    0.000000   clock network delay (ideal)
                      0.000000    0.000000    0.000000 ^ _603_/CLK (sg13g2_dfrbpq_1)
     4    0.013700    0.048019    0.126442    0.126442 ^ _603_/Q (sg13g2_dfrbpq_1)
                                                         u_gpio_core.gen_input_filter[1].u_filter.diff_ctr_q[0] (net)
                      0.048019    0.000000    0.126442 ^ _318_/A2 (sg13g2_a21oi_1)
     1    0.001482    0.012546    0.038294    0.164736 v _318_/Y (sg13g2_a21oi_1)
                                                         u_gpio_core.gen_input_filter[1].u_filter.diff_ctr_d[0] (net)
                      0.012546    0.000000    0.164736 v _603_/D (sg13g2_dfrbpq_1)
                                              0.164736   data arrival time

                      0.000000    0.000000    0.000000   clock core (rise edge)
                                  0.000000    0.000000   clock network delay (ideal)
                                  0.000000    0.000000   clock reconvergence pessimism
                                              0.000000 ^ _603_/CLK (sg13g2_dfrbpq_1)
                                 -0.027737   -0.027737   library hold time
                                             -0.027737   data required time
---------------------------------------------------------------------------------------------
                                             -0.027737   data required time
                                             -0.164736   data arrival time
---------------------------------------------------------------------------------------------
                                              0.192473   slack (MET)

Hotspot 4: instance=_617_ selected_worst_paths=none internal=1.01808e-05 switching=3.77914e-07 dynamic=1.05587e-05 leakage=1.55253e-09 total=1.05602e-05
Worst path through hotspot: status=met slack=0.19097 type=min group=core
startpoint=_617_ (rising edge-triggered flip-flop clocked by core)
endpoint=_617_ (rising edge-triggered flip-flop clocked by core)
path_power_complete=true
path_average_power_sum internal=1.03067e-05 switching=4.18406e-07 dynamic=1.07251e-05 leakage=1.86836e-09 total=1.0727e-05
stage instance cell pins fanout capacitance slew delay arrival internal switching dynamic leakage total
1 _617_ sg13g2_dfrbpq_1 CLK,Q 4 0.013139 0.046453 0.12527 0.12527 1.01808e-05 3.77914e-07 1.05587e-05 1.55253e-09 1.05602e-05
2 _284_ sg13g2_a21oi_1 A2,Y 1 0.001482 0.012546 0.037963 0.163233 1.25916e-07 4.04924e-08 1.66409e-07 3.15827e-10 1.66724e-07
3 _617_ sg13g2_dfrbpq_1 D - - 0.012546 0 0.163233 1.01808e-05 3.77914e-07 1.05587e-05 1.55253e-09 1.05602e-05
OpenSTA targeted timing report:
Startpoint: _617_ (rising edge-triggered flip-flop clocked by core)
Endpoint: _617_ (rising edge-triggered flip-flop clocked by core)
Path Group: core
Path Type: min

Fanout         Cap        Slew       Delay        Time   Description
---------------------------------------------------------------------------------------------
                      0.000000    0.000000    0.000000   clock core (rise edge)
                                  0.000000    0.000000   clock network delay (ideal)
                      0.000000    0.000000    0.000000 ^ _617_/CLK (sg13g2_dfrbpq_1)
     4    0.013139    0.046453    0.125270    0.125270 ^ _617_/Q (sg13g2_dfrbpq_1)
                                                         u_gpio_core.gen_input_filter[3].u_filter.diff_ctr_q[0] (net)
                      0.046453    0.000000    0.125270 ^ _284_/A2 (sg13g2_a21oi_1)
     1    0.001482    0.012546    0.037963    0.163233 v _284_/Y (sg13g2_a21oi_1)
                                                         u_gpio_core.gen_input_filter[3].u_filter.diff_ctr_d[0] (net)
                      0.012546    0.000000    0.163233 v _617_/D (sg13g2_dfrbpq_1)
                                              0.163233   data arrival time

                      0.000000    0.000000    0.000000   clock core (rise edge)
                                  0.000000    0.000000   clock network delay (ideal)
                                  0.000000    0.000000   clock reconvergence pessimism
                                              0.000000 ^ _617_/CLK (sg13g2_dfrbpq_1)
                                 -0.027737   -0.027737   library hold time
                                             -0.027737   data required time
---------------------------------------------------------------------------------------------
                                             -0.027737   data required time
                                             -0.163233   data arrival time
---------------------------------------------------------------------------------------------
                                              0.190970   slack (MET)

Hotspot 5: instance=_610_ selected_worst_paths=none internal=1.01791e-05 switching=2.96825e-07 dynamic=1.04759e-05 leakage=1.55252e-09 total=1.04774e-05
Worst path through hotspot: status=met slack=0.18419 type=min group=core
startpoint=_610_ (rising edge-triggered flip-flop clocked by core)
endpoint=_610_ (rising edge-triggered flip-flop clocked by core)
path_power_complete=true
path_average_power_sum internal=1.03054e-05 switching=3.37318e-07 dynamic=1.06427e-05 leakage=1.86836e-09 total=1.06446e-05
stage instance cell pins fanout capacitance slew delay arrival internal switching dynamic leakage total
1 _610_ sg13g2_dfrbpq_1 CLK,Q 3 0.010535 0.039183 0.11983 0.11983 1.01791e-05 2.96825e-07 1.04759e-05 1.55252e-09 1.04774e-05
2 _302_ sg13g2_a21oi_1 A2,Y 1 0.001482 0.013413 0.036427 0.156257 1.26327e-07 4.04924e-08 1.66819e-07 3.15843e-10 1.67135e-07
3 _610_ sg13g2_dfrbpq_1 D - - 0.013413 0 0.156257 1.01791e-05 2.96825e-07 1.04759e-05 1.55252e-09 1.04774e-05
OpenSTA targeted timing report:
Startpoint: _610_ (rising edge-triggered flip-flop clocked by core)
Endpoint: _610_ (rising edge-triggered flip-flop clocked by core)
Path Group: core
Path Type: min

Fanout         Cap        Slew       Delay        Time   Description
---------------------------------------------------------------------------------------------
                      0.000000    0.000000    0.000000   clock core (rise edge)
                                  0.000000    0.000000   clock network delay (ideal)
                      0.000000    0.000000    0.000000 ^ _610_/CLK (sg13g2_dfrbpq_1)
     3    0.010535    0.039183    0.119830    0.119830 ^ _610_/Q (sg13g2_dfrbpq_1)
                                                         u_gpio_core.gen_input_filter[2].u_filter.diff_ctr_q[0] (net)
                      0.039183    0.000000    0.119830 ^ _302_/A2 (sg13g2_a21oi_1)
     1    0.001482    0.013413    0.036427    0.156257 v _302_/Y (sg13g2_a21oi_1)
                                                         u_gpio_core.gen_input_filter[2].u_filter.diff_ctr_d[0] (net)
                      0.013413    0.000000    0.156257 v _610_/D (sg13g2_dfrbpq_1)
                                              0.156257   data arrival time

                      0.000000    0.000000    0.000000   clock core (rise edge)
                                  0.000000    0.000000   clock network delay (ideal)
                                  0.000000    0.000000   clock reconvergence pessimism
                                              0.000000 ^ _610_/CLK (sg13g2_dfrbpq_1)
                                 -0.027933   -0.027933   library hold time
                                             -0.027933   data required time
---------------------------------------------------------------------------------------------
                                             -0.027933   data required time
                                             -0.156257   data arrival time
---------------------------------------------------------------------------------------------
                                              0.184190   slack (MET)

Hotspot 6: instance=_604_ selected_worst_paths=none internal=1.01132e-05 switching=1.78512e-07 dynamic=1.02917e-05 leakage=1.54191e-09 total=1.02933e-05
Worst path through hotspot: status=met slack=0.209984 type=min group=core
startpoint=_606_ (rising edge-triggered flip-flop clocked by core)
endpoint=_604_ (rising edge-triggered flip-flop clocked by core)
path_power_complete=true
path_average_power_sum internal=1.97346e-05 switching=4.21364e-07 dynamic=2.0156e-05 leakage=3.71395e-09 total=2.01597e-05
stage instance cell pins fanout capacitance slew delay arrival internal switching dynamic leakage total
1 _606_ sg13g2_dfrbpq_1 CLK,Q 3 0.008332 0.025505 0.111483 0.111483 9.42989e-06 4.57241e-08 9.47561e-06 1.54117e-09 9.47715e-06
2 _314_ sg13g2_nand2_1 B,Y 3 0.008641 0.033437 0.037617 0.149099 4.20396e-08 1.44365e-07 1.86405e-07 2.92677e-10 1.86697e-07
3 _317_ sg13g2_a21oi_1 A1,Y 1 0.001482 0.012546 0.033148 0.182247 1.49456e-07 5.27628e-08 2.02218e-07 3.38194e-10 2.02557e-07
4 _604_ sg13g2_dfrbpq_1 D - - 0.012546 0 0.182247 1.01132e-05 1.78512e-07 1.02917e-05 1.54191e-09 1.02933e-05
OpenSTA targeted timing report:
Startpoint: _606_ (rising edge-triggered flip-flop clocked by core)
Endpoint: _604_ (rising edge-triggered flip-flop clocked by core)
Path Group: core
Path Type: min

Fanout         Cap        Slew       Delay        Time   Description
---------------------------------------------------------------------------------------------
                      0.000000    0.000000    0.000000   clock core (rise edge)
                                  0.000000    0.000000   clock network delay (ideal)
                      0.000000    0.000000    0.000000 ^ _606_/CLK (sg13g2_dfrbpq_1)
     3    0.008332    0.025505    0.111483    0.111483 v _606_/Q (sg13g2_dfrbpq_1)
                                                         u_gpio_core.gen_input_filter[1].u_filter.diff_ctr_q[3] (net)
                      0.025505    0.000000    0.111483 v _314_/B (sg13g2_nand2_1)
     3    0.008641    0.033437    0.037617    0.149099 ^ _314_/Y (sg13g2_nand2_1)
                                                         _116_ (net)
                      0.033437    0.000000    0.149099 ^ _317_/A1 (sg13g2_a21oi_1)
     1    0.001482    0.012546    0.033148    0.182247 v _317_/Y (sg13g2_a21oi_1)
                                                         u_gpio_core.gen_input_filter[1].u_filter.diff_ctr_d[1] (net)
                      0.012546    0.000000    0.182247 v _604_/D (sg13g2_dfrbpq_1)
                                              0.182247   data arrival time

                      0.000000    0.000000    0.000000   clock core (rise edge)
                                  0.000000    0.000000   clock network delay (ideal)
                                  0.000000    0.000000   clock reconvergence pessimism
                                              0.000000 ^ _604_/CLK (sg13g2_dfrbpq_1)
                                 -0.027737   -0.027737   library hold time
                                             -0.027737   data required time
---------------------------------------------------------------------------------------------
                                             -0.027737   data required time
                                             -0.182247   data arrival time
---------------------------------------------------------------------------------------------
                                              0.209984   slack (MET)

Hotspot 7: instance=_597_ selected_worst_paths=none internal=1.00881e-05 switching=1.78512e-07 dynamic=1.02666e-05 leakage=1.54191e-09 total=1.02682e-05
Worst path through hotspot: status=met slack=0.203522 type=min group=core
startpoint=_599_ (rising edge-triggered flip-flop clocked by core)
endpoint=_597_ (rising edge-triggered flip-flop clocked by core)
path_power_complete=true
path_average_power_sum internal=1.96272e-05 switching=3.40334e-07 dynamic=1.99676e-05 leakage=3.71392e-09 total=1.99713e-05
stage instance cell pins fanout capacitance slew delay arrival internal switching dynamic leakage total
1 _599_ sg13g2_dfrbpq_1 CLK,Q 2 0.005518 0.019731 0.106483 0.106483 9.37978e-06 3.03879e-08 9.41017e-06 1.54115e-09 9.41171e-06
2 _330_ sg13g2_nand2_1 B,Y 3 0.008641 0.034291 0.035949 0.142432 2.46795e-08 8.35798e-08 1.08259e-07 2.92663e-10 1.08552e-07
3 _333_ sg13g2_a21oi_1 A1,Y 1 0.001482 0.012546 0.033353 0.175785 1.34676e-07 4.78546e-08 1.8253e-07 3.38202e-10 1.82869e-07
4 _597_ sg13g2_dfrbpq_1 D - - 0.012546 0 0.175785 1.00881e-05 1.78512e-07 1.02666e-05 1.54191e-09 1.02682e-05
OpenSTA targeted timing report:
Startpoint: _599_ (rising edge-triggered flip-flop clocked by core)
Endpoint: _597_ (rising edge-triggered flip-flop clocked by core)
Path Group: core
Path Type: min

Fanout         Cap        Slew       Delay        Time   Description
---------------------------------------------------------------------------------------------
                      0.000000    0.000000    0.000000   clock core (rise edge)
                                  0.000000    0.000000   clock network delay (ideal)
                      0.000000    0.000000    0.000000 ^ _599_/CLK (sg13g2_dfrbpq_1)
     2    0.005518    0.019731    0.106483    0.106483 v _599_/Q (sg13g2_dfrbpq_1)
                                                         u_gpio_core.gen_input_filter[0].u_filter.diff_ctr_q[3] (net)
                      0.019731    0.000000    0.106483 v _330_/B (sg13g2_nand2_1)
     3    0.008641    0.034291    0.035949    0.142432 ^ _330_/Y (sg13g2_nand2_1)
                                                         _128_ (net)
                      0.034291    0.000000    0.142432 ^ _333_/A1 (sg13g2_a21oi_1)
     1    0.001482    0.012546    0.033353    0.175785 v _333_/Y (sg13g2_a21oi_1)
                                                         u_gpio_core.gen_input_filter[0].u_filter.diff_ctr_d[1] (net)
                      0.012546    0.000000    0.175785 v _597_/D (sg13g2_dfrbpq_1)
                                              0.175785   data arrival time

                      0.000000    0.000000    0.000000   clock core (rise edge)
                                  0.000000    0.000000   clock network delay (ideal)
                                  0.000000    0.000000   clock reconvergence pessimism
                                              0.000000 ^ _597_/CLK (sg13g2_dfrbpq_1)
                                 -0.027737   -0.027737   library hold time
                                             -0.027737   data required time
---------------------------------------------------------------------------------------------
                                             -0.027737   data required time
                                             -0.175785   data arrival time
---------------------------------------------------------------------------------------------
                                              0.203522   slack (MET)

Hotspot 8: instance=_611_ selected_worst_paths=none internal=9.76441e-06 switching=1.31666e-07 dynamic=9.89608e-06 leakage=1.54578e-09 total=9.89762e-06
Worst path through hotspot: status=met slack=0.202257 type=min group=core
startpoint=_613_ (rising edge-triggered flip-flop clocked by core)
endpoint=_611_ (rising edge-triggered flip-flop clocked by core)
path_power_complete=true
path_average_power_sum internal=1.92045e-05 switching=2.10915e-07 dynamic=1.94155e-05 leakage=3.77354e-09 total=1.94192e-05
stage instance cell pins fanout capacitance slew delay arrival internal switching dynamic leakage total
1 _613_ sg13g2_dfrbpq_1 CLK,Q 3 0.008312 0.025462 0.111446 0.111446 9.34033e-06 1.56041e-08 9.35593e-06 1.54577e-09 9.35748e-06
2 _299_ sg13g2_nand2_1 B,Y 2 0.005646 0.027097 0.031254 0.1427 1.60025e-08 3.54228e-08 5.14253e-08 3.47215e-10 5.17725e-08
3 _301_ sg13g2_a21oi_1 A1,Y 1 0.001482 0.013413 0.031624 0.174324 8.38047e-08 2.8222e-08 1.12027e-07 3.34774e-10 1.12361e-07
4 _611_ sg13g2_dfrbpq_1 D - - 0.013413 0 0.174324 9.76441e-06 1.31666e-07 9.89608e-06 1.54578e-09 9.89762e-06
OpenSTA targeted timing report:
Startpoint: _613_ (rising edge-triggered flip-flop clocked by core)
Endpoint: _611_ (rising edge-triggered flip-flop clocked by core)
Path Group: core
Path Type: min

Fanout         Cap        Slew       Delay        Time   Description
---------------------------------------------------------------------------------------------
                      0.000000    0.000000    0.000000   clock core (rise edge)
                                  0.000000    0.000000   clock network delay (ideal)
                      0.000000    0.000000    0.000000 ^ _613_/CLK (sg13g2_dfrbpq_1)
     3    0.008312    0.025462    0.111446    0.111446 v _613_/Q (sg13g2_dfrbpq_1)
                                                         u_gpio_core.gen_input_filter[2].u_filter.diff_ctr_q[3] (net)
                      0.025462    0.000000    0.111446 v _299_/B (sg13g2_nand2_1)
     2    0.005646    0.027097    0.031254    0.142700 ^ _299_/Y (sg13g2_nand2_1)
                                                         _105_ (net)
                      0.027097    0.000000    0.142700 ^ _301_/A1 (sg13g2_a21oi_1)
     1    0.001482    0.013413    0.031624    0.174324 v _301_/Y (sg13g2_a21oi_1)
                                                         u_gpio_core.gen_input_filter[2].u_filter.diff_ctr_d[1] (net)
                      0.013413    0.000000    0.174324 v _611_/D (sg13g2_dfrbpq_1)
                                              0.174324   data arrival time

                      0.000000    0.000000    0.000000   clock core (rise edge)
                                  0.000000    0.000000   clock network delay (ideal)
                                  0.000000    0.000000   clock reconvergence pessimism
                                              0.000000 ^ _611_/CLK (sg13g2_dfrbpq_1)
                                 -0.027933   -0.027933   library hold time
                                             -0.027933   data required time
---------------------------------------------------------------------------------------------
                                             -0.027933   data required time
                                             -0.174324   data arrival time
---------------------------------------------------------------------------------------------
                                              0.202257   slack (MET)

Hotspot 9: instance=_618_ selected_worst_paths=none internal=9.76374e-06 switching=1.033e-07 dynamic=9.86704e-06 leakage=1.54578e-09 total=9.86859e-06
Worst path through hotspot: status=met slack=0.203521 type=min group=core
startpoint=_620_ (rising edge-triggered flip-flop clocked by core)
endpoint=_618_ (rising edge-triggered flip-flop clocked by core)
path_power_complete=true
path_average_power_sum internal=1.92032e-05 switching=1.94839e-07 dynamic=1.9398e-05 leakage=3.77355e-09 total=1.94018e-05
stage instance cell pins fanout capacitance slew delay arrival internal switching dynamic leakage total
1 _620_ sg13g2_dfrbpq_1 CLK,Q 2 0.005518 0.019731 0.106483 0.106483 9.34036e-06 1.01293e-08 9.35048e-06 1.54577e-09 9.35203e-06
2 _280_ sg13g2_nand2_1 B,Y 3 0.008641 0.034285 0.035949 0.142432 1.54362e-08 5.31872e-08 6.86233e-08 3.47235e-10 6.89706e-08
3 _283_ sg13g2_a21oi_1 A1,Y 1 0.001482 0.012546 0.033352 0.175784 8.36374e-08 2.8222e-08 1.11859e-07 3.34765e-10 1.12194e-07
4 _618_ sg13g2_dfrbpq_1 D - - 0.012546 0 0.175784 9.76374e-06 1.033e-07 9.86704e-06 1.54578e-09 9.86859e-06
OpenSTA targeted timing report:
Startpoint: _620_ (rising edge-triggered flip-flop clocked by core)
Endpoint: _618_ (rising edge-triggered flip-flop clocked by core)
Path Group: core
Path Type: min

Fanout         Cap        Slew       Delay        Time   Description
---------------------------------------------------------------------------------------------
                      0.000000    0.000000    0.000000   clock core (rise edge)
                                  0.000000    0.000000   clock network delay (ideal)
                      0.000000    0.000000    0.000000 ^ _620_/CLK (sg13g2_dfrbpq_1)
     2    0.005518    0.019731    0.106483    0.106483 v _620_/Q (sg13g2_dfrbpq_1)
                                                         u_gpio_core.gen_input_filter[3].u_filter.diff_ctr_q[3] (net)
                      0.019731    0.000000    0.106483 v _280_/B (sg13g2_nand2_1)
     3    0.008641    0.034285    0.035949    0.142432 ^ _280_/Y (sg13g2_nand2_1)
                                                         _090_ (net)
                      0.034285    0.000000    0.142432 ^ _283_/A1 (sg13g2_a21oi_1)
     1    0.001482    0.012546    0.033352    0.175784 v _283_/Y (sg13g2_a21oi_1)
                                                         u_gpio_core.gen_input_filter[3].u_filter.diff_ctr_d[1] (net)
                      0.012546    0.000000    0.175784 v _618_/D (sg13g2_dfrbpq_1)
                                              0.175784   data arrival time

                      0.000000    0.000000    0.000000   clock core (rise edge)
                                  0.000000    0.000000   clock network delay (ideal)
                                  0.000000    0.000000   clock reconvergence pessimism
                                              0.000000 ^ _618_/CLK (sg13g2_dfrbpq_1)
                                 -0.027737   -0.027737   library hold time
                                             -0.027737   data required time
---------------------------------------------------------------------------------------------
                                             -0.027737   data required time
                                             -0.175784   data arrival time
---------------------------------------------------------------------------------------------
                                              0.203521   slack (MET)

Hotspot 10: instance=_605_ selected_worst_paths=none internal=9.7284e-06 switching=7.58821e-08 dynamic=9.80428e-06 leakage=1.54117e-09 total=9.80583e-06
Worst path through hotspot: status=met slack=0.195543 type=min group=core
startpoint=_605_ (rising edge-triggered flip-flop clocked by core)
endpoint=_606_ (rising edge-triggered flip-flop clocked by core)
path_power_complete=true
path_average_power_sum internal=1.9264e-05 switching=2.7205e-07 dynamic=1.9536e-05 leakage=3.66817e-09 total=1.95397e-05
stage instance cell pins fanout capacitance slew delay arrival internal switching dynamic leakage total
1 _605_ sg13g2_dfrbpq_1 CLK,Q 2 0.005815 0.020341 0.107011 0.107011 9.7284e-06 7.58821e-08 9.80428e-06 1.54117e-09 9.80583e-06
2 _308_ sg13g2_nand2_1 B,Y 2 0.005533 0.024879 0.029703 0.136715 6.26191e-08 1.32038e-07 1.94657e-07 3.00679e-10 1.94957e-07
3 _319_ sg13g2_a21oi_1 A1,Y 1 0.001482 0.012546 0.031091 0.167806 4.3049e-08 1.84056e-08 6.14547e-08 2.85151e-10 6.17398e-08
4 _606_ sg13g2_dfrbpq_1 D - - 0.012546 0 0.167806 9.42989e-06 4.57241e-08 9.47561e-06 1.54117e-09 9.47715e-06
OpenSTA targeted timing report:
Startpoint: _605_ (rising edge-triggered flip-flop clocked by core)
Endpoint: _606_ (rising edge-triggered flip-flop clocked by core)
Path Group: core
Path Type: min

Fanout         Cap        Slew       Delay        Time   Description
---------------------------------------------------------------------------------------------
                      0.000000    0.000000    0.000000   clock core (rise edge)
                                  0.000000    0.000000   clock network delay (ideal)
                      0.000000    0.000000    0.000000 ^ _605_/CLK (sg13g2_dfrbpq_1)
     2    0.005815    0.020341    0.107011    0.107011 v _605_/Q (sg13g2_dfrbpq_1)
                                                         u_gpio_core.gen_input_filter[1].u_filter.diff_ctr_q[2] (net)
                      0.020341    0.000000    0.107011 v _308_/B (sg13g2_nand2_1)
     2    0.005533    0.024879    0.029703    0.136715 ^ _308_/Y (sg13g2_nand2_1)
                                                         _111_ (net)
                      0.024879    0.000000    0.136715 ^ _319_/A1 (sg13g2_a21oi_1)
     1    0.001482    0.012546    0.031091    0.167806 v _319_/Y (sg13g2_a21oi_1)
                                                         u_gpio_core.gen_input_filter[1].u_filter.diff_ctr_d[3] (net)
                      0.012546    0.000000    0.167806 v _606_/D (sg13g2_dfrbpq_1)
                                              0.167806   data arrival time

                      0.000000    0.000000    0.000000   clock core (rise edge)
                                  0.000000    0.000000   clock network delay (ideal)
                                  0.000000    0.000000   clock reconvergence pessimism
                                              0.000000 ^ _606_/CLK (sg13g2_dfrbpq_1)
                                 -0.027737   -0.027737   library hold time
                                             -0.027737   data required time
---------------------------------------------------------------------------------------------
                                             -0.027737   data required time
                                             -0.167806   data arrival time
---------------------------------------------------------------------------------------------
                                              0.195543   slack (MET)

Hotspot 11: instance=_598_ selected_worst_paths=none internal=9.6794e-06 switching=7.5535e-08 dynamic=9.75494e-06 leakage=1.54118e-09 total=9.75648e-06
Worst path through hotspot: status=met slack=0.201363 type=min group=core
startpoint=_599_ (rising edge-triggered flip-flop clocked by core)
endpoint=_598_ (rising edge-triggered flip-flop clocked by core)
path_power_complete=true
path_average_power_sum internal=1.91288e-05 switching=2.28043e-07 dynamic=1.93568e-05 leakage=3.58728e-09 total=1.93604e-05
stage instance cell pins fanout capacitance slew delay arrival internal switching dynamic leakage total
1 _599_ sg13g2_dfrbpq_1 CLK,Q 2 0.005518 0.019731 0.106483 0.106483 9.37978e-06 3.03879e-08 9.41017e-06 1.54115e-09 9.41171e-06
2 _326_ sg13g2_inv_1 A,Y 2 0.005592 0.023854 0.02495 0.131433 1.11046e-08 3.52184e-08 4.63229e-08 1.96155e-10 4.65191e-08
3 _329_ sg13g2_a21oi_1 A2,Y 2 0.004285 0.016601 0.041276 0.172709 5.84884e-08 8.69023e-08 1.45391e-07 3.08792e-10 1.45699e-07
4 _598_ sg13g2_dfrbpq_1 D - - 0.016601 0 0.172709 9.6794e-06 7.5535e-08 9.75494e-06 1.54118e-09 9.75648e-06
OpenSTA targeted timing report:
Startpoint: _599_ (rising edge-triggered flip-flop clocked by core)
Endpoint: _598_ (rising edge-triggered flip-flop clocked by core)
Path Group: core
Path Type: min

Fanout         Cap        Slew       Delay        Time   Description
---------------------------------------------------------------------------------------------
                      0.000000    0.000000    0.000000   clock core (rise edge)
                                  0.000000    0.000000   clock network delay (ideal)
                      0.000000    0.000000    0.000000 ^ _599_/CLK (sg13g2_dfrbpq_1)
     2    0.005518    0.019731    0.106483    0.106483 v _599_/Q (sg13g2_dfrbpq_1)
                                                         u_gpio_core.gen_input_filter[0].u_filter.diff_ctr_q[3] (net)
                      0.019731    0.000000    0.106483 v _326_/A (sg13g2_inv_1)
     2    0.005592    0.023854    0.024950    0.131433 ^ _326_/Y (sg13g2_inv_1)
                                                         _125_ (net)
                      0.023854    0.000000    0.131433 ^ _329_/A2 (sg13g2_a21oi_1)
     2    0.004285    0.016601    0.041276    0.172709 v _329_/Y (sg13g2_a21oi_1)
                                                         u_gpio_core.gen_input_filter[0].u_filter.diff_ctr_d[2] (net)
                      0.016601    0.000000    0.172709 v _598_/D (sg13g2_dfrbpq_1)
                                              0.172709   data arrival time

                      0.000000    0.000000    0.000000   clock core (rise edge)
                                  0.000000    0.000000   clock network delay (ideal)
                                  0.000000    0.000000   clock reconvergence pessimism
                                              0.000000 ^ _598_/CLK (sg13g2_dfrbpq_1)
                                 -0.028654   -0.028654   library hold time
                                             -0.028654   data required time
---------------------------------------------------------------------------------------------
                                             -0.028654   data required time
                                             -0.172709   data arrival time
---------------------------------------------------------------------------------------------
                                              0.201363   slack (MET)

Hotspot 12: instance=_587_ selected_worst_paths=6 internal=9.5917e-06 switching=7.36225e-09 dynamic=9.59906e-06 leakage=1.55456e-09 total=9.60061e-06
Worst path through hotspot: status=met slack=0.062409 type=min group=asynchronous
startpoint=rst_ni (input port clocked by core)
endpoint=_587_ (removal check against rising-edge clock core)
path_power_complete=true
path_average_power_sum internal=9.5917e-06 switching=7.36225e-09 dynamic=9.59906e-06 leakage=1.55456e-09 total=9.60061e-06
stage instance cell pins fanout capacitance slew delay arrival internal switching dynamic leakage total
1 _587_ sg13g2_dfrbpq_1 RESET_B - - 0.000916 0 0.000916 9.5917e-06 7.36225e-09 9.59906e-06 1.55456e-09 9.60061e-06
OpenSTA targeted timing report:
Startpoint: rst_ni (input port clocked by core)
Endpoint: _587_ (removal check against rising-edge clock core)
Path Group: asynchronous
Path Type: min

Fanout         Cap        Slew       Delay        Time   Description
---------------------------------------------------------------------------------------------
                      0.000000    0.000000    0.000000   clock core (rise edge)
                                  0.000000    0.000000   clock network delay (ideal)
                                  0.000000    0.000000 ^ input external delay
     2    0.009158    0.000916    0.000916    0.000916 ^ rst_ni (in)
                                                         rst_ni (net)
                      0.000916    0.000000    0.000916 ^ _587_/RESET_B (sg13g2_dfrbpq_1)
                                              0.000916   data arrival time

                      0.000000    0.000000    0.000000   clock core (rise edge)
                                  0.000000    0.000000   clock network delay (ideal)
                                  0.000000    0.000000   clock reconvergence pessimism
                                              0.000000 ^ _587_/CLK (sg13g2_dfrbpq_1)
                                 -0.061494   -0.061494   library removal time
                                             -0.061494   data required time
---------------------------------------------------------------------------------------------
                                             -0.061494   data required time
                                             -0.000916   data arrival time
---------------------------------------------------------------------------------------------
                                              0.062409   slack (MET)

Hotspot 13: instance=_619_ selected_worst_paths=none internal=9.49014e-06 switching=3.23721e-08 dynamic=9.52251e-06 leakage=1.54579e-09 total=9.52406e-06
Worst path through hotspot: status=met slack=0.201363 type=min group=core
startpoint=_620_ (rising edge-triggered flip-flop clocked by core)
endpoint=_619_ (rising edge-triggered flip-flop clocked by core)
path_power_complete=true
path_average_power_sum internal=1.88634e-05 switching=9.9157e-08 dynamic=1.89625e-05 leakage=3.5805e-09 total=1.89661e-05
stage instance cell pins fanout capacitance slew delay arrival internal switching dynamic leakage total
1 _620_ sg13g2_dfrbpq_1 CLK,Q 2 0.005518 0.019731 0.106483 0.106483 9.34036e-06 1.01293e-08 9.35048e-06 1.54577e-09 9.35203e-06
2 _276_ sg13g2_inv_1 A,Y 2 0.005592 0.023854 0.02495 0.131433 4.7591e-09 1.50936e-08 1.98527e-08 2.10766e-10 2.00634e-08
3 _279_ sg13g2_a21oi_1 A2,Y 2 0.004285 0.016601 0.041276 0.172709 2.81064e-08 4.1562e-08 6.96684e-08 2.78169e-10 6.99466e-08
4 _619_ sg13g2_dfrbpq_1 D - - 0.016601 0 0.172709 9.49014e-06 3.23721e-08 9.52251e-06 1.54579e-09 9.52406e-06
OpenSTA targeted timing report:
Startpoint: _620_ (rising edge-triggered flip-flop clocked by core)
Endpoint: _619_ (rising edge-triggered flip-flop clocked by core)
Path Group: core
Path Type: min

Fanout         Cap        Slew       Delay        Time   Description
---------------------------------------------------------------------------------------------
                      0.000000    0.000000    0.000000   clock core (rise edge)
                                  0.000000    0.000000   clock network delay (ideal)
                      0.000000    0.000000    0.000000 ^ _620_/CLK (sg13g2_dfrbpq_1)
     2    0.005518    0.019731    0.106483    0.106483 v _620_/Q (sg13g2_dfrbpq_1)
                                                         u_gpio_core.gen_input_filter[3].u_filter.diff_ctr_q[3] (net)
                      0.019731    0.000000    0.106483 v _276_/A (sg13g2_inv_1)
     2    0.005592    0.023854    0.024950    0.131433 ^ _276_/Y (sg13g2_inv_1)
                                                         _087_ (net)
                      0.023854    0.000000    0.131433 ^ _279_/A2 (sg13g2_a21oi_1)
     2    0.004285    0.016601    0.041276    0.172709 v _279_/Y (sg13g2_a21oi_1)
                                                         u_gpio_core.gen_input_filter[3].u_filter.diff_ctr_d[2] (net)
                      0.016601    0.000000    0.172709 v _619_/D (sg13g2_dfrbpq_1)
                                              0.172709   data arrival time

                      0.000000    0.000000    0.000000   clock core (rise edge)
                                  0.000000    0.000000   clock network delay (ideal)
                                  0.000000    0.000000   clock reconvergence pessimism
                                              0.000000 ^ _619_/CLK (sg13g2_dfrbpq_1)
                                 -0.028654   -0.028654   library hold time
                                             -0.028654   data required time
---------------------------------------------------------------------------------------------
                                             -0.028654   data required time
                                             -0.172709   data arrival time
---------------------------------------------------------------------------------------------
                                              0.201363   slack (MET)

Hotspot 14: instance=_612_ selected_worst_paths=none internal=9.48927e-06 switching=1.51195e-08 dynamic=9.50439e-06 leakage=1.54578e-09 total=9.50594e-06
Worst path through hotspot: status=met slack=0.204263 type=min group=core
startpoint=_613_ (rising edge-triggered flip-flop clocked by core)
endpoint=_612_ (rising edge-triggered flip-flop clocked by core)
path_power_complete=true
path_average_power_sum internal=1.88609e-05 switching=6.65369e-08 dynamic=1.89274e-05 leakage=3.62671e-09 total=1.8931e-05
stage instance cell pins fanout capacitance slew delay arrival internal switching dynamic leakage total
1 _613_ sg13g2_dfrbpq_1 CLK,Q 3 0.008312 0.025462 0.111446 0.111446 9.34033e-06 1.56041e-08 9.35593e-06 1.54577e-09 9.35748e-06
2 _287_ sg13g2_inv_1 A,Y 3 0.008474 0.032941 0.032399 0.143845 5.01575e-09 2.23158e-08 2.73316e-08 2.10765e-10 2.75423e-08
3 _298_ sg13g2_a21oi_1 A1,Y 1 0.001482 0.011008 0.033028 0.176873 2.62502e-08 1.34975e-08 3.97476e-08 3.24387e-10 4.0072e-08
4 _612_ sg13g2_dfrbpq_1 D - - 0.011008 0 0.176873 9.48927e-06 1.51195e-08 9.50439e-06 1.54578e-09 9.50594e-06
OpenSTA targeted timing report:
Startpoint: _613_ (rising edge-triggered flip-flop clocked by core)
Endpoint: _612_ (rising edge-triggered flip-flop clocked by core)
Path Group: core
Path Type: min

Fanout         Cap        Slew       Delay        Time   Description
---------------------------------------------------------------------------------------------
                      0.000000    0.000000    0.000000   clock core (rise edge)
                                  0.000000    0.000000   clock network delay (ideal)
                      0.000000    0.000000    0.000000 ^ _613_/CLK (sg13g2_dfrbpq_1)
     3    0.008312    0.025462    0.111446    0.111446 v _613_/Q (sg13g2_dfrbpq_1)
                                                         u_gpio_core.gen_input_filter[2].u_filter.diff_ctr_q[3] (net)
                      0.025462    0.000000    0.111446 v _287_/A (sg13g2_inv_1)
     3    0.008474    0.032941    0.032399    0.143845 ^ _287_/Y (sg13g2_inv_1)
                                                         _094_ (net)
                      0.032941    0.000000    0.143845 ^ _298_/A1 (sg13g2_a21oi_1)
     1    0.001482    0.011008    0.033028    0.176873 v _298_/Y (sg13g2_a21oi_1)
                                                         u_gpio_core.gen_input_filter[2].u_filter.diff_ctr_d[2] (net)
                      0.011008    0.000000    0.176873 v _612_/D (sg13g2_dfrbpq_1)
                                              0.176873   data arrival time

                      0.000000    0.000000    0.000000   clock core (rise edge)
                                  0.000000    0.000000   clock network delay (ideal)
                                  0.000000    0.000000   clock reconvergence pessimism
                                              0.000000 ^ _612_/CLK (sg13g2_dfrbpq_1)
                                 -0.027390   -0.027390   library hold time
                                             -0.027390   data required time
---------------------------------------------------------------------------------------------
                                             -0.027390   data required time
                                             -0.176873   data arrival time
---------------------------------------------------------------------------------------------
                                              0.204263   slack (MET)

Hotspot 15: instance=_606_ selected_worst_paths=none internal=9.42989e-06 switching=4.57241e-08 dynamic=9.47561e-06 leakage=1.54117e-09 total=9.47715e-06
Worst path through hotspot: status=met slack=0.195543 type=min group=core
startpoint=_605_ (rising edge-triggered flip-flop clocked by core)
endpoint=_606_ (rising edge-triggered flip-flop clocked by core)
path_power_complete=true
path_average_power_sum internal=1.9264e-05 switching=2.7205e-07 dynamic=1.9536e-05 leakage=3.66817e-09 total=1.95397e-05
stage instance cell pins fanout capacitance slew delay arrival internal switching dynamic leakage total
1 _605_ sg13g2_dfrbpq_1 CLK,Q 2 0.005815 0.020341 0.107011 0.107011 9.7284e-06 7.58821e-08 9.80428e-06 1.54117e-09 9.80583e-06
2 _308_ sg13g2_nand2_1 B,Y 2 0.005533 0.024879 0.029703 0.136715 6.26191e-08 1.32038e-07 1.94657e-07 3.00679e-10 1.94957e-07
3 _319_ sg13g2_a21oi_1 A1,Y 1 0.001482 0.012546 0.031091 0.167806 4.3049e-08 1.84056e-08 6.14547e-08 2.85151e-10 6.17398e-08
4 _606_ sg13g2_dfrbpq_1 D - - 0.012546 0 0.167806 9.42989e-06 4.57241e-08 9.47561e-06 1.54117e-09 9.47715e-06
OpenSTA targeted timing report:
Startpoint: _605_ (rising edge-triggered flip-flop clocked by core)
Endpoint: _606_ (rising edge-triggered flip-flop clocked by core)
Path Group: core
Path Type: min

Fanout         Cap        Slew       Delay        Time   Description
---------------------------------------------------------------------------------------------
                      0.000000    0.000000    0.000000   clock core (rise edge)
                                  0.000000    0.000000   clock network delay (ideal)
                      0.000000    0.000000    0.000000 ^ _605_/CLK (sg13g2_dfrbpq_1)
     2    0.005815    0.020341    0.107011    0.107011 v _605_/Q (sg13g2_dfrbpq_1)
                                                         u_gpio_core.gen_input_filter[1].u_filter.diff_ctr_q[2] (net)
                      0.020341    0.000000    0.107011 v _308_/B (sg13g2_nand2_1)
     2    0.005533    0.024879    0.029703    0.136715 ^ _308_/Y (sg13g2_nand2_1)
                                                         _111_ (net)
                      0.024879    0.000000    0.136715 ^ _319_/A1 (sg13g2_a21oi_1)
     1    0.001482    0.012546    0.031091    0.167806 v _319_/Y (sg13g2_a21oi_1)
                                                         u_gpio_core.gen_input_filter[1].u_filter.diff_ctr_d[3] (net)
                      0.012546    0.000000    0.167806 v _606_/D (sg13g2_dfrbpq_1)
                                              0.167806   data arrival time

                      0.000000    0.000000    0.000000   clock core (rise edge)
                                  0.000000    0.000000   clock network delay (ideal)
                                  0.000000    0.000000   clock reconvergence pessimism
                                              0.000000 ^ _606_/CLK (sg13g2_dfrbpq_1)
                                 -0.027737   -0.027737   library hold time
                                             -0.027737   data required time
---------------------------------------------------------------------------------------------
                                             -0.027737   data required time
                                             -0.167806   data arrival time
---------------------------------------------------------------------------------------------
                                              0.195543   slack (MET)

Hotspot 16: instance=_599_ selected_worst_paths=none internal=9.37978e-06 switching=3.03879e-08 dynamic=9.41017e-06 leakage=1.54115e-09 total=9.41171e-06
Worst path through hotspot: status=met slack=0.201044 type=min group=core
startpoint=_599_ (rising edge-triggered flip-flop clocked by core)
endpoint=_599_ (rising edge-triggered flip-flop clocked by core)
path_power_complete=true
path_average_power_sum internal=9.41129e-06 switching=9.24893e-08 dynamic=9.50378e-06 leakage=2.02249e-09 total=9.5058e-06
stage instance cell pins fanout capacitance slew delay arrival internal switching dynamic leakage total
1 _599_ sg13g2_dfrbpq_1 CLK,Q 2 0.005518 0.019731 0.106483 0.106483 9.37978e-06 3.03879e-08 9.41017e-06 1.54115e-09 9.41171e-06
2 _326_ sg13g2_inv_1 A,Y 2 0.005592 0.023854 0.02495 0.131433 1.11046e-08 3.52184e-08 4.63229e-08 1.96155e-10 4.65191e-08
3 _336_ sg13g2_a21oi_1 A2,Y 2 0.004068 0.017962 0.04065 0.172083 2.04061e-08 2.6883e-08 4.72891e-08 2.85178e-10 4.75743e-08
4 _599_ sg13g2_dfrbpq_1 D - - 0.017962 0 0.172083 9.37978e-06 3.03879e-08 9.41017e-06 1.54115e-09 9.41171e-06
OpenSTA targeted timing report:
Startpoint: _599_ (rising edge-triggered flip-flop clocked by core)
Endpoint: _599_ (rising edge-triggered flip-flop clocked by core)
Path Group: core
Path Type: min

Fanout         Cap        Slew       Delay        Time   Description
---------------------------------------------------------------------------------------------
                      0.000000    0.000000    0.000000   clock core (rise edge)
                                  0.000000    0.000000   clock network delay (ideal)
                      0.000000    0.000000    0.000000 ^ _599_/CLK (sg13g2_dfrbpq_1)
     2    0.005518    0.019731    0.106483    0.106483 v _599_/Q (sg13g2_dfrbpq_1)
                                                         u_gpio_core.gen_input_filter[0].u_filter.diff_ctr_q[3] (net)
                      0.019731    0.000000    0.106483 v _326_/A (sg13g2_inv_1)
     2    0.005592    0.023854    0.024950    0.131433 ^ _326_/Y (sg13g2_inv_1)
                                                         _125_ (net)
                      0.023854    0.000000    0.131433 ^ _336_/A2 (sg13g2_a21oi_1)
     2    0.004068    0.017962    0.040650    0.172083 v _336_/Y (sg13g2_a21oi_1)
                                                         u_gpio_core.gen_input_filter[0].u_filter.diff_ctr_d[3] (net)
                      0.017962    0.000000    0.172083 v _599_/D (sg13g2_dfrbpq_1)
                                              0.172083   data arrival time

                      0.000000    0.000000    0.000000   clock core (rise edge)
                                  0.000000    0.000000   clock network delay (ideal)
                                  0.000000    0.000000   clock reconvergence pessimism
                                              0.000000 ^ _599_/CLK (sg13g2_dfrbpq_1)
                                 -0.028961   -0.028961   library hold time
                                             -0.028961   data required time
---------------------------------------------------------------------------------------------
                                             -0.028961   data required time
                                             -0.172083   data arrival time
---------------------------------------------------------------------------------------------
                                              0.201044   slack (MET)

Hotspot 17: instance=_613_ selected_worst_paths=none internal=9.34033e-06 switching=1.56041e-08 dynamic=9.35593e-06 leakage=1.54577e-09 total=9.35748e-06
Worst path through hotspot: status=met slack=0.202257 type=min group=core
startpoint=_613_ (rising edge-triggered flip-flop clocked by core)
endpoint=_610_ (rising edge-triggered flip-flop clocked by core)
path_power_complete=true
path_average_power_sum internal=1.96617e-05 switching=3.88345e-07 dynamic=2.00501e-05 leakage=3.76135e-09 total=2.00538e-05
stage instance cell pins fanout capacitance slew delay arrival internal switching dynamic leakage total
1 _613_ sg13g2_dfrbpq_1 CLK,Q 3 0.008312 0.025462 0.111446 0.111446 9.34033e-06 1.56041e-08 9.35593e-06 1.54577e-09 9.35748e-06
2 _299_ sg13g2_nand2_1 B,Y 2 0.005646 0.027097 0.031254 0.1427 1.60025e-08 3.54228e-08 5.14253e-08 3.47215e-10 5.17725e-08
3 _302_ sg13g2_a21oi_1 A1,Y 1 0.001482 0.013413 0.031624 0.174324 1.26327e-07 4.04924e-08 1.66819e-07 3.15843e-10 1.67135e-07
4 _610_ sg13g2_dfrbpq_1 D - - 0.013413 0 0.174324 1.01791e-05 2.96825e-07 1.04759e-05 1.55252e-09 1.04774e-05
OpenSTA targeted timing report:
Startpoint: _613_ (rising edge-triggered flip-flop clocked by core)
Endpoint: _610_ (rising edge-triggered flip-flop clocked by core)
Path Group: core
Path Type: min

Fanout         Cap        Slew       Delay        Time   Description
---------------------------------------------------------------------------------------------
                      0.000000    0.000000    0.000000   clock core (rise edge)
                                  0.000000    0.000000   clock network delay (ideal)
                      0.000000    0.000000    0.000000 ^ _613_/CLK (sg13g2_dfrbpq_1)
     3    0.008312    0.025462    0.111446    0.111446 v _613_/Q (sg13g2_dfrbpq_1)
                                                         u_gpio_core.gen_input_filter[2].u_filter.diff_ctr_q[3] (net)
                      0.025462    0.000000    0.111446 v _299_/B (sg13g2_nand2_1)
     2    0.005646    0.027097    0.031254    0.142700 ^ _299_/Y (sg13g2_nand2_1)
                                                         _105_ (net)
                      0.027097    0.000000    0.142700 ^ _302_/A1 (sg13g2_a21oi_1)
     1    0.001482    0.013413    0.031624    0.174324 v _302_/Y (sg13g2_a21oi_1)
                                                         u_gpio_core.gen_input_filter[2].u_filter.diff_ctr_d[0] (net)
                      0.013413    0.000000    0.174324 v _610_/D (sg13g2_dfrbpq_1)
                                              0.174324   data arrival time

                      0.000000    0.000000    0.000000   clock core (rise edge)
                                  0.000000    0.000000   clock network delay (ideal)
                                  0.000000    0.000000   clock reconvergence pessimism
                                              0.000000 ^ _610_/CLK (sg13g2_dfrbpq_1)
                                 -0.027933   -0.027933   library hold time
                                             -0.027933   data required time
---------------------------------------------------------------------------------------------
                                             -0.027933   data required time
                                             -0.174324   data arrival time
---------------------------------------------------------------------------------------------
                                              0.202257   slack (MET)

Hotspot 18: instance=_620_ selected_worst_paths=none internal=9.34036e-06 switching=1.01293e-08 dynamic=9.35048e-06 leakage=1.54577e-09 total=9.35203e-06
Worst path through hotspot: status=met slack=0.201044 type=min group=core
startpoint=_620_ (rising edge-triggered flip-flop clocked by core)
endpoint=_620_ (rising edge-triggered flip-flop clocked by core)
path_power_complete=true
path_average_power_sum internal=9.35437e-06 switching=3.67442e-08 dynamic=9.39112e-06 leakage=2.0196e-09 total=9.39314e-06
stage instance cell pins fanout capacitance slew delay arrival internal switching dynamic leakage total
1 _620_ sg13g2_dfrbpq_1 CLK,Q 2 0.005518 0.019731 0.106483 0.106483 9.34036e-06 1.01293e-08 9.35048e-06 1.54577e-09 9.35203e-06
2 _276_ sg13g2_inv_1 A,Y 2 0.005592 0.023854 0.02495 0.131433 4.7591e-09 1.50936e-08 1.98527e-08 2.10766e-10 2.00634e-08
3 _286_ sg13g2_a21oi_1 A2,Y 2 0.004068 0.017962 0.04065 0.172083 9.25892e-09 1.15213e-08 2.07802e-08 2.63061e-10 2.10433e-08
4 _620_ sg13g2_dfrbpq_1 D - - 0.017962 0 0.172083 9.34036e-06 1.01293e-08 9.35048e-06 1.54577e-09 9.35203e-06
OpenSTA targeted timing report:
Startpoint: _620_ (rising edge-triggered flip-flop clocked by core)
Endpoint: _620_ (rising edge-triggered flip-flop clocked by core)
Path Group: core
Path Type: min

Fanout         Cap        Slew       Delay        Time   Description
---------------------------------------------------------------------------------------------
                      0.000000    0.000000    0.000000   clock core (rise edge)
                                  0.000000    0.000000   clock network delay (ideal)
                      0.000000    0.000000    0.000000 ^ _620_/CLK (sg13g2_dfrbpq_1)
     2    0.005518    0.019731    0.106483    0.106483 v _620_/Q (sg13g2_dfrbpq_1)
                                                         u_gpio_core.gen_input_filter[3].u_filter.diff_ctr_q[3] (net)
                      0.019731    0.000000    0.106483 v _276_/A (sg13g2_inv_1)
     2    0.005592    0.023854    0.024950    0.131433 ^ _276_/Y (sg13g2_inv_1)
                                                         _087_ (net)
                      0.023854    0.000000    0.131433 ^ _286_/A2 (sg13g2_a21oi_1)
     2    0.004068    0.017962    0.040650    0.172083 v _286_/Y (sg13g2_a21oi_1)
                                                         u_gpio_core.gen_input_filter[3].u_filter.diff_ctr_d[3] (net)
                      0.017962    0.000000    0.172083 v _620_/D (sg13g2_dfrbpq_1)
                                              0.172083   data arrival time

                      0.000000    0.000000    0.000000   clock core (rise edge)
                                  0.000000    0.000000   clock network delay (ideal)
                                  0.000000    0.000000   clock reconvergence pessimism
                                              0.000000 ^ _620_/CLK (sg13g2_dfrbpq_1)
                                 -0.028961   -0.028961   library hold time
                                             -0.028961   data required time
---------------------------------------------------------------------------------------------
                                             -0.028961   data required time
                                             -0.172083   data arrival time
---------------------------------------------------------------------------------------------
                                              0.201044   slack (MET)

Hotspot 19: instance=_594_ selected_worst_paths=none internal=9.29304e-06 switching=2.17211e-08 dynamic=9.31476e-06 leakage=1.54386e-09 total=9.31631e-06
Worst path through hotspot: status=met slack=0.126803 type=min group=core
startpoint=_593_ (rising edge-triggered flip-flop clocked by core)
endpoint=_594_ (rising edge-triggered flip-flop clocked by core)
path_power_complete=true
path_average_power_sum internal=1.85971e-05 switching=2.41752e-08 dynamic=1.86212e-05 leakage=3.08811e-09 total=1.86243e-05
stage instance cell pins fanout capacitance slew delay arrival internal switching dynamic leakage total
1 _593_ sg13g2_dfrbpq_1 CLK,Q 1 0.001482 0.011452 0.099314 0.099314 9.30403e-06 2.45408e-09 9.30649e-06 1.54425e-09 9.30803e-06
2 _594_ sg13g2_dfrbpq_1 D - - 0.011452 0 0.099314 9.29304e-06 2.17211e-08 9.31476e-06 1.54386e-09 9.31631e-06
OpenSTA targeted timing report:
Startpoint: _593_ (rising edge-triggered flip-flop clocked by core)
Endpoint: _594_ (rising edge-triggered flip-flop clocked by core)
Path Group: core
Path Type: min

Fanout         Cap        Slew       Delay        Time   Description
---------------------------------------------------------------------------------------------
                      0.000000    0.000000    0.000000   clock core (rise edge)
                                  0.000000    0.000000   clock network delay (ideal)
                      0.000000    0.000000    0.000000 ^ _593_/CLK (sg13g2_dfrbpq_1)
     1    0.001482    0.011452    0.099314    0.099314 v _593_/Q (sg13g2_dfrbpq_1)
                                                         u_gpio_core.gen_input_filter[0].u_filter.gen_async.prim_flop_2sync.intq (net)
                      0.011452    0.000000    0.099314 v _594_/D (sg13g2_dfrbpq_1)
                                              0.099314   data arrival time

                      0.000000    0.000000    0.000000   clock core (rise edge)
                                  0.000000    0.000000   clock network delay (ideal)
                                  0.000000    0.000000   clock reconvergence pessimism
                                              0.000000 ^ _594_/CLK (sg13g2_dfrbpq_1)
                                 -0.027490   -0.027490   library hold time
                                             -0.027490   data required time
---------------------------------------------------------------------------------------------
                                             -0.027490   data required time
                                             -0.099314   data arrival time
---------------------------------------------------------------------------------------------
                                              0.126803   slack (MET)

Hotspot 20: instance=_601_ selected_worst_paths=none internal=9.29304e-06 switching=2.17211e-08 dynamic=9.31476e-06 leakage=1.54386e-09 total=9.31631e-06
Worst path through hotspot: status=met slack=0.126803 type=min group=core
startpoint=_600_ (rising edge-triggered flip-flop clocked by core)
endpoint=_601_ (rising edge-triggered flip-flop clocked by core)
path_power_complete=true
path_average_power_sum internal=1.85971e-05 switching=2.41752e-08 dynamic=1.86212e-05 leakage=3.08811e-09 total=1.86243e-05
stage instance cell pins fanout capacitance slew delay arrival internal switching dynamic leakage total
1 _600_ sg13g2_dfrbpq_1 CLK,Q 1 0.001482 0.011452 0.099314 0.099314 9.30403e-06 2.45408e-09 9.30649e-06 1.54425e-09 9.30803e-06
2 _601_ sg13g2_dfrbpq_1 D - - 0.011452 0 0.099314 9.29304e-06 2.17211e-08 9.31476e-06 1.54386e-09 9.31631e-06
OpenSTA targeted timing report:
Startpoint: _600_ (rising edge-triggered flip-flop clocked by core)
Endpoint: _601_ (rising edge-triggered flip-flop clocked by core)
Path Group: core
Path Type: min

Fanout         Cap        Slew       Delay        Time   Description
---------------------------------------------------------------------------------------------
                      0.000000    0.000000    0.000000   clock core (rise edge)
                                  0.000000    0.000000   clock network delay (ideal)
                      0.000000    0.000000    0.000000 ^ _600_/CLK (sg13g2_dfrbpq_1)
     1    0.001482    0.011452    0.099314    0.099314 v _600_/Q (sg13g2_dfrbpq_1)
                                                         u_gpio_core.gen_input_filter[1].u_filter.gen_async.prim_flop_2sync.intq (net)
                      0.011452    0.000000    0.099314 v _601_/D (sg13g2_dfrbpq_1)
                                              0.099314   data arrival time

                      0.000000    0.000000    0.000000   clock core (rise edge)
                                  0.000000    0.000000   clock network delay (ideal)
                                  0.000000    0.000000   clock reconvergence pessimism
                                              0.000000 ^ _601_/CLK (sg13g2_dfrbpq_1)
                                 -0.027490   -0.027490   library hold time
                                             -0.027490   data required time
---------------------------------------------------------------------------------------------
                                             -0.027490   data required time
                                             -0.099314   data arrival time
---------------------------------------------------------------------------------------------
                                              0.126803   slack (MET)
