analysis=fusion_analysis corner=ss mode=setup stage=post_syn
workload=corners_sv_ss
methodology=staged_public_opensta
path_power_semantics=average_instance_power_in_same_analysis_context
activity_file=/tmp/flexsoc-repack/uart/runs/uart/dev/signoff/ihp-sg13g2/power/activity/captures/uart_ihp-sg13g2_corners_sv_ss.vcd
activity_scope=uart_tb/u_uart
liberty=/home/eneadim/github/flexsoc/.flexsoc/pdks/ihp-sg13g2/ihp-sg13g2/libs.ref/sg13g2_stdcell/lib/sg13g2_stdcell_slow_1p35V_125C.lib
netlist=/tmp/flexsoc-repack/uart/runs/uart/dev/syn/ihp-sg13g2/uart_synth.v
sdc=/tmp/flexsoc-repack/uart/runs/uart/dev/constraints/uart.sdc
spef=

=== Units ===
 time 1ns
 capacitance 1pF
 resistance 1kohm
 voltage 1v
 current 1uA
 power 1pW
 distance 1um

=== Constraint validation ===

=== Timing summary ===
wns max 0.00
tns max 0.00

=== Power summary ===
Group                  Internal  Switching    Leakage      Total
                          Power      Power      Power      Power (Watts)
----------------------------------------------------------------
Sequential             2.49e-03   3.98e-06   1.27e-06   2.49e-03  99.3%
Combinational          8.46e-06   7.74e-06   9.97e-07   1.72e-05   0.7%
Clock                  0.00e+00   0.00e+00   0.00e+00   0.00e+00   0.0%
Macro                  0.00e+00   0.00e+00   0.00e+00   0.00e+00   0.0%
Pad                    0.00e+00   0.00e+00   0.00e+00   0.00e+00   0.0%
----------------------------------------------------------------
Total                  2.50e-03   1.17e-05   2.27e-06   2.51e-03 100.0%
                          99.4%       0.5%       0.1%

=== Worst timing paths (violated or met) ===
Startpoint: rx_i (input port clocked by core)
Endpoint: tx_o (output port clocked by core)
Path Group: core
Path Type: max

Fanout         Cap        Slew       Delay        Time   Description
---------------------------------------------------------------------------------------------
                      0.000000    0.000000    0.000000   clock core (rise edge)
                                  0.000000    0.000000   clock network delay (ideal)
                                  2.000000    2.000000 v input external delay
     2    0.006494    0.000649    0.000649    2.000649 v rx_i (in)
                                                         rx_i (net)
                      0.000649    0.000000    2.000649 v _2873_/A (sg13g2_nand2_1)
     1    0.003691    0.038054    0.025925    2.026574 ^ _2873_/Y (sg13g2_nand2_1)
                                                         _1232_ (net)
                      0.038054    0.000000    2.026574 ^ _2874_/B1 (sg13g2_o21ai_1)
     1    0.010000    0.090605    0.079610    2.106184 v _2874_/Y (sg13g2_o21ai_1)
                                                         tx_o (net)
                      0.090605    0.000000    2.106184 v tx_o (out)
                                              2.106184   data arrival time

                      0.000000   10.000000   10.000000   clock core (rise edge)
                                  0.000000   10.000000   clock network delay (ideal)
                                  0.000000   10.000000   clock reconvergence pessimism
                                 -2.000000    8.000000   output external delay
                                              8.000000   data required time
---------------------------------------------------------------------------------------------
                                              8.000000   data required time
                                             -2.106184   data arrival time
---------------------------------------------------------------------------------------------
                                              5.893816   slack (MET)


Startpoint: tl_i[62] (input port clocked by core)
Endpoint: _3016_ (rising edge-triggered flip-flop clocked by core)
Path Group: core
Path Type: max

Fanout         Cap        Slew       Delay        Time   Description
---------------------------------------------------------------------------------------------
                      0.000000    0.000000    0.000000   clock core (rise edge)
                                  0.000000    0.000000   clock network delay (ideal)
                                  2.000000    2.000000 ^ input external delay
     3    0.010067    0.001007    0.001007    2.001007 ^ tl_i[62] (in)
                                                         tl_i[62] (net)
                      0.001007    0.000000    2.001007 ^ _1593_/A (sg13g2_inv_1)
     3    0.009317    0.035677    0.036543    2.037550 v _1593_/Y (sg13g2_inv_1)
                                                         _1360_ (net)
                      0.035677    0.000000    2.037550 v _1594_/B (sg13g2_nand2_1)
     2    0.007056    0.048255    0.050723    2.088273 ^ _1594_/Y (sg13g2_nand2_1)
                                                         _1361_ (net)
                      0.048255    0.000000    2.088273 ^ _1595_/B (sg13g2_nor2_1)
     1    0.002729    0.023930    0.033893    2.122166 v _1595_/Y (sg13g2_nor2_1)
                                                         _1362_ (net)
                      0.023930    0.000000    2.122166 v _1596_/A (sg13g2_buf_2)
    24    0.078851    0.145125    0.173368    2.295535 v _1596_/X (sg13g2_buf_2)
                                                         _1363_ (net)
                      0.145125    0.000000    2.295535 v _1607_/A2 (sg13g2_o21ai_1)
     1    0.003022    0.090938    0.113587    2.409122 ^ _1607_/Y (sg13g2_o21ai_1)
                                                         _1373_ (net)
                      0.090938    0.000000    2.409122 ^ _1610_/A (sg13g2_nand4_1)
     2    0.006218    0.117086    0.120702    2.529824 v _1610_/Y (sg13g2_nand4_1)
                                                         _1376_ (net)
                      0.117086    0.000000    2.529824 v _1611_/C (sg13g2_nor3_1)
     1    0.002853    0.095461    0.100108    2.629932 ^ _1611_/Y (sg13g2_nor3_1)
                                                         _1377_ (net)
                      0.095461    0.000000    2.629932 ^ _1612_/A (sg13g2_buf_2)
    19    0.063416    0.147554    0.188852    2.818784 ^ _1612_/X (sg13g2_buf_2)
                                                         _1378_ (net)
                      0.147554    0.000000    2.818784 ^ _1613_/A (sg13g2_buf_2)
    27    0.109823    0.248292    0.272582    3.091366 ^ _1613_/X (sg13g2_buf_2)
                                                         _1379_ (net)
                      0.248292    0.000000    3.091366 ^ _2949_/S (sg13g2_mux2_1)
     1    0.001743    0.033936    0.200153    3.291519 v _2949_/X (sg13g2_mux2_1)
                                                         _0370_ (net)
                      0.033936    0.000000    3.291519 v _3016_/D (sg13g2_dfrbpq_1)
                                              3.291519   data arrival time

                      0.000000   10.000000   10.000000   clock core (rise edge)
                                  0.000000   10.000000   clock network delay (ideal)
                                  0.000000   10.000000   clock reconvergence pessimism
                                             10.000000 ^ _3016_/CLK (sg13g2_dfrbpq_1)
                                 -0.111501    9.888498   library setup time
                                              9.888498   data required time
---------------------------------------------------------------------------------------------
                                              9.888498   data required time
                                             -3.291519   data arrival time
---------------------------------------------------------------------------------------------
                                              6.596979   slack (MET)


Startpoint: tl_i[62] (input port clocked by core)
Endpoint: _3294_ (rising edge-triggered flip-flop clocked by core)
Path Group: core
Path Type: max

Fanout         Cap        Slew       Delay        Time   Description
---------------------------------------------------------------------------------------------
                      0.000000    0.000000    0.000000   clock core (rise edge)
                                  0.000000    0.000000   clock network delay (ideal)
                                  2.000000    2.000000 ^ input external delay
     3    0.010067    0.001007    0.001007    2.001007 ^ tl_i[62] (in)
                                                         tl_i[62] (net)
                      0.001007    0.000000    2.001007 ^ _1593_/A (sg13g2_inv_1)
     3    0.009317    0.035677    0.036543    2.037550 v _1593_/Y (sg13g2_inv_1)
                                                         _1360_ (net)
                      0.035677    0.000000    2.037550 v _1594_/B (sg13g2_nand2_1)
     2    0.007056    0.048255    0.050723    2.088273 ^ _1594_/Y (sg13g2_nand2_1)
                                                         _1361_ (net)
                      0.048255    0.000000    2.088273 ^ _1595_/B (sg13g2_nor2_1)
     1    0.002729    0.023930    0.033893    2.122166 v _1595_/Y (sg13g2_nor2_1)
                                                         _1362_ (net)
                      0.023930    0.000000    2.122166 v _1596_/A (sg13g2_buf_2)
    24    0.078851    0.145125    0.173368    2.295535 v _1596_/X (sg13g2_buf_2)
                                                         _1363_ (net)
                      0.145125    0.000000    2.295535 v _1607_/A2 (sg13g2_o21ai_1)
     1    0.003022    0.090938    0.113587    2.409122 ^ _1607_/Y (sg13g2_o21ai_1)
                                                         _1373_ (net)
                      0.090938    0.000000    2.409122 ^ _1610_/A (sg13g2_nand4_1)
     2    0.006218    0.117086    0.120702    2.529824 v _1610_/Y (sg13g2_nand4_1)
                                                         _1376_ (net)
                      0.117086    0.000000    2.529824 v _1881_/A (sg13g2_nand2_1)
     1    0.003340    0.044664    0.052850    2.582674 ^ _1881_/Y (sg13g2_nand2_1)
                                                         _0467_ (net)
                      0.044664    0.000000    2.582674 ^ _1882_/A (sg13g2_inv_1)
     4    0.011597    0.051071    0.057279    2.639953 v _1882_/Y (sg13g2_inv_1)
                                                         _0468_ (net)
                      0.051071    0.000000    2.639953 v _1883_/C (sg13g2_nor3_1)
     1    0.002853    0.088972    0.081895    2.721848 ^ _1883_/Y (sg13g2_nor3_1)
                                                         _0469_ (net)
                      0.088972    0.000000    2.721848 ^ _1884_/A (sg13g2_buf_2)
    16    0.056118    0.131792    0.175301    2.897149 ^ _1884_/X (sg13g2_buf_2)
                                                         _0470_ (net)
                      0.131792    0.000000    2.897149 ^ _1914_/A (sg13g2_inv_1)
    10    0.030313    0.128312    0.153447    3.050596 v _1914_/Y (sg13g2_inv_1)
                                                         _0490_ (net)
                      0.128312    0.000000    3.050596 v _2148_/A (sg13g2_nor3_1)
     1    0.003506    0.096381    0.125728    3.176323 ^ _2148_/Y (sg13g2_nor3_1)
                                                         _0713_ (net)
                      0.096381    0.000000    3.176323 ^ _2149_/B2 (sg13g2_a22oi_1)
     1    0.001743    0.092619    0.059738    3.236062 v _2149_/Y (sg13g2_a22oi_1)
                                                         _0139_ (net)
                      0.092619    0.000000    3.236062 v _3294_/D (sg13g2_dfrbpq_1)
                                              3.236062   data arrival time

                      0.000000   10.000000   10.000000   clock core (rise edge)
                                  0.000000   10.000000   clock network delay (ideal)
                                  0.000000   10.000000   clock reconvergence pessimism
                                             10.000000 ^ _3294_/CLK (sg13g2_dfrbpq_1)
                                 -0.130539    9.869462   library setup time
                                              9.869462   data required time
---------------------------------------------------------------------------------------------
                                              9.869462   data required time
                                             -3.236062   data arrival time
---------------------------------------------------------------------------------------------
                                              6.633401   slack (MET)


Startpoint: tl_i[62] (input port clocked by core)
Endpoint: _3296_ (rising edge-triggered flip-flop clocked by core)
Path Group: core
Path Type: max

Fanout         Cap        Slew       Delay        Time   Description
---------------------------------------------------------------------------------------------
                      0.000000    0.000000    0.000000   clock core (rise edge)
                                  0.000000    0.000000   clock network delay (ideal)
                                  2.000000    2.000000 ^ input external delay
     3    0.010067    0.001007    0.001007    2.001007 ^ tl_i[62] (in)
                                                         tl_i[62] (net)
                      0.001007    0.000000    2.001007 ^ _1593_/A (sg13g2_inv_1)
     3    0.009317    0.035677    0.036543    2.037550 v _1593_/Y (sg13g2_inv_1)
                                                         _1360_ (net)
                      0.035677    0.000000    2.037550 v _1594_/B (sg13g2_nand2_1)
     2    0.007056    0.048255    0.050723    2.088273 ^ _1594_/Y (sg13g2_nand2_1)
                                                         _1361_ (net)
                      0.048255    0.000000    2.088273 ^ _1595_/B (sg13g2_nor2_1)
     1    0.002729    0.023930    0.033893    2.122166 v _1595_/Y (sg13g2_nor2_1)
                                                         _1362_ (net)
                      0.023930    0.000000    2.122166 v _1596_/A (sg13g2_buf_2)
    24    0.078851    0.145125    0.173368    2.295535 v _1596_/X (sg13g2_buf_2)
                                                         _1363_ (net)
                      0.145125    0.000000    2.295535 v _1607_/A2 (sg13g2_o21ai_1)
     1    0.003022    0.090938    0.113587    2.409122 ^ _1607_/Y (sg13g2_o21ai_1)
                                                         _1373_ (net)
                      0.090938    0.000000    2.409122 ^ _1610_/A (sg13g2_nand4_1)
     2    0.006218    0.117086    0.120702    2.529824 v _1610_/Y (sg13g2_nand4_1)
                                                         _1376_ (net)
                      0.117086    0.000000    2.529824 v _1881_/A (sg13g2_nand2_1)
     1    0.003340    0.044664    0.052850    2.582674 ^ _1881_/Y (sg13g2_nand2_1)
                                                         _0467_ (net)
                      0.044664    0.000000    2.582674 ^ _1882_/A (sg13g2_inv_1)
     4    0.011597    0.051071    0.057279    2.639953 v _1882_/Y (sg13g2_inv_1)
                                                         _0468_ (net)
                      0.051071    0.000000    2.639953 v _1883_/C (sg13g2_nor3_1)
     1    0.002853    0.088972    0.081895    2.721848 ^ _1883_/Y (sg13g2_nor3_1)
                                                         _0469_ (net)
                      0.088972    0.000000    2.721848 ^ _1884_/A (sg13g2_buf_2)
    16    0.056118    0.131792    0.175301    2.897149 ^ _1884_/X (sg13g2_buf_2)
                                                         _0470_ (net)
                      0.131792    0.000000    2.897149 ^ _1914_/A (sg13g2_inv_1)
    10    0.030313    0.128312    0.153447    3.050596 v _1914_/Y (sg13g2_inv_1)
                                                         _0490_ (net)
                      0.128312    0.000000    3.050596 v _2073_/C1 (sg13g2_a221oi_1)
     1    0.003506    0.132100    0.115861    3.166457 ^ _2073_/Y (sg13g2_a221oi_1)
                                                         _0640_ (net)
                      0.132100    0.000000    3.166457 ^ _2074_/B2 (sg13g2_a22oi_1)
     1    0.001743    0.092619    0.065702    3.232158 v _2074_/Y (sg13g2_a22oi_1)
                                                         _0137_ (net)
                      0.092619    0.000000    3.232158 v _3296_/D (sg13g2_dfrbpq_1)
                                              3.232158   data arrival time

                      0.000000   10.000000   10.000000   clock core (rise edge)
                                  0.000000   10.000000   clock network delay (ideal)
                                  0.000000   10.000000   clock reconvergence pessimism
                                             10.000000 ^ _3296_/CLK (sg13g2_dfrbpq_1)
                                 -0.130539    9.869462   library setup time
                                              9.869462   data required time
---------------------------------------------------------------------------------------------
                                              9.869462   data required time
                                             -3.232158   data arrival time
---------------------------------------------------------------------------------------------
                                              6.637303   slack (MET)


Startpoint: tl_i[62] (input port clocked by core)
Endpoint: _3297_ (rising edge-triggered flip-flop clocked by core)
Path Group: core
Path Type: max

Fanout         Cap        Slew       Delay        Time   Description
---------------------------------------------------------------------------------------------
                      0.000000    0.000000    0.000000   clock core (rise edge)
                                  0.000000    0.000000   clock network delay (ideal)
                                  2.000000    2.000000 ^ input external delay
     3    0.010067    0.001007    0.001007    2.001007 ^ tl_i[62] (in)
                                                         tl_i[62] (net)
                      0.001007    0.000000    2.001007 ^ _1593_/A (sg13g2_inv_1)
     3    0.009317    0.035677    0.036543    2.037550 v _1593_/Y (sg13g2_inv_1)
                                                         _1360_ (net)
                      0.035677    0.000000    2.037550 v _1594_/B (sg13g2_nand2_1)
     2    0.007056    0.048255    0.050723    2.088273 ^ _1594_/Y (sg13g2_nand2_1)
                                                         _1361_ (net)
                      0.048255    0.000000    2.088273 ^ _1595_/B (sg13g2_nor2_1)
     1    0.002729    0.023930    0.033893    2.122166 v _1595_/Y (sg13g2_nor2_1)
                                                         _1362_ (net)
                      0.023930    0.000000    2.122166 v _1596_/A (sg13g2_buf_2)
    24    0.078851    0.145125    0.173368    2.295535 v _1596_/X (sg13g2_buf_2)
                                                         _1363_ (net)
                      0.145125    0.000000    2.295535 v _1607_/A2 (sg13g2_o21ai_1)
     1    0.003022    0.090938    0.113587    2.409122 ^ _1607_/Y (sg13g2_o21ai_1)
                                                         _1373_ (net)
                      0.090938    0.000000    2.409122 ^ _1610_/A (sg13g2_nand4_1)
     2    0.006218    0.117086    0.120702    2.529824 v _1610_/Y (sg13g2_nand4_1)
                                                         _1376_ (net)
                      0.117086    0.000000    2.529824 v _1881_/A (sg13g2_nand2_1)
     1    0.003340    0.044664    0.052850    2.582674 ^ _1881_/Y (sg13g2_nand2_1)
                                                         _0467_ (net)
                      0.044664    0.000000    2.582674 ^ _1882_/A (sg13g2_inv_1)
     4    0.011597    0.051071    0.057279    2.639953 v _1882_/Y (sg13g2_inv_1)
                                                         _0468_ (net)
                      0.051071    0.000000    2.639953 v _1883_/C (sg13g2_nor3_1)
     1    0.002853    0.088972    0.081895    2.721848 ^ _1883_/Y (sg13g2_nor3_1)
                                                         _0469_ (net)
                      0.088972    0.000000    2.721848 ^ _1884_/A (sg13g2_buf_2)
    16    0.056118    0.131792    0.175301    2.897149 ^ _1884_/X (sg13g2_buf_2)
                                                         _0470_ (net)
                      0.131792    0.000000    2.897149 ^ _1914_/A (sg13g2_inv_1)
    10    0.030313    0.128312    0.153447    3.050596 v _1914_/Y (sg13g2_inv_1)
                                                         _0490_ (net)
                      0.128312    0.000000    3.050596 v _2048_/C1 (sg13g2_a221oi_1)
     1    0.003506    0.127891    0.115861    3.166457 ^ _2048_/Y (sg13g2_a221oi_1)
                                                         _0616_ (net)
                      0.127891    0.000000    3.166457 ^ _2049_/B2 (sg13g2_a22oi_1)
     1    0.001743    0.092619    0.065002    3.231459 v _2049_/Y (sg13g2_a22oi_1)
                                                         _0136_ (net)
                      0.092619    0.000000    3.231459 v _3297_/D (sg13g2_dfrbpq_1)
                                              3.231459   data arrival time

                      0.000000   10.000000   10.000000   clock core (rise edge)
                                  0.000000   10.000000   clock network delay (ideal)
                                  0.000000   10.000000   clock reconvergence pessimism
                                             10.000000 ^ _3297_/CLK (sg13g2_dfrbpq_1)
                                 -0.130539    9.869462   library setup time
                                              9.869462   data required time
---------------------------------------------------------------------------------------------
                                              9.869462   data required time
                                             -3.231459   data arrival time
---------------------------------------------------------------------------------------------
                                              6.638003   slack (MET)


Startpoint: tl_i[62] (input port clocked by core)
Endpoint: _3292_ (rising edge-triggered flip-flop clocked by core)
Path Group: core
Path Type: max

Fanout         Cap        Slew       Delay        Time   Description
---------------------------------------------------------------------------------------------
                      0.000000    0.000000    0.000000   clock core (rise edge)
                                  0.000000    0.000000   clock network delay (ideal)
                                  2.000000    2.000000 ^ input external delay
     3    0.010067    0.001007    0.001007    2.001007 ^ tl_i[62] (in)
                                                         tl_i[62] (net)
                      0.001007    0.000000    2.001007 ^ _1593_/A (sg13g2_inv_1)
     3    0.009317    0.035677    0.036543    2.037550 v _1593_/Y (sg13g2_inv_1)
                                                         _1360_ (net)
                      0.035677    0.000000    2.037550 v _1594_/B (sg13g2_nand2_1)
     2    0.007056    0.048255    0.050723    2.088273 ^ _1594_/Y (sg13g2_nand2_1)
                                                         _1361_ (net)
                      0.048255    0.000000    2.088273 ^ _1595_/B (sg13g2_nor2_1)
     1    0.002729    0.023930    0.033893    2.122166 v _1595_/Y (sg13g2_nor2_1)
                                                         _1362_ (net)
                      0.023930    0.000000    2.122166 v _1596_/A (sg13g2_buf_2)
    24    0.078851    0.145125    0.173368    2.295535 v _1596_/X (sg13g2_buf_2)
                                                         _1363_ (net)
                      0.145125    0.000000    2.295535 v _1607_/A2 (sg13g2_o21ai_1)
     1    0.003022    0.090938    0.113587    2.409122 ^ _1607_/Y (sg13g2_o21ai_1)
                                                         _1373_ (net)
                      0.090938    0.000000    2.409122 ^ _1610_/A (sg13g2_nand4_1)
     2    0.006218    0.117086    0.120702    2.529824 v _1610_/Y (sg13g2_nand4_1)
                                                         _1376_ (net)
                      0.117086    0.000000    2.529824 v _1881_/A (sg13g2_nand2_1)
     1    0.003340    0.044664    0.052850    2.582674 ^ _1881_/Y (sg13g2_nand2_1)
                                                         _0467_ (net)
                      0.044664    0.000000    2.582674 ^ _1882_/A (sg13g2_inv_1)
     4    0.011597    0.051071    0.057279    2.639953 v _1882_/Y (sg13g2_inv_1)
                                                         _0468_ (net)
                      0.051071    0.000000    2.639953 v _1883_/C (sg13g2_nor3_1)
     1    0.002853    0.088972    0.081895    2.721848 ^ _1883_/Y (sg13g2_nor3_1)
                                                         _0469_ (net)
                      0.088972    0.000000    2.721848 ^ _1884_/A (sg13g2_buf_2)
    16    0.056118    0.131792    0.175301    2.897149 ^ _1884_/X (sg13g2_buf_2)
                                                         _0470_ (net)
                      0.131792    0.000000    2.897149 ^ _1914_/A (sg13g2_inv_1)
    10    0.030313    0.128312    0.153447    3.050596 v _1914_/Y (sg13g2_inv_1)
                                                         _0490_ (net)
                      0.128312    0.000000    3.050596 v _2210_/C (sg13g2_nor3_1)
     1    0.003506    0.105095    0.108986    3.159582 ^ _2210_/Y (sg13g2_nor3_1)
                                                         _0773_ (net)
                      0.105095    0.000000    3.159582 ^ _2211_/B2 (sg13g2_a22oi_1)
     1    0.001743    0.092619    0.061211    3.220793 v _2211_/Y (sg13g2_a22oi_1)
                                                         _0141_ (net)
                      0.092619    0.000000    3.220793 v _3292_/D (sg13g2_dfrbpq_1)
                                              3.220793   data arrival time

                      0.000000   10.000000   10.000000   clock core (rise edge)
                                  0.000000   10.000000   clock network delay (ideal)
                                  0.000000   10.000000   clock reconvergence pessimism
                                             10.000000 ^ _3292_/CLK (sg13g2_dfrbpq_1)
                                 -0.130539    9.869462   library setup time
                                              9.869462   data required time
---------------------------------------------------------------------------------------------
                                              9.869462   data required time
                                             -3.220793   data arrival time
---------------------------------------------------------------------------------------------
                                              6.648668   slack (MET)


Startpoint: tl_i[62] (input port clocked by core)
Endpoint: _3293_ (rising edge-triggered flip-flop clocked by core)
Path Group: core
Path Type: max

Fanout         Cap        Slew       Delay        Time   Description
---------------------------------------------------------------------------------------------
                      0.000000    0.000000    0.000000   clock core (rise edge)
                                  0.000000    0.000000   clock network delay (ideal)
                                  2.000000    2.000000 ^ input external delay
     3    0.010067    0.001007    0.001007    2.001007 ^ tl_i[62] (in)
                                                         tl_i[62] (net)
                      0.001007    0.000000    2.001007 ^ _1593_/A (sg13g2_inv_1)
     3    0.009317    0.035677    0.036543    2.037550 v _1593_/Y (sg13g2_inv_1)
                                                         _1360_ (net)
                      0.035677    0.000000    2.037550 v _1594_/B (sg13g2_nand2_1)
     2    0.007056    0.048255    0.050723    2.088273 ^ _1594_/Y (sg13g2_nand2_1)
                                                         _1361_ (net)
                      0.048255    0.000000    2.088273 ^ _1595_/B (sg13g2_nor2_1)
     1    0.002729    0.023930    0.033893    2.122166 v _1595_/Y (sg13g2_nor2_1)
                                                         _1362_ (net)
                      0.023930    0.000000    2.122166 v _1596_/A (sg13g2_buf_2)
    24    0.078851    0.145125    0.173368    2.295535 v _1596_/X (sg13g2_buf_2)
                                                         _1363_ (net)
                      0.145125    0.000000    2.295535 v _1607_/A2 (sg13g2_o21ai_1)
     1    0.003022    0.090938    0.113587    2.409122 ^ _1607_/Y (sg13g2_o21ai_1)
                                                         _1373_ (net)
                      0.090938    0.000000    2.409122 ^ _1610_/A (sg13g2_nand4_1)
     2    0.006218    0.117086    0.120702    2.529824 v _1610_/Y (sg13g2_nand4_1)
                                                         _1376_ (net)
                      0.117086    0.000000    2.529824 v _1881_/A (sg13g2_nand2_1)
     1    0.003340    0.044664    0.052850    2.582674 ^ _1881_/Y (sg13g2_nand2_1)
                                                         _0467_ (net)
                      0.044664    0.000000    2.582674 ^ _1882_/A (sg13g2_inv_1)
     4    0.011597    0.051071    0.057279    2.639953 v _1882_/Y (sg13g2_inv_1)
                                                         _0468_ (net)
                      0.051071    0.000000    2.639953 v _1883_/C (sg13g2_nor3_1)
     1    0.002853    0.088972    0.081895    2.721848 ^ _1883_/Y (sg13g2_nor3_1)
                                                         _0469_ (net)
                      0.088972    0.000000    2.721848 ^ _1884_/A (sg13g2_buf_2)
    16    0.056118    0.131792    0.175301    2.897149 ^ _1884_/X (sg13g2_buf_2)
                                                         _0470_ (net)
                      0.131792    0.000000    2.897149 ^ _1914_/A (sg13g2_inv_1)
    10    0.030313    0.128312    0.153447    3.050596 v _1914_/Y (sg13g2_inv_1)
                                                         _0490_ (net)
                      0.128312    0.000000    3.050596 v _2181_/C (sg13g2_nor3_1)
     1    0.003506    0.105095    0.108986    3.159582 ^ _2181_/Y (sg13g2_nor3_1)
                                                         _0745_ (net)
                      0.105095    0.000000    3.159582 ^ _2182_/B2 (sg13g2_a22oi_1)
     1    0.001743    0.092619    0.061211    3.220793 v _2182_/Y (sg13g2_a22oi_1)
                                                         _0140_ (net)
                      0.092619    0.000000    3.220793 v _3293_/D (sg13g2_dfrbpq_1)
                                              3.220793   data arrival time

                      0.000000   10.000000   10.000000   clock core (rise edge)
                                  0.000000   10.000000   clock network delay (ideal)
                                  0.000000   10.000000   clock reconvergence pessimism
                                             10.000000 ^ _3293_/CLK (sg13g2_dfrbpq_1)
                                 -0.130539    9.869462   library setup time
                                              9.869462   data required time
---------------------------------------------------------------------------------------------
                                              9.869462   data required time
                                             -3.220793   data arrival time
---------------------------------------------------------------------------------------------
                                              6.648668   slack (MET)


Startpoint: tl_i[62] (input port clocked by core)
Endpoint: _3008_ (rising edge-triggered flip-flop clocked by core)
Path Group: core
Path Type: max

Fanout         Cap        Slew       Delay        Time   Description
---------------------------------------------------------------------------------------------
                      0.000000    0.000000    0.000000   clock core (rise edge)
                                  0.000000    0.000000   clock network delay (ideal)
                                  2.000000    2.000000 ^ input external delay
     3    0.010067    0.001007    0.001007    2.001007 ^ tl_i[62] (in)
                                                         tl_i[62] (net)
                      0.001007    0.000000    2.001007 ^ _1593_/A (sg13g2_inv_1)
     3    0.009317    0.035677    0.036543    2.037550 v _1593_/Y (sg13g2_inv_1)
                                                         _1360_ (net)
                      0.035677    0.000000    2.037550 v _1594_/B (sg13g2_nand2_1)
     2    0.007056    0.048255    0.050723    2.088273 ^ _1594_/Y (sg13g2_nand2_1)
                                                         _1361_ (net)
                      0.048255    0.000000    2.088273 ^ _1595_/B (sg13g2_nor2_1)
     1    0.002729    0.023930    0.033893    2.122166 v _1595_/Y (sg13g2_nor2_1)
                                                         _1362_ (net)
                      0.023930    0.000000    2.122166 v _1596_/A (sg13g2_buf_2)
    24    0.078851    0.145125    0.173368    2.295535 v _1596_/X (sg13g2_buf_2)
                                                         _1363_ (net)
                      0.145125    0.000000    2.295535 v _1607_/A2 (sg13g2_o21ai_1)
     1    0.003022    0.090938    0.113587    2.409122 ^ _1607_/Y (sg13g2_o21ai_1)
                                                         _1373_ (net)
                      0.090938    0.000000    2.409122 ^ _1610_/A (sg13g2_nand4_1)
     2    0.006218    0.117086    0.120702    2.529824 v _1610_/Y (sg13g2_nand4_1)
                                                         _1376_ (net)
                      0.117086    0.000000    2.529824 v _1611_/C (sg13g2_nor3_1)
     1    0.002853    0.095461    0.100108    2.629932 ^ _1611_/Y (sg13g2_nor3_1)
                                                         _1377_ (net)
                      0.095461    0.000000    2.629932 ^ _1612_/A (sg13g2_buf_2)
    19    0.063416    0.147554    0.188852    2.818784 ^ _1612_/X (sg13g2_buf_2)
                                                         _1378_ (net)
                      0.147554    0.000000    2.818784 ^ _1613_/A (sg13g2_buf_2)
    27    0.109823    0.248292    0.272582    3.091366 ^ _1613_/X (sg13g2_buf_2)
                                                         _1379_ (net)
                      0.248292    0.000000    3.091366 ^ _1628_/A (sg13g2_nand2_1)
     1    0.003444    0.070924    0.084090    3.175456 v _1628_/Y (sg13g2_nand2_1)
                                                         _1387_ (net)
                      0.070924    0.000000    3.175456 v _1629_/B1 (sg13g2_o21ai_1)
     1    0.001629    0.081665    0.042323    3.217779 ^ _1629_/Y (sg13g2_o21ai_1)
                                                         _0059_ (net)
                      0.081665    0.000000    3.217779 ^ _3008_/D (sg13g2_dfrbpq_1)
                                              3.217779   data arrival time

                      0.000000   10.000000   10.000000   clock core (rise edge)
                                  0.000000   10.000000   clock network delay (ideal)
                                  0.000000   10.000000   clock reconvergence pessimism
                                             10.000000 ^ _3008_/CLK (sg13g2_dfrbpq_1)
                                 -0.127758    9.872243   library setup time
                                              9.872243   data required time
---------------------------------------------------------------------------------------------
                                              9.872243   data required time
                                             -3.217779   data arrival time
---------------------------------------------------------------------------------------------
                                              6.654464   slack (MET)


Startpoint: tl_i[62] (input port clocked by core)
Endpoint: _3011_ (rising edge-triggered flip-flop clocked by core)
Path Group: core
Path Type: max

Fanout         Cap        Slew       Delay        Time   Description
---------------------------------------------------------------------------------------------
                      0.000000    0.000000    0.000000   clock core (rise edge)
                                  0.000000    0.000000   clock network delay (ideal)
                                  2.000000    2.000000 ^ input external delay
     3    0.010067    0.001007    0.001007    2.001007 ^ tl_i[62] (in)
                                                         tl_i[62] (net)
                      0.001007    0.000000    2.001007 ^ _1593_/A (sg13g2_inv_1)
     3    0.009317    0.035677    0.036543    2.037550 v _1593_/Y (sg13g2_inv_1)
                                                         _1360_ (net)
                      0.035677    0.000000    2.037550 v _1594_/B (sg13g2_nand2_1)
     2    0.007056    0.048255    0.050723    2.088273 ^ _1594_/Y (sg13g2_nand2_1)
                                                         _1361_ (net)
                      0.048255    0.000000    2.088273 ^ _1595_/B (sg13g2_nor2_1)
     1    0.002729    0.023930    0.033893    2.122166 v _1595_/Y (sg13g2_nor2_1)
                                                         _1362_ (net)
                      0.023930    0.000000    2.122166 v _1596_/A (sg13g2_buf_2)
    24    0.078851    0.145125    0.173368    2.295535 v _1596_/X (sg13g2_buf_2)
                                                         _1363_ (net)
                      0.145125    0.000000    2.295535 v _1607_/A2 (sg13g2_o21ai_1)
     1    0.003022    0.090938    0.113587    2.409122 ^ _1607_/Y (sg13g2_o21ai_1)
                                                         _1373_ (net)
                      0.090938    0.000000    2.409122 ^ _1610_/A (sg13g2_nand4_1)
     2    0.006218    0.117086    0.120702    2.529824 v _1610_/Y (sg13g2_nand4_1)
                                                         _1376_ (net)
                      0.117086    0.000000    2.529824 v _1611_/C (sg13g2_nor3_1)
     1    0.002853    0.095461    0.100108    2.629932 ^ _1611_/Y (sg13g2_nor3_1)
                                                         _1377_ (net)
                      0.095461    0.000000    2.629932 ^ _1612_/A (sg13g2_buf_2)
    19    0.063416    0.147554    0.188852    2.818784 ^ _1612_/X (sg13g2_buf_2)
                                                         _1378_ (net)
                      0.147554    0.000000    2.818784 ^ _1613_/A (sg13g2_buf_2)
    27    0.109823    0.248292    0.272582    3.091366 ^ _1613_/X (sg13g2_buf_2)
                                                         _1379_ (net)
                      0.248292    0.000000    3.091366 ^ _1622_/A (sg13g2_nand2_1)
     1    0.003444    0.070924    0.084090    3.175456 v _1622_/Y (sg13g2_nand2_1)
                                                         _1384_ (net)
                      0.070924    0.000000    3.175456 v _1623_/B1 (sg13g2_o21ai_1)
     1    0.001629    0.081665    0.042323    3.217779 ^ _1623_/Y (sg13g2_o21ai_1)
                                                         _0056_ (net)
                      0.081665    0.000000    3.217779 ^ _3011_/D (sg13g2_dfrbpq_1)
                                              3.217779   data arrival time

                      0.000000   10.000000   10.000000   clock core (rise edge)
                                  0.000000   10.000000   clock network delay (ideal)
                                  0.000000   10.000000   clock reconvergence pessimism
                                             10.000000 ^ _3011_/CLK (sg13g2_dfrbpq_1)
                                 -0.127758    9.872243   library setup time
                                              9.872243   data required time
---------------------------------------------------------------------------------------------
                                              9.872243   data required time
                                             -3.217779   data arrival time
---------------------------------------------------------------------------------------------
                                              6.654464   slack (MET)


Startpoint: tl_i[62] (input port clocked by core)
Endpoint: _3013_ (rising edge-triggered flip-flop clocked by core)
Path Group: core
Path Type: max

Fanout         Cap        Slew       Delay        Time   Description
---------------------------------------------------------------------------------------------
                      0.000000    0.000000    0.000000   clock core (rise edge)
                                  0.000000    0.000000   clock network delay (ideal)
                                  2.000000    2.000000 ^ input external delay
     3    0.010067    0.001007    0.001007    2.001007 ^ tl_i[62] (in)
                                                         tl_i[62] (net)
                      0.001007    0.000000    2.001007 ^ _1593_/A (sg13g2_inv_1)
     3    0.009317    0.035677    0.036543    2.037550 v _1593_/Y (sg13g2_inv_1)
                                                         _1360_ (net)
                      0.035677    0.000000    2.037550 v _1594_/B (sg13g2_nand2_1)
     2    0.007056    0.048255    0.050723    2.088273 ^ _1594_/Y (sg13g2_nand2_1)
                                                         _1361_ (net)
                      0.048255    0.000000    2.088273 ^ _1595_/B (sg13g2_nor2_1)
     1    0.002729    0.023930    0.033893    2.122166 v _1595_/Y (sg13g2_nor2_1)
                                                         _1362_ (net)
                      0.023930    0.000000    2.122166 v _1596_/A (sg13g2_buf_2)
    24    0.078851    0.145125    0.173368    2.295535 v _1596_/X (sg13g2_buf_2)
                                                         _1363_ (net)
                      0.145125    0.000000    2.295535 v _1607_/A2 (sg13g2_o21ai_1)
     1    0.003022    0.090938    0.113587    2.409122 ^ _1607_/Y (sg13g2_o21ai_1)
                                                         _1373_ (net)
                      0.090938    0.000000    2.409122 ^ _1610_/A (sg13g2_nand4_1)
     2    0.006218    0.117086    0.120702    2.529824 v _1610_/Y (sg13g2_nand4_1)
                                                         _1376_ (net)
                      0.117086    0.000000    2.529824 v _1611_/C (sg13g2_nor3_1)
     1    0.002853    0.095461    0.100108    2.629932 ^ _1611_/Y (sg13g2_nor3_1)
                                                         _1377_ (net)
                      0.095461    0.000000    2.629932 ^ _1612_/A (sg13g2_buf_2)
    19    0.063416    0.147554    0.188852    2.818784 ^ _1612_/X (sg13g2_buf_2)
                                                         _1378_ (net)
                      0.147554    0.000000    2.818784 ^ _1613_/A (sg13g2_buf_2)
    27    0.109823    0.248292    0.272582    3.091366 ^ _1613_/X (sg13g2_buf_2)
                                                         _1379_ (net)
                      0.248292    0.000000    3.091366 ^ _1618_/A (sg13g2_nand2_1)
     1    0.003444    0.070924    0.084090    3.175456 v _1618_/Y (sg13g2_nand2_1)
                                                         _1382_ (net)
                      0.070924    0.000000    3.175456 v _1619_/B1 (sg13g2_o21ai_1)
     1    0.001629    0.081665    0.042323    3.217779 ^ _1619_/Y (sg13g2_o21ai_1)
                                                         _0054_ (net)
                      0.081665    0.000000    3.217779 ^ _3013_/D (sg13g2_dfrbpq_1)
                                              3.217779   data arrival time

                      0.000000   10.000000   10.000000   clock core (rise edge)
                                  0.000000   10.000000   clock network delay (ideal)
                                  0.000000   10.000000   clock reconvergence pessimism
                                             10.000000 ^ _3013_/CLK (sg13g2_dfrbpq_1)
                                 -0.127758    9.872243   library setup time
                                              9.872243   data required time
---------------------------------------------------------------------------------------------
                                              9.872243   data required time
                                             -3.217779   data arrival time
---------------------------------------------------------------------------------------------
                                              6.654464   slack (MET)


Startpoint: _3018_ (rising edge-triggered flip-flop clocked by core)
Endpoint: _2950_ (recovery check against rising-edge clock core)
Path Group: asynchronous
Path Type: max

Fanout         Cap        Slew       Delay        Time   Description
---------------------------------------------------------------------------------------------
                      0.000000    0.000000    0.000000   clock core (rise edge)
                                  0.000000    0.000000   clock network delay (ideal)
                      0.000000    0.000000    0.000000 ^ _3018_/CLK (sg13g2_dfrbpq_1)
   155    0.847575    3.668841    2.640989    2.640989 ^ _3018_/Q (sg13g2_dfrbpq_1)
                                                         core_rst_sync_ni (net)
                      3.668841    0.000000    2.640989 ^ _2950_/RESET_B (sg13g2_dfrbpq_1)
                                              2.640989   data arrival time

                      0.000000   10.000000   10.000000   clock core (rise edge)
                                  0.000000   10.000000   clock network delay (ideal)
                                  0.000000   10.000000   clock reconvergence pessimism
                                             10.000000 ^ _2950_/CLK (sg13g2_dfrbpq_1)
                                 -0.612744    9.387257   library recovery time
                                              9.387257   data required time
---------------------------------------------------------------------------------------------
                                              9.387257   data required time
                                             -2.640989   data arrival time
---------------------------------------------------------------------------------------------
                                              6.746268   slack (MET)


Startpoint: _3018_ (rising edge-triggered flip-flop clocked by core)
Endpoint: _2951_ (recovery check against rising-edge clock core)
Path Group: asynchronous
Path Type: max

Fanout         Cap        Slew       Delay        Time   Description
---------------------------------------------------------------------------------------------
                      0.000000    0.000000    0.000000   clock core (rise edge)
                                  0.000000    0.000000   clock network delay (ideal)
                      0.000000    0.000000    0.000000 ^ _3018_/CLK (sg13g2_dfrbpq_1)
   155    0.847575    3.668841    2.640989    2.640989 ^ _3018_/Q (sg13g2_dfrbpq_1)
                                                         core_rst_sync_ni (net)
                      3.668841    0.000000    2.640989 ^ _2951_/RESET_B (sg13g2_dfrbpq_1)
                                              2.640989   data arrival time

                      0.000000   10.000000   10.000000   clock core (rise edge)
                                  0.000000   10.000000   clock network delay (ideal)
                                  0.000000   10.000000   clock reconvergence pessimism
                                             10.000000 ^ _2951_/CLK (sg13g2_dfrbpq_1)
                                 -0.612744    9.387257   library recovery time
                                              9.387257   data required time
---------------------------------------------------------------------------------------------
                                              9.387257   data required time
                                             -2.640989   data arrival time
---------------------------------------------------------------------------------------------
                                              6.746268   slack (MET)


Startpoint: _3018_ (rising edge-triggered flip-flop clocked by core)
Endpoint: _2952_ (recovery check against rising-edge clock core)
Path Group: asynchronous
Path Type: max

Fanout         Cap        Slew       Delay        Time   Description
---------------------------------------------------------------------------------------------
                      0.000000    0.000000    0.000000   clock core (rise edge)
                                  0.000000    0.000000   clock network delay (ideal)
                      0.000000    0.000000    0.000000 ^ _3018_/CLK (sg13g2_dfrbpq_1)
   155    0.847575    3.668841    2.640989    2.640989 ^ _3018_/Q (sg13g2_dfrbpq_1)
                                                         core_rst_sync_ni (net)
                      3.668841    0.000000    2.640989 ^ _2952_/RESET_B (sg13g2_dfrbpq_1)
                                              2.640989   data arrival time

                      0.000000   10.000000   10.000000   clock core (rise edge)
                                  0.000000   10.000000   clock network delay (ideal)
                                  0.000000   10.000000   clock reconvergence pessimism
                                             10.000000 ^ _2952_/CLK (sg13g2_dfrbpq_1)
                                 -0.612744    9.387257   library recovery time
                                              9.387257   data required time
---------------------------------------------------------------------------------------------
                                              9.387257   data required time
                                             -2.640989   data arrival time
---------------------------------------------------------------------------------------------
                                              6.746268   slack (MET)


Startpoint: _3018_ (rising edge-triggered flip-flop clocked by core)
Endpoint: _2953_ (recovery check against rising-edge clock core)
Path Group: asynchronous
Path Type: max

Fanout         Cap        Slew       Delay        Time   Description
---------------------------------------------------------------------------------------------
                      0.000000    0.000000    0.000000   clock core (rise edge)
                                  0.000000    0.000000   clock network delay (ideal)
                      0.000000    0.000000    0.000000 ^ _3018_/CLK (sg13g2_dfrbpq_1)
   155    0.847575    3.668841    2.640989    2.640989 ^ _3018_/Q (sg13g2_dfrbpq_1)
                                                         core_rst_sync_ni (net)
                      3.668841    0.000000    2.640989 ^ _2953_/RESET_B (sg13g2_dfrbpq_1)
                                              2.640989   data arrival time

                      0.000000   10.000000   10.000000   clock core (rise edge)
                                  0.000000   10.000000   clock network delay (ideal)
                                  0.000000   10.000000   clock reconvergence pessimism
                                             10.000000 ^ _2953_/CLK (sg13g2_dfrbpq_1)
                                 -0.612744    9.387257   library recovery time
                                              9.387257   data required time
---------------------------------------------------------------------------------------------
                                              9.387257   data required time
                                             -2.640989   data arrival time
---------------------------------------------------------------------------------------------
                                              6.746268   slack (MET)


Startpoint: _3018_ (rising edge-triggered flip-flop clocked by core)
Endpoint: _2954_ (recovery check against rising-edge clock core)
Path Group: asynchronous
Path Type: max

Fanout         Cap        Slew       Delay        Time   Description
---------------------------------------------------------------------------------------------
                      0.000000    0.000000    0.000000   clock core (rise edge)
                                  0.000000    0.000000   clock network delay (ideal)
                      0.000000    0.000000    0.000000 ^ _3018_/CLK (sg13g2_dfrbpq_1)
   155    0.847575    3.668841    2.640989    2.640989 ^ _3018_/Q (sg13g2_dfrbpq_1)
                                                         core_rst_sync_ni (net)
                      3.668841    0.000000    2.640989 ^ _2954_/RESET_B (sg13g2_dfrbpq_1)
                                              2.640989   data arrival time

                      0.000000   10.000000   10.000000   clock core (rise edge)
                                  0.000000   10.000000   clock network delay (ideal)
                                  0.000000   10.000000   clock reconvergence pessimism
                                             10.000000 ^ _2954_/CLK (sg13g2_dfrbpq_1)
                                 -0.612744    9.387257   library recovery time
                                              9.387257   data required time
---------------------------------------------------------------------------------------------
                                              9.387257   data required time
                                             -2.640989   data arrival time
---------------------------------------------------------------------------------------------
                                              6.746268   slack (MET)


Startpoint: _3018_ (rising edge-triggered flip-flop clocked by core)
Endpoint: _2955_ (recovery check against rising-edge clock core)
Path Group: asynchronous
Path Type: max

Fanout         Cap        Slew       Delay        Time   Description
---------------------------------------------------------------------------------------------
                      0.000000    0.000000    0.000000   clock core (rise edge)
                                  0.000000    0.000000   clock network delay (ideal)
                      0.000000    0.000000    0.000000 ^ _3018_/CLK (sg13g2_dfrbpq_1)
   155    0.847575    3.668841    2.640989    2.640989 ^ _3018_/Q (sg13g2_dfrbpq_1)
                                                         core_rst_sync_ni (net)
                      3.668841    0.000000    2.640989 ^ _2955_/RESET_B (sg13g2_dfrbpq_1)
                                              2.640989   data arrival time

                      0.000000   10.000000   10.000000   clock core (rise edge)
                                  0.000000   10.000000   clock network delay (ideal)
                                  0.000000   10.000000   clock reconvergence pessimism
                                             10.000000 ^ _2955_/CLK (sg13g2_dfrbpq_1)
                                 -0.612744    9.387257   library recovery time
                                              9.387257   data required time
---------------------------------------------------------------------------------------------
                                              9.387257   data required time
                                             -2.640989   data arrival time
---------------------------------------------------------------------------------------------
                                              6.746268   slack (MET)


Startpoint: _3018_ (rising edge-triggered flip-flop clocked by core)
Endpoint: _2956_ (recovery check against rising-edge clock core)
Path Group: asynchronous
Path Type: max

Fanout         Cap        Slew       Delay        Time   Description
---------------------------------------------------------------------------------------------
                      0.000000    0.000000    0.000000   clock core (rise edge)
                                  0.000000    0.000000   clock network delay (ideal)
                      0.000000    0.000000    0.000000 ^ _3018_/CLK (sg13g2_dfrbpq_1)
   155    0.847575    3.668841    2.640989    2.640989 ^ _3018_/Q (sg13g2_dfrbpq_1)
                                                         core_rst_sync_ni (net)
                      3.668841    0.000000    2.640989 ^ _2956_/RESET_B (sg13g2_dfrbpq_1)
                                              2.640989   data arrival time

                      0.000000   10.000000   10.000000   clock core (rise edge)
                                  0.000000   10.000000   clock network delay (ideal)
                                  0.000000   10.000000   clock reconvergence pessimism
                                             10.000000 ^ _2956_/CLK (sg13g2_dfrbpq_1)
                                 -0.612744    9.387257   library recovery time
                                              9.387257   data required time
---------------------------------------------------------------------------------------------
                                              9.387257   data required time
                                             -2.640989   data arrival time
---------------------------------------------------------------------------------------------
                                              6.746268   slack (MET)


Startpoint: _3018_ (rising edge-triggered flip-flop clocked by core)
Endpoint: _2957_ (recovery check against rising-edge clock core)
Path Group: asynchronous
Path Type: max

Fanout         Cap        Slew       Delay        Time   Description
---------------------------------------------------------------------------------------------
                      0.000000    0.000000    0.000000   clock core (rise edge)
                                  0.000000    0.000000   clock network delay (ideal)
                      0.000000    0.000000    0.000000 ^ _3018_/CLK (sg13g2_dfrbpq_1)
   155    0.847575    3.668841    2.640989    2.640989 ^ _3018_/Q (sg13g2_dfrbpq_1)
                                                         core_rst_sync_ni (net)
                      3.668841    0.000000    2.640989 ^ _2957_/RESET_B (sg13g2_dfrbpq_1)
                                              2.640989   data arrival time

                      0.000000   10.000000   10.000000   clock core (rise edge)
                                  0.000000   10.000000   clock network delay (ideal)
                                  0.000000   10.000000   clock reconvergence pessimism
                                             10.000000 ^ _2957_/CLK (sg13g2_dfrbpq_1)
                                 -0.612744    9.387257   library recovery time
                                              9.387257   data required time
---------------------------------------------------------------------------------------------
                                              9.387257   data required time
                                             -2.640989   data arrival time
---------------------------------------------------------------------------------------------
                                              6.746268   slack (MET)


Startpoint: _3018_ (rising edge-triggered flip-flop clocked by core)
Endpoint: _2958_ (recovery check against rising-edge clock core)
Path Group: asynchronous
Path Type: max

Fanout         Cap        Slew       Delay        Time   Description
---------------------------------------------------------------------------------------------
                      0.000000    0.000000    0.000000   clock core (rise edge)
                                  0.000000    0.000000   clock network delay (ideal)
                      0.000000    0.000000    0.000000 ^ _3018_/CLK (sg13g2_dfrbpq_1)
   155    0.847575    3.668841    2.640989    2.640989 ^ _3018_/Q (sg13g2_dfrbpq_1)
                                                         core_rst_sync_ni (net)
                      3.668841    0.000000    2.640989 ^ _2958_/RESET_B (sg13g2_dfrbpq_1)
                                              2.640989   data arrival time

                      0.000000   10.000000   10.000000   clock core (rise edge)
                                  0.000000   10.000000   clock network delay (ideal)
                                  0.000000   10.000000   clock reconvergence pessimism
                                             10.000000 ^ _2958_/CLK (sg13g2_dfrbpq_1)
                                 -0.612744    9.387257   library recovery time
                                              9.387257   data required time
---------------------------------------------------------------------------------------------
                                              9.387257   data required time
                                             -2.640989   data arrival time
---------------------------------------------------------------------------------------------
                                              6.746268   slack (MET)


Startpoint: _3018_ (rising edge-triggered flip-flop clocked by core)
Endpoint: _2959_ (recovery check against rising-edge clock core)
Path Group: asynchronous
Path Type: max

Fanout         Cap        Slew       Delay        Time   Description
---------------------------------------------------------------------------------------------
                      0.000000    0.000000    0.000000   clock core (rise edge)
                                  0.000000    0.000000   clock network delay (ideal)
                      0.000000    0.000000    0.000000 ^ _3018_/CLK (sg13g2_dfrbpq_1)
   155    0.847575    3.668841    2.640989    2.640989 ^ _3018_/Q (sg13g2_dfrbpq_1)
                                                         core_rst_sync_ni (net)
                      3.668841    0.000000    2.640989 ^ _2959_/RESET_B (sg13g2_dfrbpq_1)
                                              2.640989   data arrival time

                      0.000000   10.000000   10.000000   clock core (rise edge)
                                  0.000000   10.000000   clock network delay (ideal)
                                  0.000000   10.000000   clock reconvergence pessimism
                                             10.000000 ^ _2959_/CLK (sg13g2_dfrbpq_1)
                                 -0.612744    9.387257   library recovery time
                                              9.387257   data required time
---------------------------------------------------------------------------------------------
                                              9.387257   data required time
                                             -2.640989   data arrival time
---------------------------------------------------------------------------------------------
                                              6.746268   slack (MET)

=== FlexSoC normalized power fields ===
dynamic_power_definition=internal_power+switching_power
power_unit=OpenSTA report unit; see Units section
internal_power=0.0025
switching_power=1.17e-05
dynamic_power=0.0025117
leakage_power=2.27e-06
total_power=0.00251

=== Gate-level timing/power fusion ===
power_semantics=average_instance_power_from_the_same_VCD_SAIF_context
path_power_sum=unique_instance_average_power_sum_not_incremental_path_energy
fanout_capacitance_source=OpenSTA_report_checks_output_pin_fields

Worst path 1: status=met slack=5.89382 type=max group=core
startpoint=rx_i (input port clocked by core)
endpoint=tx_o (output port clocked by core)
path_power_complete=true
path_average_power_sum internal=1.57765e-09 switching=2.02401e-09 dynamic=3.60166e-09 leakage=7.80312e-10 total=4.38198e-09
stage instance cell pins fanout capacitance slew delay arrival internal switching dynamic leakage total
1 _2873_ sg13g2_nand2_1 A,Y 1 0.003691 0.038054 0.025925 2.02657 5.80475e-10 5.45672e-10 1.12615e-09 1.49744e-10 1.27589e-09
2 _2874_ sg13g2_o21ai_1 B1,Y 1 0.01 0.090605 0.07961 2.10618 9.97175e-10 1.47834e-09 2.47552e-09 6.30569e-10 3.10609e-09

Worst path 2: status=met slack=6.59698 type=max group=core
startpoint=tl_i[62] (input port clocked by core)
endpoint=_3016_ (rising edge-triggered flip-flop clocked by core)
path_power_complete=true
path_average_power_sum internal=8.65683e-06 switching=1.66696e-07 dynamic=8.82353e-06 leakage=1.43828e-08 total=8.83791e-06
stage instance cell pins fanout capacitance slew delay arrival internal switching dynamic leakage total
1 _1593_ sg13g2_inv_1 A,Y 3 0.009317 0.035677 0.036543 2.03755 1.22135e-09 5.40611e-09 6.62746e-09 2.08751e-10 6.83621e-09
2 _1594_ sg13g2_nand2_1 B,Y 2 0.007056 0.048255 0.050723 2.08827 3.47704e-09 6.88445e-09 1.03615e-08 1.50792e-09 1.18694e-08
3 _1595_ sg13g2_nor2_1 B,Y 1 0.002729 0.02393 0.033893 2.12217 3.56024e-09 3.12059e-09 6.68083e-09 4.17396e-10 7.09823e-09
4 _1596_ sg13g2_buf_2 A,X 24 0.078851 0.145125 0.173368 2.29554 1.56897e-08 8.75971e-08 1.03287e-07 1.09724e-09 1.04384e-07
5 _1607_ sg13g2_o21ai_1 A2,Y 1 0.003022 0.090938 0.113587 2.40912 5.88721e-09 5.79254e-09 1.16798e-08 1.37342e-09 1.30532e-08
6 _1610_ sg13g2_nand4_1 A,Y 2 0.006218 0.117086 0.120702 2.52982 8.17165e-09 1.01084e-08 1.82801e-08 1.08664e-10 1.83887e-08
7 _1611_ sg13g2_nor3_1 C,Y 1 0.002853 0.095461 0.100108 2.62993 1.29942e-09 7.59063e-10 2.05848e-09 3.95199e-10 2.45368e-09
8 _1612_ sg13g2_buf_2 A,X 19 0.063416 0.147554 0.188852 2.81878 3.7664e-09 1.6875e-08 2.06414e-08 1.69127e-09 2.23326e-08
9 _1613_ sg13g2_buf_2 A,X 27 0.109823 0.248292 0.272582 3.09137 3.77955e-09 2.92241e-08 3.30037e-08 1.69127e-09 3.46949e-08
10 _2949_ sg13g2_mux2_1 S,X 1 0.001743 0.033936 0.200153 3.29152 2.64064e-09 1.54648e-10 2.79529e-09 1.91325e-09 4.70853e-09
11 _3016_ sg13g2_dfrbpq_1 D - - 0.033936 0 3.29152 8.60734e-06 7.74111e-10 8.60811e-06 3.97847e-09 8.61209e-06

Worst path 3: status=met slack=6.6334 type=max group=core
startpoint=tl_i[62] (input port clocked by core)
endpoint=_3294_ (rising edge-triggered flip-flop clocked by core)
path_power_complete=true
path_average_power_sum internal=8.67331e-06 switching=2.65858e-07 dynamic=8.93917e-06 leakage=1.45771e-08 total=8.95375e-06
stage instance cell pins fanout capacitance slew delay arrival internal switching dynamic leakage total
1 _1593_ sg13g2_inv_1 A,Y 3 0.009317 0.035677 0.036543 2.03755 1.22135e-09 5.40611e-09 6.62746e-09 2.08751e-10 6.83621e-09
2 _1594_ sg13g2_nand2_1 B,Y 2 0.007056 0.048255 0.050723 2.08827 3.47704e-09 6.88445e-09 1.03615e-08 1.50792e-09 1.18694e-08
3 _1595_ sg13g2_nor2_1 B,Y 1 0.002729 0.02393 0.033893 2.12217 3.56024e-09 3.12059e-09 6.68083e-09 4.17396e-10 7.09823e-09
4 _1596_ sg13g2_buf_2 A,X 24 0.078851 0.145125 0.173368 2.29554 1.56897e-08 8.75971e-08 1.03287e-07 1.09724e-09 1.04384e-07
5 _1607_ sg13g2_o21ai_1 A2,Y 1 0.003022 0.090938 0.113587 2.40912 5.88721e-09 5.79254e-09 1.16798e-08 1.37342e-09 1.30532e-08
6 _1610_ sg13g2_nand4_1 A,Y 2 0.006218 0.117086 0.120702 2.52982 8.17165e-09 1.01084e-08 1.82801e-08 1.08664e-10 1.83887e-08
7 _1881_ sg13g2_nand2_1 A,Y 1 0.00334 0.044664 0.05285 2.58267 1.20568e-10 9.87618e-11 2.1933e-10 1.91512e-10 4.10842e-10
8 _1882_ sg13g2_inv_1 A,Y 4 0.011597 0.051071 0.057279 2.63995 7.37146e-11 4.4252e-10 5.16235e-10 7.60853e-10 1.27709e-09
9 _1883_ sg13g2_nor3_1 C,Y 1 0.002853 0.088972 0.081895 2.72185 9.93708e-09 4.13267e-09 1.40698e-08 1.27021e-09 1.534e-08
10 _1884_ sg13g2_buf_2 A,X 16 0.056118 0.131792 0.175301 2.89715 2.044e-08 8.13019e-08 1.01742e-07 1.689e-09 1.03431e-07
11 _1914_ sg13g2_inv_1 A,Y 10 0.030313 0.128312 0.153447 3.0506 3.62658e-09 5.20639e-08 5.56905e-08 2.08541e-10 5.5899e-08
12 _2148_ sg13g2_nor3_1 A,Y 1 0.003506 0.096381 0.125728 3.17632 8.31229e-09 4.24971e-09 1.2562e-08 1.27064e-09 1.38326e-08
13 _2149_ sg13g2_a22oi_1 B2,Y 1 0.001743 0.092619 0.059738 3.23606 5.43625e-09 1.90733e-09 7.34358e-09 4.87584e-10 7.83117e-09
14 _3294_ sg13g2_dfrbpq_1 D - - 0.092619 0 3.23606 8.58736e-06 2.75169e-09 8.59011e-06 3.98539e-09 8.5941e-06

Worst path 4: status=met slack=6.6373 type=max group=core
startpoint=tl_i[62] (input port clocked by core)
endpoint=_3296_ (rising edge-triggered flip-flop clocked by core)
path_power_complete=true
path_average_power_sum internal=8.67051e-06 switching=2.65858e-07 dynamic=8.93637e-06 leakage=1.4146e-08 total=8.95052e-06
stage instance cell pins fanout capacitance slew delay arrival internal switching dynamic leakage total
1 _1593_ sg13g2_inv_1 A,Y 3 0.009317 0.035677 0.036543 2.03755 1.22135e-09 5.40611e-09 6.62746e-09 2.08751e-10 6.83621e-09
2 _1594_ sg13g2_nand2_1 B,Y 2 0.007056 0.048255 0.050723 2.08827 3.47704e-09 6.88445e-09 1.03615e-08 1.50792e-09 1.18694e-08
3 _1595_ sg13g2_nor2_1 B,Y 1 0.002729 0.02393 0.033893 2.12217 3.56024e-09 3.12059e-09 6.68083e-09 4.17396e-10 7.09823e-09
4 _1596_ sg13g2_buf_2 A,X 24 0.078851 0.145125 0.173368 2.29554 1.56897e-08 8.75971e-08 1.03287e-07 1.09724e-09 1.04384e-07
5 _1607_ sg13g2_o21ai_1 A2,Y 1 0.003022 0.090938 0.113587 2.40912 5.88721e-09 5.79254e-09 1.16798e-08 1.37342e-09 1.30532e-08
6 _1610_ sg13g2_nand4_1 A,Y 2 0.006218 0.117086 0.120702 2.52982 8.17165e-09 1.01084e-08 1.82801e-08 1.08664e-10 1.83887e-08
7 _1881_ sg13g2_nand2_1 A,Y 1 0.00334 0.044664 0.05285 2.58267 1.20568e-10 9.87618e-11 2.1933e-10 1.91512e-10 4.10842e-10
8 _1882_ sg13g2_inv_1 A,Y 4 0.011597 0.051071 0.057279 2.63995 7.37146e-11 4.4252e-10 5.16235e-10 7.60853e-10 1.27709e-09
9 _1883_ sg13g2_nor3_1 C,Y 1 0.002853 0.088972 0.081895 2.72185 9.93708e-09 4.13267e-09 1.40698e-08 1.27021e-09 1.534e-08
10 _1884_ sg13g2_buf_2 A,X 16 0.056118 0.131792 0.175301 2.89715 2.044e-08 8.13019e-08 1.01742e-07 1.689e-09 1.03431e-07
11 _1914_ sg13g2_inv_1 A,Y 10 0.030313 0.128312 0.153447 3.0506 3.62658e-09 5.20639e-08 5.56905e-08 2.08541e-10 5.5899e-08
12 _2073_ sg13g2_a221oi_1 C1,Y 1 0.003506 0.1321 0.115861 3.16646 5.51682e-09 4.24971e-09 9.76654e-09 8.39562e-10 1.06061e-08
13 _2074_ sg13g2_a22oi_1 B2,Y 1 0.001743 0.092619 0.065702 3.23216 5.44385e-09 1.90733e-09 7.35118e-09 4.87593e-10 7.83877e-09
14 _3296_ sg13g2_dfrbpq_1 D - - 0.092619 0 3.23216 8.58735e-06 2.75169e-09 8.5901e-06 3.98539e-09 8.59409e-06

Worst path 5: status=met slack=6.638 type=max group=core
startpoint=tl_i[62] (input port clocked by core)
endpoint=_3297_ (rising edge-triggered flip-flop clocked by core)
path_power_complete=true
path_average_power_sum internal=8.65899e-06 switching=2.64963e-07 dynamic=8.92395e-06 leakage=1.41469e-08 total=8.9381e-06
stage instance cell pins fanout capacitance slew delay arrival internal switching dynamic leakage total
1 _1593_ sg13g2_inv_1 A,Y 3 0.009317 0.035677 0.036543 2.03755 1.22135e-09 5.40611e-09 6.62746e-09 2.08751e-10 6.83621e-09
2 _1594_ sg13g2_nand2_1 B,Y 2 0.007056 0.048255 0.050723 2.08827 3.47704e-09 6.88445e-09 1.03615e-08 1.50792e-09 1.18694e-08
3 _1595_ sg13g2_nor2_1 B,Y 1 0.002729 0.02393 0.033893 2.12217 3.56024e-09 3.12059e-09 6.68083e-09 4.17396e-10 7.09823e-09
4 _1596_ sg13g2_buf_2 A,X 24 0.078851 0.145125 0.173368 2.29554 1.56897e-08 8.75971e-08 1.03287e-07 1.09724e-09 1.04384e-07
5 _1607_ sg13g2_o21ai_1 A2,Y 1 0.003022 0.090938 0.113587 2.40912 5.88721e-09 5.79254e-09 1.16798e-08 1.37342e-09 1.30532e-08
6 _1610_ sg13g2_nand4_1 A,Y 2 0.006218 0.117086 0.120702 2.52982 8.17165e-09 1.01084e-08 1.82801e-08 1.08664e-10 1.83887e-08
7 _1881_ sg13g2_nand2_1 A,Y 1 0.00334 0.044664 0.05285 2.58267 1.20568e-10 9.87618e-11 2.1933e-10 1.91512e-10 4.10842e-10
8 _1882_ sg13g2_inv_1 A,Y 4 0.011597 0.051071 0.057279 2.63995 7.37146e-11 4.4252e-10 5.16235e-10 7.60853e-10 1.27709e-09
9 _1883_ sg13g2_nor3_1 C,Y 1 0.002853 0.088972 0.081895 2.72185 9.93708e-09 4.13267e-09 1.40698e-08 1.27021e-09 1.534e-08
10 _1884_ sg13g2_buf_2 A,X 16 0.056118 0.131792 0.175301 2.89715 2.044e-08 8.13019e-08 1.01742e-07 1.689e-09 1.03431e-07
11 _1914_ sg13g2_inv_1 A,Y 10 0.030313 0.128312 0.153447 3.0506 3.62658e-09 5.20639e-08 5.56905e-08 2.08541e-10 5.5899e-08
12 _2048_ sg13g2_a221oi_1 C1,Y 1 0.003506 0.127891 0.115861 3.16646 5.51804e-09 4.24971e-09 9.76775e-09 8.37634e-10 1.06054e-08
13 _2049_ sg13g2_a22oi_1 B2,Y 1 0.001743 0.092619 0.065002 3.23146 4.7667e-09 1.70113e-09 6.46784e-09 4.89585e-10 6.95742e-09
14 _3297_ sg13g2_dfrbpq_1 D - - 0.092619 0 3.23146 8.5765e-06 2.06377e-09 8.57857e-06 3.98622e-09 8.58255e-06

Worst path 6: status=met slack=6.64867 type=max group=core
startpoint=tl_i[62] (input port clocked by core)
endpoint=_3292_ (rising edge-triggered flip-flop clocked by core)
path_power_complete=true
path_average_power_sum internal=8.65589e-06 switching=2.64482e-07 dynamic=8.92037e-06 leakage=1.37075e-08 total=8.93408e-06
stage instance cell pins fanout capacitance slew delay arrival internal switching dynamic leakage total
1 _1593_ sg13g2_inv_1 A,Y 3 0.009317 0.035677 0.036543 2.03755 1.22135e-09 5.40611e-09 6.62746e-09 2.08751e-10 6.83621e-09
2 _1594_ sg13g2_nand2_1 B,Y 2 0.007056 0.048255 0.050723 2.08827 3.47704e-09 6.88445e-09 1.03615e-08 1.50792e-09 1.18694e-08
3 _1595_ sg13g2_nor2_1 B,Y 1 0.002729 0.02393 0.033893 2.12217 3.56024e-09 3.12059e-09 6.68083e-09 4.17396e-10 7.09823e-09
4 _1596_ sg13g2_buf_2 A,X 24 0.078851 0.145125 0.173368 2.29554 1.56897e-08 8.75971e-08 1.03287e-07 1.09724e-09 1.04384e-07
5 _1607_ sg13g2_o21ai_1 A2,Y 1 0.003022 0.090938 0.113587 2.40912 5.88721e-09 5.79254e-09 1.16798e-08 1.37342e-09 1.30532e-08
6 _1610_ sg13g2_nand4_1 A,Y 2 0.006218 0.117086 0.120702 2.52982 8.17165e-09 1.01084e-08 1.82801e-08 1.08664e-10 1.83887e-08
7 _1881_ sg13g2_nand2_1 A,Y 1 0.00334 0.044664 0.05285 2.58267 1.20568e-10 9.87618e-11 2.1933e-10 1.91512e-10 4.10842e-10
8 _1882_ sg13g2_inv_1 A,Y 4 0.011597 0.051071 0.057279 2.63995 7.37146e-11 4.4252e-10 5.16235e-10 7.60853e-10 1.27709e-09
9 _1883_ sg13g2_nor3_1 C,Y 1 0.002853 0.088972 0.081895 2.72185 9.93708e-09 4.13267e-09 1.40698e-08 1.27021e-09 1.534e-08
10 _1884_ sg13g2_buf_2 A,X 16 0.056118 0.131792 0.175301 2.89715 2.044e-08 8.13019e-08 1.01742e-07 1.689e-09 1.03431e-07
11 _1914_ sg13g2_inv_1 A,Y 10 0.030313 0.128312 0.153447 3.0506 3.62658e-09 5.20639e-08 5.56905e-08 2.08541e-10 5.5899e-08
12 _2210_ sg13g2_nor3_1 C,Y 1 0.003506 0.105095 0.108986 3.15958 4.90945e-09 4.24971e-09 9.15917e-09 3.98194e-10 9.55736e-09
13 _2211_ sg13g2_a22oi_1 B2,Y 1 0.001743 0.092619 0.061211 3.22079 5.26316e-09 1.90733e-09 7.17049e-09 4.89577e-10 7.66006e-09
14 _3292_ sg13g2_dfrbpq_1 D - - 0.092619 0 3.22079 8.57351e-06 1.37585e-09 8.57489e-06 3.98622e-09 8.57887e-06

Worst path 7: status=met slack=6.64867 type=max group=core
startpoint=tl_i[62] (input port clocked by core)
endpoint=_3293_ (rising edge-triggered flip-flop clocked by core)
path_power_complete=true
path_average_power_sum internal=8.65929e-06 switching=2.65067e-07 dynamic=8.92435e-06 leakage=1.37075e-08 total=8.93806e-06
stage instance cell pins fanout capacitance slew delay arrival internal switching dynamic leakage total
1 _1593_ sg13g2_inv_1 A,Y 3 0.009317 0.035677 0.036543 2.03755 1.22135e-09 5.40611e-09 6.62746e-09 2.08751e-10 6.83621e-09
2 _1594_ sg13g2_nand2_1 B,Y 2 0.007056 0.048255 0.050723 2.08827 3.47704e-09 6.88445e-09 1.03615e-08 1.50792e-09 1.18694e-08
3 _1595_ sg13g2_nor2_1 B,Y 1 0.002729 0.02393 0.033893 2.12217 3.56024e-09 3.12059e-09 6.68083e-09 4.17396e-10 7.09823e-09
4 _1596_ sg13g2_buf_2 A,X 24 0.078851 0.145125 0.173368 2.29554 1.56897e-08 8.75971e-08 1.03287e-07 1.09724e-09 1.04384e-07
5 _1607_ sg13g2_o21ai_1 A2,Y 1 0.003022 0.090938 0.113587 2.40912 5.88721e-09 5.79254e-09 1.16798e-08 1.37342e-09 1.30532e-08
6 _1610_ sg13g2_nand4_1 A,Y 2 0.006218 0.117086 0.120702 2.52982 8.17165e-09 1.01084e-08 1.82801e-08 1.08664e-10 1.83887e-08
7 _1881_ sg13g2_nand2_1 A,Y 1 0.00334 0.044664 0.05285 2.58267 1.20568e-10 9.87618e-11 2.1933e-10 1.91512e-10 4.10842e-10
8 _1882_ sg13g2_inv_1 A,Y 4 0.011597 0.051071 0.057279 2.63995 7.37146e-11 4.4252e-10 5.16235e-10 7.60853e-10 1.27709e-09
9 _1883_ sg13g2_nor3_1 C,Y 1 0.002853 0.088972 0.081895 2.72185 9.93708e-09 4.13267e-09 1.40698e-08 1.27021e-09 1.534e-08
10 _1884_ sg13g2_buf_2 A,X 16 0.056118 0.131792 0.175301 2.89715 2.044e-08 8.13019e-08 1.01742e-07 1.689e-09 1.03431e-07
11 _1914_ sg13g2_inv_1 A,Y 10 0.030313 0.128312 0.153447 3.0506 3.62658e-09 5.20639e-08 5.56905e-08 2.08541e-10 5.5899e-08
12 _2181_ sg13g2_nor3_1 C,Y 1 0.003506 0.105095 0.108986 3.15958 4.91635e-09 4.24971e-09 9.16606e-09 3.98197e-10 9.56426e-09
13 _2182_ sg13g2_a22oi_1 B2,Y 1 0.001743 0.092619 0.061211 3.22079 5.0791e-09 1.80423e-09 6.88333e-09 4.89584e-10 7.37292e-09
14 _3293_ sg13g2_dfrbpq_1 D - - 0.092619 0 3.22079 8.57709e-06 2.06377e-09 8.57915e-06 3.98622e-09 8.58314e-06

Worst path 8: status=met slack=6.65446 type=max group=core
startpoint=tl_i[62] (input port clocked by core)
endpoint=_3008_ (rising edge-triggered flip-flop clocked by core)
path_power_complete=true
path_average_power_sum internal=6.75464e-06 switching=1.65928e-07 dynamic=6.92057e-06 leakage=1.3731e-08 total=6.9343e-06
stage instance cell pins fanout capacitance slew delay arrival internal switching dynamic leakage total
1 _1593_ sg13g2_inv_1 A,Y 3 0.009317 0.035677 0.036543 2.03755 1.22135e-09 5.40611e-09 6.62746e-09 2.08751e-10 6.83621e-09
2 _1594_ sg13g2_nand2_1 B,Y 2 0.007056 0.048255 0.050723 2.08827 3.47704e-09 6.88445e-09 1.03615e-08 1.50792e-09 1.18694e-08
3 _1595_ sg13g2_nor2_1 B,Y 1 0.002729 0.02393 0.033893 2.12217 3.56024e-09 3.12059e-09 6.68083e-09 4.17396e-10 7.09823e-09
4 _1596_ sg13g2_buf_2 A,X 24 0.078851 0.145125 0.173368 2.29554 1.56897e-08 8.75971e-08 1.03287e-07 1.09724e-09 1.04384e-07
5 _1607_ sg13g2_o21ai_1 A2,Y 1 0.003022 0.090938 0.113587 2.40912 5.88721e-09 5.79254e-09 1.16798e-08 1.37342e-09 1.30532e-08
6 _1610_ sg13g2_nand4_1 A,Y 2 0.006218 0.117086 0.120702 2.52982 8.17165e-09 1.01084e-08 1.82801e-08 1.08664e-10 1.83887e-08
7 _1611_ sg13g2_nor3_1 C,Y 1 0.002853 0.095461 0.100108 2.62993 1.29942e-09 7.59063e-10 2.05848e-09 3.95199e-10 2.45368e-09
8 _1612_ sg13g2_buf_2 A,X 19 0.063416 0.147554 0.188852 2.81878 3.7664e-09 1.6875e-08 2.06414e-08 1.69127e-09 2.23326e-08
9 _1613_ sg13g2_buf_2 A,X 27 0.109823 0.248292 0.272582 3.09137 3.77955e-09 2.92241e-08 3.30037e-08 1.69127e-09 3.46949e-08
10 _1628_ sg13g2_nand2_1 A,Y 1 0.003444 0.070924 0.08409 3.17546 0 1.09134e-10 1.09134e-10 7.96229e-11 1.88757e-10
11 _1629_ sg13g2_o21ai_1 B1,Y 1 0.001629 0.081665 0.042323 3.21778 1.24504e-10 5.15495e-11 1.76054e-10 1.6399e-09 1.81596e-09
12 _3008_ sg13g2_dfrbpq_1 D - - 0.081665 0 3.21778 6.70767e-06 0 6.70767e-06 3.52032e-09 6.71119e-06

Worst path 9: status=met slack=6.65446 type=max group=core
startpoint=tl_i[62] (input port clocked by core)
endpoint=_3011_ (rising edge-triggered flip-flop clocked by core)
path_power_complete=true
path_average_power_sum internal=6.75464e-06 switching=1.65928e-07 dynamic=6.92057e-06 leakage=1.3731e-08 total=6.9343e-06
stage instance cell pins fanout capacitance slew delay arrival internal switching dynamic leakage total
1 _1593_ sg13g2_inv_1 A,Y 3 0.009317 0.035677 0.036543 2.03755 1.22135e-09 5.40611e-09 6.62746e-09 2.08751e-10 6.83621e-09
2 _1594_ sg13g2_nand2_1 B,Y 2 0.007056 0.048255 0.050723 2.08827 3.47704e-09 6.88445e-09 1.03615e-08 1.50792e-09 1.18694e-08
3 _1595_ sg13g2_nor2_1 B,Y 1 0.002729 0.02393 0.033893 2.12217 3.56024e-09 3.12059e-09 6.68083e-09 4.17396e-10 7.09823e-09
4 _1596_ sg13g2_buf_2 A,X 24 0.078851 0.145125 0.173368 2.29554 1.56897e-08 8.75971e-08 1.03287e-07 1.09724e-09 1.04384e-07
5 _1607_ sg13g2_o21ai_1 A2,Y 1 0.003022 0.090938 0.113587 2.40912 5.88721e-09 5.79254e-09 1.16798e-08 1.37342e-09 1.30532e-08
6 _1610_ sg13g2_nand4_1 A,Y 2 0.006218 0.117086 0.120702 2.52982 8.17165e-09 1.01084e-08 1.82801e-08 1.08664e-10 1.83887e-08
7 _1611_ sg13g2_nor3_1 C,Y 1 0.002853 0.095461 0.100108 2.62993 1.29942e-09 7.59063e-10 2.05848e-09 3.95199e-10 2.45368e-09
8 _1612_ sg13g2_buf_2 A,X 19 0.063416 0.147554 0.188852 2.81878 3.7664e-09 1.6875e-08 2.06414e-08 1.69127e-09 2.23326e-08
9 _1613_ sg13g2_buf_2 A,X 27 0.109823 0.248292 0.272582 3.09137 3.77955e-09 2.92241e-08 3.30037e-08 1.69127e-09 3.46949e-08
10 _1622_ sg13g2_nand2_1 A,Y 1 0.003444 0.070924 0.08409 3.17546 0 1.09134e-10 1.09134e-10 7.96229e-11 1.88757e-10
11 _1623_ sg13g2_o21ai_1 B1,Y 1 0.001629 0.081665 0.042323 3.21778 1.24414e-10 5.15495e-11 1.75963e-10 1.6399e-09 1.81587e-09
12 _3011_ sg13g2_dfrbpq_1 D - - 0.081665 0 3.21778 6.70767e-06 0 6.70767e-06 3.52032e-09 6.71119e-06

Worst path 10: status=met slack=6.65446 type=max group=core
startpoint=tl_i[62] (input port clocked by core)
endpoint=_3013_ (rising edge-triggered flip-flop clocked by core)
path_power_complete=true
path_average_power_sum internal=6.75464e-06 switching=1.65928e-07 dynamic=6.92057e-06 leakage=1.3731e-08 total=6.9343e-06
stage instance cell pins fanout capacitance slew delay arrival internal switching dynamic leakage total
1 _1593_ sg13g2_inv_1 A,Y 3 0.009317 0.035677 0.036543 2.03755 1.22135e-09 5.40611e-09 6.62746e-09 2.08751e-10 6.83621e-09
2 _1594_ sg13g2_nand2_1 B,Y 2 0.007056 0.048255 0.050723 2.08827 3.47704e-09 6.88445e-09 1.03615e-08 1.50792e-09 1.18694e-08
3 _1595_ sg13g2_nor2_1 B,Y 1 0.002729 0.02393 0.033893 2.12217 3.56024e-09 3.12059e-09 6.68083e-09 4.17396e-10 7.09823e-09
4 _1596_ sg13g2_buf_2 A,X 24 0.078851 0.145125 0.173368 2.29554 1.56897e-08 8.75971e-08 1.03287e-07 1.09724e-09 1.04384e-07
5 _1607_ sg13g2_o21ai_1 A2,Y 1 0.003022 0.090938 0.113587 2.40912 5.88721e-09 5.79254e-09 1.16798e-08 1.37342e-09 1.30532e-08
6 _1610_ sg13g2_nand4_1 A,Y 2 0.006218 0.117086 0.120702 2.52982 8.17165e-09 1.01084e-08 1.82801e-08 1.08664e-10 1.83887e-08
7 _1611_ sg13g2_nor3_1 C,Y 1 0.002853 0.095461 0.100108 2.62993 1.29942e-09 7.59063e-10 2.05848e-09 3.95199e-10 2.45368e-09
8 _1612_ sg13g2_buf_2 A,X 19 0.063416 0.147554 0.188852 2.81878 3.7664e-09 1.6875e-08 2.06414e-08 1.69127e-09 2.23326e-08
9 _1613_ sg13g2_buf_2 A,X 27 0.109823 0.248292 0.272582 3.09137 3.77955e-09 2.92241e-08 3.30037e-08 1.69127e-09 3.46949e-08
10 _1618_ sg13g2_nand2_1 A,Y 1 0.003444 0.070924 0.08409 3.17546 0 1.09134e-10 1.09134e-10 7.96229e-11 1.88757e-10
11 _1619_ sg13g2_o21ai_1 B1,Y 1 0.001629 0.081665 0.042323 3.21778 1.24414e-10 5.15495e-11 1.75963e-10 1.6399e-09 1.81587e-09
12 _3013_ sg13g2_dfrbpq_1 D - - 0.081665 0 3.21778 6.70767e-06 0 6.70767e-06 3.52032e-09 6.71119e-06

Worst path 11: status=met slack=6.74627 type=max group=asynchronous
startpoint=_3018_ (rising edge-triggered flip-flop clocked by core)
endpoint=_2950_ (recovery check against rising-edge clock core)
path_power_complete=true
path_average_power_sum internal=1.72151e-05 switching=1.52424e-07 dynamic=1.73675e-05 leakage=7.96251e-09 total=1.73755e-05
stage instance cell pins fanout capacitance slew delay arrival internal switching dynamic leakage total
1 _3018_ sg13g2_dfrbpq_1 CLK,Q 155 0.847575 3.66884 2.64099 2.64099 8.6411e-06 1.50361e-07 8.79146e-06 3.97547e-09 8.79544e-06
2 _2950_ sg13g2_dfrbpq_1 RESET_B - - 3.66884 0 2.64099 8.57397e-06 2.06377e-09 8.57603e-06 3.98704e-09 8.58002e-06

Worst path 12: status=met slack=6.74627 type=max group=asynchronous
startpoint=_3018_ (rising edge-triggered flip-flop clocked by core)
endpoint=_2951_ (recovery check against rising-edge clock core)
path_power_complete=true
path_average_power_sum internal=1.71976e-05 switching=1.53099e-07 dynamic=1.73507e-05 leakage=7.96413e-09 total=1.73587e-05
stage instance cell pins fanout capacitance slew delay arrival internal switching dynamic leakage total
1 _3018_ sg13g2_dfrbpq_1 CLK,Q 155 0.847575 3.66884 2.64099 2.64099 8.6411e-06 1.50361e-07 8.79146e-06 3.97547e-09 8.79544e-06
2 _2951_ sg13g2_dfrbpq_1 RESET_B - - 3.66884 0 2.64099 8.55652e-06 2.73806e-09 8.55925e-06 3.98866e-09 8.56324e-06

Worst path 13: status=met slack=6.74627 type=max group=asynchronous
startpoint=_3018_ (rising edge-triggered flip-flop clocked by core)
endpoint=_2952_ (recovery check against rising-edge clock core)
path_power_complete=true
path_average_power_sum internal=1.71976e-05 switching=1.51049e-07 dynamic=1.73486e-05 leakage=7.96413e-09 total=1.73566e-05
stage instance cell pins fanout capacitance slew delay arrival internal switching dynamic leakage total
1 _3018_ sg13g2_dfrbpq_1 CLK,Q 155 0.847575 3.66884 2.64099 2.64099 8.6411e-06 1.50361e-07 8.79146e-06 3.97547e-09 8.79544e-06
2 _2952_ sg13g2_dfrbpq_1 RESET_B - - 3.66884 0 2.64099 8.55648e-06 6.87923e-10 8.55716e-06 3.98866e-09 8.56115e-06

Worst path 14: status=met slack=6.74627 type=max group=asynchronous
startpoint=_3018_ (rising edge-triggered flip-flop clocked by core)
endpoint=_2953_ (recovery check against rising-edge clock core)
path_power_complete=true
path_average_power_sum internal=1.71976e-05 switching=1.51049e-07 dynamic=1.73486e-05 leakage=7.96413e-09 total=1.73566e-05
stage instance cell pins fanout capacitance slew delay arrival internal switching dynamic leakage total
1 _3018_ sg13g2_dfrbpq_1 CLK,Q 155 0.847575 3.66884 2.64099 2.64099 8.6411e-06 1.50361e-07 8.79146e-06 3.97547e-09 8.79544e-06
2 _2953_ sg13g2_dfrbpq_1 RESET_B - - 3.66884 0 2.64099 8.55648e-06 6.87923e-10 8.55716e-06 3.98866e-09 8.56115e-06

Worst path 15: status=met slack=6.74627 type=max group=asynchronous
startpoint=_3018_ (rising edge-triggered flip-flop clocked by core)
endpoint=_2954_ (recovery check against rising-edge clock core)
path_power_complete=true
path_average_power_sum internal=1.72072e-05 switching=1.51737e-07 dynamic=1.73589e-05 leakage=7.96332e-09 total=1.73669e-05
stage instance cell pins fanout capacitance slew delay arrival internal switching dynamic leakage total
1 _3018_ sg13g2_dfrbpq_1 CLK,Q 155 0.847575 3.66884 2.64099 2.64099 8.6411e-06 1.50361e-07 8.79146e-06 3.97547e-09 8.79544e-06
2 _2954_ sg13g2_dfrbpq_1 RESET_B - - 3.66884 0 2.64099 8.56607e-06 1.37585e-09 8.56745e-06 3.98786e-09 8.57143e-06

Worst path 16: status=met slack=6.74627 type=max group=asynchronous
startpoint=_3018_ (rising edge-triggered flip-flop clocked by core)
endpoint=_2955_ (recovery check against rising-edge clock core)
path_power_complete=true
path_average_power_sum internal=1.71963e-05 switching=1.51049e-07 dynamic=1.73474e-05 leakage=7.96413e-09 total=1.73554e-05
stage instance cell pins fanout capacitance slew delay arrival internal switching dynamic leakage total
1 _3018_ sg13g2_dfrbpq_1 CLK,Q 155 0.847575 3.66884 2.64099 2.64099 8.6411e-06 1.50361e-07 8.79146e-06 3.97547e-09 8.79544e-06
2 _2955_ sg13g2_dfrbpq_1 RESET_B - - 3.66884 0 2.64099 8.55524e-06 6.87923e-10 8.55593e-06 3.98866e-09 8.55992e-06

Worst path 17: status=met slack=6.74627 type=max group=asynchronous
startpoint=_3018_ (rising edge-triggered flip-flop clocked by core)
endpoint=_2956_ (recovery check against rising-edge clock core)
path_power_complete=true
path_average_power_sum internal=1.71964e-05 switching=1.51049e-07 dynamic=1.73475e-05 leakage=7.96413e-09 total=1.73554e-05
stage instance cell pins fanout capacitance slew delay arrival internal switching dynamic leakage total
1 _3018_ sg13g2_dfrbpq_1 CLK,Q 155 0.847575 3.66884 2.64099 2.64099 8.6411e-06 1.50361e-07 8.79146e-06 3.97547e-09 8.79544e-06
2 _2956_ sg13g2_dfrbpq_1 RESET_B - - 3.66884 0 2.64099 8.55531e-06 6.87923e-10 8.556e-06 3.98866e-09 8.55998e-06

Worst path 18: status=met slack=6.74627 type=max group=asynchronous
startpoint=_3018_ (rising edge-triggered flip-flop clocked by core)
endpoint=_2957_ (recovery check against rising-edge clock core)
path_power_complete=true
path_average_power_sum internal=1.71976e-05 switching=1.51049e-07 dynamic=1.73486e-05 leakage=7.96413e-09 total=1.73566e-05
stage instance cell pins fanout capacitance slew delay arrival internal switching dynamic leakage total
1 _3018_ sg13g2_dfrbpq_1 CLK,Q 155 0.847575 3.66884 2.64099 2.64099 8.6411e-06 1.50361e-07 8.79146e-06 3.97547e-09 8.79544e-06
2 _2957_ sg13g2_dfrbpq_1 RESET_B - - 3.66884 0 2.64099 8.55648e-06 6.87923e-10 8.55716e-06 3.98866e-09 8.56115e-06

Worst path 19: status=met slack=6.74627 type=max group=asynchronous
startpoint=_3018_ (rising edge-triggered flip-flop clocked by core)
endpoint=_2958_ (recovery check against rising-edge clock core)
path_power_complete=true
path_average_power_sum internal=1.71976e-05 switching=1.51049e-07 dynamic=1.73486e-05 leakage=7.96413e-09 total=1.73566e-05
stage instance cell pins fanout capacitance slew delay arrival internal switching dynamic leakage total
1 _3018_ sg13g2_dfrbpq_1 CLK,Q 155 0.847575 3.66884 2.64099 2.64099 8.6411e-06 1.50361e-07 8.79146e-06 3.97547e-09 8.79544e-06
2 _2958_ sg13g2_dfrbpq_1 RESET_B - - 3.66884 0 2.64099 8.55648e-06 6.87923e-10 8.55716e-06 3.98866e-09 8.56115e-06

Worst path 20: status=met slack=6.74627 type=max group=asynchronous
startpoint=_3018_ (rising edge-triggered flip-flop clocked by core)
endpoint=_2959_ (recovery check against rising-edge clock core)
path_power_complete=true
path_average_power_sum internal=1.71976e-05 switching=1.51049e-07 dynamic=1.73486e-05 leakage=7.96413e-09 total=1.73566e-05
stage instance cell pins fanout capacitance slew delay arrival internal switching dynamic leakage total
1 _3018_ sg13g2_dfrbpq_1 CLK,Q 155 0.847575 3.66884 2.64099 2.64099 8.6411e-06 1.50361e-07 8.79146e-06 3.97547e-09 8.79544e-06
2 _2959_ sg13g2_dfrbpq_1 RESET_B - - 3.66884 0 2.64099 8.55647e-06 6.87923e-10 8.55715e-06 3.98866e-09 8.56114e-06

=== Highest-power instances and worst path through each ===

Hotspot 1: instance=_3037_ selected_worst_paths=none internal=1.15497e-05 switching=1.42824e-06 dynamic=1.29779e-05 leakage=3.97691e-09 total=1.29819e-05
Worst path through hotspot: status=met slack=6.74627 type=max group=asynchronous
startpoint=_3018_ (rising edge-triggered flip-flop clocked by core)
endpoint=_3037_ (recovery check against rising-edge clock core)
path_power_complete=true
path_average_power_sum internal=2.01908e-05 switching=1.5786e-06 dynamic=2.17694e-05 leakage=7.95238e-09 total=2.17774e-05
stage instance cell pins fanout capacitance slew delay arrival internal switching dynamic leakage total
1 _3018_ sg13g2_dfrbpq_1 CLK,Q 155 0.847575 3.66884 2.64099 2.64099 8.6411e-06 1.50361e-07 8.79146e-06 3.97547e-09 8.79544e-06
2 _3037_ sg13g2_dfrbpq_1 RESET_B - - 3.66884 0 2.64099 1.15497e-05 1.42824e-06 1.29779e-05 3.97691e-09 1.29819e-05
OpenSTA targeted timing report:
Startpoint: _3018_ (rising edge-triggered flip-flop clocked by core)
Endpoint: _3037_ (recovery check against rising-edge clock core)
Path Group: asynchronous
Path Type: max

Fanout         Cap        Slew       Delay        Time   Description
---------------------------------------------------------------------------------------------
                      0.000000    0.000000    0.000000   clock core (rise edge)
                                  0.000000    0.000000   clock network delay (ideal)
                      0.000000    0.000000    0.000000 ^ _3018_/CLK (sg13g2_dfrbpq_1)
   155    0.847575    3.668841    2.640989    2.640989 ^ _3018_/Q (sg13g2_dfrbpq_1)
                                                         core_rst_sync_ni (net)
                      3.668841    0.000000    2.640989 ^ _3037_/RESET_B (sg13g2_dfrbpq_1)
                                              2.640989   data arrival time

                      0.000000   10.000000   10.000000   clock core (rise edge)
                                  0.000000   10.000000   clock network delay (ideal)
                                  0.000000   10.000000   clock reconvergence pessimism
                                             10.000000 ^ _3037_/CLK (sg13g2_dfrbpq_1)
                                 -0.612744    9.387257   library recovery time
                                              9.387257   data required time
---------------------------------------------------------------------------------------------
                                              9.387257   data required time
                                             -2.640989   data arrival time
---------------------------------------------------------------------------------------------
                                              6.746268   slack (MET)

Hotspot 2: instance=_3036_ selected_worst_paths=none internal=1.15346e-05 switching=6.37416e-07 dynamic=1.2172e-05 leakage=3.97816e-09 total=1.2176e-05
Worst path through hotspot: status=met slack=6.74627 type=max group=asynchronous
startpoint=_3018_ (rising edge-triggered flip-flop clocked by core)
endpoint=_3036_ (recovery check against rising-edge clock core)
path_power_complete=true
path_average_power_sum internal=2.01757e-05 switching=7.87777e-07 dynamic=2.09635e-05 leakage=7.95362e-09 total=2.09714e-05
stage instance cell pins fanout capacitance slew delay arrival internal switching dynamic leakage total
1 _3018_ sg13g2_dfrbpq_1 CLK,Q 155 0.847575 3.66884 2.64099 2.64099 8.6411e-06 1.50361e-07 8.79146e-06 3.97547e-09 8.79544e-06
2 _3036_ sg13g2_dfrbpq_1 RESET_B - - 3.66884 0 2.64099 1.15346e-05 6.37416e-07 1.2172e-05 3.97816e-09 1.2176e-05
OpenSTA targeted timing report:
Startpoint: _3018_ (rising edge-triggered flip-flop clocked by core)
Endpoint: _3036_ (recovery check against rising-edge clock core)
Path Group: asynchronous
Path Type: max

Fanout         Cap        Slew       Delay        Time   Description
---------------------------------------------------------------------------------------------
                      0.000000    0.000000    0.000000   clock core (rise edge)
                                  0.000000    0.000000   clock network delay (ideal)
                      0.000000    0.000000    0.000000 ^ _3018_/CLK (sg13g2_dfrbpq_1)
   155    0.847575    3.668841    2.640989    2.640989 ^ _3018_/Q (sg13g2_dfrbpq_1)
                                                         core_rst_sync_ni (net)
                      3.668841    0.000000    2.640989 ^ _3036_/RESET_B (sg13g2_dfrbpq_1)
                                              2.640989   data arrival time

                      0.000000   10.000000   10.000000   clock core (rise edge)
                                  0.000000   10.000000   clock network delay (ideal)
                                  0.000000   10.000000   clock reconvergence pessimism
                                             10.000000 ^ _3036_/CLK (sg13g2_dfrbpq_1)
                                 -0.612744    9.387257   library recovery time
                                              9.387257   data required time
---------------------------------------------------------------------------------------------
                                              9.387257   data required time
                                             -2.640989   data arrival time
---------------------------------------------------------------------------------------------
                                              6.746268   slack (MET)

Hotspot 3: instance=_3258_ selected_worst_paths=none internal=9.47996e-06 switching=4.54045e-07 dynamic=9.934e-06 leakage=3.97768e-09 total=9.93798e-06
Worst path through hotspot: status=met slack=6.74627 type=max group=asynchronous
startpoint=_3018_ (rising edge-triggered flip-flop clocked by core)
endpoint=_3258_ (recovery check against rising-edge clock core)
path_power_complete=true
path_average_power_sum internal=1.81211e-05 switching=6.04406e-07 dynamic=1.87255e-05 leakage=7.95315e-09 total=1.87334e-05
stage instance cell pins fanout capacitance slew delay arrival internal switching dynamic leakage total
1 _3018_ sg13g2_dfrbpq_1 CLK,Q 155 0.847575 3.66884 2.64099 2.64099 8.6411e-06 1.50361e-07 8.79146e-06 3.97547e-09 8.79544e-06
2 _3258_ sg13g2_dfrbpq_1 RESET_B - - 3.66884 0 2.64099 9.47996e-06 4.54045e-07 9.934e-06 3.97768e-09 9.93798e-06
OpenSTA targeted timing report:
Startpoint: _3018_ (rising edge-triggered flip-flop clocked by core)
Endpoint: _3258_ (recovery check against rising-edge clock core)
Path Group: asynchronous
Path Type: max

Fanout         Cap        Slew       Delay        Time   Description
---------------------------------------------------------------------------------------------
                      0.000000    0.000000    0.000000   clock core (rise edge)
                                  0.000000    0.000000   clock network delay (ideal)
                      0.000000    0.000000    0.000000 ^ _3018_/CLK (sg13g2_dfrbpq_1)
   155    0.847575    3.668841    2.640989    2.640989 ^ _3018_/Q (sg13g2_dfrbpq_1)
                                                         core_rst_sync_ni (net)
                      3.668841    0.000000    2.640989 ^ _3258_/RESET_B (sg13g2_dfrbpq_1)
                                              2.640989   data arrival time

                      0.000000   10.000000   10.000000   clock core (rise edge)
                                  0.000000   10.000000   clock network delay (ideal)
                                  0.000000   10.000000   clock reconvergence pessimism
                                             10.000000 ^ _3258_/CLK (sg13g2_dfrbpq_1)
                                 -0.612744    9.387257   library recovery time
                                              9.387257   data required time
---------------------------------------------------------------------------------------------
                                              9.387257   data required time
                                             -2.640989   data arrival time
---------------------------------------------------------------------------------------------
                                              6.746268   slack (MET)

Hotspot 4: instance=_2981_ selected_worst_paths=none internal=9.47964e-06 switching=2.74666e-07 dynamic=9.75431e-06 leakage=3.97831e-09 total=9.75829e-06
Worst path through hotspot: status=met slack=6.74627 type=max group=asynchronous
startpoint=_3018_ (rising edge-triggered flip-flop clocked by core)
endpoint=_2981_ (recovery check against rising-edge clock core)
path_power_complete=true
path_average_power_sum internal=1.81207e-05 switching=4.25026e-07 dynamic=1.85458e-05 leakage=7.95378e-09 total=1.85537e-05
stage instance cell pins fanout capacitance slew delay arrival internal switching dynamic leakage total
1 _3018_ sg13g2_dfrbpq_1 CLK,Q 155 0.847575 3.66884 2.64099 2.64099 8.6411e-06 1.50361e-07 8.79146e-06 3.97547e-09 8.79544e-06
2 _2981_ sg13g2_dfrbpq_1 RESET_B - - 3.66884 0 2.64099 9.47964e-06 2.74666e-07 9.75431e-06 3.97831e-09 9.75829e-06
OpenSTA targeted timing report:
Startpoint: _3018_ (rising edge-triggered flip-flop clocked by core)
Endpoint: _2981_ (recovery check against rising-edge clock core)
Path Group: asynchronous
Path Type: max

Fanout         Cap        Slew       Delay        Time   Description
---------------------------------------------------------------------------------------------
                      0.000000    0.000000    0.000000   clock core (rise edge)
                                  0.000000    0.000000   clock network delay (ideal)
                      0.000000    0.000000    0.000000 ^ _3018_/CLK (sg13g2_dfrbpq_1)
   155    0.847575    3.668841    2.640989    2.640989 ^ _3018_/Q (sg13g2_dfrbpq_1)
                                                         core_rst_sync_ni (net)
                      3.668841    0.000000    2.640989 ^ _2981_/RESET_B (sg13g2_dfrbpq_1)
                                              2.640989   data arrival time

                      0.000000   10.000000   10.000000   clock core (rise edge)
                                  0.000000   10.000000   clock network delay (ideal)
                                  0.000000   10.000000   clock reconvergence pessimism
                                             10.000000 ^ _2981_/CLK (sg13g2_dfrbpq_1)
                                 -0.612744    9.387257   library recovery time
                                              9.387257   data required time
---------------------------------------------------------------------------------------------
                                              9.387257   data required time
                                             -2.640989   data arrival time
---------------------------------------------------------------------------------------------
                                              6.746268   slack (MET)

Hotspot 5: instance=_3259_ selected_worst_paths=none internal=8.68323e-06 switching=2.05452e-07 dynamic=8.88868e-06 leakage=3.97768e-09 total=8.89266e-06
Worst path through hotspot: status=met slack=6.74627 type=max group=asynchronous
startpoint=_3018_ (rising edge-triggered flip-flop clocked by core)
endpoint=_3259_ (recovery check against rising-edge clock core)
path_power_complete=true
path_average_power_sum internal=1.73243e-05 switching=3.55812e-07 dynamic=1.76801e-05 leakage=7.95315e-09 total=1.76881e-05
stage instance cell pins fanout capacitance slew delay arrival internal switching dynamic leakage total
1 _3018_ sg13g2_dfrbpq_1 CLK,Q 155 0.847575 3.66884 2.64099 2.64099 8.6411e-06 1.50361e-07 8.79146e-06 3.97547e-09 8.79544e-06
2 _3259_ sg13g2_dfrbpq_1 RESET_B - - 3.66884 0 2.64099 8.68323e-06 2.05452e-07 8.88868e-06 3.97768e-09 8.89266e-06
OpenSTA targeted timing report:
Startpoint: _3018_ (rising edge-triggered flip-flop clocked by core)
Endpoint: _3259_ (recovery check against rising-edge clock core)
Path Group: asynchronous
Path Type: max

Fanout         Cap        Slew       Delay        Time   Description
---------------------------------------------------------------------------------------------
                      0.000000    0.000000    0.000000   clock core (rise edge)
                                  0.000000    0.000000   clock network delay (ideal)
                      0.000000    0.000000    0.000000 ^ _3018_/CLK (sg13g2_dfrbpq_1)
   155    0.847575    3.668841    2.640989    2.640989 ^ _3018_/Q (sg13g2_dfrbpq_1)
                                                         core_rst_sync_ni (net)
                      3.668841    0.000000    2.640989 ^ _3259_/RESET_B (sg13g2_dfrbpq_1)
                                              2.640989   data arrival time

                      0.000000   10.000000   10.000000   clock core (rise edge)
                                  0.000000   10.000000   clock network delay (ideal)
                                  0.000000   10.000000   clock reconvergence pessimism
                                             10.000000 ^ _3259_/CLK (sg13g2_dfrbpq_1)
                                 -0.612744    9.387257   library recovery time
                                              9.387257   data required time
---------------------------------------------------------------------------------------------
                                              9.387257   data required time
                                             -2.640989   data arrival time
---------------------------------------------------------------------------------------------
                                              6.746268   slack (MET)

Hotspot 6: instance=_2982_ selected_worst_paths=none internal=8.67541e-06 switching=1.5246e-07 dynamic=8.82787e-06 leakage=3.97718e-09 total=8.83185e-06
Worst path through hotspot: status=met slack=6.74627 type=max group=asynchronous
startpoint=_3018_ (rising edge-triggered flip-flop clocked by core)
endpoint=_2982_ (recovery check against rising-edge clock core)
path_power_complete=true
path_average_power_sum internal=1.73165e-05 switching=3.02821e-07 dynamic=1.76193e-05 leakage=7.95265e-09 total=1.76273e-05
stage instance cell pins fanout capacitance slew delay arrival internal switching dynamic leakage total
1 _3018_ sg13g2_dfrbpq_1 CLK,Q 155 0.847575 3.66884 2.64099 2.64099 8.6411e-06 1.50361e-07 8.79146e-06 3.97547e-09 8.79544e-06
2 _2982_ sg13g2_dfrbpq_1 RESET_B - - 3.66884 0 2.64099 8.67541e-06 1.5246e-07 8.82787e-06 3.97718e-09 8.83185e-06
OpenSTA targeted timing report:
Startpoint: _3018_ (rising edge-triggered flip-flop clocked by core)
Endpoint: _2982_ (recovery check against rising-edge clock core)
Path Group: asynchronous
Path Type: max

Fanout         Cap        Slew       Delay        Time   Description
---------------------------------------------------------------------------------------------
                      0.000000    0.000000    0.000000   clock core (rise edge)
                                  0.000000    0.000000   clock network delay (ideal)
                      0.000000    0.000000    0.000000 ^ _3018_/CLK (sg13g2_dfrbpq_1)
   155    0.847575    3.668841    2.640989    2.640989 ^ _3018_/Q (sg13g2_dfrbpq_1)
                                                         core_rst_sync_ni (net)
                      3.668841    0.000000    2.640989 ^ _2982_/RESET_B (sg13g2_dfrbpq_1)
                                              2.640989   data arrival time

                      0.000000   10.000000   10.000000   clock core (rise edge)
                                  0.000000   10.000000   clock network delay (ideal)
                                  0.000000   10.000000   clock reconvergence pessimism
                                             10.000000 ^ _2982_/CLK (sg13g2_dfrbpq_1)
                                 -0.612744    9.387257   library recovery time
                                              9.387257   data required time
---------------------------------------------------------------------------------------------
                                              9.387257   data required time
                                             -2.640989   data arrival time
---------------------------------------------------------------------------------------------
                                              6.746268   slack (MET)

Hotspot 7: instance=_3018_ selected_worst_paths=11,12,13,14,15,16,17,18,19,20 internal=8.6411e-06 switching=1.50361e-07 dynamic=8.79146e-06 leakage=3.97547e-09 total=8.79544e-06
Worst path through hotspot: status=met slack=6.74627 type=max group=asynchronous
startpoint=_3018_ (rising edge-triggered flip-flop clocked by core)
endpoint=_2950_ (recovery check against rising-edge clock core)
path_power_complete=true
path_average_power_sum internal=1.72151e-05 switching=1.52424e-07 dynamic=1.73675e-05 leakage=7.96251e-09 total=1.73755e-05
stage instance cell pins fanout capacitance slew delay arrival internal switching dynamic leakage total
1 _3018_ sg13g2_dfrbpq_1 CLK,Q 155 0.847575 3.66884 2.64099 2.64099 8.6411e-06 1.50361e-07 8.79146e-06 3.97547e-09 8.79544e-06
2 _2950_ sg13g2_dfrbpq_1 RESET_B - - 3.66884 0 2.64099 8.57397e-06 2.06377e-09 8.57603e-06 3.98704e-09 8.58002e-06
OpenSTA targeted timing report:
Startpoint: _3018_ (rising edge-triggered flip-flop clocked by core)
Endpoint: _2950_ (recovery check against rising-edge clock core)
Path Group: asynchronous
Path Type: max

Fanout         Cap        Slew       Delay        Time   Description
---------------------------------------------------------------------------------------------
                      0.000000    0.000000    0.000000   clock core (rise edge)
                                  0.000000    0.000000   clock network delay (ideal)
                      0.000000    0.000000    0.000000 ^ _3018_/CLK (sg13g2_dfrbpq_1)
   155    0.847575    3.668841    2.640989    2.640989 ^ _3018_/Q (sg13g2_dfrbpq_1)
                                                         core_rst_sync_ni (net)
                      3.668841    0.000000    2.640989 ^ _2950_/RESET_B (sg13g2_dfrbpq_1)
                                              2.640989   data arrival time

                      0.000000   10.000000   10.000000   clock core (rise edge)
                                  0.000000   10.000000   clock network delay (ideal)
                                  0.000000   10.000000   clock reconvergence pessimism
                                             10.000000 ^ _2950_/CLK (sg13g2_dfrbpq_1)
                                 -0.612744    9.387257   library recovery time
                                              9.387257   data required time
---------------------------------------------------------------------------------------------
                                              9.387257   data required time
                                             -2.640989   data arrival time
---------------------------------------------------------------------------------------------
                                              6.746268   slack (MET)

Hotspot 8: instance=_3021_ selected_worst_paths=none internal=8.64817e-06 switching=6.05048e-09 dynamic=8.65422e-06 leakage=3.97664e-09 total=8.6582e-06
Worst path through hotspot: status=met slack=6.74627 type=max group=asynchronous
startpoint=_3018_ (rising edge-triggered flip-flop clocked by core)
endpoint=_3021_ (recovery check against rising-edge clock core)
path_power_complete=true
path_average_power_sum internal=1.72893e-05 switching=1.56411e-07 dynamic=1.74457e-05 leakage=7.9521e-09 total=1.74536e-05
stage instance cell pins fanout capacitance slew delay arrival internal switching dynamic leakage total
1 _3018_ sg13g2_dfrbpq_1 CLK,Q 155 0.847575 3.66884 2.64099 2.64099 8.6411e-06 1.50361e-07 8.79146e-06 3.97547e-09 8.79544e-06
2 _3021_ sg13g2_dfrbpq_1 RESET_B - - 3.66884 0 2.64099 8.64817e-06 6.05048e-09 8.65422e-06 3.97664e-09 8.6582e-06
OpenSTA targeted timing report:
Startpoint: _3018_ (rising edge-triggered flip-flop clocked by core)
Endpoint: _3021_ (recovery check against rising-edge clock core)
Path Group: asynchronous
Path Type: max

Fanout         Cap        Slew       Delay        Time   Description
---------------------------------------------------------------------------------------------
                      0.000000    0.000000    0.000000   clock core (rise edge)
                                  0.000000    0.000000   clock network delay (ideal)
                      0.000000    0.000000    0.000000 ^ _3018_/CLK (sg13g2_dfrbpq_1)
   155    0.847575    3.668841    2.640989    2.640989 ^ _3018_/Q (sg13g2_dfrbpq_1)
                                                         core_rst_sync_ni (net)
                      3.668841    0.000000    2.640989 ^ _3021_/RESET_B (sg13g2_dfrbpq_1)
                                              2.640989   data arrival time

                      0.000000   10.000000   10.000000   clock core (rise edge)
                                  0.000000   10.000000   clock network delay (ideal)
                                  0.000000   10.000000   clock reconvergence pessimism
                                             10.000000 ^ _3021_/CLK (sg13g2_dfrbpq_1)
                                 -0.612744    9.387257   library recovery time
                                              9.387257   data required time
---------------------------------------------------------------------------------------------
                                              9.387257   data required time
                                             -2.640989   data arrival time
---------------------------------------------------------------------------------------------
                                              6.746268   slack (MET)

Hotspot 9: instance=_3017_ selected_worst_paths=none internal=8.64648e-06 switching=3.09297e-10 dynamic=8.64679e-06 leakage=3.97454e-09 total=8.65076e-06
Worst path through hotspot: status=met slack=7.88396 type=max group=asynchronous
startpoint=rst_ni (input port clocked by core)
endpoint=_3017_ (recovery check against rising-edge clock core)
path_power_complete=true
path_average_power_sum internal=8.64648e-06 switching=3.09297e-10 dynamic=8.64679e-06 leakage=3.97454e-09 total=8.65076e-06
stage instance cell pins fanout capacitance slew delay arrival internal switching dynamic leakage total
1 _3017_ sg13g2_dfrbpq_1 RESET_B - - 0.001094 0 2.00109 8.64648e-06 3.09297e-10 8.64679e-06 3.97454e-09 8.65076e-06
OpenSTA targeted timing report:
Startpoint: rst_ni (input port clocked by core)
Endpoint: _3017_ (recovery check against rising-edge clock core)
Path Group: asynchronous
Path Type: max

Fanout         Cap        Slew       Delay        Time   Description
---------------------------------------------------------------------------------------------
                      0.000000    0.000000    0.000000   clock core (rise edge)
                                  0.000000    0.000000   clock network delay (ideal)
                                  2.000000    2.000000 ^ input external delay
     2    0.010936    0.001094    0.001094    2.001094 ^ rst_ni (in)
                                                         rst_ni (net)
                      0.001094    0.000000    2.001094 ^ _3017_/RESET_B (sg13g2_dfrbpq_1)
                                              2.001094   data arrival time

                      0.000000   10.000000   10.000000   clock core (rise edge)
                                  0.000000   10.000000   clock network delay (ideal)
                                  0.000000   10.000000   clock reconvergence pessimism
                                             10.000000 ^ _3017_/CLK (sg13g2_dfrbpq_1)
                                 -0.114942    9.885058   library recovery time
                                              9.885058   data required time
---------------------------------------------------------------------------------------------
                                              9.885058   data required time
                                             -2.001094   data arrival time
---------------------------------------------------------------------------------------------
                                              7.883965   slack (MET)

Hotspot 10: instance=_3033_ selected_worst_paths=none internal=8.64011e-06 switching=3.47313e-09 dynamic=8.64358e-06 leakage=3.97697e-09 total=8.64756e-06
Worst path through hotspot: status=met slack=6.74627 type=max group=asynchronous
startpoint=_3018_ (rising edge-triggered flip-flop clocked by core)
endpoint=_3033_ (recovery check against rising-edge clock core)
path_power_complete=true
path_average_power_sum internal=1.72812e-05 switching=1.53834e-07 dynamic=1.7435e-05 leakage=7.95244e-09 total=1.7443e-05
stage instance cell pins fanout capacitance slew delay arrival internal switching dynamic leakage total
1 _3018_ sg13g2_dfrbpq_1 CLK,Q 155 0.847575 3.66884 2.64099 2.64099 8.6411e-06 1.50361e-07 8.79146e-06 3.97547e-09 8.79544e-06
2 _3033_ sg13g2_dfrbpq_1 RESET_B - - 3.66884 0 2.64099 8.64011e-06 3.47313e-09 8.64358e-06 3.97697e-09 8.64756e-06
OpenSTA targeted timing report:
Startpoint: _3018_ (rising edge-triggered flip-flop clocked by core)
Endpoint: _3033_ (recovery check against rising-edge clock core)
Path Group: asynchronous
Path Type: max

Fanout         Cap        Slew       Delay        Time   Description
---------------------------------------------------------------------------------------------
                      0.000000    0.000000    0.000000   clock core (rise edge)
                                  0.000000    0.000000   clock network delay (ideal)
                      0.000000    0.000000    0.000000 ^ _3018_/CLK (sg13g2_dfrbpq_1)
   155    0.847575    3.668841    2.640989    2.640989 ^ _3018_/Q (sg13g2_dfrbpq_1)
                                                         core_rst_sync_ni (net)
                      3.668841    0.000000    2.640989 ^ _3033_/RESET_B (sg13g2_dfrbpq_1)
                                              2.640989   data arrival time

                      0.000000   10.000000   10.000000   clock core (rise edge)
                                  0.000000   10.000000   clock network delay (ideal)
                                  0.000000   10.000000   clock reconvergence pessimism
                                             10.000000 ^ _3033_/CLK (sg13g2_dfrbpq_1)
                                 -0.612744    9.387257   library recovery time
                                              9.387257   data required time
---------------------------------------------------------------------------------------------
                                              9.387257   data required time
                                             -2.640989   data arrival time
---------------------------------------------------------------------------------------------
                                              6.746268   slack (MET)

Hotspot 11: instance=_3031_ selected_worst_paths=none internal=8.63888e-06 switching=4.46546e-09 dynamic=8.64334e-06 leakage=3.97727e-09 total=8.64732e-06
Worst path through hotspot: status=met slack=6.74627 type=max group=asynchronous
startpoint=_3018_ (rising edge-triggered flip-flop clocked by core)
endpoint=_3031_ (recovery check against rising-edge clock core)
path_power_complete=true
path_average_power_sum internal=1.728e-05 switching=1.54826e-07 dynamic=1.74348e-05 leakage=7.95273e-09 total=1.74428e-05
stage instance cell pins fanout capacitance slew delay arrival internal switching dynamic leakage total
1 _3018_ sg13g2_dfrbpq_1 CLK,Q 155 0.847575 3.66884 2.64099 2.64099 8.6411e-06 1.50361e-07 8.79146e-06 3.97547e-09 8.79544e-06
2 _3031_ sg13g2_dfrbpq_1 RESET_B - - 3.66884 0 2.64099 8.63888e-06 4.46546e-09 8.64334e-06 3.97727e-09 8.64732e-06
OpenSTA targeted timing report:
Startpoint: _3018_ (rising edge-triggered flip-flop clocked by core)
Endpoint: _3031_ (recovery check against rising-edge clock core)
Path Group: asynchronous
Path Type: max

Fanout         Cap        Slew       Delay        Time   Description
---------------------------------------------------------------------------------------------
                      0.000000    0.000000    0.000000   clock core (rise edge)
                                  0.000000    0.000000   clock network delay (ideal)
                      0.000000    0.000000    0.000000 ^ _3018_/CLK (sg13g2_dfrbpq_1)
   155    0.847575    3.668841    2.640989    2.640989 ^ _3018_/Q (sg13g2_dfrbpq_1)
                                                         core_rst_sync_ni (net)
                      3.668841    0.000000    2.640989 ^ _3031_/RESET_B (sg13g2_dfrbpq_1)
                                              2.640989   data arrival time

                      0.000000   10.000000   10.000000   clock core (rise edge)
                                  0.000000   10.000000   clock network delay (ideal)
                                  0.000000   10.000000   clock reconvergence pessimism
                                             10.000000 ^ _3031_/CLK (sg13g2_dfrbpq_1)
                                 -0.612744    9.387257   library recovery time
                                              9.387257   data required time
---------------------------------------------------------------------------------------------
                                              9.387257   data required time
                                             -2.640989   data arrival time
---------------------------------------------------------------------------------------------
                                              6.746268   slack (MET)

Hotspot 12: instance=_3032_ selected_worst_paths=none internal=8.64031e-06 switching=2.41235e-09 dynamic=8.64272e-06 leakage=3.97694e-09 total=8.6467e-06
Worst path through hotspot: status=met slack=6.74627 type=max group=asynchronous
startpoint=_3018_ (rising edge-triggered flip-flop clocked by core)
endpoint=_3032_ (recovery check against rising-edge clock core)
path_power_complete=true
path_average_power_sum internal=1.72814e-05 switching=1.52773e-07 dynamic=1.74342e-05 leakage=7.95241e-09 total=1.74421e-05
stage instance cell pins fanout capacitance slew delay arrival internal switching dynamic leakage total
1 _3018_ sg13g2_dfrbpq_1 CLK,Q 155 0.847575 3.66884 2.64099 2.64099 8.6411e-06 1.50361e-07 8.79146e-06 3.97547e-09 8.79544e-06
2 _3032_ sg13g2_dfrbpq_1 RESET_B - - 3.66884 0 2.64099 8.64031e-06 2.41235e-09 8.64272e-06 3.97694e-09 8.6467e-06
OpenSTA targeted timing report:
Startpoint: _3018_ (rising edge-triggered flip-flop clocked by core)
Endpoint: _3032_ (recovery check against rising-edge clock core)
Path Group: asynchronous
Path Type: max

Fanout         Cap        Slew       Delay        Time   Description
---------------------------------------------------------------------------------------------
                      0.000000    0.000000    0.000000   clock core (rise edge)
                                  0.000000    0.000000   clock network delay (ideal)
                      0.000000    0.000000    0.000000 ^ _3018_/CLK (sg13g2_dfrbpq_1)
   155    0.847575    3.668841    2.640989    2.640989 ^ _3018_/Q (sg13g2_dfrbpq_1)
                                                         core_rst_sync_ni (net)
                      3.668841    0.000000    2.640989 ^ _3032_/RESET_B (sg13g2_dfrbpq_1)
                                              2.640989   data arrival time

                      0.000000   10.000000   10.000000   clock core (rise edge)
                                  0.000000   10.000000   clock network delay (ideal)
                                  0.000000   10.000000   clock reconvergence pessimism
                                             10.000000 ^ _3032_/CLK (sg13g2_dfrbpq_1)
                                 -0.612744    9.387257   library recovery time
                                              9.387257   data required time
---------------------------------------------------------------------------------------------
                                              9.387257   data required time
                                             -2.640989   data arrival time
---------------------------------------------------------------------------------------------
                                              6.746268   slack (MET)

Hotspot 13: instance=_3030_ selected_worst_paths=none internal=8.63563e-06 switching=1.18735e-09 dynamic=8.63682e-06 leakage=3.97633e-09 total=8.64079e-06
Worst path through hotspot: status=met slack=6.74627 type=max group=asynchronous
startpoint=_3018_ (rising edge-triggered flip-flop clocked by core)
endpoint=_3030_ (recovery check against rising-edge clock core)
path_power_complete=true
path_average_power_sum internal=1.72767e-05 switching=1.51548e-07 dynamic=1.74283e-05 leakage=7.9518e-09 total=1.74362e-05
stage instance cell pins fanout capacitance slew delay arrival internal switching dynamic leakage total
1 _3018_ sg13g2_dfrbpq_1 CLK,Q 155 0.847575 3.66884 2.64099 2.64099 8.6411e-06 1.50361e-07 8.79146e-06 3.97547e-09 8.79544e-06
2 _3030_ sg13g2_dfrbpq_1 RESET_B - - 3.66884 0 2.64099 8.63563e-06 1.18735e-09 8.63682e-06 3.97633e-09 8.64079e-06
OpenSTA targeted timing report:
Startpoint: _3018_ (rising edge-triggered flip-flop clocked by core)
Endpoint: _3030_ (recovery check against rising-edge clock core)
Path Group: asynchronous
Path Type: max

Fanout         Cap        Slew       Delay        Time   Description
---------------------------------------------------------------------------------------------
                      0.000000    0.000000    0.000000   clock core (rise edge)
                                  0.000000    0.000000   clock network delay (ideal)
                      0.000000    0.000000    0.000000 ^ _3018_/CLK (sg13g2_dfrbpq_1)
   155    0.847575    3.668841    2.640989    2.640989 ^ _3018_/Q (sg13g2_dfrbpq_1)
                                                         core_rst_sync_ni (net)
                      3.668841    0.000000    2.640989 ^ _3030_/RESET_B (sg13g2_dfrbpq_1)
                                              2.640989   data arrival time

                      0.000000   10.000000   10.000000   clock core (rise edge)
                                  0.000000   10.000000   clock network delay (ideal)
                                  0.000000   10.000000   clock reconvergence pessimism
                                             10.000000 ^ _3030_/CLK (sg13g2_dfrbpq_1)
                                 -0.612744    9.387257   library recovery time
                                              9.387257   data required time
---------------------------------------------------------------------------------------------
                                              9.387257   data required time
                                             -2.640989   data arrival time
---------------------------------------------------------------------------------------------
                                              6.746268   slack (MET)

Hotspot 14: instance=_3025_ selected_worst_paths=none internal=8.63415e-06 switching=7.49315e-10 dynamic=8.6349e-06 leakage=3.97511e-09 total=8.63887e-06
Worst path through hotspot: status=met slack=6.74627 type=max group=asynchronous
startpoint=_3018_ (rising edge-triggered flip-flop clocked by core)
endpoint=_3025_ (recovery check against rising-edge clock core)
path_power_complete=true
path_average_power_sum internal=1.72752e-05 switching=1.5111e-07 dynamic=1.74264e-05 leakage=7.95057e-09 total=1.74343e-05
stage instance cell pins fanout capacitance slew delay arrival internal switching dynamic leakage total
1 _3018_ sg13g2_dfrbpq_1 CLK,Q 155 0.847575 3.66884 2.64099 2.64099 8.6411e-06 1.50361e-07 8.79146e-06 3.97547e-09 8.79544e-06
2 _3025_ sg13g2_dfrbpq_1 RESET_B - - 3.66884 0 2.64099 8.63415e-06 7.49315e-10 8.6349e-06 3.97511e-09 8.63887e-06
OpenSTA targeted timing report:
Startpoint: _3018_ (rising edge-triggered flip-flop clocked by core)
Endpoint: _3025_ (recovery check against rising-edge clock core)
Path Group: asynchronous
Path Type: max

Fanout         Cap        Slew       Delay        Time   Description
---------------------------------------------------------------------------------------------
                      0.000000    0.000000    0.000000   clock core (rise edge)
                                  0.000000    0.000000   clock network delay (ideal)
                      0.000000    0.000000    0.000000 ^ _3018_/CLK (sg13g2_dfrbpq_1)
   155    0.847575    3.668841    2.640989    2.640989 ^ _3018_/Q (sg13g2_dfrbpq_1)
                                                         core_rst_sync_ni (net)
                      3.668841    0.000000    2.640989 ^ _3025_/RESET_B (sg13g2_dfrbpq_1)
                                              2.640989   data arrival time

                      0.000000   10.000000   10.000000   clock core (rise edge)
                                  0.000000   10.000000   clock network delay (ideal)
                                  0.000000   10.000000   clock reconvergence pessimism
                                             10.000000 ^ _3025_/CLK (sg13g2_dfrbpq_1)
                                 -0.612744    9.387257   library recovery time
                                              9.387257   data required time
---------------------------------------------------------------------------------------------
                                              9.387257   data required time
                                             -2.640989   data arrival time
---------------------------------------------------------------------------------------------
                                              6.746268   slack (MET)

Hotspot 15: instance=_3023_ selected_worst_paths=none internal=8.63089e-06 switching=2.24795e-09 dynamic=8.63314e-06 leakage=3.97633e-09 total=8.63711e-06
Worst path through hotspot: status=met slack=6.74627 type=max group=asynchronous
startpoint=_3018_ (rising edge-triggered flip-flop clocked by core)
endpoint=_3023_ (recovery check against rising-edge clock core)
path_power_complete=true
path_average_power_sum internal=1.7272e-05 switching=1.52609e-07 dynamic=1.74246e-05 leakage=7.9518e-09 total=1.74325e-05
stage instance cell pins fanout capacitance slew delay arrival internal switching dynamic leakage total
1 _3018_ sg13g2_dfrbpq_1 CLK,Q 155 0.847575 3.66884 2.64099 2.64099 8.6411e-06 1.50361e-07 8.79146e-06 3.97547e-09 8.79544e-06
2 _3023_ sg13g2_dfrbpq_1 RESET_B - - 3.66884 0 2.64099 8.63089e-06 2.24795e-09 8.63314e-06 3.97633e-09 8.63711e-06
OpenSTA targeted timing report:
Startpoint: _3018_ (rising edge-triggered flip-flop clocked by core)
Endpoint: _3023_ (recovery check against rising-edge clock core)
Path Group: asynchronous
Path Type: max

Fanout         Cap        Slew       Delay        Time   Description
---------------------------------------------------------------------------------------------
                      0.000000    0.000000    0.000000   clock core (rise edge)
                                  0.000000    0.000000   clock network delay (ideal)
                      0.000000    0.000000    0.000000 ^ _3018_/CLK (sg13g2_dfrbpq_1)
   155    0.847575    3.668841    2.640989    2.640989 ^ _3018_/Q (sg13g2_dfrbpq_1)
                                                         core_rst_sync_ni (net)
                      3.668841    0.000000    2.640989 ^ _3023_/RESET_B (sg13g2_dfrbpq_1)
                                              2.640989   data arrival time

                      0.000000   10.000000   10.000000   clock core (rise edge)
                                  0.000000   10.000000   clock network delay (ideal)
                                  0.000000   10.000000   clock reconvergence pessimism
                                             10.000000 ^ _3023_/CLK (sg13g2_dfrbpq_1)
                                 -0.612744    9.387257   library recovery time
                                              9.387257   data required time
---------------------------------------------------------------------------------------------
                                              9.387257   data required time
                                             -2.640989   data arrival time
---------------------------------------------------------------------------------------------
                                              6.746268   slack (MET)

Hotspot 16: instance=_3026_ selected_worst_paths=none internal=8.63175e-06 switching=7.49315e-10 dynamic=8.6325e-06 leakage=3.97511e-09 total=8.63647e-06
Worst path through hotspot: status=met slack=6.74627 type=max group=asynchronous
startpoint=_3018_ (rising edge-triggered flip-flop clocked by core)
endpoint=_3026_ (recovery check against rising-edge clock core)
path_power_complete=true
path_average_power_sum internal=1.72728e-05 switching=1.5111e-07 dynamic=1.7424e-05 leakage=7.95057e-09 total=1.74319e-05
stage instance cell pins fanout capacitance slew delay arrival internal switching dynamic leakage total
1 _3018_ sg13g2_dfrbpq_1 CLK,Q 155 0.847575 3.66884 2.64099 2.64099 8.6411e-06 1.50361e-07 8.79146e-06 3.97547e-09 8.79544e-06
2 _3026_ sg13g2_dfrbpq_1 RESET_B - - 3.66884 0 2.64099 8.63175e-06 7.49315e-10 8.6325e-06 3.97511e-09 8.63647e-06
OpenSTA targeted timing report:
Startpoint: _3018_ (rising edge-triggered flip-flop clocked by core)
Endpoint: _3026_ (recovery check against rising-edge clock core)
Path Group: asynchronous
Path Type: max

Fanout         Cap        Slew       Delay        Time   Description
---------------------------------------------------------------------------------------------
                      0.000000    0.000000    0.000000   clock core (rise edge)
                                  0.000000    0.000000   clock network delay (ideal)
                      0.000000    0.000000    0.000000 ^ _3018_/CLK (sg13g2_dfrbpq_1)
   155    0.847575    3.668841    2.640989    2.640989 ^ _3018_/Q (sg13g2_dfrbpq_1)
                                                         core_rst_sync_ni (net)
                      3.668841    0.000000    2.640989 ^ _3026_/RESET_B (sg13g2_dfrbpq_1)
                                              2.640989   data arrival time

                      0.000000   10.000000   10.000000   clock core (rise edge)
                                  0.000000   10.000000   clock network delay (ideal)
                                  0.000000   10.000000   clock reconvergence pessimism
                                             10.000000 ^ _3026_/CLK (sg13g2_dfrbpq_1)
                                 -0.612744    9.387257   library recovery time
                                              9.387257   data required time
---------------------------------------------------------------------------------------------
                                              9.387257   data required time
                                             -2.640989   data arrival time
---------------------------------------------------------------------------------------------
                                              6.746268   slack (MET)

Hotspot 17: instance=_3027_ selected_worst_paths=none internal=8.63173e-06 switching=5.50044e-10 dynamic=8.63228e-06 leakage=3.97511e-09 total=8.63626e-06
Worst path through hotspot: status=met slack=6.74627 type=max group=asynchronous
startpoint=_3018_ (rising edge-triggered flip-flop clocked by core)
endpoint=_3027_ (recovery check against rising-edge clock core)
path_power_complete=true
path_average_power_sum internal=1.72728e-05 switching=1.50911e-07 dynamic=1.74237e-05 leakage=7.95057e-09 total=1.74317e-05
stage instance cell pins fanout capacitance slew delay arrival internal switching dynamic leakage total
1 _3018_ sg13g2_dfrbpq_1 CLK,Q 155 0.847575 3.66884 2.64099 2.64099 8.6411e-06 1.50361e-07 8.79146e-06 3.97547e-09 8.79544e-06
2 _3027_ sg13g2_dfrbpq_1 RESET_B - - 3.66884 0 2.64099 8.63173e-06 5.50044e-10 8.63228e-06 3.97511e-09 8.63626e-06
OpenSTA targeted timing report:
Startpoint: _3018_ (rising edge-triggered flip-flop clocked by core)
Endpoint: _3027_ (recovery check against rising-edge clock core)
Path Group: asynchronous
Path Type: max

Fanout         Cap        Slew       Delay        Time   Description
---------------------------------------------------------------------------------------------
                      0.000000    0.000000    0.000000   clock core (rise edge)
                                  0.000000    0.000000   clock network delay (ideal)
                      0.000000    0.000000    0.000000 ^ _3018_/CLK (sg13g2_dfrbpq_1)
   155    0.847575    3.668841    2.640989    2.640989 ^ _3018_/Q (sg13g2_dfrbpq_1)
                                                         core_rst_sync_ni (net)
                      3.668841    0.000000    2.640989 ^ _3027_/RESET_B (sg13g2_dfrbpq_1)
                                              2.640989   data arrival time

                      0.000000   10.000000   10.000000   clock core (rise edge)
                                  0.000000   10.000000   clock network delay (ideal)
                                  0.000000   10.000000   clock reconvergence pessimism
                                             10.000000 ^ _3027_/CLK (sg13g2_dfrbpq_1)
                                 -0.612744    9.387257   library recovery time
                                              9.387257   data required time
---------------------------------------------------------------------------------------------
                                              9.387257   data required time
                                             -2.640989   data arrival time
---------------------------------------------------------------------------------------------
                                              6.746268   slack (MET)

Hotspot 18: instance=_3046_ selected_worst_paths=none internal=8.6303e-06 switching=1.22176e-09 dynamic=8.63152e-06 leakage=3.9751e-09 total=8.63549e-06
Worst path through hotspot: status=met slack=6.74627 type=max group=asynchronous
startpoint=_3018_ (rising edge-triggered flip-flop clocked by core)
endpoint=_3046_ (recovery check against rising-edge clock core)
path_power_complete=true
path_average_power_sum internal=1.72714e-05 switching=1.51582e-07 dynamic=1.7423e-05 leakage=7.95057e-09 total=1.74309e-05
stage instance cell pins fanout capacitance slew delay arrival internal switching dynamic leakage total
1 _3018_ sg13g2_dfrbpq_1 CLK,Q 155 0.847575 3.66884 2.64099 2.64099 8.6411e-06 1.50361e-07 8.79146e-06 3.97547e-09 8.79544e-06
2 _3046_ sg13g2_dfrbpq_1 RESET_B - - 3.66884 0 2.64099 8.6303e-06 1.22176e-09 8.63152e-06 3.9751e-09 8.63549e-06
OpenSTA targeted timing report:
Startpoint: _3018_ (rising edge-triggered flip-flop clocked by core)
Endpoint: _3046_ (recovery check against rising-edge clock core)
Path Group: asynchronous
Path Type: max

Fanout         Cap        Slew       Delay        Time   Description
---------------------------------------------------------------------------------------------
                      0.000000    0.000000    0.000000   clock core (rise edge)
                                  0.000000    0.000000   clock network delay (ideal)
                      0.000000    0.000000    0.000000 ^ _3018_/CLK (sg13g2_dfrbpq_1)
   155    0.847575    3.668841    2.640989    2.640989 ^ _3018_/Q (sg13g2_dfrbpq_1)
                                                         core_rst_sync_ni (net)
                      3.668841    0.000000    2.640989 ^ _3046_/RESET_B (sg13g2_dfrbpq_1)
                                              2.640989   data arrival time

                      0.000000   10.000000   10.000000   clock core (rise edge)
                                  0.000000   10.000000   clock network delay (ideal)
                                  0.000000   10.000000   clock reconvergence pessimism
                                             10.000000 ^ _3046_/CLK (sg13g2_dfrbpq_1)
                                 -0.612744    9.387257   library recovery time
                                              9.387257   data required time
---------------------------------------------------------------------------------------------
                                              9.387257   data required time
                                             -2.640989   data arrival time
---------------------------------------------------------------------------------------------
                                              6.746268   slack (MET)

Hotspot 19: instance=_3034_ selected_worst_paths=none internal=8.62934e-06 switching=5.92571e-10 dynamic=8.62993e-06 leakage=3.97697e-09 total=8.63391e-06
Worst path through hotspot: status=met slack=6.74627 type=max group=asynchronous
startpoint=_3018_ (rising edge-triggered flip-flop clocked by core)
endpoint=_3034_ (recovery check against rising-edge clock core)
path_power_complete=true
path_average_power_sum internal=1.72704e-05 switching=1.50953e-07 dynamic=1.74214e-05 leakage=7.95244e-09 total=1.74293e-05
stage instance cell pins fanout capacitance slew delay arrival internal switching dynamic leakage total
1 _3018_ sg13g2_dfrbpq_1 CLK,Q 155 0.847575 3.66884 2.64099 2.64099 8.6411e-06 1.50361e-07 8.79146e-06 3.97547e-09 8.79544e-06
2 _3034_ sg13g2_dfrbpq_1 RESET_B - - 3.66884 0 2.64099 8.62934e-06 5.92571e-10 8.62993e-06 3.97697e-09 8.63391e-06
OpenSTA targeted timing report:
Startpoint: _3018_ (rising edge-triggered flip-flop clocked by core)
Endpoint: _3034_ (recovery check against rising-edge clock core)
Path Group: asynchronous
Path Type: max

Fanout         Cap        Slew       Delay        Time   Description
---------------------------------------------------------------------------------------------
                      0.000000    0.000000    0.000000   clock core (rise edge)
                                  0.000000    0.000000   clock network delay (ideal)
                      0.000000    0.000000    0.000000 ^ _3018_/CLK (sg13g2_dfrbpq_1)
   155    0.847575    3.668841    2.640989    2.640989 ^ _3018_/Q (sg13g2_dfrbpq_1)
                                                         core_rst_sync_ni (net)
                      3.668841    0.000000    2.640989 ^ _3034_/RESET_B (sg13g2_dfrbpq_1)
                                              2.640989   data arrival time

                      0.000000   10.000000   10.000000   clock core (rise edge)
                                  0.000000   10.000000   clock network delay (ideal)
                                  0.000000   10.000000   clock reconvergence pessimism
                                             10.000000 ^ _3034_/CLK (sg13g2_dfrbpq_1)
                                 -0.612744    9.387257   library recovery time
                                              9.387257   data required time
---------------------------------------------------------------------------------------------
                                              9.387257   data required time
                                             -2.640989   data arrival time
---------------------------------------------------------------------------------------------
                                              6.746268   slack (MET)

Hotspot 20: instance=_3015_ selected_worst_paths=none internal=8.60972e-06 switching=8.05476e-10 dynamic=8.61053e-06 leakage=3.97847e-09 total=8.6145e-06
Worst path through hotspot: status=met slack=6.71137 type=max group=core
startpoint=tl_i[62] (input port clocked by core)
endpoint=_3015_ (rising edge-triggered flip-flop clocked by core)
path_power_complete=true
path_average_power_sum internal=8.65834e-06 switching=1.6714e-07 dynamic=8.82548e-06 leakage=1.31035e-08 total=8.83859e-06
stage instance cell pins fanout capacitance slew delay arrival internal switching dynamic leakage total
1 _1593_ sg13g2_inv_1 A,Y 3 0.009317 0.035677 0.036543 2.03755 1.22135e-09 5.40611e-09 6.62746e-09 2.08751e-10 6.83621e-09
2 _1594_ sg13g2_nand2_1 B,Y 2 0.007056 0.048255 0.050723 2.08827 3.47704e-09 6.88445e-09 1.03615e-08 1.50792e-09 1.18694e-08
3 _1595_ sg13g2_nor2_1 B,Y 1 0.002729 0.02393 0.033893 2.12217 3.56024e-09 3.12059e-09 6.68083e-09 4.17396e-10 7.09823e-09
4 _1596_ sg13g2_buf_2 A,X 24 0.078851 0.145125 0.173368 2.29554 1.56897e-08 8.75971e-08 1.03287e-07 1.09724e-09 1.04384e-07
5 _1607_ sg13g2_o21ai_1 A2,Y 1 0.003022 0.090938 0.113587 2.40912 5.88721e-09 5.79254e-09 1.16798e-08 1.37342e-09 1.30532e-08
6 _1610_ sg13g2_nand4_1 A,Y 2 0.006218 0.117086 0.120702 2.52982 8.17165e-09 1.01084e-08 1.82801e-08 1.08664e-10 1.83887e-08
7 _1611_ sg13g2_nor3_1 C,Y 1 0.002853 0.095461 0.100108 2.62993 1.29942e-09 7.59063e-10 2.05848e-09 3.95199e-10 2.45368e-09
8 _1612_ sg13g2_buf_2 A,X 19 0.063416 0.147554 0.188852 2.81878 3.7664e-09 1.6875e-08 2.06414e-08 1.69127e-09 2.23326e-08
9 _1613_ sg13g2_buf_2 A,X 27 0.109823 0.248292 0.272582 3.09137 3.77955e-09 2.92241e-08 3.30037e-08 1.69127e-09 3.46949e-08
10 _1615_ sg13g2_o21ai_1 A2,Y 1 0.001743 0.055524 0.078761 3.17013 1.77241e-09 5.67044e-10 2.33946e-09 6.33884e-10 2.97334e-09
11 _3015_ sg13g2_dfrbpq_1 D - - 0.055524 0 3.17013 8.60972e-06 8.05476e-10 8.61053e-06 3.97847e-09 8.6145e-06
OpenSTA targeted timing report:
Startpoint: tl_i[62] (input port clocked by core)
Endpoint: _3015_ (rising edge-triggered flip-flop clocked by core)
Path Group: core
Path Type: max

Fanout         Cap        Slew       Delay        Time   Description
---------------------------------------------------------------------------------------------
                      0.000000    0.000000    0.000000   clock core (rise edge)
                                  0.000000    0.000000   clock network delay (ideal)
                                  2.000000    2.000000 ^ input external delay
     3    0.010067    0.001007    0.001007    2.001007 ^ tl_i[62] (in)
                                                         tl_i[62] (net)
                      0.001007    0.000000    2.001007 ^ _1593_/A (sg13g2_inv_1)
     3    0.009317    0.035677    0.036543    2.037550 v _1593_/Y (sg13g2_inv_1)
                                                         _1360_ (net)
                      0.035677    0.000000    2.037550 v _1594_/B (sg13g2_nand2_1)
     2    0.007056    0.048255    0.050723    2.088273 ^ _1594_/Y (sg13g2_nand2_1)
                                                         _1361_ (net)
                      0.048255    0.000000    2.088273 ^ _1595_/B (sg13g2_nor2_1)
     1    0.002729    0.023930    0.033893    2.122166 v _1595_/Y (sg13g2_nor2_1)
                                                         _1362_ (net)
                      0.023930    0.000000    2.122166 v _1596_/A (sg13g2_buf_2)
    24    0.078851    0.145125    0.173368    2.295535 v _1596_/X (sg13g2_buf_2)
                                                         _1363_ (net)
                      0.145125    0.000000    2.295535 v _1607_/A2 (sg13g2_o21ai_1)
     1    0.003022    0.090938    0.113587    2.409122 ^ _1607_/Y (sg13g2_o21ai_1)
                                                         _1373_ (net)
                      0.090938    0.000000    2.409122 ^ _1610_/A (sg13g2_nand4_1)
     2    0.006218    0.117086    0.120702    2.529824 v _1610_/Y (sg13g2_nand4_1)
                                                         _1376_ (net)
                      0.117086    0.000000    2.529824 v _1611_/C (sg13g2_nor3_1)
     1    0.002853    0.095461    0.100108    2.629932 ^ _1611_/Y (sg13g2_nor3_1)
                                                         _1377_ (net)
                      0.095461    0.000000    2.629932 ^ _1612_/A (sg13g2_buf_2)
    19    0.063416    0.147554    0.188852    2.818784 ^ _1612_/X (sg13g2_buf_2)
                                                         _1378_ (net)
                      0.147554    0.000000    2.818784 ^ _1613_/A (sg13g2_buf_2)
    27    0.109823    0.248292    0.272582    3.091366 ^ _1613_/X (sg13g2_buf_2)
                                                         _1379_ (net)
                      0.248292    0.000000    3.091366 ^ _1615_/A2 (sg13g2_o21ai_1)
     1    0.001743    0.055524    0.078761    3.170127 v _1615_/Y (sg13g2_o21ai_1)
                                                         _0052_ (net)
                      0.055524    0.000000    3.170127 v _3015_/D (sg13g2_dfrbpq_1)
                                              3.170127   data arrival time

                      0.000000   10.000000   10.000000   clock core (rise edge)
                                  0.000000   10.000000   clock network delay (ideal)
                                  0.000000   10.000000   clock reconvergence pessimism
                                             10.000000 ^ _3015_/CLK (sg13g2_dfrbpq_1)
                                 -0.118505    9.881495   library setup time
                                              9.881495   data required time
---------------------------------------------------------------------------------------------
                                              9.881495   data required time
                                             -3.170127   data arrival time
---------------------------------------------------------------------------------------------
                                              6.711369   slack (MET)
