analysis=fusion_analysis corner=ss mode=setup stage=post_syn
workload=smoke_sv_ss
methodology=staged_public_opensta
path_power_semantics=average_instance_power_in_same_analysis_context
activity_file=/tmp/flexsoc-uart-interface-contract-20260914/reg_iface/runs/uart/contract/signoff/ihp-sg13g2/power/activity/captures/uart_ihp-sg13g2_smoke_sv_ss.vcd
activity_scope=uart_tb/u_uart
liberty=/home/eneadim/github/flexsoc/.flexsoc/pdks/ihp-sg13g2/ihp-sg13g2/libs.ref/sg13g2_stdcell/lib/sg13g2_stdcell_slow_1p35V_125C.lib
netlist=/tmp/flexsoc-uart-interface-contract-20260914/reg_iface/runs/uart/contract/syn/ihp-sg13g2/uart_synth.v
sdc=/tmp/flexsoc-uart-interface-contract-20260914/reg_iface/runs/uart/contract/constraints/uart.sdc
spef=

=== Units ===
 time 1ns
 capacitance 1pF
 resistance 1kohm
 voltage 1v
 current 1uA
 power 1pW
 distance 1um

=== Constraint validation ===

=== Timing summary ===
wns max 0.00
tns max 0.00

=== Activity annotation ===
annotated_percent=100.00%
Unannotated pins: none

=== Power summary ===
Group                  Internal  Switching    Leakage      Total
                          Power      Power      Power      Power (Watts)
----------------------------------------------------------------
Sequential             2.20e-03   3.23e-06   1.14e-06   2.20e-03  98.2%
Combinational          2.05e-05   1.90e-05   1.41e-06   4.09e-05   1.8%
Clock                  0.00e+00   0.00e+00   0.00e+00   0.00e+00   0.0%
Macro                  0.00e+00   0.00e+00   0.00e+00   0.00e+00   0.0%
Pad                    0.00e+00   0.00e+00   0.00e+00   0.00e+00   0.0%
----------------------------------------------------------------
Total                  2.22e-03   2.23e-05   2.54e-06   2.24e-03 100.0%
                          98.9%       1.0%       0.1%

=== Worst timing paths (violated or met) ===
Startpoint: reg_req_i[36] (input port clocked by core)
Endpoint: reg_rsp_o[1] (output port clocked by core)
Path Group: core
Path Type: max

Fanout         Cap        Slew       Delay        Time   Description
---------------------------------------------------------------------------------------------
                      0.000000    0.050000    0.050000   clock core (rise edge)
                                  0.050000    0.100000   clock network delay (ideal)
                                  2.000000    2.100000 v input external delay
     1    0.003358    0.000336    0.000336    2.100336 v reg_req_i[36] (in)
                                                         reg_req_i[36] (net)
                      0.000336    0.000000    2.100336 v _1359_/A (sg13g2_nor2_1)
     2    0.006278    0.072159    0.069034    2.169370 ^ _1359_/Y (sg13g2_nor2_1)
                                                         _1088_ (net)
                      0.072159    0.000000    2.169370 ^ _1361_/A (sg13g2_nand2_1)
     2    0.009306    0.076186    0.084231    2.253600 v _1361_/Y (sg13g2_nand2_1)
                                                         _1090_ (net)
                      0.076186    0.000000    2.253600 v _1365_/A (sg13g2_inv_2)
     4    0.012608    0.044630    0.049856    2.303456 ^ _1365_/Y (sg13g2_inv_2)
                                                         _1094_ (net)
                      0.044630    0.000000    2.303456 ^ _1508_/A (sg13g2_nand3_1)
     1    0.002389    0.051470    0.059797    2.363253 v _1508_/Y (sg13g2_nand3_1)
                                                         _1212_ (net)
                      0.051470    0.000000    2.363253 v gain289/A (sg13g2_buf_1)
     4    0.016250    0.066422    0.107718    2.470971 v gain289/X (sg13g2_buf_1)
                                                         net288 (net)
                      0.066422    0.000000    2.470971 v _1509_/A (sg13g2_inv_2)
     5    0.018099    0.054171    0.057605    2.528576 ^ _1509_/Y (sg13g2_inv_2)
                                                         _1213_ (net)
                      0.054171    0.000000    2.528576 ^ _1643_/A2 (sg13g2_o21ai_1)
     1    0.003444    0.049485    0.061417    2.589993 v _1643_/Y (sg13g2_o21ai_1)
                                                         _1339_ (net)
                      0.049485    0.000000    2.589993 v _1644_/B1 (sg13g2_o21ai_1)
     1    0.004142    0.084684    0.046414    2.636406 ^ _1644_/Y (sg13g2_o21ai_1)
                                                         _1340_ (net)
                      0.084684    0.000000    2.636406 ^ _1645_/A2 (sg13g2_o21ai_1)
     2    0.009991    0.090607    0.102441    2.738847 v _1645_/Y (sg13g2_o21ai_1)
                                                         _1341_ (net)
                      0.090607    0.000000    2.738847 v _2555_/A1 (sg13g2_a21oi_1)
     1    0.002476    0.053467    0.075781    2.814628 ^ _2555_/Y (sg13g2_a21oi_1)
                                                         u_uart_reg_reg_rsp_o_1_ (net)
                      0.053467    0.000000    2.814628 ^ _3022_/A (sg13g2_buf_1)
     1    0.010000    0.055296    0.091470    2.906098 ^ _3022_/X (sg13g2_buf_1)
                                                         reg_rsp_o[1] (net)
                      0.055296    0.000000    2.906098 ^ reg_rsp_o[1] (out)
                                              2.906098   data arrival time

                      0.000000   10.050000   10.050000   clock core (rise edge)
                                  0.050000   10.100000   clock network delay (ideal)
                                 -0.025000   10.075001   clock uncertainty
                                  0.000000   10.075001   clock reconvergence pessimism
                                 -2.000000    8.075001   output external delay
                                              8.075001   data required time
---------------------------------------------------------------------------------------------
                                              8.075001   data required time
                                             -2.906098   data arrival time
---------------------------------------------------------------------------------------------
                                              5.168902   slack (MET)


Startpoint: reg_req_i[36] (input port clocked by core)
Endpoint: reg_rsp_o[19] (output port clocked by core)
Path Group: core
Path Type: max

Fanout         Cap        Slew       Delay        Time   Description
---------------------------------------------------------------------------------------------
                      0.000000    0.050000    0.050000   clock core (rise edge)
                                  0.050000    0.100000   clock network delay (ideal)
                                  2.000000    2.100000 v input external delay
     1    0.003358    0.000336    0.000336    2.100336 v reg_req_i[36] (in)
                                                         reg_req_i[36] (net)
                      0.000336    0.000000    2.100336 v _1359_/A (sg13g2_nor2_1)
     2    0.006278    0.072159    0.069034    2.169370 ^ _1359_/Y (sg13g2_nor2_1)
                                                         _1088_ (net)
                      0.072159    0.000000    2.169370 ^ _1361_/A (sg13g2_nand2_1)
     2    0.009306    0.076186    0.084231    2.253600 v _1361_/Y (sg13g2_nand2_1)
                                                         _1090_ (net)
                      0.076186    0.000000    2.253600 v _1365_/A (sg13g2_inv_2)
     4    0.012608    0.044630    0.049856    2.303456 ^ _1365_/Y (sg13g2_inv_2)
                                                         _1094_ (net)
                      0.044630    0.000000    2.303456 ^ _1508_/A (sg13g2_nand3_1)
     1    0.002389    0.051470    0.059797    2.363253 v _1508_/Y (sg13g2_nand3_1)
                                                         _1212_ (net)
                      0.051470    0.000000    2.363253 v gain289/A (sg13g2_buf_1)
     4    0.016250    0.066422    0.107718    2.470971 v gain289/X (sg13g2_buf_1)
                                                         net288 (net)
                      0.066422    0.000000    2.470971 v _1509_/A (sg13g2_inv_2)
     5    0.018099    0.054171    0.057605    2.528576 ^ _1509_/Y (sg13g2_inv_2)
                                                         _1213_ (net)
                      0.054171    0.000000    2.528576 ^ _1514_/B (sg13g2_nand2_1)
     3    0.010033    0.078481    0.085847    2.614422 v _1514_/Y (sg13g2_nand2_1)
                                                         _1217_ (net)
                      0.078481    0.000000    2.614422 v _1525_/C (sg13g2_nor3_1)
     1    0.003632    0.099101    0.097300    2.711722 ^ _1525_/Y (sg13g2_nor3_1)
                                                         _1226_ (net)
                      0.099101    0.000000    2.711722 ^ _1526_/B (sg13g2_nor2_1)
     1    0.003444    0.035856    0.048471    2.760194 v _1526_/Y (sg13g2_nor2_1)
                                                         _1227_ (net)
                      0.035856    0.000000    2.760194 v _1527_/B1 (sg13g2_o21ai_1)
     1    0.002476    0.068184    0.036044    2.796238 ^ _1527_/Y (sg13g2_o21ai_1)
                                                         u_uart_reg_reg_rsp_o_19_ (net)
                      0.068184    0.000000    2.796238 ^ _3040_/A (sg13g2_buf_1)
     1    0.010000    0.055712    0.096788    2.893027 ^ _3040_/X (sg13g2_buf_1)
                                                         reg_rsp_o[19] (net)
                      0.055712    0.000000    2.893027 ^ reg_rsp_o[19] (out)
                                              2.893027   data arrival time

                      0.000000   10.050000   10.050000   clock core (rise edge)
                                  0.050000   10.100000   clock network delay (ideal)
                                 -0.025000   10.075001   clock uncertainty
                                  0.000000   10.075001   clock reconvergence pessimism
                                 -2.000000    8.075001   output external delay
                                              8.075001   data required time
---------------------------------------------------------------------------------------------
                                              8.075001   data required time
                                             -2.893027   data arrival time
---------------------------------------------------------------------------------------------
                                              5.181974   slack (MET)


Startpoint: reg_req_i[36] (input port clocked by core)
Endpoint: reg_rsp_o[32] (output port clocked by core)
Path Group: core
Path Type: max

Fanout         Cap        Slew       Delay        Time   Description
---------------------------------------------------------------------------------------------
                      0.000000    0.050000    0.050000   clock core (rise edge)
                                  0.050000    0.100000   clock network delay (ideal)
                                  2.000000    2.100000 v input external delay
     1    0.003358    0.000336    0.000336    2.100336 v reg_req_i[36] (in)
                                                         reg_req_i[36] (net)
                      0.000336    0.000000    2.100336 v _1359_/A (sg13g2_nor2_1)
     2    0.006278    0.072159    0.069034    2.169370 ^ _1359_/Y (sg13g2_nor2_1)
                                                         _1088_ (net)
                      0.072159    0.000000    2.169370 ^ _1367_/A (sg13g2_nand3_1)
     2    0.006465    0.088058    0.094505    2.263874 v _1367_/Y (sg13g2_nand3_1)
                                                         _1096_ (net)
                      0.088058    0.000000    2.263874 v _1368_/A (sg13g2_inv_1)
     3    0.010177    0.063867    0.070991    2.334865 ^ _1368_/Y (sg13g2_inv_1)
                                                         _1097_ (net)
                      0.063867    0.000000    2.334865 ^ _1369_/B (sg13g2_nor2_1)
     1    0.002389    0.026293    0.036522    2.371387 v _1369_/Y (sg13g2_nor2_1)
                                                         _1098_ (net)
                      0.026293    0.000000    2.371387 v _1370_/A (sg13g2_buf_1)
     5    0.016206    0.065821    0.098110    2.469497 v _1370_/X (sg13g2_buf_1)
                                                         u_uart_reg_reg_rsp_o_10_ (net)
                      0.065821    0.000000    2.469497 v _1371_/A (sg13g2_inv_1)
     2    0.007694    0.050192    0.054699    2.524196 ^ _1371_/Y (sg13g2_inv_1)
                                                         _1099_ (net)
                      0.050192    0.000000    2.524196 ^ gain265/A (sg13g2_buf_4)
     8    0.028950    0.049926    0.112493    2.636688 ^ gain265/X (sg13g2_buf_4)
                                                         net264 (net)
                      0.049926    0.000000    2.636688 ^ gain264/A (sg13g2_buf_4)
     8    0.032459    0.053412    0.115408    2.752097 ^ gain264/X (sg13g2_buf_4)
                                                         net263 (net)
                      0.053412    0.000000    2.752097 ^ _1372_/B1 (sg13g2_o21ai_1)
     1    0.002389    0.046635    0.046229    2.798326 v _1372_/Y (sg13g2_o21ai_1)
                                                         u_uart_reg_reg_rsp_o_32_ (net)
                      0.046635    0.000000    2.798326 v _3053_/A (sg13g2_buf_1)
     1    0.010000    0.045942    0.088243    2.886569 v _3053_/X (sg13g2_buf_1)
                                                         reg_rsp_o[32] (net)
                      0.045942    0.000000    2.886569 v reg_rsp_o[32] (out)
                                              2.886569   data arrival time

                      0.000000   10.050000   10.050000   clock core (rise edge)
                                  0.050000   10.100000   clock network delay (ideal)
                                 -0.025000   10.075001   clock uncertainty
                                  0.000000   10.075001   clock reconvergence pessimism
                                 -2.000000    8.075001   output external delay
                                              8.075001   data required time
---------------------------------------------------------------------------------------------
                                              8.075001   data required time
                                             -2.886569   data arrival time
---------------------------------------------------------------------------------------------
                                              5.188432   slack (MET)


Startpoint: reg_req_i[36] (input port clocked by core)
Endpoint: reg_rsp_o[26] (output port clocked by core)
Path Group: core
Path Type: max

Fanout         Cap        Slew       Delay        Time   Description
---------------------------------------------------------------------------------------------
                      0.000000    0.050000    0.050000   clock core (rise edge)
                                  0.050000    0.100000   clock network delay (ideal)
                                  2.000000    2.100000 v input external delay
     1    0.003358    0.000336    0.000336    2.100336 v reg_req_i[36] (in)
                                                         reg_req_i[36] (net)
                      0.000336    0.000000    2.100336 v _1359_/A (sg13g2_nor2_1)
     2    0.006278    0.072159    0.069034    2.169370 ^ _1359_/Y (sg13g2_nor2_1)
                                                         _1088_ (net)
                      0.072159    0.000000    2.169370 ^ _1367_/A (sg13g2_nand3_1)
     2    0.006465    0.088058    0.094505    2.263874 v _1367_/Y (sg13g2_nand3_1)
                                                         _1096_ (net)
                      0.088058    0.000000    2.263874 v _1368_/A (sg13g2_inv_1)
     3    0.010177    0.063867    0.070991    2.334865 ^ _1368_/Y (sg13g2_inv_1)
                                                         _1097_ (net)
                      0.063867    0.000000    2.334865 ^ _1369_/B (sg13g2_nor2_1)
     1    0.002389    0.026293    0.036522    2.371387 v _1369_/Y (sg13g2_nor2_1)
                                                         _1098_ (net)
                      0.026293    0.000000    2.371387 v _1370_/A (sg13g2_buf_1)
     5    0.016206    0.065821    0.098110    2.469497 v _1370_/X (sg13g2_buf_1)
                                                         u_uart_reg_reg_rsp_o_10_ (net)
                      0.065821    0.000000    2.469497 v _1371_/A (sg13g2_inv_1)
     2    0.007694    0.050192    0.054699    2.524196 ^ _1371_/Y (sg13g2_inv_1)
                                                         _1099_ (net)
                      0.050192    0.000000    2.524196 ^ gain265/A (sg13g2_buf_4)
     8    0.028950    0.049926    0.112493    2.636688 ^ gain265/X (sg13g2_buf_4)
                                                         net264 (net)
                      0.049926    0.000000    2.636688 ^ gain264/A (sg13g2_buf_4)
     8    0.032459    0.053412    0.115408    2.752097 ^ gain264/X (sg13g2_buf_4)
                                                         net263 (net)
                      0.053412    0.000000    2.752097 ^ _1468_/B1 (sg13g2_o21ai_1)
     1    0.002389    0.045012    0.046229    2.798326 v _1468_/Y (sg13g2_o21ai_1)
                                                         u_uart_reg_reg_rsp_o_26_ (net)
                      0.045012    0.000000    2.798326 v _3047_/A (sg13g2_buf_1)
     1    0.010000    0.045899    0.087639    2.885965 v _3047_/X (sg13g2_buf_1)
                                                         reg_rsp_o[26] (net)
                      0.045899    0.000000    2.885965 v reg_rsp_o[26] (out)
                                              2.885965   data arrival time

                      0.000000   10.050000   10.050000   clock core (rise edge)
                                  0.050000   10.100000   clock network delay (ideal)
                                 -0.025000   10.075001   clock uncertainty
                                  0.000000   10.075001   clock reconvergence pessimism
                                 -2.000000    8.075001   output external delay
                                              8.075001   data required time
---------------------------------------------------------------------------------------------
                                              8.075001   data required time
                                             -2.885965   data arrival time
---------------------------------------------------------------------------------------------
                                              5.189035   slack (MET)


Startpoint: reg_req_i[36] (input port clocked by core)
Endpoint: reg_rsp_o[28] (output port clocked by core)
Path Group: core
Path Type: max

Fanout         Cap        Slew       Delay        Time   Description
---------------------------------------------------------------------------------------------
                      0.000000    0.050000    0.050000   clock core (rise edge)
                                  0.050000    0.100000   clock network delay (ideal)
                                  2.000000    2.100000 v input external delay
     1    0.003358    0.000336    0.000336    2.100336 v reg_req_i[36] (in)
                                                         reg_req_i[36] (net)
                      0.000336    0.000000    2.100336 v _1359_/A (sg13g2_nor2_1)
     2    0.006278    0.072159    0.069034    2.169370 ^ _1359_/Y (sg13g2_nor2_1)
                                                         _1088_ (net)
                      0.072159    0.000000    2.169370 ^ _1367_/A (sg13g2_nand3_1)
     2    0.006465    0.088058    0.094505    2.263874 v _1367_/Y (sg13g2_nand3_1)
                                                         _1096_ (net)
                      0.088058    0.000000    2.263874 v _1368_/A (sg13g2_inv_1)
     3    0.010177    0.063867    0.070991    2.334865 ^ _1368_/Y (sg13g2_inv_1)
                                                         _1097_ (net)
                      0.063867    0.000000    2.334865 ^ _1369_/B (sg13g2_nor2_1)
     1    0.002389    0.026293    0.036522    2.371387 v _1369_/Y (sg13g2_nor2_1)
                                                         _1098_ (net)
                      0.026293    0.000000    2.371387 v _1370_/A (sg13g2_buf_1)
     5    0.016206    0.065821    0.098110    2.469497 v _1370_/X (sg13g2_buf_1)
                                                         u_uart_reg_reg_rsp_o_10_ (net)
                      0.065821    0.000000    2.469497 v _1371_/A (sg13g2_inv_1)
     2    0.007694    0.050192    0.054699    2.524196 ^ _1371_/Y (sg13g2_inv_1)
                                                         _1099_ (net)
                      0.050192    0.000000    2.524196 ^ gain265/A (sg13g2_buf_4)
     8    0.028950    0.049926    0.112493    2.636688 ^ gain265/X (sg13g2_buf_4)
                                                         net264 (net)
                      0.049926    0.000000    2.636688 ^ gain264/A (sg13g2_buf_4)
     8    0.032459    0.053412    0.115408    2.752097 ^ gain264/X (sg13g2_buf_4)
                                                         net263 (net)
                      0.053412    0.000000    2.752097 ^ _1457_/B1 (sg13g2_o21ai_1)
     1    0.002389    0.043936    0.046229    2.798326 v _1457_/Y (sg13g2_o21ai_1)
                                                         u_uart_reg_reg_rsp_o_28_ (net)
                      0.043936    0.000000    2.798326 v _3049_/A (sg13g2_buf_1)
     1    0.010000    0.045870    0.087238    2.885564 v _3049_/X (sg13g2_buf_1)
                                                         reg_rsp_o[28] (net)
                      0.045870    0.000000    2.885564 v reg_rsp_o[28] (out)
                                              2.885564   data arrival time

                      0.000000   10.050000   10.050000   clock core (rise edge)
                                  0.050000   10.100000   clock network delay (ideal)
                                 -0.025000   10.075001   clock uncertainty
                                  0.000000   10.075001   clock reconvergence pessimism
                                 -2.000000    8.075001   output external delay
                                              8.075001   data required time
---------------------------------------------------------------------------------------------
                                              8.075001   data required time
                                             -2.885564   data arrival time
---------------------------------------------------------------------------------------------
                                              5.189436   slack (MET)


Startpoint: reg_req_i[36] (input port clocked by core)
Endpoint: reg_rsp_o[30] (output port clocked by core)
Path Group: core
Path Type: max

Fanout         Cap        Slew       Delay        Time   Description
---------------------------------------------------------------------------------------------
                      0.000000    0.050000    0.050000   clock core (rise edge)
                                  0.050000    0.100000   clock network delay (ideal)
                                  2.000000    2.100000 v input external delay
     1    0.003358    0.000336    0.000336    2.100336 v reg_req_i[36] (in)
                                                         reg_req_i[36] (net)
                      0.000336    0.000000    2.100336 v _1359_/A (sg13g2_nor2_1)
     2    0.006278    0.072159    0.069034    2.169370 ^ _1359_/Y (sg13g2_nor2_1)
                                                         _1088_ (net)
                      0.072159    0.000000    2.169370 ^ _1367_/A (sg13g2_nand3_1)
     2    0.006465    0.088058    0.094505    2.263874 v _1367_/Y (sg13g2_nand3_1)
                                                         _1096_ (net)
                      0.088058    0.000000    2.263874 v _1368_/A (sg13g2_inv_1)
     3    0.010177    0.063867    0.070991    2.334865 ^ _1368_/Y (sg13g2_inv_1)
                                                         _1097_ (net)
                      0.063867    0.000000    2.334865 ^ _1369_/B (sg13g2_nor2_1)
     1    0.002389    0.026293    0.036522    2.371387 v _1369_/Y (sg13g2_nor2_1)
                                                         _1098_ (net)
                      0.026293    0.000000    2.371387 v _1370_/A (sg13g2_buf_1)
     5    0.016206    0.065821    0.098110    2.469497 v _1370_/X (sg13g2_buf_1)
                                                         u_uart_reg_reg_rsp_o_10_ (net)
                      0.065821    0.000000    2.469497 v _1371_/A (sg13g2_inv_1)
     2    0.007694    0.050192    0.054699    2.524196 ^ _1371_/Y (sg13g2_inv_1)
                                                         _1099_ (net)
                      0.050192    0.000000    2.524196 ^ gain265/A (sg13g2_buf_4)
     8    0.028950    0.049926    0.112493    2.636688 ^ gain265/X (sg13g2_buf_4)
                                                         net264 (net)
                      0.049926    0.000000    2.636688 ^ gain264/A (sg13g2_buf_4)
     8    0.032459    0.053412    0.115408    2.752097 ^ gain264/X (sg13g2_buf_4)
                                                         net263 (net)
                      0.053412    0.000000    2.752097 ^ _1376_/B1 (sg13g2_o21ai_1)
     1    0.002389    0.043936    0.046229    2.798326 v _1376_/Y (sg13g2_o21ai_1)
                                                         u_uart_reg_reg_rsp_o_30_ (net)
                      0.043936    0.000000    2.798326 v _3051_/A (sg13g2_buf_1)
     1    0.010000    0.045870    0.087238    2.885564 v _3051_/X (sg13g2_buf_1)
                                                         reg_rsp_o[30] (net)
                      0.045870    0.000000    2.885564 v reg_rsp_o[30] (out)
                                              2.885564   data arrival time

                      0.000000   10.050000   10.050000   clock core (rise edge)
                                  0.050000   10.100000   clock network delay (ideal)
                                 -0.025000   10.075001   clock uncertainty
                                  0.000000   10.075001   clock reconvergence pessimism
                                 -2.000000    8.075001   output external delay
                                              8.075001   data required time
---------------------------------------------------------------------------------------------
                                              8.075001   data required time
                                             -2.885564   data arrival time
---------------------------------------------------------------------------------------------
                                              5.189436   slack (MET)


Startpoint: reg_req_i[36] (input port clocked by core)
Endpoint: reg_rsp_o[27] (output port clocked by core)
Path Group: core
Path Type: max

Fanout         Cap        Slew       Delay        Time   Description
---------------------------------------------------------------------------------------------
                      0.000000    0.050000    0.050000   clock core (rise edge)
                                  0.050000    0.100000   clock network delay (ideal)
                                  2.000000    2.100000 v input external delay
     1    0.003358    0.000336    0.000336    2.100336 v reg_req_i[36] (in)
                                                         reg_req_i[36] (net)
                      0.000336    0.000000    2.100336 v _1359_/A (sg13g2_nor2_1)
     2    0.006278    0.072159    0.069034    2.169370 ^ _1359_/Y (sg13g2_nor2_1)
                                                         _1088_ (net)
                      0.072159    0.000000    2.169370 ^ _1367_/A (sg13g2_nand3_1)
     2    0.006465    0.088058    0.094505    2.263874 v _1367_/Y (sg13g2_nand3_1)
                                                         _1096_ (net)
                      0.088058    0.000000    2.263874 v _1368_/A (sg13g2_inv_1)
     3    0.010177    0.063867    0.070991    2.334865 ^ _1368_/Y (sg13g2_inv_1)
                                                         _1097_ (net)
                      0.063867    0.000000    2.334865 ^ _1369_/B (sg13g2_nor2_1)
     1    0.002389    0.026293    0.036522    2.371387 v _1369_/Y (sg13g2_nor2_1)
                                                         _1098_ (net)
                      0.026293    0.000000    2.371387 v _1370_/A (sg13g2_buf_1)
     5    0.016206    0.065821    0.098110    2.469497 v _1370_/X (sg13g2_buf_1)
                                                         u_uart_reg_reg_rsp_o_10_ (net)
                      0.065821    0.000000    2.469497 v _1371_/A (sg13g2_inv_1)
     2    0.007694    0.050192    0.054699    2.524196 ^ _1371_/Y (sg13g2_inv_1)
                                                         _1099_ (net)
                      0.050192    0.000000    2.524196 ^ gain265/A (sg13g2_buf_4)
     8    0.028950    0.049926    0.112493    2.636688 ^ gain265/X (sg13g2_buf_4)
                                                         net264 (net)
                      0.049926    0.000000    2.636688 ^ gain264/A (sg13g2_buf_4)
     8    0.032459    0.053412    0.115408    2.752097 ^ gain264/X (sg13g2_buf_4)
                                                         net263 (net)
                      0.053412    0.000000    2.752097 ^ _1463_/B1 (sg13g2_o21ai_1)
     1    0.002389    0.043655    0.046229    2.798326 v _1463_/Y (sg13g2_o21ai_1)
                                                         u_uart_reg_reg_rsp_o_27_ (net)
                      0.043655    0.000000    2.798326 v _3048_/A (sg13g2_buf_1)
     1    0.010000    0.045863    0.087134    2.885460 v _3048_/X (sg13g2_buf_1)
                                                         reg_rsp_o[27] (net)
                      0.045863    0.000000    2.885460 v reg_rsp_o[27] (out)
                                              2.885460   data arrival time

                      0.000000   10.050000   10.050000   clock core (rise edge)
                                  0.050000   10.100000   clock network delay (ideal)
                                 -0.025000   10.075001   clock uncertainty
                                  0.000000   10.075001   clock reconvergence pessimism
                                 -2.000000    8.075001   output external delay
                                              8.075001   data required time
---------------------------------------------------------------------------------------------
                                              8.075001   data required time
                                             -2.885460   data arrival time
---------------------------------------------------------------------------------------------
                                              5.189540   slack (MET)


Startpoint: reg_req_i[36] (input port clocked by core)
Endpoint: reg_rsp_o[29] (output port clocked by core)
Path Group: core
Path Type: max

Fanout         Cap        Slew       Delay        Time   Description
---------------------------------------------------------------------------------------------
                      0.000000    0.050000    0.050000   clock core (rise edge)
                                  0.050000    0.100000   clock network delay (ideal)
                                  2.000000    2.100000 v input external delay
     1    0.003358    0.000336    0.000336    2.100336 v reg_req_i[36] (in)
                                                         reg_req_i[36] (net)
                      0.000336    0.000000    2.100336 v _1359_/A (sg13g2_nor2_1)
     2    0.006278    0.072159    0.069034    2.169370 ^ _1359_/Y (sg13g2_nor2_1)
                                                         _1088_ (net)
                      0.072159    0.000000    2.169370 ^ _1367_/A (sg13g2_nand3_1)
     2    0.006465    0.088058    0.094505    2.263874 v _1367_/Y (sg13g2_nand3_1)
                                                         _1096_ (net)
                      0.088058    0.000000    2.263874 v _1368_/A (sg13g2_inv_1)
     3    0.010177    0.063867    0.070991    2.334865 ^ _1368_/Y (sg13g2_inv_1)
                                                         _1097_ (net)
                      0.063867    0.000000    2.334865 ^ _1369_/B (sg13g2_nor2_1)
     1    0.002389    0.026293    0.036522    2.371387 v _1369_/Y (sg13g2_nor2_1)
                                                         _1098_ (net)
                      0.026293    0.000000    2.371387 v _1370_/A (sg13g2_buf_1)
     5    0.016206    0.065821    0.098110    2.469497 v _1370_/X (sg13g2_buf_1)
                                                         u_uart_reg_reg_rsp_o_10_ (net)
                      0.065821    0.000000    2.469497 v _1371_/A (sg13g2_inv_1)
     2    0.007694    0.050192    0.054699    2.524196 ^ _1371_/Y (sg13g2_inv_1)
                                                         _1099_ (net)
                      0.050192    0.000000    2.524196 ^ gain265/A (sg13g2_buf_4)
     8    0.028950    0.049926    0.112493    2.636688 ^ gain265/X (sg13g2_buf_4)
                                                         net264 (net)
                      0.049926    0.000000    2.636688 ^ gain264/A (sg13g2_buf_4)
     8    0.032459    0.053412    0.115408    2.752097 ^ gain264/X (sg13g2_buf_4)
                                                         net263 (net)
                      0.053412    0.000000    2.752097 ^ _1452_/B1 (sg13g2_o21ai_1)
     1    0.002389    0.042259    0.046229    2.798326 v _1452_/Y (sg13g2_o21ai_1)
                                                         u_uart_reg_reg_rsp_o_29_ (net)
                      0.042259    0.000000    2.798326 v _3050_/A (sg13g2_buf_1)
     1    0.010000    0.045826    0.086614    2.884940 v _3050_/X (sg13g2_buf_1)
                                                         reg_rsp_o[29] (net)
                      0.045826    0.000000    2.884940 v reg_rsp_o[29] (out)
                                              2.884940   data arrival time

                      0.000000   10.050000   10.050000   clock core (rise edge)
                                  0.050000   10.100000   clock network delay (ideal)
                                 -0.025000   10.075001   clock uncertainty
                                  0.000000   10.075001   clock reconvergence pessimism
                                 -2.000000    8.075001   output external delay
                                              8.075001   data required time
---------------------------------------------------------------------------------------------
                                              8.075001   data required time
                                             -2.884940   data arrival time
---------------------------------------------------------------------------------------------
                                              5.190061   slack (MET)


Startpoint: reg_req_i[36] (input port clocked by core)
Endpoint: reg_rsp_o[31] (output port clocked by core)
Path Group: core
Path Type: max

Fanout         Cap        Slew       Delay        Time   Description
---------------------------------------------------------------------------------------------
                      0.000000    0.050000    0.050000   clock core (rise edge)
                                  0.050000    0.100000   clock network delay (ideal)
                                  2.000000    2.100000 v input external delay
     1    0.003358    0.000336    0.000336    2.100336 v reg_req_i[36] (in)
                                                         reg_req_i[36] (net)
                      0.000336    0.000000    2.100336 v _1359_/A (sg13g2_nor2_1)
     2    0.006278    0.072159    0.069034    2.169370 ^ _1359_/Y (sg13g2_nor2_1)
                                                         _1088_ (net)
                      0.072159    0.000000    2.169370 ^ _1367_/A (sg13g2_nand3_1)
     2    0.006465    0.088058    0.094505    2.263874 v _1367_/Y (sg13g2_nand3_1)
                                                         _1096_ (net)
                      0.088058    0.000000    2.263874 v _1368_/A (sg13g2_inv_1)
     3    0.010177    0.063867    0.070991    2.334865 ^ _1368_/Y (sg13g2_inv_1)
                                                         _1097_ (net)
                      0.063867    0.000000    2.334865 ^ _1369_/B (sg13g2_nor2_1)
     1    0.002389    0.026293    0.036522    2.371387 v _1369_/Y (sg13g2_nor2_1)
                                                         _1098_ (net)
                      0.026293    0.000000    2.371387 v _1370_/A (sg13g2_buf_1)
     5    0.016206    0.065821    0.098110    2.469497 v _1370_/X (sg13g2_buf_1)
                                                         u_uart_reg_reg_rsp_o_10_ (net)
                      0.065821    0.000000    2.469497 v _1371_/A (sg13g2_inv_1)
     2    0.007694    0.050192    0.054699    2.524196 ^ _1371_/Y (sg13g2_inv_1)
                                                         _1099_ (net)
                      0.050192    0.000000    2.524196 ^ gain265/A (sg13g2_buf_4)
     8    0.028950    0.049926    0.112493    2.636688 ^ gain265/X (sg13g2_buf_4)
                                                         net264 (net)
                      0.049926    0.000000    2.636688 ^ gain264/A (sg13g2_buf_4)
     8    0.032459    0.053412    0.115408    2.752097 ^ gain264/X (sg13g2_buf_4)
                                                         net263 (net)
                      0.053412    0.000000    2.752097 ^ _1374_/B1 (sg13g2_o21ai_1)
     1    0.002389    0.041680    0.046229    2.798326 v _1374_/Y (sg13g2_o21ai_1)
                                                         u_uart_reg_reg_rsp_o_31_ (net)
                      0.041680    0.000000    2.798326 v _3052_/A (sg13g2_buf_1)
     1    0.010000    0.045810    0.086399    2.884725 v _3052_/X (sg13g2_buf_1)
                                                         reg_rsp_o[31] (net)
                      0.045810    0.000000    2.884725 v reg_rsp_o[31] (out)
                                              2.884725   data arrival time

                      0.000000   10.050000   10.050000   clock core (rise edge)
                                  0.050000   10.100000   clock network delay (ideal)
                                 -0.025000   10.075001   clock uncertainty
                                  0.000000   10.075001   clock reconvergence pessimism
                                 -2.000000    8.075001   output external delay
                                              8.075001   data required time
---------------------------------------------------------------------------------------------
                                              8.075001   data required time
                                             -2.884725   data arrival time
---------------------------------------------------------------------------------------------
                                              5.190276   slack (MET)


Startpoint: reg_req_i[36] (input port clocked by core)
Endpoint: reg_rsp_o[9] (output port clocked by core)
Path Group: core
Path Type: max

Fanout         Cap        Slew       Delay        Time   Description
---------------------------------------------------------------------------------------------
                      0.000000    0.050000    0.050000   clock core (rise edge)
                                  0.050000    0.100000   clock network delay (ideal)
                                  2.000000    2.100000 v input external delay
     1    0.003358    0.000336    0.000336    2.100336 v reg_req_i[36] (in)
                                                         reg_req_i[36] (net)
                      0.000336    0.000000    2.100336 v _1359_/A (sg13g2_nor2_1)
     2    0.006278    0.072159    0.069034    2.169370 ^ _1359_/Y (sg13g2_nor2_1)
                                                         _1088_ (net)
                      0.072159    0.000000    2.169370 ^ _1367_/A (sg13g2_nand3_1)
     2    0.006465    0.088058    0.094505    2.263874 v _1367_/Y (sg13g2_nand3_1)
                                                         _1096_ (net)
                      0.088058    0.000000    2.263874 v _1368_/A (sg13g2_inv_1)
     3    0.010177    0.063867    0.070991    2.334865 ^ _1368_/Y (sg13g2_inv_1)
                                                         _1097_ (net)
                      0.063867    0.000000    2.334865 ^ _1562_/A (sg13g2_nand2_1)
     2    0.006228    0.057977    0.066435    2.401299 v _1562_/Y (sg13g2_nand2_1)
                                                         _1261_ (net)
                      0.057977    0.000000    2.401299 v _1563_/B1 (sg13g2_a21oi_1)
     1    0.004003    0.070777    0.076051    2.477350 ^ _1563_/Y (sg13g2_a21oi_1)
                                                         _1262_ (net)
                      0.070777    0.000000    2.477350 ^ gain259/A (sg13g2_buf_4)
     8    0.027752    0.049394    0.121065    2.598416 ^ gain259/X (sg13g2_buf_4)
                                                         net258 (net)
                      0.049394    0.000000    2.598416 ^ _2582_/B (sg13g2_nand2_1)
     1    0.003261    0.044265    0.053043    2.651459 v _2582_/Y (sg13g2_nand2_1)
                                                         _0971_ (net)
                      0.044265    0.000000    2.651459 v _2584_/A2 (sg13g2_o21ai_1)
     1    0.002476    0.069831    0.078576    2.730035 ^ _2584_/Y (sg13g2_o21ai_1)
                                                         u_uart_reg_reg_rsp_o_9_ (net)
                      0.069831    0.000000    2.730035 ^ _3030_/A (sg13g2_buf_1)
     1    0.010000    0.055759    0.097383    2.827418 ^ _3030_/X (sg13g2_buf_1)
                                                         reg_rsp_o[9] (net)
                      0.055759    0.000000    2.827418 ^ reg_rsp_o[9] (out)
                                              2.827418   data arrival time

                      0.000000   10.050000   10.050000   clock core (rise edge)
                                  0.050000   10.100000   clock network delay (ideal)
                                 -0.025000   10.075001   clock uncertainty
                                  0.000000   10.075001   clock reconvergence pessimism
                                 -2.000000    8.075001   output external delay
                                              8.075001   data required time
---------------------------------------------------------------------------------------------
                                              8.075001   data required time
                                             -2.827418   data arrival time
---------------------------------------------------------------------------------------------
                                              5.247582   slack (MET)


Startpoint: rst_ni (input port clocked by core)
Endpoint: _2769_ (recovery check against rising-edge clock core)
Path Group: asynchronous
Path Type: max

Fanout         Cap        Slew       Delay        Time   Description
---------------------------------------------------------------------------------------------
                      0.000000    0.050000    0.050000   clock core (rise edge)
                                  0.050000    0.100000   clock network delay (ideal)
                                  2.000000    2.100000 ^ input external delay
     4    0.021873    0.002187    0.002187    2.102187 ^ rst_ni (in)
                                                         rst_ni (net)
                      0.002187    0.000000    2.102187 ^ _2769_/RESET_B (sg13g2_dfrbpq_1)
                                              2.102187   data arrival time

                      0.000000   10.050000   10.050000   clock core (rise edge)
                                  0.050000   10.100000   clock network delay (ideal)
                                 -0.025000   10.075001   clock uncertainty
                                  0.000000   10.075001   clock reconvergence pessimism
                                             10.075001 ^ _2769_/CLK (sg13g2_dfrbpq_1)
                                 -0.115227    9.959774   library recovery time
                                              9.959774   data required time
---------------------------------------------------------------------------------------------
                                              9.959774   data required time
                                             -2.102187   data arrival time
---------------------------------------------------------------------------------------------
                                              7.857587   slack (MET)


Startpoint: rst_ni (input port clocked by core)
Endpoint: _2770_ (recovery check against rising-edge clock core)
Path Group: asynchronous
Path Type: max

Fanout         Cap        Slew       Delay        Time   Description
---------------------------------------------------------------------------------------------
                      0.000000    0.050000    0.050000   clock core (rise edge)
                                  0.050000    0.100000   clock network delay (ideal)
                                  2.000000    2.100000 ^ input external delay
     4    0.021873    0.002187    0.002187    2.102187 ^ rst_ni (in)
                                                         rst_ni (net)
                      0.002187    0.000000    2.102187 ^ _2770_/RESET_B (sg13g2_dfrbpq_1)
                                              2.102187   data arrival time

                      0.000000   10.050000   10.050000   clock core (rise edge)
                                  0.050000   10.100000   clock network delay (ideal)
                                 -0.025000   10.075001   clock uncertainty
                                  0.000000   10.075001   clock reconvergence pessimism
                                             10.075001 ^ _2770_/CLK (sg13g2_dfrbpq_1)
                                 -0.115227    9.959774   library recovery time
                                              9.959774   data required time
---------------------------------------------------------------------------------------------
                                              9.959774   data required time
                                             -2.102187   data arrival time
---------------------------------------------------------------------------------------------
                                              7.857587   slack (MET)


Startpoint: rst_ni (input port clocked by core)
Endpoint: _2771_ (recovery check against rising-edge clock core)
Path Group: asynchronous
Path Type: max

Fanout         Cap        Slew       Delay        Time   Description
---------------------------------------------------------------------------------------------
                      0.000000    0.050000    0.050000   clock core (rise edge)
                                  0.050000    0.100000   clock network delay (ideal)
                                  2.000000    2.100000 ^ input external delay
     4    0.021873    0.002187    0.002187    2.102187 ^ rst_ni (in)
                                                         rst_ni (net)
                      0.002187    0.000000    2.102187 ^ _2771_/RESET_B (sg13g2_dfrbpq_1)
                                              2.102187   data arrival time

                      0.000000   10.050000   10.050000   clock core (rise edge)
                                  0.050000   10.100000   clock network delay (ideal)
                                 -0.025000   10.075001   clock uncertainty
                                  0.000000   10.075001   clock reconvergence pessimism
                                             10.075001 ^ _2771_/CLK (sg13g2_dfrbpq_1)
                                 -0.115227    9.959774   library recovery time
                                              9.959774   data required time
---------------------------------------------------------------------------------------------
                                              9.959774   data required time
                                             -2.102187   data arrival time
---------------------------------------------------------------------------------------------
                                              7.857587   slack (MET)


Startpoint: rst_ni (input port clocked by core)
Endpoint: _2772_ (recovery check against rising-edge clock core)
Path Group: asynchronous
Path Type: max

Fanout         Cap        Slew       Delay        Time   Description
---------------------------------------------------------------------------------------------
                      0.000000    0.050000    0.050000   clock core (rise edge)
                                  0.050000    0.100000   clock network delay (ideal)
                                  2.000000    2.100000 ^ input external delay
     4    0.021873    0.002187    0.002187    2.102187 ^ rst_ni (in)
                                                         rst_ni (net)
                      0.002187    0.000000    2.102187 ^ _2772_/RESET_B (sg13g2_dfrbpq_1)
                                              2.102187   data arrival time

                      0.000000   10.050000   10.050000   clock core (rise edge)
                                  0.050000   10.100000   clock network delay (ideal)
                                 -0.025000   10.075001   clock uncertainty
                                  0.000000   10.075001   clock reconvergence pessimism
                                             10.075001 ^ _2772_/CLK (sg13g2_dfrbpq_1)
                                 -0.115227    9.959774   library recovery time
                                              9.959774   data required time
---------------------------------------------------------------------------------------------
                                              9.959774   data required time
                                             -2.102187   data arrival time
---------------------------------------------------------------------------------------------
                                              7.857587   slack (MET)


Startpoint: _2744_ (rising edge-triggered flip-flop clocked by core)
Endpoint: _2703_ (recovery check against rising-edge clock core)
Path Group: asynchronous
Path Type: max

Fanout         Cap        Slew       Delay        Time   Description
---------------------------------------------------------------------------------------------
                      0.000000    0.050000    0.050000   clock core (rise edge)
                                  0.050000    0.100000   clock network delay (ideal)
                      0.000000    0.000000    0.100000 ^ _2744_/CLK (sg13g2_dfrbpq_1)
     1    0.002476    0.024643    0.153546    0.253546 ^ _2744_/Q (sg13g2_dfrbpq_1)
                                                         u_uart_core_tx_rst_ni (net)
                      0.024643    0.000000    0.253546 ^ gain374/A (sg13g2_buf_1)
     2    0.018768    0.091551    0.108263    0.361808 ^ gain374/X (sg13g2_buf_1)
                                                         net373 (net)
                      0.091551    0.000000    0.361808 ^ gain373/A (sg13g2_buf_8)
     8    0.051578    0.044467    0.108554    0.470362 ^ gain373/X (sg13g2_buf_8)
                                                         net372 (net)
                      0.044467    0.000000    0.470362 ^ gain370/A (sg13g2_buf_8)
     8    0.043746    0.038643    0.085690    0.556052 ^ gain370/X (sg13g2_buf_8)
                                                         net369 (net)
                      0.038643    0.000000    0.556052 ^ _2703_/RESET_B (sg13g2_dfrbpq_1)
                                              0.556052   data arrival time

                      0.000000   10.050000   10.050000   clock core (rise edge)
                                  0.050000   10.100000   clock network delay (ideal)
                                 -0.025000   10.075001   clock uncertainty
                                  0.000000   10.075001   clock reconvergence pessimism
                                             10.075001 ^ _2703_/CLK (sg13g2_dfrbpq_1)
                                 -0.124734    9.950267   library recovery time
                                              9.950267   data required time
---------------------------------------------------------------------------------------------
                                              9.950267   data required time
                                             -0.556052   data arrival time
---------------------------------------------------------------------------------------------
                                              9.394215   slack (MET)


Startpoint: _2744_ (rising edge-triggered flip-flop clocked by core)
Endpoint: _2739_ (recovery check against rising-edge clock core)
Path Group: asynchronous
Path Type: max

Fanout         Cap        Slew       Delay        Time   Description
---------------------------------------------------------------------------------------------
                      0.000000    0.050000    0.050000   clock core (rise edge)
                                  0.050000    0.100000   clock network delay (ideal)
                      0.000000    0.000000    0.100000 ^ _2744_/CLK (sg13g2_dfrbpq_1)
     1    0.002476    0.024643    0.153546    0.253546 ^ _2744_/Q (sg13g2_dfrbpq_1)
                                                         u_uart_core_tx_rst_ni (net)
                      0.024643    0.000000    0.253546 ^ gain374/A (sg13g2_buf_1)
     2    0.018768    0.091551    0.108263    0.361808 ^ gain374/X (sg13g2_buf_1)
                                                         net373 (net)
                      0.091551    0.000000    0.361808 ^ gain373/A (sg13g2_buf_8)
     8    0.051578    0.044467    0.108554    0.470362 ^ gain373/X (sg13g2_buf_8)
                                                         net372 (net)
                      0.044467    0.000000    0.470362 ^ gain370/A (sg13g2_buf_8)
     8    0.043746    0.038643    0.085690    0.556052 ^ gain370/X (sg13g2_buf_8)
                                                         net369 (net)
                      0.038643    0.000000    0.556052 ^ _2739_/RESET_B (sg13g2_dfrbpq_1)
                                              0.556052   data arrival time

                      0.000000   10.050000   10.050000   clock core (rise edge)
                                  0.050000   10.100000   clock network delay (ideal)
                                 -0.025000   10.075001   clock uncertainty
                                  0.000000   10.075001   clock reconvergence pessimism
                                             10.075001 ^ _2739_/CLK (sg13g2_dfrbpq_1)
                                 -0.124734    9.950267   library recovery time
                                              9.950267   data required time
---------------------------------------------------------------------------------------------
                                              9.950267   data required time
                                             -0.556052   data arrival time
---------------------------------------------------------------------------------------------
                                              9.394215   slack (MET)


Startpoint: _2744_ (rising edge-triggered flip-flop clocked by core)
Endpoint: _2742_ (recovery check against rising-edge clock core)
Path Group: asynchronous
Path Type: max

Fanout         Cap        Slew       Delay        Time   Description
---------------------------------------------------------------------------------------------
                      0.000000    0.050000    0.050000   clock core (rise edge)
                                  0.050000    0.100000   clock network delay (ideal)
                      0.000000    0.000000    0.100000 ^ _2744_/CLK (sg13g2_dfrbpq_1)
     1    0.002476    0.024643    0.153546    0.253546 ^ _2744_/Q (sg13g2_dfrbpq_1)
                                                         u_uart_core_tx_rst_ni (net)
                      0.024643    0.000000    0.253546 ^ gain374/A (sg13g2_buf_1)
     2    0.018768    0.091551    0.108263    0.361808 ^ gain374/X (sg13g2_buf_1)
                                                         net373 (net)
                      0.091551    0.000000    0.361808 ^ gain373/A (sg13g2_buf_8)
     8    0.051578    0.044467    0.108554    0.470362 ^ gain373/X (sg13g2_buf_8)
                                                         net372 (net)
                      0.044467    0.000000    0.470362 ^ gain370/A (sg13g2_buf_8)
     8    0.043746    0.038643    0.085690    0.556052 ^ gain370/X (sg13g2_buf_8)
                                                         net369 (net)
                      0.038643    0.000000    0.556052 ^ _2742_/RESET_B (sg13g2_dfrbpq_1)
                                              0.556052   data arrival time

                      0.000000   10.050000   10.050000   clock core (rise edge)
                                  0.050000   10.100000   clock network delay (ideal)
                                 -0.025000   10.075001   clock uncertainty
                                  0.000000   10.075001   clock reconvergence pessimism
                                             10.075001 ^ _2742_/CLK (sg13g2_dfrbpq_1)
                                 -0.124734    9.950267   library recovery time
                                              9.950267   data required time
---------------------------------------------------------------------------------------------
                                              9.950267   data required time
                                             -0.556052   data arrival time
---------------------------------------------------------------------------------------------
                                              9.394215   slack (MET)


Startpoint: _2744_ (rising edge-triggered flip-flop clocked by core)
Endpoint: _2747_ (recovery check against rising-edge clock core)
Path Group: asynchronous
Path Type: max

Fanout         Cap        Slew       Delay        Time   Description
---------------------------------------------------------------------------------------------
                      0.000000    0.050000    0.050000   clock core (rise edge)
                                  0.050000    0.100000   clock network delay (ideal)
                      0.000000    0.000000    0.100000 ^ _2744_/CLK (sg13g2_dfrbpq_1)
     1    0.002476    0.024643    0.153546    0.253546 ^ _2744_/Q (sg13g2_dfrbpq_1)
                                                         u_uart_core_tx_rst_ni (net)
                      0.024643    0.000000    0.253546 ^ gain374/A (sg13g2_buf_1)
     2    0.018768    0.091551    0.108263    0.361808 ^ gain374/X (sg13g2_buf_1)
                                                         net373 (net)
                      0.091551    0.000000    0.361808 ^ gain373/A (sg13g2_buf_8)
     8    0.051578    0.044467    0.108554    0.470362 ^ gain373/X (sg13g2_buf_8)
                                                         net372 (net)
                      0.044467    0.000000    0.470362 ^ gain370/A (sg13g2_buf_8)
     8    0.043746    0.038643    0.085690    0.556052 ^ gain370/X (sg13g2_buf_8)
                                                         net369 (net)
                      0.038643    0.000000    0.556052 ^ _2747_/RESET_B (sg13g2_dfrbpq_1)
                                              0.556052   data arrival time

                      0.000000   10.050000   10.050000   clock core (rise edge)
                                  0.050000   10.100000   clock network delay (ideal)
                                 -0.025000   10.075001   clock uncertainty
                                  0.000000   10.075001   clock reconvergence pessimism
                                             10.075001 ^ _2747_/CLK (sg13g2_dfrbpq_1)
                                 -0.124734    9.950267   library recovery time
                                              9.950267   data required time
---------------------------------------------------------------------------------------------
                                              9.950267   data required time
                                             -0.556052   data arrival time
---------------------------------------------------------------------------------------------
                                              9.394215   slack (MET)


Startpoint: _2744_ (rising edge-triggered flip-flop clocked by core)
Endpoint: _2965_ (recovery check against rising-edge clock core)
Path Group: asynchronous
Path Type: max

Fanout         Cap        Slew       Delay        Time   Description
---------------------------------------------------------------------------------------------
                      0.000000    0.050000    0.050000   clock core (rise edge)
                                  0.050000    0.100000   clock network delay (ideal)
                      0.000000    0.000000    0.100000 ^ _2744_/CLK (sg13g2_dfrbpq_1)
     1    0.002476    0.024643    0.153546    0.253546 ^ _2744_/Q (sg13g2_dfrbpq_1)
                                                         u_uart_core_tx_rst_ni (net)
                      0.024643    0.000000    0.253546 ^ gain374/A (sg13g2_buf_1)
     2    0.018768    0.091551    0.108263    0.361808 ^ gain374/X (sg13g2_buf_1)
                                                         net373 (net)
                      0.091551    0.000000    0.361808 ^ gain373/A (sg13g2_buf_8)
     8    0.051578    0.044467    0.108554    0.470362 ^ gain373/X (sg13g2_buf_8)
                                                         net372 (net)
                      0.044467    0.000000    0.470362 ^ gain370/A (sg13g2_buf_8)
     8    0.043746    0.038643    0.085690    0.556052 ^ gain370/X (sg13g2_buf_8)
                                                         net369 (net)
                      0.038643    0.000000    0.556052 ^ _2965_/RESET_B (sg13g2_dfrbpq_1)
                                              0.556052   data arrival time

                      0.000000   10.050000   10.050000   clock core (rise edge)
                                  0.050000   10.100000   clock network delay (ideal)
                                 -0.025000   10.075001   clock uncertainty
                                  0.000000   10.075001   clock reconvergence pessimism
                                             10.075001 ^ _2965_/CLK (sg13g2_dfrbpq_1)
                                 -0.124734    9.950267   library recovery time
                                              9.950267   data required time
---------------------------------------------------------------------------------------------
                                              9.950267   data required time
                                             -0.556052   data arrival time
---------------------------------------------------------------------------------------------
                                              9.394215   slack (MET)


Startpoint: _2744_ (rising edge-triggered flip-flop clocked by core)
Endpoint: _2966_ (recovery check against rising-edge clock core)
Path Group: asynchronous
Path Type: max

Fanout         Cap        Slew       Delay        Time   Description
---------------------------------------------------------------------------------------------
                      0.000000    0.050000    0.050000   clock core (rise edge)
                                  0.050000    0.100000   clock network delay (ideal)
                      0.000000    0.000000    0.100000 ^ _2744_/CLK (sg13g2_dfrbpq_1)
     1    0.002476    0.024643    0.153546    0.253546 ^ _2744_/Q (sg13g2_dfrbpq_1)
                                                         u_uart_core_tx_rst_ni (net)
                      0.024643    0.000000    0.253546 ^ gain374/A (sg13g2_buf_1)
     2    0.018768    0.091551    0.108263    0.361808 ^ gain374/X (sg13g2_buf_1)
                                                         net373 (net)
                      0.091551    0.000000    0.361808 ^ gain373/A (sg13g2_buf_8)
     8    0.051578    0.044467    0.108554    0.470362 ^ gain373/X (sg13g2_buf_8)
                                                         net372 (net)
                      0.044467    0.000000    0.470362 ^ gain370/A (sg13g2_buf_8)
     8    0.043746    0.038643    0.085690    0.556052 ^ gain370/X (sg13g2_buf_8)
                                                         net369 (net)
                      0.038643    0.000000    0.556052 ^ _2966_/RESET_B (sg13g2_dfrbpq_1)
                                              0.556052   data arrival time

                      0.000000   10.050000   10.050000   clock core (rise edge)
                                  0.050000   10.100000   clock network delay (ideal)
                                 -0.025000   10.075001   clock uncertainty
                                  0.000000   10.075001   clock reconvergence pessimism
                                             10.075001 ^ _2966_/CLK (sg13g2_dfrbpq_1)
                                 -0.124734    9.950267   library recovery time
                                              9.950267   data required time
---------------------------------------------------------------------------------------------
                                              9.950267   data required time
                                             -0.556052   data arrival time
---------------------------------------------------------------------------------------------
                                              9.394215   slack (MET)

=== FlexSoC normalized power fields ===
dynamic_power_definition=internal_power+switching_power
power_unit=OpenSTA report unit; see Units section
internal_power=0.00222
switching_power=2.23e-05
dynamic_power=0.0022423
leakage_power=2.54e-06
total_power=0.00224

=== Gate-level timing/power fusion ===
power_semantics=average_instance_power_from_the_same_VCD_SAIF_context
path_power_sum=unique_instance_average_power_sum_not_incremental_path_energy
fanout_capacitance_source=OpenSTA_report_checks_output_pin_fields

Worst path 1: status=met slack=5.1689 type=max group=core
startpoint=reg_req_i[36] (input port clocked by core)
endpoint=reg_rsp_o[1] (output port clocked by core)
path_power_complete=true
path_average_power_sum internal=6.70681e-08 switching=9.93935e-08 dynamic=1.66462e-07 leakage=8.41142e-09 total=1.74873e-07
stage instance cell pins fanout capacitance slew delay arrival internal switching dynamic leakage total
1 _1359_ sg13g2_nor2_1 A,Y 2 0.006278 0.072159 0.069034 2.16937 0 2.44759e-09 2.44759e-09 4.11395e-10 2.85899e-09
2 _1361_ sg13g2_nand2_1 A,Y 2 0.009306 0.076186 0.084231 2.2536 1.33154e-09 3.85031e-09 5.18185e-09 1.52142e-09 6.70327e-09
3 _1365_ sg13g2_inv_2 A,Y 4 0.012608 0.04463 0.049856 2.30346 1.48013e-09 4.93095e-09 6.41108e-09 4.11474e-10 6.82256e-09
4 _1508_ sg13g2_nand3_1 A,Y 1 0.002389 0.05147 0.059797 2.36325 6.40202e-09 2.71656e-09 9.11858e-09 3.27057e-10 9.44564e-09
5 gain289 sg13g2_buf_1 A,X 4 0.01625 0.066422 0.107718 2.47097 8.94066e-09 2.01411e-08 2.90818e-08 7.87156e-10 2.9869e-08
6 _1509_ sg13g2_inv_2 A,Y 5 0.018099 0.054171 0.057605 2.52858 4.50783e-09 1.98544e-08 2.43622e-08 1.41835e-09 2.57805e-08
7 _1643_ sg13g2_o21ai_1 A2,Y 1 0.003444 0.049485 0.061417 2.58999 2.18127e-08 1.7546e-08 3.93588e-08 5.31901e-10 3.98907e-08
8 _1644_ sg13g2_o21ai_1 B1,Y 1 0.004142 0.084684 0.046414 2.63641 1.61511e-08 1.96912e-08 3.58423e-08 9.77256e-10 3.68196e-08
9 _1645_ sg13g2_o21ai_1 A2,Y 2 0.009991 0.090607 0.102441 2.73885 1.73114e-09 3.65328e-09 5.38442e-09 5.41473e-10 5.92589e-09
10 _2555_ sg13g2_a21oi_1 A1,Y 1 0.002476 0.053467 0.075781 2.81463 1.81686e-09 9.05519e-10 2.72238e-09 5.84176e-10 3.30655e-09
11 _3022_ sg13g2_buf_1 A,X 1 0.01 0.055296 0.09147 2.9061 2.89407e-09 3.65661e-09 6.55068e-09 8.99765e-10 7.45044e-09

Worst path 2: status=met slack=5.18197 type=max group=core
startpoint=reg_req_i[36] (input port clocked by core)
endpoint=reg_rsp_o[19] (output port clocked by core)
path_power_complete=true
path_average_power_sum internal=8.24706e-08 switching=1.19369e-07 dynamic=2.01839e-07 leakage=8.15175e-09 total=2.09991e-07
stage instance cell pins fanout capacitance slew delay arrival internal switching dynamic leakage total
1 _1359_ sg13g2_nor2_1 A,Y 2 0.006278 0.072159 0.069034 2.16937 0 2.44759e-09 2.44759e-09 4.11395e-10 2.85899e-09
2 _1361_ sg13g2_nand2_1 A,Y 2 0.009306 0.076186 0.084231 2.2536 1.33154e-09 3.85031e-09 5.18185e-09 1.52142e-09 6.70327e-09
3 _1365_ sg13g2_inv_2 A,Y 4 0.012608 0.04463 0.049856 2.30346 1.48013e-09 4.93095e-09 6.41108e-09 4.11474e-10 6.82256e-09
4 _1508_ sg13g2_nand3_1 A,Y 1 0.002389 0.05147 0.059797 2.36325 6.40202e-09 2.71656e-09 9.11858e-09 3.27057e-10 9.44564e-09
5 gain289 sg13g2_buf_1 A,X 4 0.01625 0.066422 0.107718 2.47097 8.94066e-09 2.01411e-08 2.90818e-08 7.87156e-10 2.9869e-08
6 _1509_ sg13g2_inv_2 A,Y 5 0.018099 0.054171 0.057605 2.52858 4.50783e-09 1.98544e-08 2.43622e-08 1.41835e-09 2.57805e-08
7 _1514_ sg13g2_nand2_1 B,Y 3 0.010033 0.078481 0.085847 2.61442 4.60679e-09 1.25668e-08 1.71736e-08 3.11782e-10 1.74854e-08
8 _1525_ sg13g2_nor3_1 C,Y 1 0.003632 0.099101 0.0973 2.71172 2.1566e-09 1.32795e-09 3.48455e-09 5.10317e-10 3.99487e-09
9 _1526_ sg13g2_nor2_1 B,Y 1 0.003444 0.035856 0.048471 2.76019 1.30641e-09 1.3497e-09 2.65611e-09 4.11395e-10 3.0675e-09
10 _1527_ sg13g2_o21ai_1 B1,Y 1 0.002476 0.068184 0.036044 2.79624 1.99326e-08 9.96071e-09 2.98934e-08 1.16572e-09 3.10591e-08
11 _3040_ sg13g2_buf_1 A,X 1 0.01 0.055712 0.096788 2.89303 3.1806e-08 4.02227e-08 7.20287e-08 8.75677e-10 7.29044e-08

Worst path 3: status=met slack=5.18843 type=max group=core
startpoint=reg_req_i[36] (input port clocked by core)
endpoint=reg_rsp_o[32] (output port clocked by core)
path_power_complete=true
path_average_power_sum internal=7.65942e-08 switching=9.16166e-08 dynamic=1.68211e-07 leakage=9.32273e-09 total=1.77534e-07
stage instance cell pins fanout capacitance slew delay arrival internal switching dynamic leakage total
1 _1359_ sg13g2_nor2_1 A,Y 2 0.006278 0.072159 0.069034 2.16937 0 2.44759e-09 2.44759e-09 4.11395e-10 2.85899e-09
2 _1367_ sg13g2_nand3_1 A,Y 2 0.006465 0.088058 0.094505 2.26387 0 2.47353e-09 2.47353e-09 1.13912e-10 2.58744e-09
3 _1368_ sg13g2_inv_1 A,Y 3 0.010177 0.063867 0.070991 2.33487 8.77113e-10 3.7214e-09 4.59851e-09 7.60847e-10 5.35936e-09
4 _1369_ sg13g2_nor2_1 B,Y 1 0.002389 0.026293 0.036522 2.37139 1.59038e-09 9.05519e-10 2.4959e-09 9.82608e-10 3.47851e-09
5 _1370_ sg13g2_buf_1 A,X 5 0.016206 0.065821 0.09811 2.4695 2.97773e-09 6.61666e-09 9.59439e-09 8.99765e-10 1.04942e-08
6 _1371_ sg13g2_inv_1 A,Y 2 0.007694 0.050192 0.054699 2.5242 8.55733e-10 2.81343e-09 3.66916e-09 2.05956e-10 3.87511e-09
7 gain265 sg13g2_buf_4 A,X 8 0.02895 0.049926 0.112493 2.63669 9.36662e-09 1.0586e-08 1.99526e-08 1.95338e-09 2.1906e-08
8 gain264 sg13g2_buf_4 A,X 8 0.032459 0.053412 0.115408 2.7521 9.39173e-09 1.18691e-08 2.12608e-08 1.9535e-09 2.32143e-08
9 _1372_ sg13g2_o21ai_1 B1,Y 1 0.002389 0.046635 0.046229 2.79833 1.97497e-08 9.96071e-09 2.97104e-08 1.1657e-09 3.08761e-08
10 _3053_ sg13g2_buf_1 A,X 1 0.01 0.045942 0.088243 2.88657 3.17852e-08 4.02227e-08 7.20079e-08 8.75677e-10 7.28836e-08

Worst path 4: status=met slack=5.18903 type=max group=core
startpoint=reg_req_i[36] (input port clocked by core)
endpoint=reg_rsp_o[26] (output port clocked by core)
path_power_complete=true
path_average_power_sum internal=7.66596e-08 switching=9.16166e-08 dynamic=1.68276e-07 leakage=9.32275e-09 total=1.77599e-07
stage instance cell pins fanout capacitance slew delay arrival internal switching dynamic leakage total
1 _1359_ sg13g2_nor2_1 A,Y 2 0.006278 0.072159 0.069034 2.16937 0 2.44759e-09 2.44759e-09 4.11395e-10 2.85899e-09
2 _1367_ sg13g2_nand3_1 A,Y 2 0.006465 0.088058 0.094505 2.26387 0 2.47353e-09 2.47353e-09 1.13912e-10 2.58744e-09
3 _1368_ sg13g2_inv_1 A,Y 3 0.010177 0.063867 0.070991 2.33487 8.77113e-10 3.7214e-09 4.59851e-09 7.60847e-10 5.35936e-09
4 _1369_ sg13g2_nor2_1 B,Y 1 0.002389 0.026293 0.036522 2.37139 1.59038e-09 9.05519e-10 2.4959e-09 9.82608e-10 3.47851e-09
5 _1370_ sg13g2_buf_1 A,X 5 0.016206 0.065821 0.09811 2.4695 2.97773e-09 6.61666e-09 9.59439e-09 8.99765e-10 1.04942e-08
6 _1371_ sg13g2_inv_1 A,Y 2 0.007694 0.050192 0.054699 2.5242 8.55733e-10 2.81343e-09 3.66916e-09 2.05956e-10 3.87511e-09
7 gain265 sg13g2_buf_4 A,X 8 0.02895 0.049926 0.112493 2.63669 9.36662e-09 1.0586e-08 1.99526e-08 1.95338e-09 2.1906e-08
8 gain264 sg13g2_buf_4 A,X 8 0.032459 0.053412 0.115408 2.7521 9.39173e-09 1.18691e-08 2.12608e-08 1.9535e-09 2.32143e-08
9 _1468_ sg13g2_o21ai_1 B1,Y 1 0.002389 0.045012 0.046229 2.79833 1.98044e-08 9.96071e-09 2.97651e-08 1.16572e-09 3.09308e-08
10 _3047_ sg13g2_buf_1 A,X 1 0.01 0.045899 0.087639 2.88597 3.17959e-08 4.02227e-08 7.20186e-08 8.75681e-10 7.28943e-08

Worst path 5: status=met slack=5.18944 type=max group=core
startpoint=reg_req_i[36] (input port clocked by core)
endpoint=reg_rsp_o[28] (output port clocked by core)
path_power_complete=true
path_average_power_sum internal=2.92331e-08 switching=4.59953e-08 dynamic=7.52284e-08 leakage=9.45124e-09 total=8.46797e-08
stage instance cell pins fanout capacitance slew delay arrival internal switching dynamic leakage total
1 _1359_ sg13g2_nor2_1 A,Y 2 0.006278 0.072159 0.069034 2.16937 0 2.44759e-09 2.44759e-09 4.11395e-10 2.85899e-09
2 _1367_ sg13g2_nand3_1 A,Y 2 0.006465 0.088058 0.094505 2.26387 0 2.47353e-09 2.47353e-09 1.13912e-10 2.58744e-09
3 _1368_ sg13g2_inv_1 A,Y 3 0.010177 0.063867 0.070991 2.33487 8.77113e-10 3.7214e-09 4.59851e-09 7.60847e-10 5.35936e-09
4 _1369_ sg13g2_nor2_1 B,Y 1 0.002389 0.026293 0.036522 2.37139 1.59038e-09 9.05519e-10 2.4959e-09 9.82608e-10 3.47851e-09
5 _1370_ sg13g2_buf_1 A,X 5 0.016206 0.065821 0.09811 2.4695 2.97773e-09 6.61666e-09 9.59439e-09 8.99765e-10 1.04942e-08
6 _1371_ sg13g2_inv_1 A,Y 2 0.007694 0.050192 0.054699 2.5242 8.55733e-10 2.81343e-09 3.66916e-09 2.05956e-10 3.87511e-09
7 gain265 sg13g2_buf_4 A,X 8 0.02895 0.049926 0.112493 2.63669 9.36662e-09 1.0586e-08 1.99526e-08 1.95338e-09 2.1906e-08
8 gain264 sg13g2_buf_4 A,X 8 0.032459 0.053412 0.115408 2.7521 9.39173e-09 1.18691e-08 2.12608e-08 1.9535e-09 2.32143e-08
9 _1457_ sg13g2_o21ai_1 B1,Y 1 0.002389 0.043936 0.046229 2.79833 1.28283e-09 9.05519e-10 2.18834e-09 1.27012e-09 3.45847e-09
10 _3049_ sg13g2_buf_1 A,X 1 0.01 0.04587 0.087238 2.88556 2.89095e-09 3.65661e-09 6.54756e-09 8.99765e-10 7.44733e-09

Worst path 6: status=met slack=5.18944 type=max group=core
startpoint=reg_req_i[36] (input port clocked by core)
endpoint=reg_rsp_o[30] (output port clocked by core)
path_power_complete=true
path_average_power_sum internal=2.92331e-08 switching=4.59953e-08 dynamic=7.52284e-08 leakage=9.45124e-09 total=8.46797e-08
stage instance cell pins fanout capacitance slew delay arrival internal switching dynamic leakage total
1 _1359_ sg13g2_nor2_1 A,Y 2 0.006278 0.072159 0.069034 2.16937 0 2.44759e-09 2.44759e-09 4.11395e-10 2.85899e-09
2 _1367_ sg13g2_nand3_1 A,Y 2 0.006465 0.088058 0.094505 2.26387 0 2.47353e-09 2.47353e-09 1.13912e-10 2.58744e-09
3 _1368_ sg13g2_inv_1 A,Y 3 0.010177 0.063867 0.070991 2.33487 8.77113e-10 3.7214e-09 4.59851e-09 7.60847e-10 5.35936e-09
4 _1369_ sg13g2_nor2_1 B,Y 1 0.002389 0.026293 0.036522 2.37139 1.59038e-09 9.05519e-10 2.4959e-09 9.82608e-10 3.47851e-09
5 _1370_ sg13g2_buf_1 A,X 5 0.016206 0.065821 0.09811 2.4695 2.97773e-09 6.61666e-09 9.59439e-09 8.99765e-10 1.04942e-08
6 _1371_ sg13g2_inv_1 A,Y 2 0.007694 0.050192 0.054699 2.5242 8.55733e-10 2.81343e-09 3.66916e-09 2.05956e-10 3.87511e-09
7 gain265 sg13g2_buf_4 A,X 8 0.02895 0.049926 0.112493 2.63669 9.36662e-09 1.0586e-08 1.99526e-08 1.95338e-09 2.1906e-08
8 gain264 sg13g2_buf_4 A,X 8 0.032459 0.053412 0.115408 2.7521 9.39173e-09 1.18691e-08 2.12608e-08 1.9535e-09 2.32143e-08
9 _1376_ sg13g2_o21ai_1 B1,Y 1 0.002389 0.043936 0.046229 2.79833 1.28283e-09 9.05519e-10 2.18834e-09 1.27012e-09 3.45847e-09
10 _3051_ sg13g2_buf_1 A,X 1 0.01 0.04587 0.087238 2.88556 2.89095e-09 3.65661e-09 6.54756e-09 8.99765e-10 7.44733e-09

Worst path 7: status=met slack=5.18954 type=max group=core
startpoint=reg_req_i[36] (input port clocked by core)
endpoint=reg_rsp_o[27] (output port clocked by core)
path_power_complete=true
path_average_power_sum internal=7.67156e-08 switching=9.16166e-08 dynamic=1.68332e-07 leakage=9.32276e-09 total=1.77655e-07
stage instance cell pins fanout capacitance slew delay arrival internal switching dynamic leakage total
1 _1359_ sg13g2_nor2_1 A,Y 2 0.006278 0.072159 0.069034 2.16937 0 2.44759e-09 2.44759e-09 4.11395e-10 2.85899e-09
2 _1367_ sg13g2_nand3_1 A,Y 2 0.006465 0.088058 0.094505 2.26387 0 2.47353e-09 2.47353e-09 1.13912e-10 2.58744e-09
3 _1368_ sg13g2_inv_1 A,Y 3 0.010177 0.063867 0.070991 2.33487 8.77113e-10 3.7214e-09 4.59851e-09 7.60847e-10 5.35936e-09
4 _1369_ sg13g2_nor2_1 B,Y 1 0.002389 0.026293 0.036522 2.37139 1.59038e-09 9.05519e-10 2.4959e-09 9.82608e-10 3.47851e-09
5 _1370_ sg13g2_buf_1 A,X 5 0.016206 0.065821 0.09811 2.4695 2.97773e-09 6.61666e-09 9.59439e-09 8.99765e-10 1.04942e-08
6 _1371_ sg13g2_inv_1 A,Y 2 0.007694 0.050192 0.054699 2.5242 8.55733e-10 2.81343e-09 3.66916e-09 2.05956e-10 3.87511e-09
7 gain265 sg13g2_buf_4 A,X 8 0.02895 0.049926 0.112493 2.63669 9.36662e-09 1.0586e-08 1.99526e-08 1.95338e-09 2.1906e-08
8 gain264 sg13g2_buf_4 A,X 8 0.032459 0.053412 0.115408 2.7521 9.39173e-09 1.18691e-08 2.12608e-08 1.9535e-09 2.32143e-08
9 _1463_ sg13g2_o21ai_1 B1,Y 1 0.002389 0.043655 0.046229 2.79833 1.98548e-08 9.96071e-09 2.98155e-08 1.16572e-09 3.09812e-08
10 _3048_ sg13g2_buf_1 A,X 1 0.01 0.045863 0.087134 2.88546 3.18015e-08 4.02227e-08 7.20242e-08 8.75683e-10 7.28999e-08

Worst path 8: status=met slack=5.19006 type=max group=core
startpoint=reg_req_i[36] (input port clocked by core)
endpoint=reg_rsp_o[29] (output port clocked by core)
path_power_complete=true
path_average_power_sum internal=7.67634e-08 switching=9.16166e-08 dynamic=1.6838e-07 leakage=9.32277e-09 total=1.77703e-07
stage instance cell pins fanout capacitance slew delay arrival internal switching dynamic leakage total
1 _1359_ sg13g2_nor2_1 A,Y 2 0.006278 0.072159 0.069034 2.16937 0 2.44759e-09 2.44759e-09 4.11395e-10 2.85899e-09
2 _1367_ sg13g2_nand3_1 A,Y 2 0.006465 0.088058 0.094505 2.26387 0 2.47353e-09 2.47353e-09 1.13912e-10 2.58744e-09
3 _1368_ sg13g2_inv_1 A,Y 3 0.010177 0.063867 0.070991 2.33487 8.77113e-10 3.7214e-09 4.59851e-09 7.60847e-10 5.35936e-09
4 _1369_ sg13g2_nor2_1 B,Y 1 0.002389 0.026293 0.036522 2.37139 1.59038e-09 9.05519e-10 2.4959e-09 9.82608e-10 3.47851e-09
5 _1370_ sg13g2_buf_1 A,X 5 0.016206 0.065821 0.09811 2.4695 2.97773e-09 6.61666e-09 9.59439e-09 8.99765e-10 1.04942e-08
6 _1371_ sg13g2_inv_1 A,Y 2 0.007694 0.050192 0.054699 2.5242 8.55733e-10 2.81343e-09 3.66916e-09 2.05956e-10 3.87511e-09
7 gain265 sg13g2_buf_4 A,X 8 0.02895 0.049926 0.112493 2.63669 9.36662e-09 1.0586e-08 1.99526e-08 1.95338e-09 2.1906e-08
8 gain264 sg13g2_buf_4 A,X 8 0.032459 0.053412 0.115408 2.7521 9.39173e-09 1.18691e-08 2.12608e-08 1.9535e-09 2.32143e-08
9 _1452_ sg13g2_o21ai_1 B1,Y 1 0.002389 0.042259 0.046229 2.79833 1.98974e-08 9.96071e-09 2.98581e-08 1.16573e-09 3.10238e-08
10 _3050_ sg13g2_buf_1 A,X 1 0.01 0.045826 0.086614 2.88494 3.18067e-08 4.02227e-08 7.20294e-08 8.75684e-10 7.29051e-08

Worst path 9: status=met slack=5.19028 type=max group=core
startpoint=reg_req_i[36] (input port clocked by core)
endpoint=reg_rsp_o[31] (output port clocked by core)
path_power_complete=true
path_average_power_sum internal=2.92367e-08 switching=4.59953e-08 dynamic=7.52321e-08 leakage=9.45124e-09 total=8.46833e-08
stage instance cell pins fanout capacitance slew delay arrival internal switching dynamic leakage total
1 _1359_ sg13g2_nor2_1 A,Y 2 0.006278 0.072159 0.069034 2.16937 0 2.44759e-09 2.44759e-09 4.11395e-10 2.85899e-09
2 _1367_ sg13g2_nand3_1 A,Y 2 0.006465 0.088058 0.094505 2.26387 0 2.47353e-09 2.47353e-09 1.13912e-10 2.58744e-09
3 _1368_ sg13g2_inv_1 A,Y 3 0.010177 0.063867 0.070991 2.33487 8.77113e-10 3.7214e-09 4.59851e-09 7.60847e-10 5.35936e-09
4 _1369_ sg13g2_nor2_1 B,Y 1 0.002389 0.026293 0.036522 2.37139 1.59038e-09 9.05519e-10 2.4959e-09 9.82608e-10 3.47851e-09
5 _1370_ sg13g2_buf_1 A,X 5 0.016206 0.065821 0.09811 2.4695 2.97773e-09 6.61666e-09 9.59439e-09 8.99765e-10 1.04942e-08
6 _1371_ sg13g2_inv_1 A,Y 2 0.007694 0.050192 0.054699 2.5242 8.55733e-10 2.81343e-09 3.66916e-09 2.05956e-10 3.87511e-09
7 gain265 sg13g2_buf_4 A,X 8 0.02895 0.049926 0.112493 2.63669 9.36662e-09 1.0586e-08 1.99526e-08 1.95338e-09 2.1906e-08
8 gain264 sg13g2_buf_4 A,X 8 0.032459 0.053412 0.115408 2.7521 9.39173e-09 1.18691e-08 2.12608e-08 1.9535e-09 2.32143e-08
9 _1374_ sg13g2_o21ai_1 B1,Y 1 0.002389 0.04168 0.046229 2.79833 1.28572e-09 9.05519e-10 2.19124e-09 1.27013e-09 3.46136e-09
10 _3052_ sg13g2_buf_1 A,X 1 0.01 0.04581 0.086399 2.88472 2.89171e-09 3.65661e-09 6.54832e-09 8.99765e-10 7.44809e-09

Worst path 10: status=met slack=5.24758 type=max group=core
startpoint=reg_req_i[36] (input port clocked by core)
endpoint=reg_rsp_o[9] (output port clocked by core)
path_power_complete=true
path_average_power_sum internal=1.81731e-08 switching=2.89514e-08 dynamic=4.71245e-08 leakage=7.76192e-09 total=5.48864e-08
stage instance cell pins fanout capacitance slew delay arrival internal switching dynamic leakage total
1 _1359_ sg13g2_nor2_1 A,Y 2 0.006278 0.072159 0.069034 2.16937 0 2.44759e-09 2.44759e-09 4.11395e-10 2.85899e-09
2 _1367_ sg13g2_nand3_1 A,Y 2 0.006465 0.088058 0.094505 2.26387 0 2.47353e-09 2.47353e-09 1.13912e-10 2.58744e-09
3 _1368_ sg13g2_inv_1 A,Y 3 0.010177 0.063867 0.070991 2.33487 8.77113e-10 3.7214e-09 4.59851e-09 7.60847e-10 5.35936e-09
4 _1562_ sg13g2_nand2_1 A,Y 2 0.006228 0.057977 0.066435 2.4013 1.06681e-09 2.6204e-09 3.68721e-09 2.14393e-10 3.90161e-09
5 _1563_ sg13g2_a21oi_1 B1,Y 1 0.004003 0.070777 0.076051 2.47735 1.1599e-09 1.46373e-09 2.62363e-09 5.22518e-10 3.14614e-09
6 gain259 sg13g2_buf_4 A,X 8 0.027752 0.049394 0.121065 2.59842 9.34157e-09 1.01479e-08 1.94895e-08 3.25711e-09 2.27466e-08
7 _2582_ sg13g2_nand2_1 B,Y 1 0.003261 0.044265 0.053043 2.65146 1.51933e-09 1.51471e-09 3.03404e-09 1.89693e-10 3.22373e-09
8 _2584_ sg13g2_o21ai_1 A2,Y 1 0.002476 0.069831 0.078576 2.73003 1.31926e-09 9.05519e-10 2.22478e-09 1.39229e-09 3.61707e-09
9 _3030_ sg13g2_buf_1 A,X 1 0.01 0.055759 0.097383 2.82742 2.88913e-09 3.65661e-09 6.54574e-09 8.99765e-10 7.44551e-09

Worst path 11: status=met slack=7.85759 type=max group=asynchronous
startpoint=rst_ni (input port clocked by core)
endpoint=_2769_ (recovery check against rising-edge clock core)
path_power_complete=true
path_average_power_sum internal=8.2525e-06 switching=3.08827e-08 dynamic=8.28338e-06 leakage=3.99417e-09 total=8.28738e-06
stage instance cell pins fanout capacitance slew delay arrival internal switching dynamic leakage total
1 _2769_ sg13g2_dfrbpq_1 RESET_B - - 0.002187 0 2.10219 8.2525e-06 3.08827e-08 8.28338e-06 3.99417e-09 8.28738e-06

Worst path 12: status=met slack=7.85759 type=max group=asynchronous
startpoint=rst_ni (input port clocked by core)
endpoint=_2770_ (recovery check against rising-edge clock core)
path_power_complete=true
path_average_power_sum internal=8.31859e-06 switching=5.73774e-09 dynamic=8.32433e-06 leakage=3.98784e-09 total=8.32832e-06
stage instance cell pins fanout capacitance slew delay arrival internal switching dynamic leakage total
1 _2770_ sg13g2_dfrbpq_1 RESET_B - - 0.002187 0 2.10219 8.31859e-06 5.73774e-09 8.32433e-06 3.98784e-09 8.32832e-06

Worst path 13: status=met slack=7.85759 type=max group=asynchronous
startpoint=rst_ni (input port clocked by core)
endpoint=_2771_ (recovery check against rising-edge clock core)
path_power_complete=true
path_average_power_sum internal=8.25209e-06 switching=8.14967e-09 dynamic=8.26024e-06 leakage=3.99415e-09 total=8.26424e-06
stage instance cell pins fanout capacitance slew delay arrival internal switching dynamic leakage total
1 _2771_ sg13g2_dfrbpq_1 RESET_B - - 0.002187 0 2.10219 8.25209e-06 8.14967e-09 8.26024e-06 3.99415e-09 8.26424e-06

Worst path 14: status=met slack=7.85759 type=max group=asynchronous
startpoint=rst_ni (input port clocked by core)
endpoint=_2772_ (recovery check against rising-edge clock core)
path_power_complete=true
path_average_power_sum internal=8.31859e-06 switching=5.73774e-09 dynamic=8.32433e-06 leakage=3.98784e-09 total=8.32832e-06
stage instance cell pins fanout capacitance slew delay arrival internal switching dynamic leakage total
1 _2772_ sg13g2_dfrbpq_1 RESET_B - - 0.002187 0 2.10219 8.31859e-06 5.73774e-09 8.32433e-06 3.98784e-09 8.32832e-06

Worst path 15: status=met slack=9.39422 type=max group=asynchronous
startpoint=_2744_ (rising edge-triggered flip-flop clocked by core)
endpoint=_2703_ (recovery check against rising-edge clock core)
path_power_complete=true
path_average_power_sum internal=1.51315e-05 switching=2.99592e-07 dynamic=1.54311e-05 leakage=1.68473e-08 total=1.5448e-05
stage instance cell pins fanout capacitance slew delay arrival internal switching dynamic leakage total
1 _2744_ sg13g2_dfrbpq_1 CLK,Q 1 0.002476 0.024643 0.153546 0.253546 8.09683e-06 6.33864e-09 8.10317e-06 3.99476e-09 8.10716e-06
2 gain374 sg13g2_buf_1 A,X 2 0.018768 0.091551 0.108263 0.361808 2.10051e-08 4.80397e-08 6.90448e-08 7.91384e-10 6.98362e-08
3 gain373 sg13g2_buf_8 A,X 8 0.051578 0.044467 0.108554 0.470362 1.31861e-07 1.32019e-07 2.6388e-07 4.28085e-09 2.68161e-07
4 gain370 sg13g2_buf_8 A,X 8 0.043746 0.038643 0.08569 0.556052 1.31453e-07 1.11973e-07 2.43426e-07 4.28109e-09 2.47707e-07
5 _2703_ sg13g2_dfrbpq_1 RESET_B - - 0.038643 0 0.556052 6.7504e-06 1.22141e-09 6.75162e-06 3.49922e-09 6.75512e-06

Worst path 16: status=met slack=9.39422 type=max group=asynchronous
startpoint=_2744_ (rising edge-triggered flip-flop clocked by core)
endpoint=_2739_ (recovery check against rising-edge clock core)
path_power_complete=true
path_average_power_sum internal=1.52978e-05 switching=3.09665e-07 dynamic=1.56074e-05 leakage=1.68672e-08 total=1.56243e-05
stage instance cell pins fanout capacitance slew delay arrival internal switching dynamic leakage total
1 _2744_ sg13g2_dfrbpq_1 CLK,Q 1 0.002476 0.024643 0.153546 0.253546 8.09683e-06 6.33864e-09 8.10317e-06 3.99476e-09 8.10716e-06
2 gain374 sg13g2_buf_1 A,X 2 0.018768 0.091551 0.108263 0.361808 2.10051e-08 4.80397e-08 6.90448e-08 7.91384e-10 6.98362e-08
3 gain373 sg13g2_buf_8 A,X 8 0.051578 0.044467 0.108554 0.470362 1.31861e-07 1.32019e-07 2.6388e-07 4.28085e-09 2.68161e-07
4 gain370 sg13g2_buf_8 A,X 8 0.043746 0.038643 0.08569 0.556052 1.31453e-07 1.11973e-07 2.43426e-07 4.28109e-09 2.47707e-07
5 _2739_ sg13g2_dfrbpq_1 RESET_B - - 0.038643 0 0.556052 6.91661e-06 1.12948e-08 6.9279e-06 3.51915e-09 6.93142e-06

Worst path 17: status=met slack=9.39422 type=max group=asynchronous
startpoint=_2744_ (rising edge-triggered flip-flop clocked by core)
endpoint=_2742_ (recovery check against rising-edge clock core)
path_power_complete=true
path_average_power_sum internal=1.63649e-05 switching=3.24544e-07 dynamic=1.66895e-05 leakage=1.73418e-08 total=1.67068e-05
stage instance cell pins fanout capacitance slew delay arrival internal switching dynamic leakage total
1 _2744_ sg13g2_dfrbpq_1 CLK,Q 1 0.002476 0.024643 0.153546 0.253546 8.09683e-06 6.33864e-09 8.10317e-06 3.99476e-09 8.10716e-06
2 gain374 sg13g2_buf_1 A,X 2 0.018768 0.091551 0.108263 0.361808 2.10051e-08 4.80397e-08 6.90448e-08 7.91384e-10 6.98362e-08
3 gain373 sg13g2_buf_8 A,X 8 0.051578 0.044467 0.108554 0.470362 1.31861e-07 1.32019e-07 2.6388e-07 4.28085e-09 2.68161e-07
4 gain370 sg13g2_buf_8 A,X 8 0.043746 0.038643 0.08569 0.556052 1.31453e-07 1.11973e-07 2.43426e-07 4.28109e-09 2.47707e-07
5 _2742_ sg13g2_dfrbpq_1 RESET_B - - 0.038643 0 0.556052 7.98377e-06 2.61737e-08 8.00994e-06 3.99369e-09 8.01394e-06

Worst path 18: status=met slack=9.39422 type=max group=asynchronous
startpoint=_2744_ (rising edge-triggered flip-flop clocked by core)
endpoint=_2747_ (recovery check against rising-edge clock core)
path_power_complete=true
path_average_power_sum internal=1.51316e-05 switching=2.99885e-07 dynamic=1.54314e-05 leakage=1.68473e-08 total=1.54483e-05
stage instance cell pins fanout capacitance slew delay arrival internal switching dynamic leakage total
1 _2744_ sg13g2_dfrbpq_1 CLK,Q 1 0.002476 0.024643 0.153546 0.253546 8.09683e-06 6.33864e-09 8.10317e-06 3.99476e-09 8.10716e-06
2 gain374 sg13g2_buf_1 A,X 2 0.018768 0.091551 0.108263 0.361808 2.10051e-08 4.80397e-08 6.90448e-08 7.91384e-10 6.98362e-08
3 gain373 sg13g2_buf_8 A,X 8 0.051578 0.044467 0.108554 0.470362 1.31861e-07 1.32019e-07 2.6388e-07 4.28085e-09 2.68161e-07
4 gain370 sg13g2_buf_8 A,X 8 0.043746 0.038643 0.08569 0.556052 1.31453e-07 1.11973e-07 2.43426e-07 4.28109e-09 2.47707e-07
5 _2747_ sg13g2_dfrbpq_1 RESET_B - - 0.038643 0 0.556052 6.75042e-06 1.51471e-09 6.75193e-06 3.49922e-09 6.75543e-06

Worst path 19: status=met slack=9.39422 type=max group=asynchronous
startpoint=_2744_ (rising edge-triggered flip-flop clocked by core)
endpoint=_2965_ (recovery check against rising-edge clock core)
path_power_complete=true
path_average_power_sum internal=1.51316e-05 switching=3.00831e-07 dynamic=1.54324e-05 leakage=1.68473e-08 total=1.54493e-05
stage instance cell pins fanout capacitance slew delay arrival internal switching dynamic leakage total
1 _2744_ sg13g2_dfrbpq_1 CLK,Q 1 0.002476 0.024643 0.153546 0.253546 8.09683e-06 6.33864e-09 8.10317e-06 3.99476e-09 8.10716e-06
2 gain374 sg13g2_buf_1 A,X 2 0.018768 0.091551 0.108263 0.361808 2.10051e-08 4.80397e-08 6.90448e-08 7.91384e-10 6.98362e-08
3 gain373 sg13g2_buf_8 A,X 8 0.051578 0.044467 0.108554 0.470362 1.31861e-07 1.32019e-07 2.6388e-07 4.28085e-09 2.68161e-07
4 gain370 sg13g2_buf_8 A,X 8 0.043746 0.038643 0.08569 0.556052 1.31453e-07 1.11973e-07 2.43426e-07 4.28109e-09 2.47707e-07
5 _2965_ sg13g2_dfrbpq_1 RESET_B - - 0.038643 0 0.556052 6.75043e-06 2.46081e-09 6.75289e-06 3.49922e-09 6.75639e-06

Worst path 20: status=met slack=9.39422 type=max group=asynchronous
startpoint=_2744_ (rising edge-triggered flip-flop clocked by core)
endpoint=_2966_ (recovery check against rising-edge clock core)
path_power_complete=true
path_average_power_sum internal=1.51316e-05 switching=3.01028e-07 dynamic=1.54326e-05 leakage=1.68473e-08 total=1.54495e-05
stage instance cell pins fanout capacitance slew delay arrival internal switching dynamic leakage total
1 _2744_ sg13g2_dfrbpq_1 CLK,Q 1 0.002476 0.024643 0.153546 0.253546 8.09683e-06 6.33864e-09 8.10317e-06 3.99476e-09 8.10716e-06
2 gain374 sg13g2_buf_1 A,X 2 0.018768 0.091551 0.108263 0.361808 2.10051e-08 4.80397e-08 6.90448e-08 7.91384e-10 6.98362e-08
3 gain373 sg13g2_buf_8 A,X 8 0.051578 0.044467 0.108554 0.470362 1.31861e-07 1.32019e-07 2.6388e-07 4.28085e-09 2.68161e-07
4 gain370 sg13g2_buf_8 A,X 8 0.043746 0.038643 0.08569 0.556052 1.31453e-07 1.11973e-07 2.43426e-07 4.28109e-09 2.47707e-07
5 _2966_ sg13g2_dfrbpq_1 RESET_B - - 0.038643 0 0.556052 6.75043e-06 2.65755e-09 6.75309e-06 3.49922e-09 6.75659e-06

=== Highest-power instances and worst path through each ===

Hotspot 1: instance=_2767_ selected_worst_paths=none internal=1.0438e-05 switching=5.24334e-07 dynamic=1.09623e-05 leakage=3.89727e-09 total=1.09662e-05
Worst path through hotspot: status=met slack=8.08332 type=max group=core
startpoint=_2706_ (rising edge-triggered flip-flop clocked by core)
endpoint=_2767_ (rising edge-triggered flip-flop clocked by core)
path_power_complete=true
path_average_power_sum internal=1.96105e-05 switching=1.48736e-06 dynamic=2.10979e-05 leakage=2.47635e-08 total=2.11227e-05
stage instance cell pins fanout capacitance slew delay arrival internal switching dynamic leakage total
1 _2706_ sg13g2_dfrbpq_1 CLK,Q 3 0.009759 0.044354 0.171979 0.271979 7.87886e-06 2.76773e-08 7.90654e-06 4.00091e-09 7.91054e-06
2 _1391_ sg13g2_inv_1 A,Y 2 0.007467 0.045489 0.047551 0.31953 5.97506e-09 1.91136e-08 2.50886e-08 6.31621e-10 2.57203e-08
3 _1392_ sg13g2_nor2_1 B,Y 1 0.003013 0.027113 0.034086 0.353616 9.88984e-09 9.29562e-09 1.91855e-08 5.1747e-10 1.97029e-08
4 _1393_ sg13g2_nor2_1 B,Y 2 0.00908 0.099493 0.087664 0.44128 1.91731e-08 4.98007e-08 6.89738e-08 6.81271e-10 6.96551e-08
5 _1397_ sg13g2_a21oi_1 A1,Y 2 0.008655 0.086242 0.10415 0.54543 3.1445e-08 8.69053e-08 1.1835e-07 3.72214e-10 1.18723e-07
6 _1399_ sg13g2_nor2b_1 A,Y 1 0.00307 0.059653 0.066734 0.612165 6.8261e-08 1.01031e-08 7.83642e-08 1.25854e-09 7.96227e-08
7 _1400_ sg13g2_a21o_1 B1,X 2 0.00908 0.055913 0.095162 0.707327 7.5023e-08 6.97209e-08 1.44744e-07 1.1908e-09 1.45935e-07
8 _1404_ sg13g2_a21oi_1 A1,Y 2 0.008655 0.079847 0.088293 0.79562 1.25538e-08 3.12859e-08 4.38397e-08 4.60299e-10 4.43e-08
9 _1406_ sg13g2_nor2b_1 A,Y 1 0.003584 0.062589 0.068313 0.863933 5.01193e-08 6.55252e-09 5.66718e-08 1.23133e-09 5.79032e-08
10 _1407_ sg13g2_a21oi_1 B1,Y 2 0.0089 0.081479 0.058119 0.922052 1.90313e-08 4.75929e-08 6.66243e-08 5.15075e-10 6.71393e-08
11 _1409_ sg13g2_o21ai_1 A2,Y 3 0.012211 0.16861 0.163486 1.08554 1.87603e-08 5.87709e-08 7.75312e-08 1.21817e-09 7.87494e-08
12 _1415_ sg13g2_nand3_1 A,Y 1 0.006596 0.104578 0.120195 1.20573 1.7712e-09 2.41207e-09 4.18327e-09 1.25965e-10 4.30924e-09
13 _1421_ sg13g2_nand2_2 A,Y 4 0.015312 0.058304 0.066415 1.27215 7.29766e-08 1.45026e-07 2.18003e-07 2.84271e-09 2.20845e-07
14 _1433_ sg13g2_nand4_1 A,Y 1 0.002777 0.085086 0.082277 1.35443 9.14256e-09 5.0779e-09 1.42205e-08 1.02317e-10 1.43228e-08
15 _1444_ sg13g2_and3_1 A,X 1 0.002389 0.023611 0.090366 1.44479 9.69542e-08 2.2638e-08 1.19592e-07 1.8188e-09 1.21411e-07
16 gain205 sg13g2_buf_1 A,X 3 0.011916 0.051642 0.085053 1.52984 7.37327e-08 1.24773e-07 1.98506e-07 7.86246e-10 1.99292e-07
17 _1447_ sg13g2_o21ai_1 A2,Y 2 0.009125 0.136 0.129816 1.65966 1.59607e-08 3.00311e-08 4.59918e-08 1.23233e-09 4.72241e-08
18 _1450_ sg13g2_a21oi_1 A1,Y 2 0.009033 0.094936 0.116177 1.77584 3.06958e-08 8.30011e-08 1.13697e-07 4.14643e-10 1.14112e-07
19 _1451_ sg13g2_xnor2_1 B,Y 1 0.001743 0.039613 0.102502 1.87834 6.82216e-07 1.33243e-07 8.15459e-07 1.46555e-09 8.16925e-07
20 _2767_ sg13g2_dfrbpq_1 D - - 0.039613 0 1.87834 1.0438e-05 5.24334e-07 1.09623e-05 3.89727e-09 1.09662e-05
OpenSTA targeted timing report:
Startpoint: _2706_ (rising edge-triggered flip-flop clocked by core)
Endpoint: _2767_ (rising edge-triggered flip-flop clocked by core)
Path Group: core
Path Type: max

Fanout         Cap        Slew       Delay        Time   Description
---------------------------------------------------------------------------------------------
                      0.000000    0.050000    0.050000   clock core (rise edge)
                                  0.050000    0.100000   clock network delay (ideal)
                      0.000000    0.000000    0.100000 ^ _2706_/CLK (sg13g2_dfrbpq_1)
     3    0.009759    0.044354    0.171979    0.271979 v _2706_/Q (sg13g2_dfrbpq_1)
                                                         _0027_ (net)
                      0.044354    0.000000    0.271979 v _1391_/A (sg13g2_inv_1)
     2    0.007467    0.045489    0.047551    0.319530 ^ _1391_/Y (sg13g2_inv_1)
                                                         _1116_ (net)
                      0.045489    0.000000    0.319530 ^ _1392_/B (sg13g2_nor2_1)
     1    0.003013    0.027113    0.034086    0.353616 v _1392_/Y (sg13g2_nor2_1)
                                                         _1117_ (net)
                      0.027113    0.000000    0.353616 v _1393_/B (sg13g2_nor2_1)
     2    0.009080    0.099493    0.087664    0.441280 ^ _1393_/Y (sg13g2_nor2_1)
                                                         _1118_ (net)
                      0.099493    0.000000    0.441280 ^ _1397_/A1 (sg13g2_a21oi_1)
     2    0.008655    0.086242    0.104150    0.545430 v _1397_/Y (sg13g2_a21oi_1)
                                                         _1122_ (net)
                      0.086242    0.000000    0.545430 v _1399_/A (sg13g2_nor2b_1)
     1    0.003070    0.059653    0.066734    0.612165 ^ _1399_/Y (sg13g2_nor2b_1)
                                                         _1124_ (net)
                      0.059653    0.000000    0.612165 ^ _1400_/B1 (sg13g2_a21o_1)
     2    0.009080    0.055913    0.095162    0.707327 ^ _1400_/X (sg13g2_a21o_1)
                                                         _1125_ (net)
                      0.055913    0.000000    0.707327 ^ _1404_/A1 (sg13g2_a21oi_1)
     2    0.008655    0.079847    0.088293    0.795620 v _1404_/Y (sg13g2_a21oi_1)
                                                         _1129_ (net)
                      0.079847    0.000000    0.795620 v _1406_/A (sg13g2_nor2b_1)
     1    0.003584    0.062589    0.068313    0.863933 ^ _1406_/Y (sg13g2_nor2b_1)
                                                         _1131_ (net)
                      0.062589    0.000000    0.863933 ^ _1407_/B1 (sg13g2_a21oi_1)
     2    0.008900    0.081479    0.058119    0.922052 v _1407_/Y (sg13g2_a21oi_1)
                                                         _1132_ (net)
                      0.081479    0.000000    0.922052 v _1409_/A2 (sg13g2_o21ai_1)
     3    0.012211    0.168610    0.163486    1.085538 ^ _1409_/Y (sg13g2_o21ai_1)
                                                         _1134_ (net)
                      0.168610    0.000000    1.085538 ^ _1415_/A (sg13g2_nand3_1)
     1    0.006596    0.104578    0.120195    1.205734 v _1415_/Y (sg13g2_nand3_1)
                                                         _1140_ (net)
                      0.104578    0.000000    1.205734 v _1421_/A (sg13g2_nand2_2)
     4    0.015312    0.058304    0.066415    1.272149 ^ _1421_/Y (sg13g2_nand2_2)
                                                         _1146_ (net)
                      0.058304    0.000000    1.272149 ^ _1433_/A (sg13g2_nand4_1)
     1    0.002777    0.085086    0.082277    1.354426 v _1433_/Y (sg13g2_nand4_1)
                                                         _1158_ (net)
                      0.085086    0.000000    1.354426 v _1444_/A (sg13g2_and3_1)
     1    0.002389    0.023611    0.090366    1.444791 v _1444_/X (sg13g2_and3_1)
                                                         _1169_ (net)
                      0.023611    0.000000    1.444791 v gain205/A (sg13g2_buf_1)
     3    0.011916    0.051642    0.085053    1.529844 v gain205/X (sg13g2_buf_1)
                                                         net204 (net)
                      0.051642    0.000000    1.529844 v _1447_/A2 (sg13g2_o21ai_1)
     2    0.009125    0.136000    0.129816    1.659660 ^ _1447_/Y (sg13g2_o21ai_1)
                                                         _1172_ (net)
                      0.136000    0.000000    1.659660 ^ _1450_/A1 (sg13g2_a21oi_1)
     2    0.009033    0.094936    0.116177    1.775838 v _1450_/Y (sg13g2_a21oi_1)
                                                         _1175_ (net)
                      0.094936    0.000000    1.775838 v _1451_/B (sg13g2_xnor2_1)
     1    0.001743    0.039613    0.102502    1.878340 v _1451_/Y (sg13g2_xnor2_1)
                                                         _0008_ (net)
                      0.039613    0.000000    1.878340 v _2767_/D (sg13g2_dfrbpq_1)
                                              1.878340   data arrival time

                      0.000000   10.050000   10.050000   clock core (rise edge)
                                  0.050000   10.100000   clock network delay (ideal)
                                 -0.025000   10.075001   clock uncertainty
                                  0.000000   10.075001   clock reconvergence pessimism
                                             10.075001 ^ _2767_/CLK (sg13g2_dfrbpq_1)
                                 -0.113343    9.961658   library setup time
                                              9.961658   data required time
---------------------------------------------------------------------------------------------
                                              9.961658   data required time
                                             -1.878340   data arrival time
---------------------------------------------------------------------------------------------
                                              8.083318   slack (MET)

Hotspot 2: instance=_2768_ selected_worst_paths=none internal=1.03842e-05 switching=1.82009e-07 dynamic=1.05662e-05 leakage=3.8791e-09 total=1.05701e-05
Worst path through hotspot: status=met slack=8.10945 type=max group=core
startpoint=_2706_ (rising edge-triggered flip-flop clocked by core)
endpoint=_2768_ (rising edge-triggered flip-flop clocked by core)
path_power_complete=true
path_average_power_sum internal=1.934e-05 switching=1.14886e-06 dynamic=2.04888e-05 leakage=2.41774e-08 total=2.0513e-05
stage instance cell pins fanout capacitance slew delay arrival internal switching dynamic leakage total
1 _2706_ sg13g2_dfrbpq_1 CLK,Q 3 0.009759 0.044354 0.171979 0.271979 7.87886e-06 2.76773e-08 7.90654e-06 4.00091e-09 7.91054e-06
2 _1391_ sg13g2_inv_1 A,Y 2 0.007467 0.045489 0.047551 0.31953 5.97506e-09 1.91136e-08 2.50886e-08 6.31621e-10 2.57203e-08
3 _1392_ sg13g2_nor2_1 B,Y 1 0.003013 0.027113 0.034086 0.353616 9.88984e-09 9.29562e-09 1.91855e-08 5.1747e-10 1.97029e-08
4 _1393_ sg13g2_nor2_1 B,Y 2 0.00908 0.099493 0.087664 0.44128 1.91731e-08 4.98007e-08 6.89738e-08 6.81271e-10 6.96551e-08
5 _1397_ sg13g2_a21oi_1 A1,Y 2 0.008655 0.086242 0.10415 0.54543 3.1445e-08 8.69053e-08 1.1835e-07 3.72214e-10 1.18723e-07
6 _1399_ sg13g2_nor2b_1 A,Y 1 0.00307 0.059653 0.066734 0.612165 6.8261e-08 1.01031e-08 7.83642e-08 1.25854e-09 7.96227e-08
7 _1400_ sg13g2_a21o_1 B1,X 2 0.00908 0.055913 0.095162 0.707327 7.5023e-08 6.97209e-08 1.44744e-07 1.1908e-09 1.45935e-07
8 _1404_ sg13g2_a21oi_1 A1,Y 2 0.008655 0.079847 0.088293 0.79562 1.25538e-08 3.12859e-08 4.38397e-08 4.60299e-10 4.43e-08
9 _1406_ sg13g2_nor2b_1 A,Y 1 0.003584 0.062589 0.068313 0.863933 5.01193e-08 6.55252e-09 5.66718e-08 1.23133e-09 5.79032e-08
10 _1407_ sg13g2_a21oi_1 B1,Y 2 0.0089 0.081479 0.058119 0.922052 1.90313e-08 4.75929e-08 6.66243e-08 5.15075e-10 6.71393e-08
11 _1409_ sg13g2_o21ai_1 A2,Y 3 0.012211 0.16861 0.163486 1.08554 1.87603e-08 5.87709e-08 7.75312e-08 1.21817e-09 7.87494e-08
12 _1415_ sg13g2_nand3_1 A,Y 1 0.006596 0.104578 0.120195 1.20573 1.7712e-09 2.41207e-09 4.18327e-09 1.25965e-10 4.30924e-09
13 _1421_ sg13g2_nand2_2 A,Y 4 0.015312 0.058304 0.066415 1.27215 7.29766e-08 1.45026e-07 2.18003e-07 2.84271e-09 2.20845e-07
14 _1433_ sg13g2_nand4_1 A,Y 1 0.002777 0.085086 0.082277 1.35443 9.14256e-09 5.0779e-09 1.42205e-08 1.02317e-10 1.43228e-08
15 _1444_ sg13g2_and3_1 A,X 1 0.002389 0.023611 0.090366 1.44479 9.69542e-08 2.2638e-08 1.19592e-07 1.8188e-09 1.21411e-07
16 gain205 sg13g2_buf_1 A,X 3 0.011916 0.051642 0.085053 1.52984 7.37327e-08 1.24773e-07 1.98506e-07 7.86246e-10 1.99292e-07
17 _1447_ sg13g2_o21ai_1 A2,Y 2 0.009125 0.136 0.129816 1.65966 1.59607e-08 3.00311e-08 4.59918e-08 1.23233e-09 4.72241e-08
18 _1450_ sg13g2_a21oi_1 A1,Y 2 0.009033 0.094936 0.116177 1.77584 3.06958e-08 8.30011e-08 1.13697e-07 4.14643e-10 1.14112e-07
19 _2295_ sg13g2_a21oi_1 A1,Y 1 0.001629 0.048099 0.071548 1.84739 4.65456e-07 1.37068e-07 6.02524e-07 8.97567e-10 6.03421e-07
20 _2768_ sg13g2_dfrbpq_1 D - - 0.048099 0 1.84739 1.03842e-05 1.82009e-07 1.05662e-05 3.8791e-09 1.05701e-05
OpenSTA targeted timing report:
Startpoint: _2706_ (rising edge-triggered flip-flop clocked by core)
Endpoint: _2768_ (rising edge-triggered flip-flop clocked by core)
Path Group: core
Path Type: max

Fanout         Cap        Slew       Delay        Time   Description
---------------------------------------------------------------------------------------------
                      0.000000    0.050000    0.050000   clock core (rise edge)
                                  0.050000    0.100000   clock network delay (ideal)
                      0.000000    0.000000    0.100000 ^ _2706_/CLK (sg13g2_dfrbpq_1)
     3    0.009759    0.044354    0.171979    0.271979 v _2706_/Q (sg13g2_dfrbpq_1)
                                                         _0027_ (net)
                      0.044354    0.000000    0.271979 v _1391_/A (sg13g2_inv_1)
     2    0.007467    0.045489    0.047551    0.319530 ^ _1391_/Y (sg13g2_inv_1)
                                                         _1116_ (net)
                      0.045489    0.000000    0.319530 ^ _1392_/B (sg13g2_nor2_1)
     1    0.003013    0.027113    0.034086    0.353616 v _1392_/Y (sg13g2_nor2_1)
                                                         _1117_ (net)
                      0.027113    0.000000    0.353616 v _1393_/B (sg13g2_nor2_1)
     2    0.009080    0.099493    0.087664    0.441280 ^ _1393_/Y (sg13g2_nor2_1)
                                                         _1118_ (net)
                      0.099493    0.000000    0.441280 ^ _1397_/A1 (sg13g2_a21oi_1)
     2    0.008655    0.086242    0.104150    0.545430 v _1397_/Y (sg13g2_a21oi_1)
                                                         _1122_ (net)
                      0.086242    0.000000    0.545430 v _1399_/A (sg13g2_nor2b_1)
     1    0.003070    0.059653    0.066734    0.612165 ^ _1399_/Y (sg13g2_nor2b_1)
                                                         _1124_ (net)
                      0.059653    0.000000    0.612165 ^ _1400_/B1 (sg13g2_a21o_1)
     2    0.009080    0.055913    0.095162    0.707327 ^ _1400_/X (sg13g2_a21o_1)
                                                         _1125_ (net)
                      0.055913    0.000000    0.707327 ^ _1404_/A1 (sg13g2_a21oi_1)
     2    0.008655    0.079847    0.088293    0.795620 v _1404_/Y (sg13g2_a21oi_1)
                                                         _1129_ (net)
                      0.079847    0.000000    0.795620 v _1406_/A (sg13g2_nor2b_1)
     1    0.003584    0.062589    0.068313    0.863933 ^ _1406_/Y (sg13g2_nor2b_1)
                                                         _1131_ (net)
                      0.062589    0.000000    0.863933 ^ _1407_/B1 (sg13g2_a21oi_1)
     2    0.008900    0.081479    0.058119    0.922052 v _1407_/Y (sg13g2_a21oi_1)
                                                         _1132_ (net)
                      0.081479    0.000000    0.922052 v _1409_/A2 (sg13g2_o21ai_1)
     3    0.012211    0.168610    0.163486    1.085538 ^ _1409_/Y (sg13g2_o21ai_1)
                                                         _1134_ (net)
                      0.168610    0.000000    1.085538 ^ _1415_/A (sg13g2_nand3_1)
     1    0.006596    0.104578    0.120195    1.205734 v _1415_/Y (sg13g2_nand3_1)
                                                         _1140_ (net)
                      0.104578    0.000000    1.205734 v _1421_/A (sg13g2_nand2_2)
     4    0.015312    0.058304    0.066415    1.272149 ^ _1421_/Y (sg13g2_nand2_2)
                                                         _1146_ (net)
                      0.058304    0.000000    1.272149 ^ _1433_/A (sg13g2_nand4_1)
     1    0.002777    0.085086    0.082277    1.354426 v _1433_/Y (sg13g2_nand4_1)
                                                         _1158_ (net)
                      0.085086    0.000000    1.354426 v _1444_/A (sg13g2_and3_1)
     1    0.002389    0.023611    0.090366    1.444791 v _1444_/X (sg13g2_and3_1)
                                                         _1169_ (net)
                      0.023611    0.000000    1.444791 v gain205/A (sg13g2_buf_1)
     3    0.011916    0.051642    0.085053    1.529844 v gain205/X (sg13g2_buf_1)
                                                         net204 (net)
                      0.051642    0.000000    1.529844 v _1447_/A2 (sg13g2_o21ai_1)
     2    0.009125    0.136000    0.129816    1.659660 ^ _1447_/Y (sg13g2_o21ai_1)
                                                         _1172_ (net)
                      0.136000    0.000000    1.659660 ^ _1450_/A1 (sg13g2_a21oi_1)
     2    0.009033    0.094936    0.116177    1.775838 v _1450_/Y (sg13g2_a21oi_1)
                                                         _1175_ (net)
                      0.094936    0.000000    1.775838 v _2295_/A1 (sg13g2_a21oi_1)
     1    0.001629    0.048099    0.071548    1.847386 ^ _2295_/Y (sg13g2_a21oi_1)
                                                         _0001_ (net)
                      0.048099    0.000000    1.847386 ^ _2768_/D (sg13g2_dfrbpq_1)
                                              1.847386   data arrival time

                      0.000000   10.050000   10.050000   clock core (rise edge)
                                  0.050000   10.100000   clock network delay (ideal)
                                 -0.025000   10.075001   clock uncertainty
                                  0.000000   10.075001   clock reconvergence pessimism
                                             10.075001 ^ _2768_/CLK (sg13g2_dfrbpq_1)
                                 -0.118165    9.956837   library setup time
                                              9.956837   data required time
---------------------------------------------------------------------------------------------
                                              9.956837   data required time
                                             -1.847386   data arrival time
---------------------------------------------------------------------------------------------
                                              8.109451   slack (MET)

Hotspot 3: instance=_3012_ selected_worst_paths=none internal=9.37823e-06 switching=3.64773e-07 dynamic=9.743e-06 leakage=3.88043e-09 total=9.74688e-06
Worst path through hotspot: status=met slack=9.32247 type=max group=core
startpoint=_3012_ (rising edge-triggered flip-flop clocked by core)
endpoint=_3015_ (rising edge-triggered flip-flop clocked by core)
path_power_complete=true
path_average_power_sum internal=1.72006e-05 switching=1.11038e-06 dynamic=1.83109e-05 leakage=1.06729e-08 total=1.83216e-05
stage instance cell pins fanout capacitance slew delay arrival internal switching dynamic leakage total
1 _3012_ sg13g2_dfrbpq_1 CLK,Q 2 0.009743 0.054494 0.176074 0.276074 9.37823e-06 3.64773e-07 9.743e-06 3.88043e-09 9.74688e-06
2 _1725_ sg13g2_nand2_1 A,Y 2 0.008655 0.070095 0.07539 0.351464 1.33873e-07 3.37193e-07 4.71065e-07 3.686e-10 4.71434e-07
3 _1726_ sg13g2_nor2b_1 A,Y 2 0.009108 0.105502 0.101313 0.452777 2.19243e-07 1.63196e-07 3.82439e-07 9.08509e-10 3.83347e-07
4 _2526_ sg13g2_nand2_1 A,Y 2 0.008655 0.078033 0.090793 0.543571 5.54753e-08 1.70334e-07 2.2581e-07 1.91331e-10 2.26001e-07
5 _2527_ sg13g2_xnor2_1 B,Y 1 0.001743 0.03699 0.096471 0.640042 1.23613e-07 2.48635e-08 1.48476e-07 1.51813e-09 1.49994e-07
6 _3015_ sg13g2_dfrbpq_1 D - - 0.03699 0 0.640042 7.29013e-06 5.00173e-08 7.34015e-06 3.80589e-09 7.34395e-06
OpenSTA targeted timing report:
Startpoint: _3012_ (rising edge-triggered flip-flop clocked by core)
Endpoint: _3015_ (rising edge-triggered flip-flop clocked by core)
Path Group: core
Path Type: max

Fanout         Cap        Slew       Delay        Time   Description
---------------------------------------------------------------------------------------------
                      0.000000    0.050000    0.050000   clock core (rise edge)
                                  0.050000    0.100000   clock network delay (ideal)
                      0.000000    0.000000    0.100000 ^ _3012_/CLK (sg13g2_dfrbpq_1)
     2    0.009743    0.054494    0.176074    0.276074 ^ _3012_/Q (sg13g2_dfrbpq_1)
                                                         u_uart_core_uart_tx_baud_div_q_0_ (net)
                      0.054494    0.000000    0.276074 ^ _1725_/A (sg13g2_nand2_1)
     2    0.008655    0.070095    0.075390    0.351464 v _1725_/Y (sg13g2_nand2_1)
                                                         _0379_ (net)
                      0.070095    0.000000    0.351464 v _1726_/A (sg13g2_nor2b_1)
     2    0.009108    0.105502    0.101313    0.452777 ^ _1726_/Y (sg13g2_nor2b_1)
                                                         _0380_ (net)
                      0.105502    0.000000    0.452777 ^ _2526_/A (sg13g2_nand2_1)
     2    0.008655    0.078033    0.090793    0.543571 v _2526_/Y (sg13g2_nand2_1)
                                                         _0933_ (net)
                      0.078033    0.000000    0.543571 v _2527_/B (sg13g2_xnor2_1)
     1    0.001743    0.036990    0.096471    0.640042 v _2527_/Y (sg13g2_xnor2_1)
                                                         _0320_ (net)
                      0.036990    0.000000    0.640042 v _3015_/D (sg13g2_dfrbpq_1)
                                              0.640042   data arrival time

                      0.000000   10.050000   10.050000   clock core (rise edge)
                                  0.050000   10.100000   clock network delay (ideal)
                                 -0.025000   10.075001   clock uncertainty
                                  0.000000   10.075001   clock reconvergence pessimism
                                             10.075001 ^ _3015_/CLK (sg13g2_dfrbpq_1)
                                 -0.112492    9.962508   library setup time
                                              9.962508   data required time
---------------------------------------------------------------------------------------------
                                              9.962508   data required time
                                             -0.640042   data arrival time
---------------------------------------------------------------------------------------------
                                              9.322467   slack (MET)

Hotspot 4: instance=_2993_ selected_worst_paths=none internal=8.70621e-06 switching=2.20373e-07 dynamic=8.92658e-06 leakage=3.88161e-09 total=8.93046e-06
Worst path through hotspot: status=met slack=9.14496 type=max group=core
startpoint=_2721_ (rising edge-triggered flip-flop clocked by core)
endpoint=_2993_ (rising edge-triggered flip-flop clocked by core)
path_power_complete=true
path_average_power_sum internal=1.5736e-05 switching=3.33788e-07 dynamic=1.60698e-05 leakage=1.3319e-08 total=1.60831e-05
stage instance cell pins fanout capacitance slew delay arrival internal switching dynamic leakage total
1 _2721_ sg13g2_dfrbpq_1 CLK,Q 3 0.009468 0.043412 0.171169 0.271169 6.7556e-06 3.50457e-09 6.7591e-06 3.50293e-09 6.76261e-06
2 _1734_ sg13g2_inv_1 A,Y 2 0.007978 0.047434 0.048984 0.320153 8.57577e-10 2.91727e-09 3.77485e-09 2.095e-10 3.98435e-09
3 _1735_ sg13g2_o21ai_1 A2,Y 1 0.003192 0.047886 0.058507 0.37866 9.72618e-09 1.14325e-08 2.11587e-08 5.09685e-10 2.16684e-08
4 _1736_ sg13g2_nand2b_1 B,Y 1 0.003022 0.034989 0.041489 0.420149 2.98365e-08 1.13113e-08 4.11477e-08 1.38903e-09 4.25368e-08
5 _1739_ sg13g2_nand4_1 A,Y 1 0.003444 0.082029 0.080767 0.500917 2.31552e-09 1.3497e-09 3.66522e-09 1.07559e-10 3.77278e-09
6 _1740_ sg13g2_o21ai_1 B1,Y 3 0.008121 0.125788 0.073097 0.574014 1.123e-09 2.96945e-09 4.09246e-09 1.13845e-09 5.23091e-09
7 _1741_ sg13g2_nand2_1 A,Y 3 0.012948 0.104749 0.119551 0.693565 1.10434e-09 4.89525e-09 5.9996e-09 2.2892e-10 6.22852e-09
8 _1742_ sg13g2_inv_2 A,Y 7 0.025623 0.075347 0.084142 0.777707 1.55532e-09 9.36944e-09 1.09248e-08 1.5142e-09 1.2439e-08
9 _1806_ sg13g2_nor3_1 C,Y 1 0.001743 0.034596 0.040619 0.818326 2.27663e-07 6.56652e-08 2.93328e-07 8.37079e-10 2.94165e-07
10 _2993_ sg13g2_dfrbpq_1 D - - 0.034596 0 0.818326 8.70621e-06 2.20373e-07 8.92658e-06 3.88161e-09 8.93046e-06
OpenSTA targeted timing report:
Startpoint: _2721_ (rising edge-triggered flip-flop clocked by core)
Endpoint: _2993_ (rising edge-triggered flip-flop clocked by core)
Path Group: core
Path Type: max

Fanout         Cap        Slew       Delay        Time   Description
---------------------------------------------------------------------------------------------
                      0.000000    0.050000    0.050000   clock core (rise edge)
                                  0.050000    0.100000   clock network delay (ideal)
                      0.000000    0.000000    0.100000 ^ _2721_/CLK (sg13g2_dfrbpq_1)
     3    0.009468    0.043412    0.171169    0.271169 v _2721_/Q (sg13g2_dfrbpq_1)
                                                         reg2hw_36_ (net)
                      0.043412    0.000000    0.271169 v _1734_/A (sg13g2_inv_1)
     2    0.007978    0.047434    0.048984    0.320153 ^ _1734_/Y (sg13g2_inv_1)
                                                         _0385_ (net)
                      0.047434    0.000000    0.320153 ^ _1735_/A2 (sg13g2_o21ai_1)
     1    0.003192    0.047886    0.058507    0.378660 v _1735_/Y (sg13g2_o21ai_1)
                                                         _0386_ (net)
                      0.047886    0.000000    0.378660 v _1736_/B (sg13g2_nand2b_1)
     1    0.003022    0.034989    0.041489    0.420149 ^ _1736_/Y (sg13g2_nand2b_1)
                                                         _0387_ (net)
                      0.034989    0.000000    0.420149 ^ _1739_/A (sg13g2_nand4_1)
     1    0.003444    0.082029    0.080767    0.500917 v _1739_/Y (sg13g2_nand4_1)
                                                         _0390_ (net)
                      0.082029    0.000000    0.500917 v _1740_/B1 (sg13g2_o21ai_1)
     3    0.008121    0.125788    0.073097    0.574014 ^ _1740_/Y (sg13g2_o21ai_1)
                                                         _0391_ (net)
                      0.125788    0.000000    0.574014 ^ _1741_/A (sg13g2_nand2_1)
     3    0.012948    0.104749    0.119551    0.693565 v _1741_/Y (sg13g2_nand2_1)
                                                         _0392_ (net)
                      0.104749    0.000000    0.693565 v _1742_/A (sg13g2_inv_2)
     7    0.025623    0.075347    0.084142    0.777707 ^ _1742_/Y (sg13g2_inv_2)
                                                         _0393_ (net)
                      0.075347    0.000000    0.777707 ^ _1806_/C (sg13g2_nor3_1)
     1    0.001743    0.034596    0.040619    0.818326 v _1806_/Y (sg13g2_nor3_1)
                                                         _0095_ (net)
                      0.034596    0.000000    0.818326 v _2993_/D (sg13g2_dfrbpq_1)
                                              0.818326   data arrival time

                      0.000000   10.050000   10.050000   clock core (rise edge)
                                  0.050000   10.100000   clock network delay (ideal)
                                 -0.025000   10.075001   clock uncertainty
                                  0.000000   10.075001   clock reconvergence pessimism
                                             10.075001 ^ _2993_/CLK (sg13g2_dfrbpq_1)
                                 -0.111715    9.963285   library setup time
                                              9.963285   data required time
---------------------------------------------------------------------------------------------
                                              9.963285   data required time
                                             -0.818326   data arrival time
---------------------------------------------------------------------------------------------
                                              9.144959   slack (MET)

Hotspot 5: instance=_2716_ selected_worst_paths=none internal=8.40508e-06 switching=3.57344e-08 dynamic=8.44081e-06 leakage=4.30101e-09 total=8.44511e-06
Worst path through hotspot: status=met slack=6.63299 type=max group=core
startpoint=reg_req_i[36] (input port clocked by core)
endpoint=_2716_ (rising edge-triggered flip-flop clocked by core)
path_power_complete=true
path_average_power_sum internal=8.80272e-06 switching=5.80573e-07 dynamic=9.38329e-06 leakage=2.19733e-08 total=9.40526e-06
stage instance cell pins fanout capacitance slew delay arrival internal switching dynamic leakage total
1 _1359_ sg13g2_nor2_1 A,Y 2 0.006278 0.072159 0.069034 2.16937 0 2.44759e-09 2.44759e-09 4.11395e-10 2.85899e-09
2 _1367_ sg13g2_nand3_1 A,Y 2 0.006465 0.088058 0.094505 2.26387 0 2.47353e-09 2.47353e-09 1.13912e-10 2.58744e-09
3 _1368_ sg13g2_inv_1 A,Y 3 0.010177 0.063867 0.070991 2.33487 8.77113e-10 3.7214e-09 4.59851e-09 7.60847e-10 5.35936e-09
4 _1369_ sg13g2_nor2_1 B,Y 1 0.002389 0.026293 0.036522 2.37139 1.59038e-09 9.05519e-10 2.4959e-09 9.82608e-10 3.47851e-09
5 _1370_ sg13g2_buf_1 A,X 5 0.016206 0.065821 0.09811 2.4695 2.97773e-09 6.61666e-09 9.59439e-09 8.99765e-10 1.04942e-08
6 _1371_ sg13g2_inv_1 A,Y 2 0.007694 0.050192 0.054699 2.5242 8.55733e-10 2.81343e-09 3.66916e-09 2.05956e-10 3.87511e-09
7 gain265 sg13g2_buf_4 A,X 8 0.02895 0.049926 0.112493 2.63669 9.36662e-09 1.0586e-08 1.99526e-08 1.95338e-09 2.1906e-08
8 gain264 sg13g2_buf_4 A,X 8 0.032459 0.053412 0.115408 2.7521 9.39173e-09 1.18691e-08 2.12608e-08 1.9535e-09 2.32143e-08
9 _1646_ sg13g2_nand2_2 B,Y 3 0.011272 0.067348 0.066486 2.81858 2.52682e-09 5.4818e-09 8.00862e-09 3.03814e-09 1.10468e-08
10 _1657_ sg13g2_nor3_1 C,Y 1 0.002476 0.083251 0.083202 2.90178 3.49315e-08 1.53938e-08 5.03254e-08 8.06209e-10 5.11316e-08
11 _1658_ sg13g2_buf_1 A,X 5 0.017806 0.088341 0.126615 3.0284 5.0132e-08 1.10688e-07 1.6082e-07 8.97793e-10 1.61718e-07
12 _1659_ sg13g2_buf_2 A,X 6 0.024314 0.066502 0.12432 3.15272 8.47179e-08 1.51142e-07 2.3586e-07 1.68236e-09 2.37542e-07
13 gain239 sg13g2_buf_4 A,X 8 0.033139 0.054585 0.123746 3.27647 1.59515e-07 2.06e-07 3.65516e-07 3.2365e-09 3.68752e-07
14 _1668_ sg13g2_o21ai_1 A2,Y 1 0.001748 0.036463 0.053218 3.32968 4.07584e-08 1.46994e-08 5.54577e-08 7.29956e-10 5.61877e-08
15 _2716_ sg13g2_dfrbpq_2 D - - 0.036463 0 3.32968 8.40508e-06 3.57344e-08 8.44081e-06 4.30101e-09 8.44511e-06
OpenSTA targeted timing report:
Startpoint: reg_req_i[36] (input port clocked by core)
Endpoint: _2716_ (rising edge-triggered flip-flop clocked by core)
Path Group: core
Path Type: max

Fanout         Cap        Slew       Delay        Time   Description
---------------------------------------------------------------------------------------------
                      0.000000    0.050000    0.050000   clock core (rise edge)
                                  0.050000    0.100000   clock network delay (ideal)
                                  2.000000    2.100000 v input external delay
     1    0.003358    0.000336    0.000336    2.100336 v reg_req_i[36] (in)
                                                         reg_req_i[36] (net)
                      0.000336    0.000000    2.100336 v _1359_/A (sg13g2_nor2_1)
     2    0.006278    0.072159    0.069034    2.169370 ^ _1359_/Y (sg13g2_nor2_1)
                                                         _1088_ (net)
                      0.072159    0.000000    2.169370 ^ _1367_/A (sg13g2_nand3_1)
     2    0.006465    0.088058    0.094505    2.263874 v _1367_/Y (sg13g2_nand3_1)
                                                         _1096_ (net)
                      0.088058    0.000000    2.263874 v _1368_/A (sg13g2_inv_1)
     3    0.010177    0.063867    0.070991    2.334865 ^ _1368_/Y (sg13g2_inv_1)
                                                         _1097_ (net)
                      0.063867    0.000000    2.334865 ^ _1369_/B (sg13g2_nor2_1)
     1    0.002389    0.026293    0.036522    2.371387 v _1369_/Y (sg13g2_nor2_1)
                                                         _1098_ (net)
                      0.026293    0.000000    2.371387 v _1370_/A (sg13g2_buf_1)
     5    0.016206    0.065821    0.098110    2.469497 v _1370_/X (sg13g2_buf_1)
                                                         u_uart_reg_reg_rsp_o_10_ (net)
                      0.065821    0.000000    2.469497 v _1371_/A (sg13g2_inv_1)
     2    0.007694    0.050192    0.054699    2.524196 ^ _1371_/Y (sg13g2_inv_1)
                                                         _1099_ (net)
                      0.050192    0.000000    2.524196 ^ gain265/A (sg13g2_buf_4)
     8    0.028950    0.049926    0.112493    2.636688 ^ gain265/X (sg13g2_buf_4)
                                                         net264 (net)
                      0.049926    0.000000    2.636688 ^ gain264/A (sg13g2_buf_4)
     8    0.032459    0.053412    0.115408    2.752097 ^ gain264/X (sg13g2_buf_4)
                                                         net263 (net)
                      0.053412    0.000000    2.752097 ^ _1646_/B (sg13g2_nand2_2)
     3    0.011272    0.067348    0.066486    2.818583 v _1646_/Y (sg13g2_nand2_2)
                                                         _1342_ (net)
                      0.067348    0.000000    2.818583 v _1657_/C (sg13g2_nor3_1)
     1    0.002476    0.083251    0.083202    2.901785 ^ _1657_/Y (sg13g2_nor3_1)
                                                         _1345_ (net)
                      0.083251    0.000000    2.901785 ^ _1658_/A (sg13g2_buf_1)
     5    0.017806    0.088341    0.126615    3.028400 ^ _1658_/X (sg13g2_buf_1)
                                                         _1346_ (net)
                      0.088341    0.000000    3.028400 ^ _1659_/A (sg13g2_buf_2)
     6    0.024314    0.066502    0.124320    3.152720 ^ _1659_/X (sg13g2_buf_2)
                                                         _1347_ (net)
                      0.066502    0.000000    3.152720 ^ gain239/A (sg13g2_buf_4)
     8    0.033139    0.054585    0.123746    3.276466 ^ gain239/X (sg13g2_buf_4)
                                                         net238 (net)
                      0.054585    0.000000    3.276466 ^ _1668_/A2 (sg13g2_o21ai_1)
     1    0.001748    0.036463    0.053218    3.329684 v _1668_/Y (sg13g2_o21ai_1)
                                                         _0063_ (net)
                      0.036463    0.000000    3.329684 v _2716_/D (sg13g2_dfrbpq_2)
                                              3.329684   data arrival time

                      0.000000   10.050000   10.050000   clock core (rise edge)
                                  0.050000   10.100000   clock network delay (ideal)
                                 -0.025000   10.075001   clock uncertainty
                                  0.000000   10.075001   clock reconvergence pessimism
                                             10.075001 ^ _2716_/CLK (sg13g2_dfrbpq_2)
                                 -0.112324    9.962676   library setup time
                                              9.962676   data required time
---------------------------------------------------------------------------------------------
                                              9.962676   data required time
                                             -3.329684   data arrival time
---------------------------------------------------------------------------------------------
                                              6.632992   slack (MET)

Hotspot 6: instance=_2752_ selected_worst_paths=none internal=8.28636e-06 switching=1.05439e-07 dynamic=8.39179e-06 leakage=4.00316e-09 total=8.3958e-06
Worst path through hotspot: status=met slack=8.14505 type=max group=core
startpoint=_2752_ (rising edge-triggered flip-flop clocked by core)
endpoint=_2767_ (rising edge-triggered flip-flop clocked by core)
path_power_complete=true
path_average_power_sum internal=2.00375e-05 switching=1.6093e-06 dynamic=2.16468e-05 leakage=2.4109e-08 total=2.16709e-05
stage instance cell pins fanout capacitance slew delay arrival internal switching dynamic leakage total
1 _2752_ sg13g2_dfrbpq_1 CLK,Q 2 0.009302 0.05268 0.174705 0.274705 8.28636e-06 1.05439e-07 8.39179e-06 4.00316e-09 8.3958e-06
2 _1395_ sg13g2_nand2_1 B,Y 2 0.009558 0.075329 0.08318 0.357885 3.35235e-08 9.12711e-08 1.24795e-07 4.43056e-10 1.25238e-07
3 _1396_ sg13g2_inv_1 A,Y 1 0.003404 0.034733 0.04148 0.399365 2.09518e-08 3.11182e-08 5.207e-08 7.30554e-10 5.28005e-08
4 _1397_ sg13g2_a21oi_1 A2,Y 2 0.008655 0.086242 0.084336 0.483701 3.1445e-08 8.69053e-08 1.1835e-07 3.72214e-10 1.18723e-07
5 _1399_ sg13g2_nor2b_1 A,Y 1 0.00307 0.059653 0.066734 0.550436 6.8261e-08 1.01031e-08 7.83642e-08 1.25854e-09 7.96227e-08
6 _1400_ sg13g2_a21o_1 B1,X 2 0.00908 0.055913 0.095162 0.645598 7.5023e-08 6.97209e-08 1.44744e-07 1.1908e-09 1.45935e-07
7 _1404_ sg13g2_a21oi_1 A1,Y 2 0.008655 0.079847 0.088293 0.733891 1.25538e-08 3.12859e-08 4.38397e-08 4.60299e-10 4.43e-08
8 _1406_ sg13g2_nor2b_1 A,Y 1 0.003584 0.062589 0.068313 0.802204 5.01193e-08 6.55252e-09 5.66718e-08 1.23133e-09 5.79032e-08
9 _1407_ sg13g2_a21oi_1 B1,Y 2 0.0089 0.081479 0.058119 0.860323 1.90313e-08 4.75929e-08 6.66243e-08 5.15075e-10 6.71393e-08
10 _1409_ sg13g2_o21ai_1 A2,Y 3 0.012211 0.16861 0.163486 1.02381 1.87603e-08 5.87709e-08 7.75312e-08 1.21817e-09 7.87494e-08
11 _1415_ sg13g2_nand3_1 A,Y 1 0.006596 0.104578 0.120195 1.144 1.7712e-09 2.41207e-09 4.18327e-09 1.25965e-10 4.30924e-09
12 _1421_ sg13g2_nand2_2 A,Y 4 0.015312 0.058304 0.066415 1.21042 7.29766e-08 1.45026e-07 2.18003e-07 2.84271e-09 2.20845e-07
13 _1433_ sg13g2_nand4_1 A,Y 1 0.002777 0.085086 0.082277 1.2927 9.14256e-09 5.0779e-09 1.42205e-08 1.02317e-10 1.43228e-08
14 _1444_ sg13g2_and3_1 A,X 1 0.002389 0.023611 0.090365 1.38306 9.69542e-08 2.2638e-08 1.19592e-07 1.8188e-09 1.21411e-07
15 gain205 sg13g2_buf_1 A,X 3 0.011916 0.051642 0.085053 1.46812 7.37327e-08 1.24773e-07 1.98506e-07 7.86246e-10 1.99292e-07
16 _1447_ sg13g2_o21ai_1 A2,Y 2 0.009125 0.136 0.129816 1.59793 1.59607e-08 3.00311e-08 4.59918e-08 1.23233e-09 4.72241e-08
17 _1450_ sg13g2_a21oi_1 A1,Y 2 0.009033 0.094936 0.116177 1.71411 3.06958e-08 8.30011e-08 1.13697e-07 4.14643e-10 1.14112e-07
18 _1451_ sg13g2_xnor2_1 B,Y 1 0.001743 0.039613 0.102502 1.81661 6.82216e-07 1.33243e-07 8.15459e-07 1.46555e-09 8.16925e-07
19 _2767_ sg13g2_dfrbpq_1 D - - 0.039613 0 1.81661 1.0438e-05 5.24334e-07 1.09623e-05 3.89727e-09 1.09662e-05
OpenSTA targeted timing report:
Startpoint: _2752_ (rising edge-triggered flip-flop clocked by core)
Endpoint: _2767_ (rising edge-triggered flip-flop clocked by core)
Path Group: core
Path Type: max

Fanout         Cap        Slew       Delay        Time   Description
---------------------------------------------------------------------------------------------
                      0.000000    0.050000    0.050000   clock core (rise edge)
                                  0.050000    0.100000   clock network delay (ideal)
                      0.000000    0.000000    0.100000 ^ _2752_/CLK (sg13g2_dfrbpq_1)
     2    0.009302    0.052680    0.174705    0.274705 ^ _2752_/Q (sg13g2_dfrbpq_1)
                                                         u_uart_core_nco_sum_q_0_ (net)
                      0.052680    0.000000    0.274705 ^ _1395_/B (sg13g2_nand2_1)
     2    0.009558    0.075329    0.083180    0.357885 v _1395_/Y (sg13g2_nand2_1)
                                                         _1120_ (net)
                      0.075329    0.000000    0.357885 v _1396_/A (sg13g2_inv_1)
     1    0.003404    0.034733    0.041480    0.399365 ^ _1396_/Y (sg13g2_inv_1)
                                                         _1121_ (net)
                      0.034733    0.000000    0.399365 ^ _1397_/A2 (sg13g2_a21oi_1)
     2    0.008655    0.086242    0.084336    0.483701 v _1397_/Y (sg13g2_a21oi_1)
                                                         _1122_ (net)
                      0.086242    0.000000    0.483701 v _1399_/A (sg13g2_nor2b_1)
     1    0.003070    0.059653    0.066734    0.550436 ^ _1399_/Y (sg13g2_nor2b_1)
                                                         _1124_ (net)
                      0.059653    0.000000    0.550436 ^ _1400_/B1 (sg13g2_a21o_1)
     2    0.009080    0.055913    0.095162    0.645598 ^ _1400_/X (sg13g2_a21o_1)
                                                         _1125_ (net)
                      0.055913    0.000000    0.645598 ^ _1404_/A1 (sg13g2_a21oi_1)
     2    0.008655    0.079847    0.088293    0.733891 v _1404_/Y (sg13g2_a21oi_1)
                                                         _1129_ (net)
                      0.079847    0.000000    0.733891 v _1406_/A (sg13g2_nor2b_1)
     1    0.003584    0.062589    0.068313    0.802204 ^ _1406_/Y (sg13g2_nor2b_1)
                                                         _1131_ (net)
                      0.062589    0.000000    0.802204 ^ _1407_/B1 (sg13g2_a21oi_1)
     2    0.008900    0.081479    0.058119    0.860323 v _1407_/Y (sg13g2_a21oi_1)
                                                         _1132_ (net)
                      0.081479    0.000000    0.860323 v _1409_/A2 (sg13g2_o21ai_1)
     3    0.012211    0.168610    0.163486    1.023809 ^ _1409_/Y (sg13g2_o21ai_1)
                                                         _1134_ (net)
                      0.168610    0.000000    1.023809 ^ _1415_/A (sg13g2_nand3_1)
     1    0.006596    0.104578    0.120195    1.144004 v _1415_/Y (sg13g2_nand3_1)
                                                         _1140_ (net)
                      0.104578    0.000000    1.144004 v _1421_/A (sg13g2_nand2_2)
     4    0.015312    0.058304    0.066415    1.210420 ^ _1421_/Y (sg13g2_nand2_2)
                                                         _1146_ (net)
                      0.058304    0.000000    1.210420 ^ _1433_/A (sg13g2_nand4_1)
     1    0.002777    0.085086    0.082277    1.292697 v _1433_/Y (sg13g2_nand4_1)
                                                         _1158_ (net)
                      0.085086    0.000000    1.292697 v _1444_/A (sg13g2_and3_1)
     1    0.002389    0.023611    0.090365    1.383062 v _1444_/X (sg13g2_and3_1)
                                                         _1169_ (net)
                      0.023611    0.000000    1.383062 v gain205/A (sg13g2_buf_1)
     3    0.011916    0.051642    0.085053    1.468115 v gain205/X (sg13g2_buf_1)
                                                         net204 (net)
                      0.051642    0.000000    1.468115 v _1447_/A2 (sg13g2_o21ai_1)
     2    0.009125    0.136000    0.129816    1.597931 ^ _1447_/Y (sg13g2_o21ai_1)
                                                         _1172_ (net)
                      0.136000    0.000000    1.597931 ^ _1450_/A1 (sg13g2_a21oi_1)
     2    0.009033    0.094936    0.116177    1.714108 v _1450_/Y (sg13g2_a21oi_1)
                                                         _1175_ (net)
                      0.094936    0.000000    1.714108 v _1451_/B (sg13g2_xnor2_1)
     1    0.001743    0.039613    0.102502    1.816611 v _1451_/Y (sg13g2_xnor2_1)
                                                         _0008_ (net)
                      0.039613    0.000000    1.816611 v _2767_/D (sg13g2_dfrbpq_1)
                                              1.816611   data arrival time

                      0.000000   10.050000   10.050000   clock core (rise edge)
                                  0.050000   10.100000   clock network delay (ideal)
                                 -0.025000   10.075001   clock uncertainty
                                  0.000000   10.075001   clock reconvergence pessimism
                                             10.075001 ^ _2767_/CLK (sg13g2_dfrbpq_1)
                                 -0.113343    9.961658   library setup time
                                              9.961658   data required time
---------------------------------------------------------------------------------------------
                                              9.961658   data required time
                                             -1.816611   data arrival time
---------------------------------------------------------------------------------------------
                                              8.145046   slack (MET)

Hotspot 7: instance=_2994_ selected_worst_paths=none internal=8.21188e-06 switching=1.78711e-07 dynamic=8.39059e-06 leakage=3.87835e-09 total=8.39447e-06
Worst path through hotspot: status=met slack=9.14682 type=max group=core
startpoint=_2721_ (rising edge-triggered flip-flop clocked by core)
endpoint=_2994_ (rising edge-triggered flip-flop clocked by core)
path_power_complete=true
path_average_power_sum internal=1.53458e-05 switching=3.18902e-07 dynamic=1.56647e-05 leakage=1.33171e-08 total=1.56781e-05
stage instance cell pins fanout capacitance slew delay arrival internal switching dynamic leakage total
1 _2721_ sg13g2_dfrbpq_1 CLK,Q 3 0.009468 0.043412 0.171169 0.271169 6.7556e-06 3.50457e-09 6.7591e-06 3.50293e-09 6.76261e-06
2 _1734_ sg13g2_inv_1 A,Y 2 0.007978 0.047434 0.048984 0.320153 8.57577e-10 2.91727e-09 3.77485e-09 2.095e-10 3.98435e-09
3 _1735_ sg13g2_o21ai_1 A2,Y 1 0.003192 0.047886 0.058507 0.37866 9.72618e-09 1.14325e-08 2.11587e-08 5.09685e-10 2.16684e-08
4 _1736_ sg13g2_nand2b_1 B,Y 1 0.003022 0.034989 0.041489 0.420149 2.98365e-08 1.13113e-08 4.11477e-08 1.38903e-09 4.25368e-08
5 _1739_ sg13g2_nand4_1 A,Y 1 0.003444 0.082029 0.080767 0.500917 2.31552e-09 1.3497e-09 3.66522e-09 1.07559e-10 3.77278e-09
6 _1740_ sg13g2_o21ai_1 B1,Y 3 0.008121 0.125788 0.073097 0.574014 1.123e-09 2.96945e-09 4.09246e-09 1.13845e-09 5.23091e-09
7 _1741_ sg13g2_nand2_1 A,Y 3 0.012948 0.104749 0.119551 0.693565 1.10434e-09 4.89525e-09 5.9996e-09 2.2892e-10 6.22852e-09
8 _1742_ sg13g2_inv_2 A,Y 7 0.025623 0.075347 0.084142 0.777707 1.55532e-09 9.36944e-09 1.09248e-08 1.5142e-09 1.2439e-08
9 _1804_ sg13g2_nor3_1 C,Y 1 0.001743 0.028862 0.040619 0.818326 3.31839e-07 9.24413e-08 4.2428e-07 8.38438e-10 4.25118e-07
10 _2994_ sg13g2_dfrbpq_1 D - - 0.028862 0 0.818326 8.21188e-06 1.78711e-07 8.39059e-06 3.87835e-09 8.39447e-06
OpenSTA targeted timing report:
Startpoint: _2721_ (rising edge-triggered flip-flop clocked by core)
Endpoint: _2994_ (rising edge-triggered flip-flop clocked by core)
Path Group: core
Path Type: max

Fanout         Cap        Slew       Delay        Time   Description
---------------------------------------------------------------------------------------------
                      0.000000    0.050000    0.050000   clock core (rise edge)
                                  0.050000    0.100000   clock network delay (ideal)
                      0.000000    0.000000    0.100000 ^ _2721_/CLK (sg13g2_dfrbpq_1)
     3    0.009468    0.043412    0.171169    0.271169 v _2721_/Q (sg13g2_dfrbpq_1)
                                                         reg2hw_36_ (net)
                      0.043412    0.000000    0.271169 v _1734_/A (sg13g2_inv_1)
     2    0.007978    0.047434    0.048984    0.320153 ^ _1734_/Y (sg13g2_inv_1)
                                                         _0385_ (net)
                      0.047434    0.000000    0.320153 ^ _1735_/A2 (sg13g2_o21ai_1)
     1    0.003192    0.047886    0.058507    0.378660 v _1735_/Y (sg13g2_o21ai_1)
                                                         _0386_ (net)
                      0.047886    0.000000    0.378660 v _1736_/B (sg13g2_nand2b_1)
     1    0.003022    0.034989    0.041489    0.420149 ^ _1736_/Y (sg13g2_nand2b_1)
                                                         _0387_ (net)
                      0.034989    0.000000    0.420149 ^ _1739_/A (sg13g2_nand4_1)
     1    0.003444    0.082029    0.080767    0.500917 v _1739_/Y (sg13g2_nand4_1)
                                                         _0390_ (net)
                      0.082029    0.000000    0.500917 v _1740_/B1 (sg13g2_o21ai_1)
     3    0.008121    0.125788    0.073097    0.574014 ^ _1740_/Y (sg13g2_o21ai_1)
                                                         _0391_ (net)
                      0.125788    0.000000    0.574014 ^ _1741_/A (sg13g2_nand2_1)
     3    0.012948    0.104749    0.119551    0.693565 v _1741_/Y (sg13g2_nand2_1)
                                                         _0392_ (net)
                      0.104749    0.000000    0.693565 v _1742_/A (sg13g2_inv_2)
     7    0.025623    0.075347    0.084142    0.777707 ^ _1742_/Y (sg13g2_inv_2)
                                                         _0393_ (net)
                      0.075347    0.000000    0.777707 ^ _1804_/C (sg13g2_nor3_1)
     1    0.001743    0.028862    0.040619    0.818326 v _1804_/Y (sg13g2_nor3_1)
                                                         _0094_ (net)
                      0.028862    0.000000    0.818326 v _2994_/D (sg13g2_dfrbpq_1)
                                              0.818326   data arrival time

                      0.000000   10.050000   10.050000   clock core (rise edge)
                                  0.050000   10.100000   clock network delay (ideal)
                                 -0.025000   10.075001   clock uncertainty
                                  0.000000   10.075001   clock reconvergence pessimism
                                             10.075001 ^ _2994_/CLK (sg13g2_dfrbpq_1)
                                 -0.109856    9.965145   library setup time
                                              9.965145   data required time
---------------------------------------------------------------------------------------------
                                              9.965145   data required time
                                             -0.818326   data arrival time
---------------------------------------------------------------------------------------------
                                              9.146819   slack (MET)

Hotspot 8: instance=_2770_ selected_worst_paths=12 internal=8.31859e-06 switching=5.73774e-09 dynamic=8.32433e-06 leakage=3.98784e-09 total=8.32832e-06
Worst path through hotspot: status=met slack=7.85759 type=max group=asynchronous
startpoint=rst_ni (input port clocked by core)
endpoint=_2770_ (recovery check against rising-edge clock core)
path_power_complete=true
path_average_power_sum internal=8.31859e-06 switching=5.73774e-09 dynamic=8.32433e-06 leakage=3.98784e-09 total=8.32832e-06
stage instance cell pins fanout capacitance slew delay arrival internal switching dynamic leakage total
1 _2770_ sg13g2_dfrbpq_1 RESET_B - - 0.002187 0 2.10219 8.31859e-06 5.73774e-09 8.32433e-06 3.98784e-09 8.32832e-06
OpenSTA targeted timing report:
Startpoint: rst_ni (input port clocked by core)
Endpoint: _2770_ (recovery check against rising-edge clock core)
Path Group: asynchronous
Path Type: max

Fanout         Cap        Slew       Delay        Time   Description
---------------------------------------------------------------------------------------------
                      0.000000    0.050000    0.050000   clock core (rise edge)
                                  0.050000    0.100000   clock network delay (ideal)
                                  2.000000    2.100000 ^ input external delay
     4    0.021873    0.002187    0.002187    2.102187 ^ rst_ni (in)
                                                         rst_ni (net)
                      0.002187    0.000000    2.102187 ^ _2770_/RESET_B (sg13g2_dfrbpq_1)
                                              2.102187   data arrival time

                      0.000000   10.050000   10.050000   clock core (rise edge)
                                  0.050000   10.100000   clock network delay (ideal)
                                 -0.025000   10.075001   clock uncertainty
                                  0.000000   10.075001   clock reconvergence pessimism
                                             10.075001 ^ _2770_/CLK (sg13g2_dfrbpq_1)
                                 -0.115227    9.959774   library recovery time
                                              9.959774   data required time
---------------------------------------------------------------------------------------------
                                              9.959774   data required time
                                             -2.102187   data arrival time
---------------------------------------------------------------------------------------------
                                              7.857587   slack (MET)

Hotspot 9: instance=_2772_ selected_worst_paths=14 internal=8.31859e-06 switching=5.73774e-09 dynamic=8.32433e-06 leakage=3.98784e-09 total=8.32832e-06
Worst path through hotspot: status=met slack=7.85759 type=max group=asynchronous
startpoint=rst_ni (input port clocked by core)
endpoint=_2772_ (recovery check against rising-edge clock core)
path_power_complete=true
path_average_power_sum internal=8.31859e-06 switching=5.73774e-09 dynamic=8.32433e-06 leakage=3.98784e-09 total=8.32832e-06
stage instance cell pins fanout capacitance slew delay arrival internal switching dynamic leakage total
1 _2772_ sg13g2_dfrbpq_1 RESET_B - - 0.002187 0 2.10219 8.31859e-06 5.73774e-09 8.32433e-06 3.98784e-09 8.32832e-06
OpenSTA targeted timing report:
Startpoint: rst_ni (input port clocked by core)
Endpoint: _2772_ (recovery check against rising-edge clock core)
Path Group: asynchronous
Path Type: max

Fanout         Cap        Slew       Delay        Time   Description
---------------------------------------------------------------------------------------------
                      0.000000    0.050000    0.050000   clock core (rise edge)
                                  0.050000    0.100000   clock network delay (ideal)
                                  2.000000    2.100000 ^ input external delay
     4    0.021873    0.002187    0.002187    2.102187 ^ rst_ni (in)
                                                         rst_ni (net)
                      0.002187    0.000000    2.102187 ^ _2772_/RESET_B (sg13g2_dfrbpq_1)
                                              2.102187   data arrival time

                      0.000000   10.050000   10.050000   clock core (rise edge)
                                  0.050000   10.100000   clock network delay (ideal)
                                 -0.025000   10.075001   clock uncertainty
                                  0.000000   10.075001   clock reconvergence pessimism
                                             10.075001 ^ _2772_/CLK (sg13g2_dfrbpq_1)
                                 -0.115227    9.959774   library recovery time
                                              9.959774   data required time
---------------------------------------------------------------------------------------------
                                              9.959774   data required time
                                             -2.102187   data arrival time
---------------------------------------------------------------------------------------------
                                              7.857587   slack (MET)

Hotspot 10: instance=_2769_ selected_worst_paths=11 internal=8.2525e-06 switching=3.08827e-08 dynamic=8.28338e-06 leakage=3.99417e-09 total=8.28738e-06
Worst path through hotspot: status=met slack=7.85759 type=max group=asynchronous
startpoint=rst_ni (input port clocked by core)
endpoint=_2769_ (recovery check against rising-edge clock core)
path_power_complete=true
path_average_power_sum internal=8.2525e-06 switching=3.08827e-08 dynamic=8.28338e-06 leakage=3.99417e-09 total=8.28738e-06
stage instance cell pins fanout capacitance slew delay arrival internal switching dynamic leakage total
1 _2769_ sg13g2_dfrbpq_1 RESET_B - - 0.002187 0 2.10219 8.2525e-06 3.08827e-08 8.28338e-06 3.99417e-09 8.28738e-06
OpenSTA targeted timing report:
Startpoint: rst_ni (input port clocked by core)
Endpoint: _2769_ (recovery check against rising-edge clock core)
Path Group: asynchronous
Path Type: max

Fanout         Cap        Slew       Delay        Time   Description
---------------------------------------------------------------------------------------------
                      0.000000    0.050000    0.050000   clock core (rise edge)
                                  0.050000    0.100000   clock network delay (ideal)
                                  2.000000    2.100000 ^ input external delay
     4    0.021873    0.002187    0.002187    2.102187 ^ rst_ni (in)
                                                         rst_ni (net)
                      0.002187    0.000000    2.102187 ^ _2769_/RESET_B (sg13g2_dfrbpq_1)
                                              2.102187   data arrival time

                      0.000000   10.050000   10.050000   clock core (rise edge)
                                  0.050000   10.100000   clock network delay (ideal)
                                 -0.025000   10.075001   clock uncertainty
                                  0.000000   10.075001   clock reconvergence pessimism
                                             10.075001 ^ _2769_/CLK (sg13g2_dfrbpq_1)
                                 -0.115227    9.959774   library recovery time
                                              9.959774   data required time
---------------------------------------------------------------------------------------------
                                              9.959774   data required time
                                             -2.102187   data arrival time
---------------------------------------------------------------------------------------------
                                              7.857587   slack (MET)

Hotspot 11: instance=_2771_ selected_worst_paths=13 internal=8.25209e-06 switching=8.14967e-09 dynamic=8.26024e-06 leakage=3.99415e-09 total=8.26424e-06
Worst path through hotspot: status=met slack=7.85759 type=max group=asynchronous
startpoint=rst_ni (input port clocked by core)
endpoint=_2771_ (recovery check against rising-edge clock core)
path_power_complete=true
path_average_power_sum internal=8.25209e-06 switching=8.14967e-09 dynamic=8.26024e-06 leakage=3.99415e-09 total=8.26424e-06
stage instance cell pins fanout capacitance slew delay arrival internal switching dynamic leakage total
1 _2771_ sg13g2_dfrbpq_1 RESET_B - - 0.002187 0 2.10219 8.25209e-06 8.14967e-09 8.26024e-06 3.99415e-09 8.26424e-06
OpenSTA targeted timing report:
Startpoint: rst_ni (input port clocked by core)
Endpoint: _2771_ (recovery check against rising-edge clock core)
Path Group: asynchronous
Path Type: max

Fanout         Cap        Slew       Delay        Time   Description
---------------------------------------------------------------------------------------------
                      0.000000    0.050000    0.050000   clock core (rise edge)
                                  0.050000    0.100000   clock network delay (ideal)
                                  2.000000    2.100000 ^ input external delay
     4    0.021873    0.002187    0.002187    2.102187 ^ rst_ni (in)
                                                         rst_ni (net)
                      0.002187    0.000000    2.102187 ^ _2771_/RESET_B (sg13g2_dfrbpq_1)
                                              2.102187   data arrival time

                      0.000000   10.050000   10.050000   clock core (rise edge)
                                  0.050000   10.100000   clock network delay (ideal)
                                 -0.025000   10.075001   clock uncertainty
                                  0.000000   10.075001   clock reconvergence pessimism
                                             10.075001 ^ _2771_/CLK (sg13g2_dfrbpq_1)
                                 -0.115227    9.959774   library recovery time
                                              9.959774   data required time
---------------------------------------------------------------------------------------------
                                              9.959774   data required time
                                             -2.102187   data arrival time
---------------------------------------------------------------------------------------------
                                              7.857587   slack (MET)

Hotspot 12: instance=_3013_ selected_worst_paths=none internal=8.04785e-06 switching=1.6339e-07 dynamic=8.21124e-06 leakage=3.87825e-09 total=8.21511e-06
Worst path through hotspot: status=met slack=9.36664 type=max group=core
startpoint=_3013_ (rising edge-triggered flip-flop clocked by core)
endpoint=_3015_ (rising edge-triggered flip-flop clocked by core)
path_power_complete=true
path_average_power_sum internal=1.57363e-05 switching=5.71801e-07 dynamic=1.63081e-05 leakage=1.03021e-08 total=1.63184e-05
stage instance cell pins fanout capacitance slew delay arrival internal switching dynamic leakage total
1 _3013_ sg13g2_dfrbpq_1 CLK,Q 2 0.009119 0.05193 0.174139 0.274139 8.04785e-06 1.6339e-07 8.21124e-06 3.87825e-09 8.21511e-06
2 _1726_ sg13g2_nor2b_1 B_N,Y 2 0.009108 0.105502 0.134467 0.408606 2.19243e-07 1.63196e-07 3.82439e-07 9.08509e-10 3.83347e-07
3 _2526_ sg13g2_nand2_1 A,Y 2 0.008655 0.078033 0.090793 0.4994 5.54753e-08 1.70334e-07 2.2581e-07 1.91331e-10 2.26001e-07
4 _2527_ sg13g2_xnor2_1 B,Y 1 0.001743 0.03699 0.096471 0.595871 1.23613e-07 2.48635e-08 1.48476e-07 1.51813e-09 1.49994e-07
5 _3015_ sg13g2_dfrbpq_1 D - - 0.03699 0 0.595871 7.29013e-06 5.00173e-08 7.34015e-06 3.80589e-09 7.34395e-06
OpenSTA targeted timing report:
Startpoint: _3013_ (rising edge-triggered flip-flop clocked by core)
Endpoint: _3015_ (rising edge-triggered flip-flop clocked by core)
Path Group: core
Path Type: max

Fanout         Cap        Slew       Delay        Time   Description
---------------------------------------------------------------------------------------------
                      0.000000    0.050000    0.050000   clock core (rise edge)
                                  0.050000    0.100000   clock network delay (ideal)
                      0.000000    0.000000    0.100000 ^ _3013_/CLK (sg13g2_dfrbpq_1)
     2    0.009119    0.051930    0.174139    0.274139 ^ _3013_/Q (sg13g2_dfrbpq_1)
                                                         u_uart_core_uart_tx_baud_div_q_1_ (net)
                      0.051930    0.000000    0.274139 ^ _1726_/B_N (sg13g2_nor2b_1)
     2    0.009108    0.105502    0.134467    0.408606 ^ _1726_/Y (sg13g2_nor2b_1)
                                                         _0380_ (net)
                      0.105502    0.000000    0.408606 ^ _2526_/A (sg13g2_nand2_1)
     2    0.008655    0.078033    0.090793    0.499400 v _2526_/Y (sg13g2_nand2_1)
                                                         _0933_ (net)
                      0.078033    0.000000    0.499400 v _2527_/B (sg13g2_xnor2_1)
     1    0.001743    0.036990    0.096471    0.595871 v _2527_/Y (sg13g2_xnor2_1)
                                                         _0320_ (net)
                      0.036990    0.000000    0.595871 v _3015_/D (sg13g2_dfrbpq_1)
                                              0.595871   data arrival time

                      0.000000   10.050000   10.050000   clock core (rise edge)
                                  0.050000   10.100000   clock network delay (ideal)
                                 -0.025000   10.075001   clock uncertainty
                                  0.000000   10.075001   clock reconvergence pessimism
                                             10.075001 ^ _3015_/CLK (sg13g2_dfrbpq_1)
                                 -0.112492    9.962508   library setup time
                                              9.962508   data required time
---------------------------------------------------------------------------------------------
                                              9.962508   data required time
                                             -0.595871   data arrival time
---------------------------------------------------------------------------------------------
                                              9.366637   slack (MET)

Hotspot 13: instance=_2746_ selected_worst_paths=none internal=8.09716e-06 switching=2.40199e-08 dynamic=8.12118e-06 leakage=3.99478e-09 total=8.12517e-06
Worst path through hotspot: status=met slack=9.4928 type=max group=asynchronous
startpoint=_2746_ (rising edge-triggered flip-flop clocked by core)
endpoint=_2740_ (recovery check against rising-edge clock core)
path_power_complete=true
path_average_power_sum internal=1.52504e-05 switching=2.99051e-07 dynamic=1.55495e-05 leakage=1.60754e-08 total=1.55655e-05
stage instance cell pins fanout capacitance slew delay arrival internal switching dynamic leakage total
1 _2746_ sg13g2_dfrbpq_1 CLK,Q 1 0.009384 0.053018 0.174961 0.274961 8.09716e-06 2.40199e-08 8.12118e-06 3.99478e-09 8.12517e-06
2 gain366 sg13g2_buf_8 A,X 8 0.059409 0.046954 0.095756 0.370716 1.32328e-07 1.52066e-07 2.84394e-07 4.28071e-09 2.88675e-07
3 gain362 sg13g2_buf_8 A,X 8 0.043746 0.038745 0.086724 0.457441 1.31457e-07 1.11973e-07 2.4343e-07 4.28093e-09 2.47711e-07
4 _2740_ sg13g2_dfrbpq_1 RESET_B - - 0.038745 0 0.457441 6.88946e-06 1.09927e-08 6.90045e-06 3.51903e-09 6.90397e-06
OpenSTA targeted timing report:
Startpoint: _2746_ (rising edge-triggered flip-flop clocked by core)
Endpoint: _2740_ (recovery check against rising-edge clock core)
Path Group: asynchronous
Path Type: max

Fanout         Cap        Slew       Delay        Time   Description
---------------------------------------------------------------------------------------------
                      0.000000    0.050000    0.050000   clock core (rise edge)
                                  0.050000    0.100000   clock network delay (ideal)
                      0.000000    0.000000    0.100000 ^ _2746_/CLK (sg13g2_dfrbpq_1)
     1    0.009384    0.053018    0.174961    0.274961 ^ _2746_/Q (sg13g2_dfrbpq_1)
                                                         u_uart_core_rx_rst_ni (net)
                      0.053018    0.000000    0.274961 ^ gain366/A (sg13g2_buf_8)
     8    0.059409    0.046954    0.095756    0.370716 ^ gain366/X (sg13g2_buf_8)
                                                         net365 (net)
                      0.046954    0.000000    0.370716 ^ gain362/A (sg13g2_buf_8)
     8    0.043746    0.038745    0.086724    0.457441 ^ gain362/X (sg13g2_buf_8)
                                                         net361 (net)
                      0.038745    0.000000    0.457441 ^ _2740_/RESET_B (sg13g2_dfrbpq_1)
                                              0.457441   data arrival time

                      0.000000   10.050000   10.050000   clock core (rise edge)
                                  0.050000   10.100000   clock network delay (ideal)
                                 -0.025000   10.075001   clock uncertainty
                                  0.000000   10.075001   clock reconvergence pessimism
                                             10.075001 ^ _2740_/CLK (sg13g2_dfrbpq_1)
                                 -0.124760    9.950240   library recovery time
                                              9.950240   data required time
---------------------------------------------------------------------------------------------
                                              9.950240   data required time
                                             -0.457441   data arrival time
---------------------------------------------------------------------------------------------
                                              9.492799   slack (MET)

Hotspot 14: instance=_2761_ selected_worst_paths=none internal=8.08788e-06 switching=2.34411e-08 dynamic=8.11133e-06 leakage=4.00013e-09 total=8.11533e-06
Worst path through hotspot: status=met slack=8.5081 type=max group=core
startpoint=_2753_ (rising edge-triggered flip-flop clocked by core)
endpoint=_2761_ (rising edge-triggered flip-flop clocked by core)
path_power_complete=true
path_average_power_sum internal=1.58261e-05 switching=7.05374e-07 dynamic=1.65315e-05 leakage=2.00425e-08 total=1.65515e-05
stage instance cell pins fanout capacitance slew delay arrival internal switching dynamic leakage total
1 _2753_ sg13g2_dfrbpq_1 CLK,Q 2 0.005828 0.03841 0.163936 0.263936 7.12653e-06 3.62272e-08 7.16276e-06 3.65925e-09 7.16642e-06
2 _1390_ sg13g2_nor2b_1 B_N,Y 2 0.006937 0.083978 0.116341 0.380277 8.40967e-08 4.31198e-08 1.27217e-07 7.21456e-10 1.27938e-07
3 _1393_ sg13g2_nor2_1 A,Y 2 0.009033 0.055564 0.07084 0.451116 1.91731e-08 4.98007e-08 6.89738e-08 6.81271e-10 6.96551e-08
4 _1397_ sg13g2_a21oi_1 A1,Y 2 0.009507 0.114209 0.110134 0.56125 3.1445e-08 8.69053e-08 1.1835e-07 3.72214e-10 1.18723e-07
5 _1399_ sg13g2_nor2b_1 A,Y 1 0.002717 0.036017 0.047599 0.60885 6.8261e-08 1.01031e-08 7.83642e-08 1.25854e-09 7.96227e-08
6 _1400_ sg13g2_a21o_1 B1,X 2 0.009033 0.04964 0.121811 0.73066 7.5023e-08 6.97209e-08 1.44744e-07 1.1908e-09 1.45935e-07
7 _1404_ sg13g2_a21oi_1 A1,Y 2 0.009507 0.114216 0.108358 0.839019 1.25538e-08 3.12859e-08 4.38397e-08 4.60299e-10 4.43e-08
8 _1406_ sg13g2_nor2b_1 A,Y 1 0.003054 0.037124 0.048925 0.887944 5.01193e-08 6.55252e-09 5.66718e-08 1.23133e-09 5.79032e-08
9 _1407_ sg13g2_a21oi_1 B1,Y 2 0.010012 0.118325 0.1069 0.994844 1.90313e-08 4.75929e-08 6.66243e-08 5.15075e-10 6.71393e-08
10 _1409_ sg13g2_o21ai_1 A2,Y 3 0.012363 0.106087 0.123134 1.11798 1.87603e-08 5.87709e-08 7.75312e-08 1.21817e-09 7.87494e-08
11 _1415_ sg13g2_nand3_1 A,Y 1 0.006209 0.064245 0.067982 1.18596 1.7712e-09 2.41207e-09 4.18327e-09 1.25965e-10 4.30924e-09
12 _1421_ sg13g2_nand2_2 A,Y 4 0.015865 0.068712 0.075565 1.26153 7.29766e-08 1.45026e-07 2.18003e-07 2.84271e-09 2.20845e-07
13 _1465_ sg13g2_a21oi_1 A1,Y 1 0.00587 0.084307 0.091155 1.35268 4.06964e-08 7.08275e-08 1.11524e-07 3.72786e-10 1.11897e-07
14 _1466_ sg13g2_xnor2_1 B,Y 1 0.001629 0.059087 0.092914 1.44559 1.17806e-07 2.35885e-08 1.41394e-07 1.3925e-09 1.42787e-07
15 _2761_ sg13g2_dfrbpq_1 D - - 0.059087 0 1.44559 8.08788e-06 2.34411e-08 8.11133e-06 4.00013e-09 8.11533e-06
OpenSTA targeted timing report:
Startpoint: _2753_ (rising edge-triggered flip-flop clocked by core)
Endpoint: _2761_ (rising edge-triggered flip-flop clocked by core)
Path Group: core
Path Type: max

Fanout         Cap        Slew       Delay        Time   Description
---------------------------------------------------------------------------------------------
                      0.000000    0.050000    0.050000   clock core (rise edge)
                                  0.050000    0.100000   clock network delay (ideal)
                      0.000000    0.000000    0.100000 ^ _2753_/CLK (sg13g2_dfrbpq_1)
     2    0.005828    0.038410    0.163936    0.263936 ^ _2753_/Q (sg13g2_dfrbpq_1)
                                                         u_uart_core_nco_sum_q_1_ (net)
                      0.038410    0.000000    0.263936 ^ _1390_/B_N (sg13g2_nor2b_1)
     2    0.006937    0.083978    0.116341    0.380277 ^ _1390_/Y (sg13g2_nor2b_1)
                                                         _1115_ (net)
                      0.083978    0.000000    0.380277 ^ _1393_/A (sg13g2_nor2_1)
     2    0.009033    0.055564    0.070840    0.451116 v _1393_/Y (sg13g2_nor2_1)
                                                         _1118_ (net)
                      0.055564    0.000000    0.451116 v _1397_/A1 (sg13g2_a21oi_1)
     2    0.009507    0.114209    0.110134    0.561250 ^ _1397_/Y (sg13g2_a21oi_1)
                                                         _1122_ (net)
                      0.114209    0.000000    0.561250 ^ _1399_/A (sg13g2_nor2b_1)
     1    0.002717    0.036017    0.047599    0.608850 v _1399_/Y (sg13g2_nor2b_1)
                                                         _1124_ (net)
                      0.036017    0.000000    0.608850 v _1400_/B1 (sg13g2_a21o_1)
     2    0.009033    0.049640    0.121811    0.730660 v _1400_/X (sg13g2_a21o_1)
                                                         _1125_ (net)
                      0.049640    0.000000    0.730660 v _1404_/A1 (sg13g2_a21oi_1)
     2    0.009507    0.114216    0.108358    0.839019 ^ _1404_/Y (sg13g2_a21oi_1)
                                                         _1129_ (net)
                      0.114216    0.000000    0.839019 ^ _1406_/A (sg13g2_nor2b_1)
     1    0.003054    0.037124    0.048925    0.887944 v _1406_/Y (sg13g2_nor2b_1)
                                                         _1131_ (net)
                      0.037124    0.000000    0.887944 v _1407_/B1 (sg13g2_a21oi_1)
     2    0.010012    0.118325    0.106900    0.994844 ^ _1407_/Y (sg13g2_a21oi_1)
                                                         _1132_ (net)
                      0.118325    0.000000    0.994844 ^ _1409_/A2 (sg13g2_o21ai_1)
     3    0.012363    0.106087    0.123134    1.117977 v _1409_/Y (sg13g2_o21ai_1)
                                                         _1134_ (net)
                      0.106087    0.000000    1.117977 v _1415_/A (sg13g2_nand3_1)
     1    0.006209    0.064245    0.067982    1.185959 ^ _1415_/Y (sg13g2_nand3_1)
                                                         _1140_ (net)
                      0.064245    0.000000    1.185959 ^ _1421_/A (sg13g2_nand2_2)
     4    0.015865    0.068712    0.075565    1.261525 v _1421_/Y (sg13g2_nand2_2)
                                                         _1146_ (net)
                      0.068712    0.000000    1.261525 v _1465_/A1 (sg13g2_a21oi_1)
     1    0.005870    0.084307    0.091155    1.352680 ^ _1465_/Y (sg13g2_a21oi_1)
                                                         _1182_ (net)
                      0.084307    0.000000    1.352680 ^ _1466_/B (sg13g2_xnor2_1)
     1    0.001629    0.059087    0.092914    1.445594 ^ _1466_/Y (sg13g2_xnor2_1)
                                                         _0017_ (net)
                      0.059087    0.000000    1.445594 ^ _2761_/D (sg13g2_dfrbpq_1)
                                              1.445594   data arrival time

                      0.000000   10.050000   10.050000   clock core (rise edge)
                                  0.050000   10.100000   clock network delay (ideal)
                                 -0.025000   10.075001   clock uncertainty
                                  0.000000   10.075001   clock reconvergence pessimism
                                             10.075001 ^ _2761_/CLK (sg13g2_dfrbpq_1)
                                 -0.121305    9.953696   library setup time
                                              9.953696   data required time
---------------------------------------------------------------------------------------------
                                              9.953696   data required time
                                             -1.445594   data arrival time
---------------------------------------------------------------------------------------------
                                              8.508102   slack (MET)

Hotspot 15: instance=_2745_ selected_worst_paths=none internal=8.09682e-06 switching=7.30141e-09 dynamic=8.10413e-06 leakage=3.99477e-09 total=8.10812e-06
Worst path through hotspot: status=met slack=9.50284 type=max group=asynchronous
startpoint=_2745_ (rising edge-triggered flip-flop clocked by core)
endpoint=_2752_ (recovery check against rising-edge clock core)
path_power_complete=true
path_average_power_sum internal=1.655e-05 switching=2.8675e-07 dynamic=1.68367e-05 leakage=1.34454e-08 total=1.68502e-05
stage instance cell pins fanout capacitance slew delay arrival internal switching dynamic leakage total
1 _2745_ sg13g2_dfrbpq_1 CLK,Q 1 0.002853 0.026188 0.154712 0.254712 8.09682e-06 7.30141e-09 8.10413e-06 3.99477e-09 8.10812e-06
2 gain369 sg13g2_buf_2 A,X 3 0.024236 0.064669 0.098403 0.353115 3.52855e-08 6.20363e-08 9.73218e-08 1.16664e-09 9.84884e-08
3 gain367 sg13g2_buf_8 A,X 8 0.043746 0.039465 0.094094 0.447209 1.31489e-07 1.11973e-07 2.43462e-07 4.28082e-09 2.47743e-07
4 _2752_ sg13g2_dfrbpq_1 RESET_B - - 0.039465 0 0.447209 8.28636e-06 1.05439e-07 8.39179e-06 4.00316e-09 8.3958e-06
OpenSTA targeted timing report:
Startpoint: _2745_ (rising edge-triggered flip-flop clocked by core)
Endpoint: _2752_ (recovery check against rising-edge clock core)
Path Group: asynchronous
Path Type: max

Fanout         Cap        Slew       Delay        Time   Description
---------------------------------------------------------------------------------------------
                      0.000000    0.050000    0.050000   clock core (rise edge)
                                  0.050000    0.100000   clock network delay (ideal)
                      0.000000    0.000000    0.100000 ^ _2745_/CLK (sg13g2_dfrbpq_1)
     1    0.002853    0.026188    0.154712    0.254712 ^ _2745_/Q (sg13g2_dfrbpq_1)
                                                         u_uart_core_timing_rst_ni (net)
                      0.026188    0.000000    0.254712 ^ gain369/A (sg13g2_buf_2)
     3    0.024236    0.064669    0.098403    0.353115 ^ gain369/X (sg13g2_buf_2)
                                                         net368 (net)
                      0.064669    0.000000    0.353115 ^ gain367/A (sg13g2_buf_8)
     8    0.043746    0.039465    0.094094    0.447209 ^ gain367/X (sg13g2_buf_8)
                                                         net366 (net)
                      0.039465    0.000000    0.447209 ^ _2752_/RESET_B (sg13g2_dfrbpq_1)
                                              0.447209   data arrival time

                      0.000000   10.050000   10.050000   clock core (rise edge)
                                  0.050000   10.100000   clock network delay (ideal)
                                 -0.025000   10.075001   clock uncertainty
                                  0.000000   10.075001   clock reconvergence pessimism
                                             10.075001 ^ _2752_/CLK (sg13g2_dfrbpq_1)
                                 -0.124948    9.950052   library recovery time
                                              9.950052   data required time
---------------------------------------------------------------------------------------------
                                              9.950052   data required time
                                             -0.447209   data arrival time
---------------------------------------------------------------------------------------------
                                              9.502843   slack (MET)

Hotspot 16: instance=_2744_ selected_worst_paths=15,16,17,18,19,20 internal=8.09683e-06 switching=6.33864e-09 dynamic=8.10317e-06 leakage=3.99476e-09 total=8.10716e-06
Worst path through hotspot: status=met slack=9.39422 type=max group=asynchronous
startpoint=_2744_ (rising edge-triggered flip-flop clocked by core)
endpoint=_2703_ (recovery check against rising-edge clock core)
path_power_complete=true
path_average_power_sum internal=1.51315e-05 switching=2.99592e-07 dynamic=1.54311e-05 leakage=1.68473e-08 total=1.5448e-05
stage instance cell pins fanout capacitance slew delay arrival internal switching dynamic leakage total
1 _2744_ sg13g2_dfrbpq_1 CLK,Q 1 0.002476 0.024643 0.153546 0.253546 8.09683e-06 6.33864e-09 8.10317e-06 3.99476e-09 8.10716e-06
2 gain374 sg13g2_buf_1 A,X 2 0.018768 0.091551 0.108263 0.361808 2.10051e-08 4.80397e-08 6.90448e-08 7.91384e-10 6.98362e-08
3 gain373 sg13g2_buf_8 A,X 8 0.051578 0.044467 0.108554 0.470362 1.31861e-07 1.32019e-07 2.6388e-07 4.28085e-09 2.68161e-07
4 gain370 sg13g2_buf_8 A,X 8 0.043746 0.038643 0.08569 0.556052 1.31453e-07 1.11973e-07 2.43426e-07 4.28109e-09 2.47707e-07
5 _2703_ sg13g2_dfrbpq_1 RESET_B - - 0.038643 0 0.556052 6.7504e-06 1.22141e-09 6.75162e-06 3.49922e-09 6.75512e-06
OpenSTA targeted timing report:
Startpoint: _2744_ (rising edge-triggered flip-flop clocked by core)
Endpoint: _2703_ (recovery check against rising-edge clock core)
Path Group: asynchronous
Path Type: max

Fanout         Cap        Slew       Delay        Time   Description
---------------------------------------------------------------------------------------------
                      0.000000    0.050000    0.050000   clock core (rise edge)
                                  0.050000    0.100000   clock network delay (ideal)
                      0.000000    0.000000    0.100000 ^ _2744_/CLK (sg13g2_dfrbpq_1)
     1    0.002476    0.024643    0.153546    0.253546 ^ _2744_/Q (sg13g2_dfrbpq_1)
                                                         u_uart_core_tx_rst_ni (net)
                      0.024643    0.000000    0.253546 ^ gain374/A (sg13g2_buf_1)
     2    0.018768    0.091551    0.108263    0.361808 ^ gain374/X (sg13g2_buf_1)
                                                         net373 (net)
                      0.091551    0.000000    0.361808 ^ gain373/A (sg13g2_buf_8)
     8    0.051578    0.044467    0.108554    0.470362 ^ gain373/X (sg13g2_buf_8)
                                                         net372 (net)
                      0.044467    0.000000    0.470362 ^ gain370/A (sg13g2_buf_8)
     8    0.043746    0.038643    0.085690    0.556052 ^ gain370/X (sg13g2_buf_8)
                                                         net369 (net)
                      0.038643    0.000000    0.556052 ^ _2703_/RESET_B (sg13g2_dfrbpq_1)
                                              0.556052   data arrival time

                      0.000000   10.050000   10.050000   clock core (rise edge)
                                  0.050000   10.100000   clock network delay (ideal)
                                 -0.025000   10.075001   clock uncertainty
                                  0.000000   10.075001   clock reconvergence pessimism
                                             10.075001 ^ _2703_/CLK (sg13g2_dfrbpq_1)
                                 -0.124734    9.950267   library recovery time
                                              9.950267   data required time
---------------------------------------------------------------------------------------------
                                              9.950267   data required time
                                             -0.556052   data arrival time
---------------------------------------------------------------------------------------------
                                              9.394215   slack (MET)

Hotspot 17: instance=_2754_ selected_worst_paths=none internal=8.06106e-06 switching=3.60433e-08 dynamic=8.0971e-06 leakage=4.00014e-09 total=8.1011e-06
Worst path through hotspot: status=met slack=8.19404 type=max group=core
startpoint=_2754_ (rising edge-triggered flip-flop clocked by core)
endpoint=_2767_ (rising edge-triggered flip-flop clocked by core)
path_power_complete=true
path_average_power_sum internal=1.97812e-05 switching=1.38729e-06 dynamic=2.11685e-05 leakage=2.39228e-08 total=2.11924e-05
stage instance cell pins fanout capacitance slew delay arrival internal switching dynamic leakage total
1 _2754_ sg13g2_dfrbpq_1 CLK,Q 2 0.008961 0.05128 0.173649 0.273649 8.06106e-06 3.60433e-08 8.0971e-06 4.00014e-09 8.1011e-06
2 _1398_ sg13g2_xnor2_1 B,Y 2 0.009119 0.115723 0.109752 0.383401 5.49642e-08 5.66862e-08 1.1165e-07 1.36262e-09 1.13013e-07
3 _1399_ sg13g2_nor2b_1 B_N,Y 1 0.00307 0.059653 0.11804 0.501442 6.8261e-08 1.01031e-08 7.83642e-08 1.25854e-09 7.96227e-08
4 _1400_ sg13g2_a21o_1 B1,X 2 0.00908 0.055913 0.095162 0.596604 7.5023e-08 6.97209e-08 1.44744e-07 1.1908e-09 1.45935e-07
5 _1404_ sg13g2_a21oi_1 A1,Y 2 0.008655 0.079847 0.088293 0.684897 1.25538e-08 3.12859e-08 4.38397e-08 4.60299e-10 4.43e-08
6 _1406_ sg13g2_nor2b_1 A,Y 1 0.003584 0.062589 0.068313 0.75321 5.01193e-08 6.55252e-09 5.66718e-08 1.23133e-09 5.79032e-08
7 _1407_ sg13g2_a21oi_1 B1,Y 2 0.0089 0.081479 0.058119 0.811329 1.90313e-08 4.75929e-08 6.66243e-08 5.15075e-10 6.71393e-08
8 _1409_ sg13g2_o21ai_1 A2,Y 3 0.012211 0.16861 0.163486 0.974815 1.87603e-08 5.87709e-08 7.75312e-08 1.21817e-09 7.87494e-08
9 _1415_ sg13g2_nand3_1 A,Y 1 0.006596 0.104578 0.120195 1.09501 1.7712e-09 2.41207e-09 4.18327e-09 1.25965e-10 4.30924e-09
10 _1421_ sg13g2_nand2_2 A,Y 4 0.015312 0.058304 0.066415 1.16143 7.29766e-08 1.45026e-07 2.18003e-07 2.84271e-09 2.20845e-07
11 _1433_ sg13g2_nand4_1 A,Y 1 0.002777 0.085086 0.082277 1.2437 9.14256e-09 5.0779e-09 1.42205e-08 1.02317e-10 1.43228e-08
12 _1444_ sg13g2_and3_1 A,X 1 0.002389 0.023611 0.090366 1.33407 9.69542e-08 2.2638e-08 1.19592e-07 1.8188e-09 1.21411e-07
13 gain205 sg13g2_buf_1 A,X 3 0.011916 0.051642 0.085053 1.41912 7.37327e-08 1.24773e-07 1.98506e-07 7.86246e-10 1.99292e-07
14 _1447_ sg13g2_o21ai_1 A2,Y 2 0.009125 0.136 0.129816 1.54894 1.59607e-08 3.00311e-08 4.59918e-08 1.23233e-09 4.72241e-08
15 _1450_ sg13g2_a21oi_1 A1,Y 2 0.009033 0.094936 0.116177 1.66511 3.06958e-08 8.30011e-08 1.13697e-07 4.14643e-10 1.14112e-07
16 _1451_ sg13g2_xnor2_1 B,Y 1 0.001743 0.039613 0.102502 1.76762 6.82216e-07 1.33243e-07 8.15459e-07 1.46555e-09 8.16925e-07
17 _2767_ sg13g2_dfrbpq_1 D - - 0.039613 0 1.76762 1.0438e-05 5.24334e-07 1.09623e-05 3.89727e-09 1.09662e-05
OpenSTA targeted timing report:
Startpoint: _2754_ (rising edge-triggered flip-flop clocked by core)
Endpoint: _2767_ (rising edge-triggered flip-flop clocked by core)
Path Group: core
Path Type: max

Fanout         Cap        Slew       Delay        Time   Description
---------------------------------------------------------------------------------------------
                      0.000000    0.050000    0.050000   clock core (rise edge)
                                  0.050000    0.100000   clock network delay (ideal)
                      0.000000    0.000000    0.100000 ^ _2754_/CLK (sg13g2_dfrbpq_1)
     2    0.008961    0.051280    0.173649    0.273649 ^ _2754_/Q (sg13g2_dfrbpq_1)
                                                         u_uart_core_nco_sum_q_2_ (net)
                      0.051280    0.000000    0.273649 ^ _1398_/B (sg13g2_xnor2_1)
     2    0.009119    0.115723    0.109752    0.383401 ^ _1398_/Y (sg13g2_xnor2_1)
                                                         _1123_ (net)
                      0.115723    0.000000    0.383401 ^ _1399_/B_N (sg13g2_nor2b_1)
     1    0.003070    0.059653    0.118040    0.501442 ^ _1399_/Y (sg13g2_nor2b_1)
                                                         _1124_ (net)
                      0.059653    0.000000    0.501442 ^ _1400_/B1 (sg13g2_a21o_1)
     2    0.009080    0.055913    0.095162    0.596604 ^ _1400_/X (sg13g2_a21o_1)
                                                         _1125_ (net)
                      0.055913    0.000000    0.596604 ^ _1404_/A1 (sg13g2_a21oi_1)
     2    0.008655    0.079847    0.088293    0.684897 v _1404_/Y (sg13g2_a21oi_1)
                                                         _1129_ (net)
                      0.079847    0.000000    0.684897 v _1406_/A (sg13g2_nor2b_1)
     1    0.003584    0.062589    0.068313    0.753210 ^ _1406_/Y (sg13g2_nor2b_1)
                                                         _1131_ (net)
                      0.062589    0.000000    0.753210 ^ _1407_/B1 (sg13g2_a21oi_1)
     2    0.008900    0.081479    0.058119    0.811329 v _1407_/Y (sg13g2_a21oi_1)
                                                         _1132_ (net)
                      0.081479    0.000000    0.811329 v _1409_/A2 (sg13g2_o21ai_1)
     3    0.012211    0.168610    0.163486    0.974815 ^ _1409_/Y (sg13g2_o21ai_1)
                                                         _1134_ (net)
                      0.168610    0.000000    0.974815 ^ _1415_/A (sg13g2_nand3_1)
     1    0.006596    0.104578    0.120195    1.095010 v _1415_/Y (sg13g2_nand3_1)
                                                         _1140_ (net)
                      0.104578    0.000000    1.095010 v _1421_/A (sg13g2_nand2_2)
     4    0.015312    0.058304    0.066415    1.161426 ^ _1421_/Y (sg13g2_nand2_2)
                                                         _1146_ (net)
                      0.058304    0.000000    1.161426 ^ _1433_/A (sg13g2_nand4_1)
     1    0.002777    0.085086    0.082277    1.243703 v _1433_/Y (sg13g2_nand4_1)
                                                         _1158_ (net)
                      0.085086    0.000000    1.243703 v _1444_/A (sg13g2_and3_1)
     1    0.002389    0.023611    0.090366    1.334068 v _1444_/X (sg13g2_and3_1)
                                                         _1169_ (net)
                      0.023611    0.000000    1.334068 v gain205/A (sg13g2_buf_1)
     3    0.011916    0.051642    0.085053    1.419121 v gain205/X (sg13g2_buf_1)
                                                         net204 (net)
                      0.051642    0.000000    1.419121 v _1447_/A2 (sg13g2_o21ai_1)
     2    0.009125    0.136000    0.129816    1.548937 ^ _1447_/Y (sg13g2_o21ai_1)
                                                         _1172_ (net)
                      0.136000    0.000000    1.548937 ^ _1450_/A1 (sg13g2_a21oi_1)
     2    0.009033    0.094936    0.116177    1.665114 v _1450_/Y (sg13g2_a21oi_1)
                                                         _1175_ (net)
                      0.094936    0.000000    1.665114 v _1451_/B (sg13g2_xnor2_1)
     1    0.001743    0.039613    0.102502    1.767617 v _1451_/Y (sg13g2_xnor2_1)
                                                         _0008_ (net)
                      0.039613    0.000000    1.767617 v _2767_/D (sg13g2_dfrbpq_1)
                                              1.767617   data arrival time

                      0.000000   10.050000   10.050000   clock core (rise edge)
                                  0.050000   10.100000   clock network delay (ideal)
                                 -0.025000   10.075001   clock uncertainty
                                  0.000000   10.075001   clock reconvergence pessimism
                                             10.075001 ^ _2767_/CLK (sg13g2_dfrbpq_1)
                                 -0.113343    9.961658   library setup time
                                              9.961658   data required time
---------------------------------------------------------------------------------------------
                                              9.961658   data required time
                                             -1.767617   data arrival time
---------------------------------------------------------------------------------------------
                                              8.194041   slack (MET)

Hotspot 18: instance=_2756_ selected_worst_paths=none internal=8.01931e-06 switching=2.37371e-08 dynamic=8.04305e-06 leakage=3.99294e-09 total=8.04704e-06
Worst path through hotspot: status=met slack=8.44121 type=max group=core
startpoint=_2756_ (rising edge-triggered flip-flop clocked by core)
endpoint=_2767_ (rising edge-triggered flip-flop clocked by core)
path_power_complete=true
path_average_power_sum internal=1.9571e-05 switching=1.25054e-06 dynamic=2.08215e-05 leakage=2.10169e-08 total=2.08425e-05
stage instance cell pins fanout capacitance slew delay arrival internal switching dynamic leakage total
1 _2756_ sg13g2_dfrbpq_1 CLK,Q 2 0.009274 0.052565 0.174618 0.274618 8.01931e-06 2.37371e-08 8.04305e-06 3.99294e-09 8.04704e-06
2 _1405_ sg13g2_xnor2_1 B,Y 2 0.009119 0.11587 0.110212 0.38483 4.22852e-08 4.33483e-08 8.56335e-08 1.37354e-09 8.7007e-08
3 _1406_ sg13g2_nor2b_1 B_N,Y 1 0.003584 0.062589 0.121214 0.506044 5.01193e-08 6.55252e-09 5.66718e-08 1.23133e-09 5.79032e-08
4 _1407_ sg13g2_a21oi_1 B1,Y 2 0.0089 0.081479 0.058119 0.564163 1.90313e-08 4.75929e-08 6.66243e-08 5.15075e-10 6.71393e-08
5 _1409_ sg13g2_o21ai_1 A2,Y 3 0.012211 0.16861 0.163486 0.727649 1.87603e-08 5.87709e-08 7.75312e-08 1.21817e-09 7.87494e-08
6 _1415_ sg13g2_nand3_1 A,Y 1 0.006596 0.104578 0.120195 0.847845 1.7712e-09 2.41207e-09 4.18327e-09 1.25965e-10 4.30924e-09
7 _1421_ sg13g2_nand2_2 A,Y 4 0.015312 0.058304 0.066415 0.91426 7.29766e-08 1.45026e-07 2.18003e-07 2.84271e-09 2.20845e-07
8 _1433_ sg13g2_nand4_1 A,Y 1 0.002777 0.085086 0.082277 0.996537 9.14256e-09 5.0779e-09 1.42205e-08 1.02317e-10 1.43228e-08
9 _1444_ sg13g2_and3_1 A,X 1 0.002389 0.023611 0.090366 1.0869 9.69542e-08 2.2638e-08 1.19592e-07 1.8188e-09 1.21411e-07
10 gain205 sg13g2_buf_1 A,X 3 0.011916 0.051642 0.085053 1.17196 7.37327e-08 1.24773e-07 1.98506e-07 7.86246e-10 1.99292e-07
11 _1447_ sg13g2_o21ai_1 A2,Y 2 0.009125 0.136 0.129816 1.30177 1.59607e-08 3.00311e-08 4.59918e-08 1.23233e-09 4.72241e-08
12 _1450_ sg13g2_a21oi_1 A1,Y 2 0.009033 0.094936 0.116177 1.41795 3.06958e-08 8.30011e-08 1.13697e-07 4.14643e-10 1.14112e-07
13 _1451_ sg13g2_xnor2_1 B,Y 1 0.001743 0.039613 0.102502 1.52045 6.82216e-07 1.33243e-07 8.15459e-07 1.46555e-09 8.16925e-07
14 _2767_ sg13g2_dfrbpq_1 D - - 0.039613 0 1.52045 1.0438e-05 5.24334e-07 1.09623e-05 3.89727e-09 1.09662e-05
OpenSTA targeted timing report:
Startpoint: _2756_ (rising edge-triggered flip-flop clocked by core)
Endpoint: _2767_ (rising edge-triggered flip-flop clocked by core)
Path Group: core
Path Type: max

Fanout         Cap        Slew       Delay        Time   Description
---------------------------------------------------------------------------------------------
                      0.000000    0.050000    0.050000   clock core (rise edge)
                                  0.050000    0.100000   clock network delay (ideal)
                      0.000000    0.000000    0.100000 ^ _2756_/CLK (sg13g2_dfrbpq_1)
     2    0.009274    0.052565    0.174618    0.274618 ^ _2756_/Q (sg13g2_dfrbpq_1)
                                                         u_uart_core_nco_sum_q_4_ (net)
                      0.052565    0.000000    0.274618 ^ _1405_/B (sg13g2_xnor2_1)
     2    0.009119    0.115870    0.110212    0.384830 ^ _1405_/Y (sg13g2_xnor2_1)
                                                         _1130_ (net)
                      0.115870    0.000000    0.384830 ^ _1406_/B_N (sg13g2_nor2b_1)
     1    0.003584    0.062589    0.121214    0.506044 ^ _1406_/Y (sg13g2_nor2b_1)
                                                         _1131_ (net)
                      0.062589    0.000000    0.506044 ^ _1407_/B1 (sg13g2_a21oi_1)
     2    0.008900    0.081479    0.058119    0.564163 v _1407_/Y (sg13g2_a21oi_1)
                                                         _1132_ (net)
                      0.081479    0.000000    0.564163 v _1409_/A2 (sg13g2_o21ai_1)
     3    0.012211    0.168610    0.163486    0.727649 ^ _1409_/Y (sg13g2_o21ai_1)
                                                         _1134_ (net)
                      0.168610    0.000000    0.727649 ^ _1415_/A (sg13g2_nand3_1)
     1    0.006596    0.104578    0.120195    0.847845 v _1415_/Y (sg13g2_nand3_1)
                                                         _1140_ (net)
                      0.104578    0.000000    0.847845 v _1421_/A (sg13g2_nand2_2)
     4    0.015312    0.058304    0.066415    0.914260 ^ _1421_/Y (sg13g2_nand2_2)
                                                         _1146_ (net)
                      0.058304    0.000000    0.914260 ^ _1433_/A (sg13g2_nand4_1)
     1    0.002777    0.085086    0.082277    0.996537 v _1433_/Y (sg13g2_nand4_1)
                                                         _1158_ (net)
                      0.085086    0.000000    0.996537 v _1444_/A (sg13g2_and3_1)
     1    0.002389    0.023611    0.090366    1.086903 v _1444_/X (sg13g2_and3_1)
                                                         _1169_ (net)
                      0.023611    0.000000    1.086903 v gain205/A (sg13g2_buf_1)
     3    0.011916    0.051642    0.085053    1.171956 v gain205/X (sg13g2_buf_1)
                                                         net204 (net)
                      0.051642    0.000000    1.171956 v _1447_/A2 (sg13g2_o21ai_1)
     2    0.009125    0.136000    0.129816    1.301772 ^ _1447_/Y (sg13g2_o21ai_1)
                                                         _1172_ (net)
                      0.136000    0.000000    1.301772 ^ _1450_/A1 (sg13g2_a21oi_1)
     2    0.009033    0.094936    0.116177    1.417949 v _1450_/Y (sg13g2_a21oi_1)
                                                         _1175_ (net)
                      0.094936    0.000000    1.417949 v _1451_/B (sg13g2_xnor2_1)
     1    0.001743    0.039613    0.102502    1.520451 v _1451_/Y (sg13g2_xnor2_1)
                                                         _0008_ (net)
                      0.039613    0.000000    1.520451 v _2767_/D (sg13g2_dfrbpq_1)
                                              1.520451   data arrival time

                      0.000000   10.050000   10.050000   clock core (rise edge)
                                  0.050000   10.100000   clock network delay (ideal)
                                 -0.025000   10.075001   clock uncertainty
                                  0.000000   10.075001   clock reconvergence pessimism
                                             10.075001 ^ _2767_/CLK (sg13g2_dfrbpq_1)
                                 -0.113343    9.961658   library setup time
                                              9.961658   data required time
---------------------------------------------------------------------------------------------
                                              9.961658   data required time
                                             -1.520451   data arrival time
---------------------------------------------------------------------------------------------
                                              8.441206   slack (MET)

Hotspot 19: instance=_2758_ selected_worst_paths=none internal=8.0191e-06 switching=2.38089e-08 dynamic=8.0429e-06 leakage=3.99292e-09 total=8.0469e-06
Worst path through hotspot: status=met slack=8.72416 type=max group=core
startpoint=_2753_ (rising edge-triggered flip-flop clocked by core)
endpoint=_2758_ (rising edge-triggered flip-flop clocked by core)
path_power_complete=true
path_average_power_sum internal=1.55661e-05 switching=4.72176e-07 dynamic=1.60383e-05 leakage=1.66178e-08 total=1.60549e-05
stage instance cell pins fanout capacitance slew delay arrival internal switching dynamic leakage total
1 _2753_ sg13g2_dfrbpq_1 CLK,Q 2 0.005828 0.03841 0.163936 0.263936 7.12653e-06 3.62272e-08 7.16276e-06 3.65925e-09 7.16642e-06
2 _1390_ sg13g2_nor2b_1 B_N,Y 2 0.006937 0.083978 0.116341 0.380277 8.40967e-08 4.31198e-08 1.27217e-07 7.21456e-10 1.27938e-07
3 _1393_ sg13g2_nor2_1 A,Y 2 0.009033 0.055564 0.07084 0.451116 1.91731e-08 4.98007e-08 6.89738e-08 6.81271e-10 6.96551e-08
4 _1397_ sg13g2_a21oi_1 A1,Y 2 0.009507 0.114209 0.110134 0.56125 3.1445e-08 8.69053e-08 1.1835e-07 3.72214e-10 1.18723e-07
5 _1399_ sg13g2_nor2b_1 A,Y 1 0.002717 0.036017 0.047599 0.60885 6.8261e-08 1.01031e-08 7.83642e-08 1.25854e-09 7.96227e-08
6 _1400_ sg13g2_a21o_1 B1,X 2 0.009033 0.04964 0.121811 0.73066 7.5023e-08 6.97209e-08 1.44744e-07 1.1908e-09 1.45935e-07
7 _1404_ sg13g2_a21oi_1 A1,Y 2 0.009507 0.114216 0.108358 0.839019 1.25538e-08 3.12859e-08 4.38397e-08 4.60299e-10 4.43e-08
8 _1406_ sg13g2_nor2b_1 A,Y 1 0.003054 0.037124 0.048925 0.887944 5.01193e-08 6.55252e-09 5.66718e-08 1.23133e-09 5.79032e-08
9 _1407_ sg13g2_a21oi_1 B1,Y 2 0.010012 0.118325 0.1069 0.994844 1.90313e-08 4.75929e-08 6.66243e-08 5.15075e-10 6.71393e-08
10 _1409_ sg13g2_o21ai_1 A2,Y 3 0.012363 0.106087 0.123134 1.11798 1.87603e-08 5.87709e-08 7.75312e-08 1.21817e-09 7.87494e-08
11 _1477_ sg13g2_xor2_1 B,X 1 0.001743 0.061636 0.112377 1.23035 4.19884e-08 8.28784e-09 5.02762e-08 1.31643e-09 5.15926e-08
12 _2758_ sg13g2_dfrbpq_1 D - - 0.061636 0 1.23035 8.0191e-06 2.38089e-08 8.0429e-06 3.99292e-09 8.0469e-06
OpenSTA targeted timing report:
Startpoint: _2753_ (rising edge-triggered flip-flop clocked by core)
Endpoint: _2758_ (rising edge-triggered flip-flop clocked by core)
Path Group: core
Path Type: max

Fanout         Cap        Slew       Delay        Time   Description
---------------------------------------------------------------------------------------------
                      0.000000    0.050000    0.050000   clock core (rise edge)
                                  0.050000    0.100000   clock network delay (ideal)
                      0.000000    0.000000    0.100000 ^ _2753_/CLK (sg13g2_dfrbpq_1)
     2    0.005828    0.038410    0.163936    0.263936 ^ _2753_/Q (sg13g2_dfrbpq_1)
                                                         u_uart_core_nco_sum_q_1_ (net)
                      0.038410    0.000000    0.263936 ^ _1390_/B_N (sg13g2_nor2b_1)
     2    0.006937    0.083978    0.116341    0.380277 ^ _1390_/Y (sg13g2_nor2b_1)
                                                         _1115_ (net)
                      0.083978    0.000000    0.380277 ^ _1393_/A (sg13g2_nor2_1)
     2    0.009033    0.055564    0.070840    0.451116 v _1393_/Y (sg13g2_nor2_1)
                                                         _1118_ (net)
                      0.055564    0.000000    0.451116 v _1397_/A1 (sg13g2_a21oi_1)
     2    0.009507    0.114209    0.110134    0.561250 ^ _1397_/Y (sg13g2_a21oi_1)
                                                         _1122_ (net)
                      0.114209    0.000000    0.561250 ^ _1399_/A (sg13g2_nor2b_1)
     1    0.002717    0.036017    0.047599    0.608850 v _1399_/Y (sg13g2_nor2b_1)
                                                         _1124_ (net)
                      0.036017    0.000000    0.608850 v _1400_/B1 (sg13g2_a21o_1)
     2    0.009033    0.049640    0.121811    0.730660 v _1400_/X (sg13g2_a21o_1)
                                                         _1125_ (net)
                      0.049640    0.000000    0.730660 v _1404_/A1 (sg13g2_a21oi_1)
     2    0.009507    0.114216    0.108358    0.839019 ^ _1404_/Y (sg13g2_a21oi_1)
                                                         _1129_ (net)
                      0.114216    0.000000    0.839019 ^ _1406_/A (sg13g2_nor2b_1)
     1    0.003054    0.037124    0.048925    0.887944 v _1406_/Y (sg13g2_nor2b_1)
                                                         _1131_ (net)
                      0.037124    0.000000    0.887944 v _1407_/B1 (sg13g2_a21oi_1)
     2    0.010012    0.118325    0.106900    0.994844 ^ _1407_/Y (sg13g2_a21oi_1)
                                                         _1132_ (net)
                      0.118325    0.000000    0.994844 ^ _1409_/A2 (sg13g2_o21ai_1)
     3    0.012363    0.106087    0.123134    1.117977 v _1409_/Y (sg13g2_o21ai_1)
                                                         _1134_ (net)
                      0.106087    0.000000    1.117977 v _1477_/B (sg13g2_xor2_1)
     1    0.001743    0.061636    0.112377    1.230354 v _1477_/X (sg13g2_xor2_1)
                                                         _0014_ (net)
                      0.061636    0.000000    1.230354 v _2758_/D (sg13g2_dfrbpq_1)
                                              1.230354   data arrival time

                      0.000000   10.050000   10.050000   clock core (rise edge)
                                  0.050000   10.100000   clock network delay (ideal)
                                 -0.025000   10.075001   clock uncertainty
                                  0.000000   10.075001   clock reconvergence pessimism
                                             10.075001 ^ _2758_/CLK (sg13g2_dfrbpq_1)
                                 -0.120488    9.954513   library setup time
                                              9.954513   data required time
---------------------------------------------------------------------------------------------
                                              9.954513   data required time
                                             -1.230354   data arrival time
---------------------------------------------------------------------------------------------
                                              8.724159   slack (MET)

Hotspot 20: instance=_2743_ selected_worst_paths=none internal=7.98387e-06 switching=2.62286e-08 dynamic=8.0101e-06 leakage=3.99374e-09 total=8.01409e-06
Worst path through hotspot: status=met slack=7.49409 type=max group=core
startpoint=_2743_ (rising edge-triggered flip-flop clocked by core)
endpoint=reg_rsp_o[7] (output port clocked by core)
path_power_complete=true
path_average_power_sum internal=8.07605e-06 switching=1.04242e-07 dynamic=8.18029e-06 leakage=8.08222e-09 total=8.18837e-06
stage instance cell pins fanout capacitance slew delay arrival internal switching dynamic leakage total
1 _2743_ sg13g2_dfrbpq_1 CLK,Q 3 0.010247 0.056563 0.177636 0.277636 7.98387e-06 2.62286e-08 8.0101e-06 3.99374e-09 8.01409e-06
2 _2277_ sg13g2_o21ai_1 B1,Y 2 0.005973 0.066081 0.065093 0.342729 2.17361e-09 2.65912e-09 4.83273e-09 5.68476e-10 5.4012e-09
3 _2676_ sg13g2_a22oi_1 B2,Y 1 0.003085 0.074493 0.077875 0.420604 3.33073e-08 1.60464e-08 4.93537e-08 5.38082e-10 4.98918e-08
4 _2702_ sg13g2_nand3_1 A,Y 1 0.002389 0.056547 0.068375 0.488979 1.8978e-08 1.17718e-08 3.07498e-08 2.09211e-09 3.28419e-08
5 _3028_ sg13g2_buf_1 A,X 1 0.01 0.046205 0.091932 0.580912 3.77173e-08 4.75359e-08 8.52533e-08 8.89809e-10 8.61431e-08
OpenSTA targeted timing report:
Startpoint: _2743_ (rising edge-triggered flip-flop clocked by core)
Endpoint: reg_rsp_o[7] (output port clocked by core)
Path Group: core
Path Type: max

Fanout         Cap        Slew       Delay        Time   Description
---------------------------------------------------------------------------------------------
                      0.000000    0.050000    0.050000   clock core (rise edge)
                                  0.050000    0.100000   clock network delay (ideal)
                      0.000000    0.000000    0.100000 ^ _2743_/CLK (sg13g2_dfrbpq_1)
     3    0.010247    0.056563    0.177636    0.277636 ^ _2743_/Q (sg13g2_dfrbpq_1)
                                                         _0044_ (net)
                      0.056563    0.000000    0.277636 ^ _2277_/B1 (sg13g2_o21ai_1)
     2    0.005973    0.066081    0.065093    0.342729 v _2277_/Y (sg13g2_o21ai_1)
                                                         _0735_ (net)
                      0.066081    0.000000    0.342729 v _2676_/B2 (sg13g2_a22oi_1)
     1    0.003085    0.074493    0.077875    0.420604 ^ _2676_/Y (sg13g2_a22oi_1)
                                                         _1061_ (net)
                      0.074493    0.000000    0.420604 ^ _2702_/A (sg13g2_nand3_1)
     1    0.002389    0.056547    0.068375    0.488979 v _2702_/Y (sg13g2_nand3_1)
                                                         u_uart_reg_reg_rsp_o_7_ (net)
                      0.056547    0.000000    0.488979 v _3028_/A (sg13g2_buf_1)
     1    0.010000    0.046205    0.091932    0.580912 v _3028_/X (sg13g2_buf_1)
                                                         reg_rsp_o[7] (net)
                      0.046205    0.000000    0.580912 v reg_rsp_o[7] (out)
                                              0.580912   data arrival time

                      0.000000   10.050000   10.050000   clock core (rise edge)
                                  0.050000   10.100000   clock network delay (ideal)
                                 -0.025000   10.075001   clock uncertainty
                                  0.000000   10.075001   clock reconvergence pessimism
                                 -2.000000    8.075001   output external delay
                                              8.075001   data required time
---------------------------------------------------------------------------------------------
                                              8.075001   data required time
                                             -0.580912   data arrival time
---------------------------------------------------------------------------------------------
                                              7.494089   slack (MET)
